user_id,app_id,comment,recommended
200000,666940,"I can see why this game has a strong audience. The puzzle design was solid without feeling unfair, and the story kept me interested. For the right player, this is a very easy recommendation.",TRUE
200001,775460,"I can see why this game has a strong audience. Building out a character was satisfying, and the pacing worked well for an adventure game. I would play more of it without much hesitation.",TRUE
200002,952510,"It is a decent game, even if it never fully clicked for me. Building out a character was satisfying, and the progression system felt rewarding, but the experience still loses momentum in places. Whether you like it probably depends on how much you enjoy this genre.",TRUE
200003,988250,"This lands somewhere in the middle for me. The progression system felt rewarding, and the pacing worked well for an adventure game, but the experience still loses momentum in places. Whether you like it probably depends on how much you enjoy this genre.",FALSE
200004,586570,"This lands somewhere in the middle for me. Movement feels better than i expected, and it feels like a small project with real personality, but the experience still loses momentum in places. It is not a must-play, but I can understand why some people enjoy it.",FALSE
200005,941620,"After a few sessions, this one won me over. The combat stayed engaging for a long time, and it has a clear identity instead of feeling generic. It does enough well that I would point other people toward it.",TRUE
200006,357750,"I ended up liking this more than I expected. The moment-to-moment gameplay felt sharp, and the combat stayed engaging for a long time. It is worth trying if this genre is already in your wheelhouse.",TRUE
200007,542350,"After a few sessions, this one won me over. It has a clear identity instead of feeling generic, and the combat stayed engaging for a long time. I would recommend it, especially if the tags already sound appealing to you.",TRUE
200008,872970,"This is an easy game for me to recommend. It feels like a small project with real personality, and it has a clear identity instead of feeling generic. It is worth trying if this genre is already in your wheelhouse.",TRUE
200009,348980,"I wanted to like this more than I did. I could see some appeal because the pacing worked well for an adventure game and it was easy to keep moving from one objective to the next, but the game still felt too uneven overall. I would only recommend it to someone who is already very into this niche.",FALSE
200010,782660,"This was not a terrible game, just a disappointing one for me. I could see some appeal because the systems are detailed enough to stay interesting and the moment-to-moment gameplay felt sharp, but the game still felt too uneven overall. There is something here, but I cannot honestly recommend it as it is.",FALSE
200011,578670,"This was a really solid surprise. It works well as a solo game, and it is easy to enjoy this at your own pace. It does enough well that I would point other people toward it.",TRUE
200012,677040,"I wanted to like this more than I did. I could see some appeal because it feels like a small project with real personality and the pacing worked well for an adventure game, but the game still felt too uneven overall. I would only recommend it to someone who is already very into this niche.",FALSE
200013,784950,"This was a really solid surprise. The moment-to-moment gameplay felt sharp, and it does a good job selling the simulation idea. It is worth trying if this genre is already in your wheelhouse.",TRUE
200014,1024450,"Parts of it are interesting, but the overall experience felt weak. I could see some appeal because it has a clear identity instead of feeling generic and it feels like a small project with real personality, but the game still felt too uneven overall. I would only recommend it to someone who is already very into this niche.",FALSE
200015,224300,A decent game with some strengths and some obvious rough edges.,TRUE
200016,304390,"This feels like a game with clear strengths and clear weaknesses. The writing was stronger than i expected, and the moment-to-moment gameplay felt sharp, but the experience still loses momentum in places. There is enough here to keep it interesting, even if it is not an easy recommendation.",FALSE
200017,471700,"This is an easy game for me to recommend. The combat stayed engaging for a long time, and it was easy to keep moving from one objective to the next. I would recommend it, especially if the tags already sound appealing to you.",TRUE
200018,496790,"This is an easy game for me to recommend. It has a clear identity instead of feeling generic, and it does a good job selling the simulation idea. I would play more of it without much hesitation.",TRUE
200019,866450,"I had a good time with this one. The races stayed entertaining instead of repetitive, and it feels like a small project with real personality. I would play more of it without much hesitation.",TRUE
200020,856450,"This was a really solid surprise. The strategic layer kept me paying attention, and it feels like a small project with real personality. For the right player, this is a very easy recommendation.",TRUE
200021,452490,"I ended up liking this more than I expected. The moment-to-moment gameplay felt sharp, and it feels like a small project with real personality. It does enough well that I would point other people toward it.",TRUE
200022,512400,"I wanted to like this more than I did. I could see some appeal because it does a respectable job with its main idea and I could understand the appeal after spending some time with it, but the game still felt too uneven overall. I do not regret trying it, but I would not rush to recommend it.",FALSE
200023,713800,"I have mixed feelings about this game. It does a good job selling the simulation idea, and it has a clear identity instead of feeling generic, but the experience still loses momentum in places. There is enough here to keep it interesting, even if it is not an easy recommendation.",FALSE
200024,641990,"I can see why this game has a strong audience. It has a clear identity instead of feeling generic, and I liked having room to experiment. I would play more of it without much hesitation.",TRUE
200025,568670,"After a few sessions, this one won me over. Building out a character was satisfying, and the moment-to-moment gameplay felt sharp. It does enough well that I would point other people toward it.",TRUE
200026,63610,"This was a really solid surprise. It is easy to enjoy this at your own pace, and it was easy to keep moving from one objective to the next. It does enough well that I would point other people toward it.",TRUE
200027,918530,"I ended up liking this more than I expected. The progression system felt rewarding, and the humor landed more often than not. I would recommend it, especially if the tags already sound appealing to you.",TRUE
200028,355070,"I do not think this came together as well as it could have. I could see some appeal because the shooting feels responsive enough to carry the game and this feels much better with friends, but the game still felt too uneven overall. I would only recommend it to someone who is already very into this niche.",FALSE
200029,619590,"I can see why this game has a strong audience. It is easy to pick up for a short session, and it has a clear identity instead of feeling generic. I would play more of it without much hesitation.",TRUE
200030,723890,"I have mixed feelings about this game. The story kept me interested, and it has a clear identity instead of feeling generic, but the experience still loses momentum in places. Whether you like it probably depends on how much you enjoy this genre.",FALSE
200031,558050,"It is a decent game, even if it never fully clicked for me. The pacing worked well for an adventure game, and I had to think through each decision, but the experience still loses momentum in places. Whether you like it probably depends on how much you enjoy this genre.",TRUE
200032,235380,"I do not think this came together as well as it could have. I could see some appeal because the systems are detailed enough to stay interesting and it makes sense why people keep returning to it, but the game still felt too uneven overall. I would only recommend it to someone who is already very into this niche.",FALSE
200033,355650,"I have mixed feelings about this game. I had to think through each decision, and the strategic layer kept me paying attention, but the experience still loses momentum in places. It is not a must-play, but I can understand why some people enjoy it.",TRUE
200034,346420,"I had a good time with this one. I had to think through each decision, and the progression system felt rewarding. It does enough well that I would point other people toward it.",TRUE
200035,491130,"I ended up liking this more than I expected. The combat stayed engaging for a long time, and solving things felt satisfying more often than frustrating. I would recommend it, especially if the tags already sound appealing to you.",TRUE
200036,298820,"I have mixed feelings about this game. It works well when i want something low pressure, and turn-based decisions gave the game more depth, but the experience still loses momentum in places. I would call it a cautious recommendation at best.",FALSE
200037,351910,"This feels like a game with clear strengths and clear weaknesses. It does a good job selling the simulation idea, and I liked juggling the different systems, but the experience still loses momentum in places. I could still recommend it with the right expectations.",TRUE
200038,818440,"I can see what the game is aiming for, but the execution feels uneven. I could see some appeal because solving things felt satisfying more often than frustrating and it was easy to keep moving from one objective to the next, but the game still felt too uneven overall. It might work for other people, but it was not for me.",FALSE
200039,527150,"This was a really solid surprise. It has a clear identity instead of feeling generic, and it builds tension well when you let it breathe. For the right player, this is a very easy recommendation.",TRUE
200040,432990,"This is an easy game for me to recommend. The moment-to-moment gameplay felt sharp, and it has a clear identity instead of feeling generic. For the right player, this is a very easy recommendation.",TRUE
200041,787710,"This is an easy game for me to recommend. It has a clear identity instead of feeling generic, and the strategic layer kept me paying attention. It does enough well that I would point other people toward it.",TRUE
200042,394760,"I ended up liking this more than I expected. The combat stayed engaging for a long time, and this feels much better with friends. It does enough well that I would point other people toward it.",TRUE
200043,404100,"I ended up liking this more than I expected. The combat stayed engaging for a long time, and once the controls clicked, the platforming was fun. It does enough well that I would point other people toward it.",TRUE
200044,777240,"I can see why this game has a strong audience. The story kept me interested, and building out a character was satisfying. It does enough well that I would point other people toward it.",TRUE
200045,757080,"I ended up liking this more than I expected. It has a clear identity instead of feeling generic, and building out a character was satisfying. I would play more of it without much hesitation.",TRUE
200046,705610,"I can see why this game has a strong audience. The atmosphere is one of its biggest strengths, and it has a clear identity instead of feeling generic. I would play more of it without much hesitation.",TRUE
200047,991620,"This lands somewhere in the middle for me. The puzzle design was solid without feeling unfair, and it has a clear identity instead of feeling generic, but the experience still loses momentum in places. It is not a must-play, but I can understand why some people enjoy it.",FALSE
200048,556280,"I had a good time with this one. It feels like a small project with real personality, and the combat stayed engaging for a long time. I would recommend it, especially if the tags already sound appealing to you.",TRUE
200049,372490,"This lands somewhere in the middle for me. It has a clear identity instead of feeling generic, and it is easy to pick up for a short session, but the experience still loses momentum in places. Whether you like it probably depends on how much you enjoy this genre.",FALSE
200050,793350,"This was a really solid surprise. The shooting feels responsive enough to carry the game, and the moment-to-moment gameplay felt sharp. It does enough well that I would point other people toward it.",TRUE
200051,355280,"I can see why this game has a strong audience. It has a clear identity instead of feeling generic, and it works well when I want something low pressure. It does enough well that I would point other people toward it.",TRUE
200052,956400,"This is an easy game for me to recommend. It is easy to pick up for a short session, and the pacing worked well for an adventure game. I would play more of it without much hesitation.",TRUE
200053,843250,"This lands somewhere in the middle for me. The atmosphere carried a lot of the experience, and it feels like a small project with real personality, but the experience still loses momentum in places. It is not a must-play, but I can understand why some people enjoy it.",FALSE
200054,779360,"This was a really solid surprise. It is easy to enjoy this at your own pace, and it works well when I want something low pressure. I would recommend it, especially if the tags already sound appealing to you.",TRUE
200055,590580,"Parts of it are interesting, but the overall experience felt weak. I could see some appeal because it has a clear identity instead of feeling generic and it feels like a small project with real personality, but the game still felt too uneven overall. It might work for other people, but it was not for me.",FALSE
200056,416840,"I have mixed feelings about this game. It feels like a small project with real personality, and it has a clear identity instead of feeling generic, but the experience still loses momentum in places. I would call it a cautious recommendation at best.",FALSE
200057,409390,"This is an easy game for me to recommend. The combat stayed engaging for a long time, and it works well when I want something low pressure. It does enough well that I would point other people toward it.",TRUE
200058,961240,"I have mixed feelings about this game. It feels like a small project with real personality, and it has a clear identity instead of feeling generic, but the experience still loses momentum in places. Whether you like it probably depends on how much you enjoy this genre.",TRUE
200059,673250,"This was a really solid surprise. It works well when i want something low pressure, and it has a clear identity instead of feeling generic. It does enough well that I would point other people toward it.",TRUE
200060,920460,"I had a good time with this one. It works well when i want something low pressure, and it does a good job selling the simulation idea. I would play more of it without much hesitation.",TRUE
200061,329240,"This is an easy game for me to recommend. It feels like a small project with real personality, and the progression system felt rewarding. It is worth trying if this genre is already in your wheelhouse.",TRUE
200062,595520,"It is a decent game, even if it never fully clicked for me. The moment-to-moment gameplay felt sharp, and the writing was stronger than I expected, but the experience still loses momentum in places. I could still recommend it with the right expectations.",FALSE
200063,270490,"I ended up liking this more than I expected. Building out a character was satisfying, and the pacing worked well for an adventure game. For the right player, this is a very easy recommendation.",TRUE
200064,958320,"I have mixed feelings about this game. The world gives you plenty to do, and the combat stayed engaging for a long time, but the experience still loses momentum in places. It is not a must-play, but I can understand why some people enjoy it.",FALSE
200065,407290,"This is an easy game for me to recommend. Once the controls clicked, the platforming was fun, and the freedom to approach things my own way helped a lot. It does enough well that I would point other people toward it.",TRUE
200066,642560,"After a few sessions, this one won me over. I had to think through each decision, and it works well when I want something low pressure. I would recommend it, especially if the tags already sound appealing to you.",TRUE
200067,318330,"After a few sessions, this one won me over. It has a clear identity instead of feeling generic, and it feels like a small project with real personality. I would recommend it, especially if the tags already sound appealing to you.",TRUE
200068,606500,"After a few sessions, this one won me over. The mood is consistent from start to finish, and it builds tension well when you let it breathe. For the right player, this is a very easy recommendation.",TRUE
200069,519940,"I had a good time with this one. It is easy to pick up for a short session, and it has a clear identity instead of feeling generic. For the right player, this is a very easy recommendation.",TRUE
200070,710250,"I have mixed feelings about this game. The races stayed entertaining instead of repetitive, and the handling felt good after a short adjustment period, but the experience still loses momentum in places. It is not a must-play, but I can understand why some people enjoy it.",FALSE
200071,214630,"I ended up liking this more than I expected. It makes sense why people keep returning to it, and the shooting feels responsive enough to carry the game. I would recommend it, especially if the tags already sound appealing to you.",TRUE
200072,934950,"After a few sessions, this one won me over. It feels like a small project with real personality, and the slower pace worked in its favor. For the right player, this is a very easy recommendation.",TRUE
200073,448150,"There is a lot to like here, but also a few obvious issues. Building out a character was satisfying, and the progression system felt rewarding, but the experience still loses momentum in places. Whether you like it probably depends on how much you enjoy this genre.",TRUE
200074,644330,"I can see what the game is aiming for, but the execution feels uneven. I could see some appeal because it was easy to keep moving from one objective to the next and the combat stayed engaging for a long time, but the game still felt too uneven overall. It might work for other people, but it was not for me.",FALSE
200075,311120,"This feels like a game with clear strengths and clear weaknesses. The combat stayed engaging for a long time, and the shooting feels responsive enough to carry the game, but the experience still loses momentum in places. I would call it a cautious recommendation at best.",TRUE
200076,504420,"This is an easy game for me to recommend. The combat stayed engaging for a long time, and it feels like a small project with real personality. It does enough well that I would point other people toward it.",TRUE
200077,514530,"This was a really solid surprise. It feels like a small project with real personality, and I had to think through each decision. I would play more of it without much hesitation.",TRUE
200078,856980,"This lands somewhere in the middle for me. It has a clear identity instead of feeling generic, and it feels like a small project with real personality, but the experience still loses momentum in places. I would call it a cautious recommendation at best.",TRUE
200079,343740,"I had a good time with this one. The moment-to-moment gameplay felt sharp, and the systems are detailed enough to stay interesting. It is worth trying if this genre is already in your wheelhouse.",TRUE
200080,566870,"This is an easy game for me to recommend. The combat stayed engaging for a long time, and the systems are detailed enough to stay interesting. It is worth trying if this genre is already in your wheelhouse.",TRUE
200081,552780,"After a few sessions, this one won me over. It has a clear identity instead of feeling generic, and solving things felt satisfying more often than frustrating. It does enough well that I would point other people toward it.",TRUE
200082,749800,"It was fine overall, even if nothing about it really stood out to me.",FALSE
200083,1024600,"This feels average to me, though I can still see the appeal for the right player.",FALSE
200084,818060,"After a few sessions, this one won me over. It works well when i want something low pressure, and once the controls clicked, the platforming was fun. It is worth trying if this genre is already in your wheelhouse.",TRUE
200085,663210,"I had a good time with this one. The puzzle design was solid without feeling unfair, and the strategic layer kept me paying attention. I would recommend it, especially if the tags already sound appealing to you.",TRUE
200086,389430,"This feels like a game with clear strengths and clear weaknesses. Exploring the world was the best part, and the world gives you plenty to do, but the experience still loses momentum in places. I would call it a cautious recommendation at best.",TRUE
200087,216090,"I ended up liking this more than I expected. I had to think through each decision, and it works well as a solo game. I would play more of it without much hesitation.",TRUE
200088,684590,"I had a good time with this one. It has a clear identity instead of feeling generic, and the slower pace worked in its favor. It does enough well that I would point other people toward it.",TRUE
200089,629720,"I ended up liking this more than I expected. It has a clear identity instead of feeling generic, and it feels like a small project with real personality. It does enough well that I would point other people toward it.",TRUE
200090,733510,"After a few sessions, this one won me over. I had to think through each decision, and the strategic layer kept me paying attention. It does enough well that I would point other people toward it.",TRUE
200091,680330,"This was a really solid surprise. The progression system felt rewarding, and the combat stayed engaging for a long time. For the right player, this is a very easy recommendation.",TRUE
200092,710280,"This is an easy game for me to recommend. It feels like a small project with real personality, and the systems are detailed enough to stay interesting. I would play more of it without much hesitation.",TRUE
200093,1028730,"I can see why this game has a strong audience. It has a clear identity instead of feeling generic, and I had to think through each decision. I would play more of it without much hesitation.",TRUE
200094,740470,"I ended up liking this more than I expected. Movement feels better than i expected, and the moment-to-moment gameplay felt sharp. I would play more of it without much hesitation.",TRUE
200095,502420,"I wanted to like this more than I did. I could see some appeal because it does a good job selling the simulation idea and the moment-to-moment gameplay felt sharp, but the game still felt too uneven overall. I would wait for a discount before suggesting it to anyone else.",FALSE
200096,421870,"After a few sessions, this one won me over. It has a clear identity instead of feeling generic, and it works well when I want something low pressure. I would recommend it, especially if the tags already sound appealing to you.",TRUE
200097,701080,"I had a good time with this one. The combat stayed engaging for a long time, and it feels like a small project with real personality. It is worth trying if this genre is already in your wheelhouse.",TRUE
200098,1040890,"This is an easy game for me to recommend. It has a clear identity instead of feeling generic, and it does a good job selling the simulation idea. It does enough well that I would point other people toward it.",TRUE
200099,417400,"I can see why this game has a strong audience. It was easy to keep moving from one objective to the next, and the atmosphere is one of its biggest strengths. I would recommend it, especially if the tags already sound appealing to you.",TRUE
200100,443330,"This feels like a game with clear strengths and clear weaknesses. The pacing worked well for an adventure game, and it was easy to keep moving from one objective to the next, but the experience still loses momentum in places. There is enough here to keep it interesting, even if it is not an easy recommendation.",FALSE
200101,924900,"I had a good time with this one. Building out a character was satisfying, and it has a clear identity instead of feeling generic. For the right player, this is a very easy recommendation.",TRUE
200102,715470,"This is an easy game for me to recommend. Once the controls clicked, the platforming was fun, and it was easy to keep moving from one objective to the next. It does enough well that I would point other people toward it.",TRUE
200103,436000,"I had a good time with this one. It feels like a small project with real personality, and it has a clear identity instead of feeling generic. For the right player, this is a very easy recommendation.",TRUE
200104,422030,"It is a decent game, even if it never fully clicked for me. It has a clear identity instead of feeling generic, and the progression system felt rewarding, but the experience still loses momentum in places. I would call it a cautious recommendation at best.",FALSE
200105,729310,"There is a lot to like here, but also a few obvious issues. The strategic layer kept me paying attention, and it has a clear identity instead of feeling generic, but the experience still loses momentum in places. It is not a must-play, but I can understand why some people enjoy it.",TRUE
200106,429790,"I can see why this game has a strong audience. The moment-to-moment gameplay felt sharp, and exploring the world was the best part. It is worth trying if this genre is already in your wheelhouse.",TRUE
200107,510630,"After a few sessions, this one won me over. The strategic layer kept me paying attention, and it feels like a small project with real personality. It does enough well that I would point other people toward it.",TRUE
200108,431840,"This feels like a game with clear strengths and clear weaknesses. Building out a character was satisfying, and the progression system felt rewarding, but the experience still loses momentum in places. Whether you like it probably depends on how much you enjoy this genre.",FALSE
200109,265930,"This feels like a game with clear strengths and clear weaknesses. It works well as a solo game, and this feels much better with friends, but the experience still loses momentum in places. Whether you like it probably depends on how much you enjoy this genre.",FALSE
200110,200080,"I can see why this game has a strong audience. The story kept me interested, and solving things felt satisfying more often than frustrating. I would play more of it without much hesitation.",TRUE
200111,724740,"After a few sessions, this one won me over. It has a clear identity instead of feeling generic, and it works well when I want something low pressure. I would recommend it, especially if the tags already sound appealing to you.",TRUE
200112,6830,"I ended up liking this more than I expected. The combat stayed engaging for a long time, and matches stayed lively even after a few rounds. For the right player, this is a very easy recommendation.",TRUE
200113,417410,"I can see why this game has a strong audience. It works well when i want something low pressure, and it does a good job selling the simulation idea. I would recommend it, especially if the tags already sound appealing to you.",TRUE
200114,292240,"I ended up liking this more than I expected. It was easy to keep moving from one objective to the next, and the humor landed more often than not. I would play more of it without much hesitation.",TRUE
200115,805710,"I can see why this game has a strong audience. Survival pressure made the sessions memorable, and the strategic layer kept me paying attention. I would recommend it, especially if the tags already sound appealing to you.",TRUE
200116,543410,"This was a really solid surprise. It is easy to pick up for a short session, and the pacing worked well for an adventure game. It does enough well that I would point other people toward it.",TRUE
200117,895820,"I had a good time with this one. The writing was stronger than i expected, and it does a good job selling the simulation idea. I would play more of it without much hesitation.",TRUE
200118,627070,"This was a really solid surprise. It makes sense why people keep returning to it, and it feels like a small project with real personality. It does enough well that I would point other people toward it.",TRUE
200119,981270,"Not amazing and not terrible, just a fairly middle-of-the-road experience.",TRUE
200120,527520,"I can see what the game is aiming for, but the execution feels uneven. I could see some appeal because it has a clear identity instead of feeling generic and the moment-to-moment gameplay felt sharp, but the game still felt too uneven overall. I would only recommend it to someone who is already very into this niche.",FALSE
200121,727570,"This is an easy game for me to recommend. It feels like a small project with real personality, and the strategic layer kept me paying attention. I would play more of it without much hesitation.",TRUE
200122,617630,"I ended up liking this more than I expected. The pacing worked well for an adventure game, and solving things felt satisfying more often than frustrating. I would play more of it without much hesitation.",TRUE
200123,455080,"This is an easy game for me to recommend. It is easy to pick up for a short session, and it was easy to keep moving from one objective to the next. I would play more of it without much hesitation.",TRUE
200124,241760,"After a few sessions, this one won me over. The combat stayed engaging for a long time, and the atmosphere is one of its biggest strengths. I would recommend it, especially if the tags already sound appealing to you.",TRUE
200125,822810,"This was a really solid surprise. Matches stayed lively even after a few rounds, and the moment-to-moment gameplay felt sharp. It does enough well that I would point other people toward it.",TRUE
200126,332580,"I ended up liking this more than I expected. It feels like a small project with real personality, and once the controls clicked, the platforming was fun. It does enough well that I would point other people toward it.",TRUE
200127,270810,"This lands somewhere in the middle for me. It has a light tone that makes it easy to keep going, and it works well as a solo game, but the experience still loses momentum in places. Whether you like it probably depends on how much you enjoy this genre.",FALSE
200128,999750,"After a few sessions, this one won me over. The combat stayed engaging for a long time, and it makes sense why people keep returning to it. It does enough well that I would point other people toward it.",TRUE
200129,999560,"I had a good time with this one. It feels like a small project with real personality, and it has a clear identity instead of feeling generic. It is worth trying if this genre is already in your wheelhouse.",TRUE
200130,341390,"This feels like a game with clear strengths and clear weaknesses. It has a clear identity instead of feeling generic, and the strategic layer kept me paying attention, but the experience still loses momentum in places. Whether you like it probably depends on how much you enjoy this genre.",FALSE
200131,471400,"It is a decent game, even if it never fully clicked for me. The combat stayed engaging for a long time, and the pacing worked well for an adventure game, but the experience still loses momentum in places. Whether you like it probably depends on how much you enjoy this genre.",FALSE
200132,1002690,"I ended up liking this more than I expected. The pacing worked well for an adventure game, and it was easy to keep moving from one objective to the next. For the right player, this is a very easy recommendation.",TRUE
200133,644660,"This is an easy game for me to recommend. The systems are detailed enough to stay interesting, and it feels like a small project with real personality. It is worth trying if this genre is already in your wheelhouse.",TRUE
200134,861230,"I can see why this game has a strong audience. It feels like a small project with real personality, and it has a clear identity instead of feeling generic. For the right player, this is a very easy recommendation.",TRUE
200135,747540,"I ended up liking this more than I expected. The combat stayed engaging for a long time, and solving things felt satisfying more often than frustrating. For the right player, this is a very easy recommendation.",TRUE
200136,861050,"I do not think this came together as well as it could have. I could see some appeal because the combat stayed engaging for a long time and it works well when I want something low pressure, but the game still felt too uneven overall. I would only recommend it to someone who is already very into this niche.",FALSE
200137,364660,"This feels average to me, though I can still see the appeal for the right player.",FALSE
200138,631240,"There are some good ideas here, but it did not fully work for me. I could see some appeal because it was easy to keep moving from one objective to the next and the pacing worked well for an adventure game, but the game still felt too uneven overall. I do not regret trying it, but I would not rush to recommend it.",FALSE
200139,700920,"I can see why this game has a strong audience. The puzzle design was solid without feeling unfair, and it has a clear identity instead of feeling generic. I would play more of it without much hesitation.",TRUE
200140,550080,"This is an easy game for me to recommend. The moment-to-moment gameplay felt sharp, and the progression system felt rewarding. I would play more of it without much hesitation.",TRUE
200141,1034160,"After a few sessions, this one won me over. The races stayed entertaining instead of repetitive, and it is easy to pick up for a short session. I would recommend it, especially if the tags already sound appealing to you.",TRUE
200142,260750,"I had a good time with this one. The puzzle design was solid without feeling unfair, and it works well as a solo game. I would recommend it, especially if the tags already sound appealing to you.",TRUE
200143,433890,"There is a lot to like here, but also a few obvious issues. It has a clear identity instead of feeling generic, and I had to think through each decision, but the experience still loses momentum in places. I would call it a cautious recommendation at best.",FALSE
200144,405010,"This was a really solid surprise. It works well as a solo game, and it is easy to enjoy this at your own pace. For the right player, this is a very easy recommendation.",TRUE
200145,978970,"This was a really solid surprise. The moment-to-moment gameplay felt sharp, and the systems are detailed enough to stay interesting. It does enough well that I would point other people toward it.",TRUE
200146,275490,"Parts of it are interesting, but the overall experience felt weak. I could see some appeal because the moment-to-moment gameplay felt sharp and it feels like a small project with real personality, but the game still felt too uneven overall. It might work for other people, but it was not for me.",FALSE
200147,705620,"This is an easy game for me to recommend. It feels like a small project with real personality, and the combat stayed engaging for a long time. I would recommend it, especially if the tags already sound appealing to you.",TRUE
200148,804120,"This was a really solid surprise. The puzzle design was solid without feeling unfair, and it is easy to pick up for a short session. I would recommend it, especially if the tags already sound appealing to you.",TRUE
200149,823040,"This is an easy game for me to recommend. It has a clear identity instead of feeling generic, and it is easy to pick up for a short session. It does enough well that I would point other people toward it.",TRUE
200150,1840,"This is an easy game for me to recommend. The humor landed more often than not, and it is easy to enjoy this at your own pace. For the right player, this is a very easy recommendation.",TRUE
200151,356380,"I enjoyed parts of it more than the whole package. I liked having room to experiment, and it was easy to keep moving from one objective to the next, but the experience still loses momentum in places. There is enough here to keep it interesting, even if it is not an easy recommendation.",TRUE
200152,875790,"I had a good time with this one. It makes sense why people keep returning to it, and it works well as a solo game. It is worth trying if this genre is already in your wheelhouse.",TRUE
200153,18300,"I can see why this game has a strong audience. Once the controls clicked, the platforming was fun, and it has a clear identity instead of feeling generic. I would recommend it, especially if the tags already sound appealing to you.",TRUE
200154,417110,"This lands somewhere in the middle for me. It has a clear identity instead of feeling generic, and it feels like a small project with real personality, but the experience still loses momentum in places. Whether you like it probably depends on how much you enjoy this genre.",FALSE
200155,462110,"I enjoyed parts of it more than the whole package. It has a clear identity instead of feeling generic, and it is easy to pick up for a short session, but the experience still loses momentum in places. It is not a must-play, but I can understand why some people enjoy it.",TRUE
200156,821500,"This is an easy game for me to recommend. Movement feels better than i expected, and it feels like a small project with real personality. It does enough well that I would point other people toward it.",TRUE
200157,368690,"This was not a terrible game, just a disappointing one for me. I could see some appeal because it has a clear identity instead of feeling generic and solving things felt satisfying more often than frustrating, but the game still felt too uneven overall. It might work for other people, but it was not for me.",FALSE
200158,984170,"I do not think this came together as well as it could have. I could see some appeal because it is easy to pick up for a short session and solving things felt satisfying more often than frustrating, but the game still felt too uneven overall. I would only recommend it to someone who is already very into this niche.",FALSE
200159,533080,"I enjoyed parts of it more than the whole package. The pacing worked well for an adventure game, and it works well when I want something low pressure, but the experience still loses momentum in places. Whether you like it probably depends on how much you enjoy this genre.",FALSE
200160,354400,"I ended up liking this more than I expected. It has a clear identity instead of feeling generic, and the pacing worked well for an adventure game. It is worth trying if this genre is already in your wheelhouse.",TRUE
200161,861670,"I had mixed feelings, but it was still interesting enough to finish a session or two.",FALSE
200162,1036580,"This was a really solid surprise. It is easy to pick up for a short session, and the writing was stronger than I expected. I would play more of it without much hesitation.",TRUE
200163,426010,"There are some good ideas here, but it did not fully work for me. I could see some appeal because it does a good job selling the simulation idea and the systems are detailed enough to stay interesting, but the game still felt too uneven overall. It might work for other people, but it was not for me.",FALSE
200164,20550,"This lands somewhere in the middle for me. The gunplay is the main reason i kept playing, and it works well as a solo game, but the experience still loses momentum in places. I could still recommend it with the right expectations.",TRUE
200165,1004650,"This is an easy game for me to recommend. I had to think through each decision, and the strategic layer kept me paying attention. I would play more of it without much hesitation.",TRUE
200166,618050,"This was not a terrible game, just a disappointing one for me. I could see some appeal because it builds tension well when you let it breathe and resource management added real tension, but the game still felt too uneven overall. I would only recommend it to someone who is already very into this niche.",FALSE
200167,248470,"After a few sessions, this one won me over. It was easy to keep moving from one objective to the next, and the atmosphere is one of its biggest strengths. I would play more of it without much hesitation.",TRUE
200168,644420,"This was a really solid surprise. The gunplay is the main reason i kept playing, and the atmosphere is one of its biggest strengths. It does enough well that I would point other people toward it.",TRUE
200169,715990,"I had a good time with this one. The combat stayed engaging for a long time, and it has a clear identity instead of feeling generic. I would recommend it, especially if the tags already sound appealing to you.",TRUE
200170,816240,"This feels average to me, though I can still see the appeal for the right player.",TRUE
200171,263120,"I wanted to like this more than I did. I could see some appeal because it feels like a small project with real personality and it does a good job selling the simulation idea, but the game still felt too uneven overall. I would only recommend it to someone who is already very into this niche.",FALSE
200172,795920,"After a few sessions, this one won me over. It works well as a solo game, and it works well when I want something low pressure. For the right player, this is a very easy recommendation.",TRUE
200173,673970,"I had a good time with this one. The building side gave me a reason to keep playing, and I liked unlocking better tools and options over time. It does enough well that I would point other people toward it.",TRUE
200174,582370,"I ended up liking this more than I expected. It feels like a small project with real personality, and it was easy to keep moving from one objective to the next. I would recommend it, especially if the tags already sound appealing to you.",TRUE
200175,612600,"I can see why this game has a strong audience. It does a good job selling the simulation idea, and it makes sense why people keep returning to it. It does enough well that I would point other people toward it.",TRUE
200176,292600,"I had a good time with this one. It works well when i want something low pressure, and solving things felt satisfying more often than frustrating. It does enough well that I would point other people toward it.",TRUE
200177,219910,"This was a really solid surprise. The humor landed more often than not, and the story kept me interested. It does enough well that I would point other people toward it.",TRUE
200178,774131,"There are some good ideas here, but it did not fully work for me. I could see some appeal because the pacing worked well for an adventure game and the puzzle design was solid without feeling unfair, but the game still felt too uneven overall. It might work for other people, but it was not for me.",FALSE
200179,285010,"After a few sessions, this one won me over. Solving things felt satisfying more often than frustrating, and it feels like a small project with real personality. I would recommend it, especially if the tags already sound appealing to you.",TRUE
200180,2620,"This is an easy game for me to recommend. The mood is consistent from start to finish, and this feels much better with friends. I would play more of it without much hesitation.",TRUE
200181,862590,A decent game with some strengths and some obvious rough edges.,FALSE
200182,290510,"This is an easy game for me to recommend. Solving things felt satisfying more often than frustrating, and it has a clear identity instead of feeling generic. It does enough well that I would point other people toward it.",TRUE
200183,348860,"It is a decent game, even if it never fully clicked for me. It has a clear identity instead of feeling generic, and it works well when I want something low pressure, but the experience still loses momentum in places. Whether you like it probably depends on how much you enjoy this genre.",FALSE
200184,315110,"This was a really solid surprise. The combat stayed engaging for a long time, and it has a clear identity instead of feeling generic. For the right player, this is a very easy recommendation.",TRUE
200185,792100,"This is an easy game for me to recommend. It is easy to pick up for a short session, and the systems are detailed enough to stay interesting. It does enough well that I would point other people toward it.",TRUE
200186,431200,"I ended up liking this more than I expected. The gunplay is the main reason i kept playing, and the moment-to-moment gameplay felt sharp. It does enough well that I would point other people toward it.",TRUE
200187,42850,"This was a really solid surprise. I had to think through each decision, and the strategic layer kept me paying attention. I would recommend it, especially if the tags already sound appealing to you.",TRUE
200188,436000,"This is an easy game for me to recommend. The moment-to-moment gameplay felt sharp, and solving things felt satisfying more often than frustrating. It is worth trying if this genre is already in your wheelhouse.",TRUE
200189,711810,"I had a good time with this one. Survival pressure made the sessions memorable, and it was easy to keep moving from one objective to the next. I would recommend it, especially if the tags already sound appealing to you.",TRUE
200190,740220,"I ended up liking this more than I expected. It works well when i want something low pressure, and the systems are detailed enough to stay interesting. It is worth trying if this genre is already in your wheelhouse.",TRUE
200191,886460,"I had a good time with this one. It is easy to pick up for a short session, and it makes sense why people keep returning to it. It is worth trying if this genre is already in your wheelhouse.",TRUE
200192,659940,"This was a really solid surprise. It works well when i want something low pressure, and solving things felt satisfying more often than frustrating. For the right player, this is a very easy recommendation.",TRUE
200193,745340,"Parts of it are interesting, but the overall experience felt weak. I could see some appeal because the moment-to-moment gameplay felt sharp and it has a clear identity instead of feeling generic, but the game still felt too uneven overall. I do not regret trying it, but I would not rush to recommend it.",FALSE
200194,457590,"I can see why this game has a strong audience. The pacing worked well for an adventure game, and it works well when I want something low pressure. It does enough well that I would point other people toward it.",TRUE
200195,290040,"This was a really solid surprise. It feels like a small project with real personality, and it is easy to enjoy this at your own pace. I would play more of it without much hesitation.",TRUE
200196,638160,"This was a really solid surprise. It was easy to keep moving from one objective to the next, and the pacing worked well for an adventure game. I would play more of it without much hesitation.",TRUE
200197,788180,"I had a good time with this one. I had to think through each decision, and it feels like a small project with real personality. It does enough well that I would point other people toward it.",TRUE
200198,721510,"I had mixed feelings, but it was still interesting enough to finish a session or two.",TRUE
200199,816090,"I ended up liking this more than I expected. The atmosphere is one of its biggest strengths, and the pacing worked well for an adventure game. It is worth trying if this genre is already in your wheelhouse.",TRUE
200200,510390,"There is a lot to like here, but also a few obvious issues. The pacing worked well for an adventure game, and the writing was stronger than I expected, but the experience still loses momentum in places. I would call it a cautious recommendation at best.",FALSE
200201,365150,"There is a lot to like here, but also a few obvious issues. The puzzle design was solid without feeling unfair, and it was easy to keep moving from one objective to the next, but the experience still loses momentum in places. Whether you like it probably depends on how much you enjoy this genre.",TRUE
200202,628920,"This feels average to me, though I can still see the appeal for the right player.",TRUE
200203,942520,"After a few sessions, this one won me over. It is easy to enjoy this at your own pace, and it has a clear identity instead of feeling generic. It is worth trying if this genre is already in your wheelhouse.",TRUE
200204,895750,"I have mixed feelings about this game. The moment-to-moment gameplay felt sharp, and it feels like a small project with real personality, but the experience still loses momentum in places. I would call it a cautious recommendation at best.",TRUE
200205,857860,"I ended up liking this more than I expected. Solving things felt satisfying more often than frustrating, and it has a light tone that makes it easy to keep going. I would play more of it without much hesitation.",TRUE
200206,929210,"I enjoyed parts of it more than the whole package. It has a clear identity instead of feeling generic, and the handling felt good after a short adjustment period, but the experience still loses momentum in places. I would call it a cautious recommendation at best.",TRUE
200207,713310,"I can see why this game has a strong audience. Movement feels better than i expected, and it has a clear identity instead of feeling generic. I would recommend it, especially if the tags already sound appealing to you.",TRUE
200208,573780,"This feels like a game with clear strengths and clear weaknesses. The pacing worked well for an adventure game, and it feels like a small project with real personality, but the experience still loses momentum in places. It is not a must-play, but I can understand why some people enjoy it.",FALSE
200209,930500,"I can see why this game has a strong audience. The systems are detailed enough to stay interesting, and it feels like a small project with real personality. It is worth trying if this genre is already in your wheelhouse.",TRUE
200210,718270,"I can see what the game is aiming for, but the execution feels uneven. I could see some appeal because the co-op side adds a lot of replay value and the moment-to-moment gameplay felt sharp, but the game still felt too uneven overall. I would only recommend it to someone who is already very into this niche.",FALSE
200211,644550,"I can see why this game has a strong audience. It has a clear identity instead of feeling generic, and it does a good job selling the simulation idea. I would recommend it, especially if the tags already sound appealing to you.",TRUE
200212,630080,"This is an easy game for me to recommend. It works well when i want something low pressure, and the combat stayed engaging for a long time. I would play more of it without much hesitation.",TRUE
200213,260730,"This was a really solid surprise. The combat stayed engaging for a long time, and it is easy to enjoy this at your own pace. For the right player, this is a very easy recommendation.",TRUE
200214,923810,"I had a good time with this one. It does a good job selling the simulation idea, and the systems are detailed enough to stay interesting. I would play more of it without much hesitation.",TRUE
200215,462240,"I can see why this game has a strong audience. The strategic layer kept me paying attention, and I had to think through each decision. It is worth trying if this genre is already in your wheelhouse.",TRUE
200216,3330,"This lands somewhere in the middle for me. It works well as a solo game, and solving things felt satisfying more often than frustrating, but the experience still loses momentum in places. I would call it a cautious recommendation at best.",FALSE
200217,449020,"I had mixed feelings, but it was still interesting enough to finish a session or two.",TRUE
200218,307010,"I ended up liking this more than I expected. It was easy to keep moving from one objective to the next, and it is easy to pick up for a short session. It is worth trying if this genre is already in your wheelhouse.",TRUE
200219,362090,"I can see why this game has a strong audience. It has a clear identity instead of feeling generic, and turn-based decisions gave the game more depth. For the right player, this is a very easy recommendation.",TRUE
200220,413350,"This was not a terrible game, just a disappointing one for me. I could see some appeal because the pacing worked well for an adventure game and it was easy to keep moving from one objective to the next, but the game still felt too uneven overall. There is something here, but I cannot honestly recommend it as it is.",FALSE
200221,778860,"It is a decent game, even if it never fully clicked for me. It is easy to enjoy this at your own pace, and solving things felt satisfying more often than frustrating, but the experience still loses momentum in places. I would call it a cautious recommendation at best.",FALSE
200222,638650,"After a few sessions, this one won me over. Building out a character was satisfying, and the combat stayed engaging for a long time. For the right player, this is a very easy recommendation.",TRUE
200223,402020,"I ended up liking this more than I expected. It is easy to enjoy this at your own pace, and it has a clear identity instead of feeling generic. I would play more of it without much hesitation.",TRUE
200224,384180,"This was a really solid surprise. The strategic layer kept me paying attention, and it is easy to pick up for a short session. For the right player, this is a very easy recommendation.",TRUE
200225,848550,"It is a decent game, even if it never fully clicked for me. It is easy to pick up for a short session, and the writing was stronger than I expected, but the experience still loses momentum in places. It is not a must-play, but I can understand why some people enjoy it.",TRUE
200226,396900,"After a few sessions, this one won me over. It makes sense why people keep returning to it, and the handling felt good after a short adjustment period. It does enough well that I would point other people toward it.",TRUE
200227,751480,"This feels like a game with clear strengths and clear weaknesses. It works well when i want something low pressure, and the gunplay is the main reason I kept playing, but the experience still loses momentum in places. There is enough here to keep it interesting, even if it is not an easy recommendation.",TRUE
200228,3720,"After a few sessions, this one won me over. I had to think through each decision, and the strategic layer kept me paying attention. I would recommend it, especially if the tags already sound appealing to you.",TRUE
200229,552880,"I ended up liking this more than I expected. It was easy to keep moving from one objective to the next, and it has a clear identity instead of feeling generic. It is worth trying if this genre is already in your wheelhouse.",TRUE
200230,508940,"After a few sessions, this one won me over. The moment-to-moment gameplay felt sharp, and the combat stayed engaging for a long time. I would recommend it, especially if the tags already sound appealing to you.",TRUE
200231,37500,"I had a good time with this one. It works well when i want something low pressure, and it feels like a small project with real personality. I would recommend it, especially if the tags already sound appealing to you.",TRUE
200232,521710,"Parts of it are interesting, but the overall experience felt weak. I could see some appeal because the strategic layer kept me paying attention and the systems are detailed enough to stay interesting, but the game still felt too uneven overall. I would only recommend it to someone who is already very into this niche.",FALSE
200233,565110,"After a few sessions, this one won me over. The gunplay is the main reason i kept playing, and it feels like a small project with real personality. I would play more of it without much hesitation.",TRUE
200234,391600,"I have mixed feelings about this game. It makes sense why people keep returning to it, and the moment-to-moment gameplay felt sharp, but the experience still loses momentum in places. It is not a must-play, but I can understand why some people enjoy it.",FALSE
200235,301650,"I can see why this game has a strong audience. It works well as a solo game, and the moment-to-moment gameplay felt sharp. I would play more of it without much hesitation.",TRUE
200236,467090,"I can see why this game has a strong audience. It works well as a solo game, and it feels like a small project with real personality. It does enough well that I would point other people toward it.",TRUE
200237,815540,"I can see why this game has a strong audience. It was easy to keep moving from one objective to the next, and the pacing worked well for an adventure game. I would play more of it without much hesitation.",TRUE
200238,65790,"After a few sessions, this one won me over. The freedom to approach things my own way helped a lot, and it is easy to enjoy this at your own pace. I would play more of it without much hesitation.",TRUE
200239,467000,"I do not think this came together as well as it could have. I could see some appeal because it has a clear identity instead of feeling generic and the gunplay is the main reason I kept playing, but the game still felt too uneven overall. I do not regret trying it, but I would not rush to recommend it.",FALSE
200240,924280,"I had a good time with this one. It is easy to pick up for a short session, and it works well when I want something low pressure. I would play more of it without much hesitation.",TRUE
200241,272890,"It was fine overall, even if nothing about it really stood out to me.",FALSE
200242,1014360,"After a few sessions, this one won me over. It has a clear identity instead of feeling generic, and it is easy to pick up for a short session. It does enough well that I would point other people toward it.",TRUE
200243,551680,"Parts of it are interesting, but the overall experience felt weak. I could see some appeal because it has a clear identity instead of feeling generic and it was easy to keep moving from one objective to the next, but the game still felt too uneven overall. It might work for other people, but it was not for me.",FALSE
200244,877960,"This is an easy game for me to recommend. It feels like a small project with real personality, and the moment-to-moment gameplay felt sharp. It does enough well that I would point other people toward it.",TRUE
200245,908020,"I ended up liking this more than I expected. It feels like a small project with real personality, and the strategic layer kept me paying attention. For the right player, this is a very easy recommendation.",TRUE
200246,600440,A decent game with some strengths and some obvious rough edges.,TRUE
200247,627690,"I ended up liking this more than I expected. The combat stayed engaging for a long time, and it has a clear identity instead of feeling generic. For the right player, this is a very easy recommendation.",TRUE
200248,70900,"This is an easy game for me to recommend. I had to think through each decision, and it has a clear identity instead of feeling generic. For the right player, this is a very easy recommendation.",TRUE
200249,589510,"I have mixed feelings about this game. It is easy to enjoy this at your own pace, and it works well as a solo game, but the experience still loses momentum in places. There is enough here to keep it interesting, even if it is not an easy recommendation.",FALSE
200250,260330,"I had a good time with this one. It has a clear identity instead of feeling generic, and the strategic layer kept me paying attention. For the right player, this is a very easy recommendation.",TRUE
200251,460640,"It is a decent game, even if it never fully clicked for me. The writing was stronger than i expected, and it feels like a small project with real personality, but the experience still loses momentum in places. I would call it a cautious recommendation at best.",TRUE
200252,661270,"This was a really solid surprise. It has a clear identity instead of feeling generic, and it works well when I want something low pressure. I would recommend it, especially if the tags already sound appealing to you.",TRUE
200253,511690,"This lands somewhere in the middle for me. It was easy to keep moving from one objective to the next, and the pacing worked well for an adventure game, but the experience still loses momentum in places. I would call it a cautious recommendation at best.",FALSE
200254,905880,"This is an easy game for me to recommend. The progression system felt rewarding, and it works well when I want something low pressure. I would recommend it, especially if the tags already sound appealing to you.",TRUE
200255,291390,"After a few sessions, this one won me over. It has a clear identity instead of feeling generic, and the combat stayed engaging for a long time. It is worth trying if this genre is already in your wheelhouse.",TRUE
200256,741670,"After a few sessions, this one won me over. It feels like a small project with real personality, and the systems are detailed enough to stay interesting. I would recommend it, especially if the tags already sound appealing to you.",TRUE
200257,372480,"I ended up liking this more than I expected. The systems are detailed enough to stay interesting, and it does a good job selling the simulation idea. For the right player, this is a very easy recommendation.",TRUE
200258,873120,"I ended up liking this more than I expected. The combat stayed engaging for a long time, and the pacing worked well for an adventure game. I would recommend it, especially if the tags already sound appealing to you.",TRUE
200259,999410,"This is an easy game for me to recommend. It feels like a small project with real personality, and solving things felt satisfying more often than frustrating. I would recommend it, especially if the tags already sound appealing to you.",TRUE
200260,716480,"There are some good ideas here, but it did not fully work for me. I could see some appeal because the moment-to-moment gameplay felt sharp and the combat stayed engaging for a long time, but the game still felt too uneven overall. There is something here, but I cannot honestly recommend it as it is.",FALSE
200261,914630,"This was not a terrible game, just a disappointing one for me. I could see some appeal because it does a good job selling the simulation idea and the moment-to-moment gameplay felt sharp, but the game still felt too uneven overall. There is something here, but I cannot honestly recommend it as it is.",FALSE
200262,933050,"I can see what the game is aiming for, but the execution feels uneven. I could see some appeal because it has a clear identity instead of feeling generic and it was easy to keep moving from one objective to the next, but the game still felt too uneven overall. I do not regret trying it, but I would not rush to recommend it.",FALSE
200263,739220,"I had a good time with this one. The pacing worked well for an adventure game, and the mood is consistent from start to finish. It is worth trying if this genre is already in your wheelhouse.",TRUE
200264,622040,"This is an easy game for me to recommend. Matches stayed lively even after a few rounds, and it makes sense why people keep returning to it. I would recommend it, especially if the tags already sound appealing to you.",TRUE
200265,990160,"I can see what the game is aiming for, but the execution feels uneven. I could see some appeal because it works well when I want something low pressure and it feels like a small project with real personality, but the game still felt too uneven overall. It might work for other people, but it was not for me.",FALSE
200266,919610,"I can see why this game has a strong audience. It is easy to pick up for a short session, and it feels like a small project with real personality. It is worth trying if this genre is already in your wheelhouse.",TRUE
200267,976960,"I had a good time with this one. It was easy to keep moving from one objective to the next, and it is easy to enjoy this at your own pace. It is worth trying if this genre is already in your wheelhouse.",TRUE
200268,1042150,"There is a lot to like here, but also a few obvious issues. It was easy to keep moving from one objective to the next, and it works well when I want something low pressure, but the experience still loses momentum in places. Whether you like it probably depends on how much you enjoy this genre.",FALSE
200269,916640,"Parts of it are interesting, but the overall experience felt weak. I could see some appeal because the pacing worked well for an adventure game and it has a clear identity instead of feeling generic, but the game still felt too uneven overall. I would only recommend it to someone who is already very into this niche.",FALSE
200270,444830,"I can see why this game has a strong audience. The systems are detailed enough to stay interesting, and I liked having room to experiment. I would recommend it, especially if the tags already sound appealing to you.",TRUE
200271,31270,"I ended up liking this more than I expected. The pacing worked well for an adventure game, and it was easy to keep moving from one objective to the next. I would recommend it, especially if the tags already sound appealing to you.",TRUE
200272,1005910,"I can see why this game has a strong audience. Building out a character was satisfying, and the progression system felt rewarding. For the right player, this is a very easy recommendation.",TRUE
200273,909430,"I do not think this came together as well as it could have. I could see some appeal because it is easy to enjoy this at your own pace and it works well when I want something low pressure, but the game still felt too uneven overall. It might work for other people, but it was not for me.",FALSE
200274,535330,"This was a really solid surprise. It is easy to pick up for a short session, and the combat stayed engaging for a long time. It is worth trying if this genre is already in your wheelhouse.",TRUE
200275,882220,"I can see why this game has a strong audience. It feels like a small project with real personality, and the moment-to-moment gameplay felt sharp. It is worth trying if this genre is already in your wheelhouse.",TRUE
200276,623670,"It was fine overall, even if nothing about it really stood out to me.",TRUE
200277,606960,"It is a decent game, even if it never fully clicked for me. It feels like a small project with real personality, and resource management added real tension, but the experience still loses momentum in places. There is enough here to keep it interesting, even if it is not an easy recommendation.",TRUE
200278,813820,"After a few sessions, this one won me over. Survival pressure made the sessions memorable, and exploring the world was the best part. It is worth trying if this genre is already in your wheelhouse.",TRUE
200279,498720,"Not amazing and not terrible, just a fairly middle-of-the-road experience.",TRUE
200280,98200,"I had a good time with this one. The co-op side adds a lot of replay value, and it works well as a solo game. It does enough well that I would point other people toward it.",TRUE
200281,252690,"This feels like a game with clear strengths and clear weaknesses. The writing was stronger than i expected, and I had to think through each decision, but the experience still loses momentum in places. It is not a must-play, but I can understand why some people enjoy it.",FALSE
200282,894570,"I ended up liking this more than I expected. It is easy to pick up for a short session, and the puzzle design was solid without feeling unfair. It does enough well that I would point other people toward it.",TRUE
200283,291050,"There is a lot to like here, but also a few obvious issues. The slower pace worked in its favor, and it is easy to enjoy this at your own pace, but the experience still loses momentum in places. It is not a must-play, but I can understand why some people enjoy it.",FALSE
200284,214420,"This is an easy game for me to recommend. I liked having room to experiment, and the gunplay is the main reason I kept playing. I would play more of it without much hesitation.",TRUE
200285,567680,"This was not a terrible game, just a disappointing one for me. I could see some appeal because it has a clear identity instead of feeling generic and it is easy to pick up for a short session, but the game still felt too uneven overall. I would only recommend it to someone who is already very into this niche.",FALSE
200286,29120,"This feels like a game with clear strengths and clear weaknesses. It feels like a small project with real personality, and it has a clear identity instead of feeling generic, but the experience still loses momentum in places. There is enough here to keep it interesting, even if it is not an easy recommendation.",FALSE
200287,12210,"After a few sessions, this one won me over. The combat stayed engaging for a long time, and matches stayed lively even after a few rounds. For the right player, this is a very easy recommendation.",TRUE
200288,749560,"This is an easy game for me to recommend. The gunplay is the main reason i kept playing, and the combat stayed engaging for a long time. For the right player, this is a very easy recommendation.",TRUE
200289,287450,"After a few sessions, this one won me over. It works well as a solo game, and the strategic layer kept me paying attention. For the right player, this is a very easy recommendation.",TRUE
200290,542030,"This was a really solid surprise. It feels like a small project with real personality, and it has a clear identity instead of feeling generic. It does enough well that I would point other people toward it.",TRUE
200291,754810,"I ended up liking this more than I expected. It is easy to enjoy this at your own pace, and it works well as a solo game. It does enough well that I would point other people toward it.",TRUE
200292,673620,"This is an easy game for me to recommend. It is easy to enjoy this at your own pace, and the strategic layer kept me paying attention. It is worth trying if this genre is already in your wheelhouse.",TRUE
200293,972050,"This was a really solid surprise. The gunplay is the main reason i kept playing, and the moment-to-moment gameplay felt sharp. I would recommend it, especially if the tags already sound appealing to you.",TRUE
200294,823290,"This is an easy game for me to recommend. It feels like a small project with real personality, and movement feels better than I expected. I would play more of it without much hesitation.",TRUE
200295,1015430,"I can see why this game has a strong audience. It has a clear identity instead of feeling generic, and the pacing worked well for an adventure game. It does enough well that I would point other people toward it.",TRUE
200296,660030,"This is an easy game for me to recommend. It has a clear identity instead of feeling generic, and it is easy to pick up for a short session. It does enough well that I would point other people toward it.",TRUE
200297,273030,"Parts of it are interesting, but the overall experience felt weak. I could see some appeal because the systems are detailed enough to stay interesting and it does a good job selling the simulation idea, but the game still felt too uneven overall. There is something here, but I cannot honestly recommend it as it is.",FALSE
200298,771820,"This lands somewhere in the middle for me. I had to think through each decision, and the pacing worked well for an adventure game, but the experience still loses momentum in places. There is enough here to keep it interesting, even if it is not an easy recommendation.",TRUE
200299,699150,"After a few sessions, this one won me over. Movement feels better than i expected, and it feels like a small project with real personality. I would recommend it, especially if the tags already sound appealing to you.",TRUE
200300,343250,"After a few sessions, this one won me over. It is easy to pick up for a short session, and the pacing worked well for an adventure game. I would recommend it, especially if the tags already sound appealing to you.",TRUE
200301,1008920,"I can see why this game has a strong audience. It was easy to keep moving from one objective to the next, and the story kept me interested. I would play more of it without much hesitation.",TRUE
200302,684320,"I ended up liking this more than I expected. It feels like a small project with real personality, and it is easy to enjoy this at your own pace. I would recommend it, especially if the tags already sound appealing to you.",TRUE
200303,862770,"I ended up liking this more than I expected. The moment-to-moment gameplay felt sharp, and it feels like a small project with real personality. It is worth trying if this genre is already in your wheelhouse.",TRUE
200304,292260,"I had a good time with this one. It was easy to keep moving from one objective to the next, and the pacing worked well for an adventure game. It does enough well that I would point other people toward it.",TRUE
200305,525540,"This was a really solid surprise. It has a clear identity instead of feeling generic, and the combat stayed engaging for a long time. For the right player, this is a very easy recommendation.",TRUE
200306,800640,"This is an easy game for me to recommend. The moment-to-moment gameplay felt sharp, and the combat stayed engaging for a long time. I would recommend it, especially if the tags already sound appealing to you.",TRUE
200307,721400,"After a few sessions, this one won me over. It is easy to pick up for a short session, and the combat stayed engaging for a long time. I would recommend it, especially if the tags already sound appealing to you.",TRUE
200308,662830,"I can see why this game has a strong audience. Matches stayed lively even after a few rounds, and the strategic layer kept me paying attention. For the right player, this is a very easy recommendation.",TRUE
200309,660270,"There are some good ideas here, but it did not fully work for me. I could see some appeal because it is easy to pick up for a short session and it works well when I want something low pressure, but the game still felt too uneven overall. I do not regret trying it, but I would not rush to recommend it.",FALSE
200310,713500,"I can see what the game is aiming for, but the execution feels uneven. I could see some appeal because the systems are detailed enough to stay interesting and it does a good job selling the simulation idea, but the game still felt too uneven overall. I would wait for a discount before suggesting it to anyone else.",FALSE
200311,837090,"This was a really solid surprise. The pacing worked well for an adventure game, and it was easy to keep moving from one objective to the next. It does enough well that I would point other people toward it.",TRUE
200312,719470,"It is a decent game, even if it never fully clicked for me. The pacing worked well for an adventure game, and it has a clear identity instead of feeling generic, but the experience still loses momentum in places. I would call it a cautious recommendation at best.",TRUE
200313,928130,"This feels average to me, though I can still see the appeal for the right player.",FALSE
200314,236510,"I do not think this came together as well as it could have. I could see some appeal because the combat stayed engaging for a long time and matches stayed lively even after a few rounds, but the game still felt too uneven overall. I would wait for a discount before suggesting it to anyone else.",FALSE
200315,786350,"There is a lot to like here, but also a few obvious issues. Once the controls clicked, the platforming was fun, and it feels like a small project with real personality, but the experience still loses momentum in places. There is enough here to keep it interesting, even if it is not an easy recommendation.",FALSE
200316,667040,"This feels average to me, though I can still see the appeal for the right player.",TRUE
200317,383700,"This is an easy game for me to recommend. It is easy to pick up for a short session, and it works well when I want something low pressure. I would play more of it without much hesitation.",TRUE
200318,652810,"This feels average to me, though I can still see the appeal for the right player.",TRUE
200319,605490,"I can see why this game has a strong audience. The moment-to-moment gameplay felt sharp, and it feels like a small project with real personality. I would recommend it, especially if the tags already sound appealing to you.",TRUE
200320,254880,"This was a really solid surprise. I had to think through each decision, and the strategic layer kept me paying attention. I would recommend it, especially if the tags already sound appealing to you.",TRUE
200321,795040,"I had mixed feelings, but it was still interesting enough to finish a session or two.",TRUE
200322,273580,"I enjoyed parts of it more than the whole package. It was easy to keep moving from one objective to the next, and matches stayed lively even after a few rounds, but the experience still loses momentum in places. I could still recommend it with the right expectations.",FALSE
200323,837930,"After a few sessions, this one won me over. Survival pressure made the sessions memorable, and it has a clear identity instead of feeling generic. For the right player, this is a very easy recommendation.",TRUE
200324,10090,"This was a really solid surprise. The atmosphere carried a lot of the experience, and the combat stayed engaging for a long time. It is worth trying if this genre is already in your wheelhouse.",TRUE
200325,885690,"I can see why this game has a strong audience. The pacing worked well for an adventure game, and it feels like a small project with real personality. I would play more of it without much hesitation.",TRUE
200326,463000,"There is a lot to like here, but also a few obvious issues. The moment-to-moment gameplay felt sharp, and the combat stayed engaging for a long time, but the experience still loses momentum in places. It is not a must-play, but I can understand why some people enjoy it.",FALSE
200327,580170,"I can see why this game has a strong audience. The systems are detailed enough to stay interesting, and the management layer made the game easy to sink time into. I would play more of it without much hesitation.",TRUE
200328,352050,"After a few sessions, this one won me over. It does a good job selling the simulation idea, and I had to think through each decision. I would play more of it without much hesitation.",TRUE
200329,947120,"I had a good time with this one. It has a clear identity instead of feeling generic, and it was easy to keep moving from one objective to the next. For the right player, this is a very easy recommendation.",TRUE
200330,933920,"This was not a terrible game, just a disappointing one for me. I could see some appeal because it works well when I want something low pressure and the atmosphere is one of its biggest strengths, but the game still felt too uneven overall. There is something here, but I cannot honestly recommend it as it is.",FALSE
200331,477910,"I ended up liking this more than I expected. It has a clear identity instead of feeling generic, and it is easy to enjoy this at your own pace. For the right player, this is a very easy recommendation.",TRUE
200332,813030,"I had a good time with this one. Building out a character was satisfying, and the progression system felt rewarding. I would recommend it, especially if the tags already sound appealing to you.",TRUE
200333,682180,"This was a really solid surprise. It has a clear identity instead of feeling generic, and I had to think through each decision. For the right player, this is a very easy recommendation.",TRUE
200334,297920,"I have mixed feelings about this game. The systems are detailed enough to stay interesting, and exploring the world was the best part, but the experience still loses momentum in places. There is enough here to keep it interesting, even if it is not an easy recommendation.",FALSE
200335,861770,"This is an easy game for me to recommend. The strategic layer kept me paying attention, and I had to think through each decision. I would recommend it, especially if the tags already sound appealing to you.",TRUE
200336,500340,"I can see why this game has a strong audience. It feels like a small project with real personality, and it works well as a solo game. I would play more of it without much hesitation.",TRUE
200337,247000,"It is a decent game, even if it never fully clicked for me. Turn-based decisions gave the game more depth, and it feels like a small project with real personality, but the experience still loses momentum in places. I would call it a cautious recommendation at best.",FALSE
200338,983150,"I can see why this game has a strong audience. It was easy to keep moving from one objective to the next, and the story kept me interested. For the right player, this is a very easy recommendation.",TRUE
200339,271570,"I enjoyed parts of it more than the whole package. Matches stayed lively even after a few rounds, and the strategic layer kept me paying attention, but the experience still loses momentum in places. I could still recommend it with the right expectations.",FALSE
200340,258890,"This was a really solid surprise. It has a clear identity instead of feeling generic, and the puzzle design was solid without feeling unfair. For the right player, this is a very easy recommendation.",TRUE
200341,614850,"I ended up liking this more than I expected. The combat stayed engaging for a long time, and the moment-to-moment gameplay felt sharp. I would play more of it without much hesitation.",TRUE
200342,779070,"There is a lot to like here, but also a few obvious issues. The moment-to-moment gameplay felt sharp, and it has a clear identity instead of feeling generic, but the experience still loses momentum in places. I could still recommend it with the right expectations.",TRUE
200343,1036840,"I can see why this game has a strong audience. It has a clear identity instead of feeling generic, and I had to think through each decision. It does enough well that I would point other people toward it.",TRUE
200344,576320,"There are some good ideas here, but it did not fully work for me. I could see some appeal because it has a clear identity instead of feeling generic and it is easy to pick up for a short session, but the game still felt too uneven overall. It might work for other people, but it was not for me.",FALSE
200345,528950,"I enjoyed parts of it more than the whole package. The combat stayed engaging for a long time, and it was easy to keep moving from one objective to the next, but the experience still loses momentum in places. Whether you like it probably depends on how much you enjoy this genre.",FALSE
200346,558450,"I had a good time with this one. The atmosphere is one of its biggest strengths, and it works well as a solo game. For the right player, this is a very easy recommendation.",TRUE
200347,853830,"Parts of it are interesting, but the overall experience felt weak. I could see some appeal because it is easy to pick up for a short session and the systems are detailed enough to stay interesting, but the game still felt too uneven overall. It might work for other people, but it was not for me.",FALSE
200348,395920,"I can see why this game has a strong audience. It has a clear identity instead of feeling generic, and exploring the world was the best part. I would play more of it without much hesitation.",TRUE
200349,540180,"I do not think this came together as well as it could have. I could see some appeal because the atmosphere is one of its biggest strengths and it does a good job selling the simulation idea, but the game still felt too uneven overall. There is something here, but I cannot honestly recommend it as it is.",FALSE
200350,516790,"I can see why this game has a strong audience. It is easy to enjoy this at your own pace, and the combat stayed engaging for a long time. It is worth trying if this genre is already in your wheelhouse.",TRUE
200351,494440,"It is a decent game, even if it never fully clicked for me. The pacing worked well for an adventure game, and it was easy to keep moving from one objective to the next, but the experience still loses momentum in places. I could still recommend it with the right expectations.",FALSE
200352,876160,"Not amazing and not terrible, just a fairly middle-of-the-road experience.",FALSE
200353,560430,"After a few sessions, this one won me over. The pacing worked well for an adventure game, and it is easy to enjoy this at your own pace. It does enough well that I would point other people toward it.",TRUE
200354,892930,"This lands somewhere in the middle for me. It is easy to enjoy this at your own pace, and the moment-to-moment gameplay felt sharp, but the experience still loses momentum in places. I would call it a cautious recommendation at best.",FALSE
200355,994650,"I do not think this came together as well as it could have. I could see some appeal because the moment-to-moment gameplay felt sharp and it is easy to pick up for a short session, but the game still felt too uneven overall. It might work for other people, but it was not for me.",FALSE
200356,923880,"This is an easy game for me to recommend. It feels like a small project with real personality, and it was easy to keep moving from one objective to the next. I would recommend it, especially if the tags already sound appealing to you.",TRUE
200357,396610,"There is a lot to like here, but also a few obvious issues. The combat stayed engaging for a long time, and it has a clear identity instead of feeling generic, but the experience still loses momentum in places. It is not a must-play, but I can understand why some people enjoy it.",TRUE
200358,433490,"It was fine overall, even if nothing about it really stood out to me.",TRUE
200359,416630,"Parts of it are interesting, but the overall experience felt weak. I could see some appeal because it feels like a small project with real personality and the writing was stronger than I expected, but the game still felt too uneven overall. There is something here, but I cannot honestly recommend it as it is.",FALSE
200360,595280,"I had a good time with this one. Survival pressure made the sessions memorable, and it has a clear identity instead of feeling generic. I would recommend it, especially if the tags already sound appealing to you.",TRUE
200361,931140,"I do not think this came together as well as it could have. I could see some appeal because the progression system felt rewarding and building out a character was satisfying, but the game still felt too uneven overall. It might work for other people, but it was not for me.",FALSE
200362,887530,"I ended up liking this more than I expected. Building out a character was satisfying, and the pacing worked well for an adventure game. It does enough well that I would point other people toward it.",TRUE
200363,364820,"I had a good time with this one. The combat stayed engaging for a long time, and the strategic layer kept me paying attention. I would play more of it without much hesitation.",TRUE
200364,506470,"This lands somewhere in the middle for me. The moment-to-moment gameplay felt sharp, and it has a clear identity instead of feeling generic, but the experience still loses momentum in places. It is not a must-play, but I can understand why some people enjoy it.",FALSE
200365,427510,"This was a really solid surprise. The story kept me interested, and I liked having room to experiment. It is worth trying if this genre is already in your wheelhouse.",TRUE
200366,711450,"It is a decent game, even if it never fully clicked for me. It has a clear identity instead of feeling generic, and the moment-to-moment gameplay felt sharp, but the experience still loses momentum in places. I could still recommend it with the right expectations.",TRUE
200367,955320,"This is an easy game for me to recommend. It feels like a small project with real personality, and the atmosphere is one of its biggest strengths. For the right player, this is a very easy recommendation.",TRUE
200368,509400,"This is an easy game for me to recommend. It has a clear identity instead of feeling generic, and it feels like a small project with real personality. For the right player, this is a very easy recommendation.",TRUE
200369,517470,"I ended up liking this more than I expected. It is easy to pick up for a short session, and it feels like a small project with real personality. For the right player, this is a very easy recommendation.",TRUE
200370,485690,"After a few sessions, this one won me over. Solving things felt satisfying more often than frustrating, and it is easy to pick up for a short session. I would play more of it without much hesitation.",TRUE
200371,286730,"Parts of it are interesting, but the overall experience felt weak. I could see some appeal because it does a good job selling the simulation idea and the moment-to-moment gameplay felt sharp, but the game still felt too uneven overall. I would only recommend it to someone who is already very into this niche.",FALSE
200372,928940,"This feels like a game with clear strengths and clear weaknesses. The moment-to-moment gameplay felt sharp, and the combat stayed engaging for a long time, but the experience still loses momentum in places. I could still recommend it with the right expectations.",FALSE
200373,544730,"Parts of it are interesting, but the overall experience felt weak. I could see some appeal because it makes sense why people keep returning to it and the strategic layer kept me paying attention, but the game still felt too uneven overall. I would wait for a discount before suggesting it to anyone else.",FALSE
200374,453850,"It is a decent game, even if it never fully clicked for me. Building out a character was satisfying, and the progression system felt rewarding, but the experience still loses momentum in places. I would call it a cautious recommendation at best.",FALSE
200375,340440,"I had a good time with this one. The strategic layer kept me paying attention, and it has a clear identity instead of feeling generic. It is worth trying if this genre is already in your wheelhouse.",TRUE
200376,873560,"I enjoyed parts of it more than the whole package. Movement feels better than i expected, and it works well when I want something low pressure, but the experience still loses momentum in places. It is not a must-play, but I can understand why some people enjoy it.",FALSE
200377,540190,"I had a good time with this one. It works well when i want something low pressure, and the puzzle design was solid without feeling unfair. I would recommend it, especially if the tags already sound appealing to you.",TRUE
200378,235320,"I can see why this game has a strong audience. I had to think through each decision, and this feels much better with friends. I would play more of it without much hesitation.",TRUE
200379,968440,"I had a good time with this one. It has a clear identity instead of feeling generic, and it feels like a small project with real personality. I would play more of it without much hesitation.",TRUE
200380,326990,"This lands somewhere in the middle for me. The shooting feels responsive enough to carry the game, and it is easy to enjoy this at your own pace, but the experience still loses momentum in places. I would call it a cautious recommendation at best.",FALSE
200381,279500,"I ended up liking this more than I expected. The pacing worked well for an adventure game, and it was easy to keep moving from one objective to the next. For the right player, this is a very easy recommendation.",TRUE
200382,383100,"After a few sessions, this one won me over. The strategic layer kept me paying attention, and I had to think through each decision. I would recommend it, especially if the tags already sound appealing to you.",TRUE
200383,446110,"This is an easy game for me to recommend. It works well when i want something low pressure, and it is easy to pick up for a short session. It does enough well that I would point other people toward it.",TRUE
200384,981990,"I had a good time with this one. It works well when i want something low pressure, and it has a clear identity instead of feeling generic. I would recommend it, especially if the tags already sound appealing to you.",TRUE
200385,939750,"This was not a terrible game, just a disappointing one for me. I could see some appeal because the story kept me interested and it works well when I want something low pressure, but the game still felt too uneven overall. It might work for other people, but it was not for me.",FALSE
200386,424250,"This was a really solid surprise. The strategic layer kept me paying attention, and resource management added real tension. I would play more of it without much hesitation.",TRUE
200387,844490,"I can see why this game has a strong audience. It feels like a small project with real personality, and it has a clear identity instead of feeling generic. It does enough well that I would point other people toward it.",TRUE
200388,733030,"This was a really solid surprise. It works well when i want something low pressure, and matches stayed lively even after a few rounds. It does enough well that I would point other people toward it.",TRUE
200389,658150,"After a few sessions, this one won me over. The combat stayed engaging for a long time, and the moment-to-moment gameplay felt sharp. For the right player, this is a very easy recommendation.",TRUE
200390,953760,"This was not a terrible game, just a disappointing one for me. I could see some appeal because it feels like a small project with real personality and the pacing worked well for an adventure game, but the game still felt too uneven overall. I would only recommend it to someone who is already very into this niche.",FALSE
200391,266840,"This was a really solid surprise. The story kept me interested, and it does a good job selling the simulation idea. For the right player, this is a very easy recommendation.",TRUE
200392,55100,"This was a really solid surprise. The atmosphere is one of its biggest strengths, and it is easy to enjoy this at your own pace. I would play more of it without much hesitation.",TRUE
200393,748540,"It is a decent game, even if it never fully clicked for me. It is easy to pick up for a short session, and it has a clear identity instead of feeling generic, but the experience still loses momentum in places. Whether you like it probably depends on how much you enjoy this genre.",TRUE
200394,610180,"This is an easy game for me to recommend. It is easy to pick up for a short session, and the strategic layer kept me paying attention. I would recommend it, especially if the tags already sound appealing to you.",TRUE
200395,325300,"This is an easy game for me to recommend. It works well when i want something low pressure, and it feels like a small project with real personality. For the right player, this is a very easy recommendation.",TRUE
200396,751440,"After a few sessions, this one won me over. The gunplay is the main reason i kept playing, and it was easy to keep moving from one objective to the next. It does enough well that I would point other people toward it.",TRUE
200397,506590,"This feels like a game with clear strengths and clear weaknesses. It does a good job selling the simulation idea, and it has a clear identity instead of feeling generic, but the experience still loses momentum in places. There is enough here to keep it interesting, even if it is not an easy recommendation.",FALSE
200398,290040,"This lands somewhere in the middle for me. Movement feels better than i expected, and the moment-to-moment gameplay felt sharp, but the experience still loses momentum in places. I could still recommend it with the right expectations.",FALSE
200399,239820,"I had a good time with this one. I liked juggling the different systems, and it feels like a small project with real personality. It does enough well that I would point other people toward it.",TRUE
200400,689700,"I had a good time with this one. It was easy to keep moving from one objective to the next, and the strategic layer kept me paying attention. It does enough well that I would point other people toward it.",TRUE
200401,446490,"I wanted to like this more than I did. I could see some appeal because it is easy to pick up for a short session and it does a good job selling the simulation idea, but the game still felt too uneven overall. I would only recommend it to someone who is already very into this niche.",FALSE
200402,272470,"This is an easy game for me to recommend. It has a clear identity instead of feeling generic, and it was easy to keep moving from one objective to the next. It is worth trying if this genre is already in your wheelhouse.",TRUE
200403,262870,"Parts of it are interesting, but the overall experience felt weak. I could see some appeal because it does a good job selling the simulation idea and the systems are detailed enough to stay interesting, but the game still felt too uneven overall. I would wait for a discount before suggesting it to anyone else.",FALSE
200404,538880,"I can see why this game has a strong audience. It feels like a small project with real personality, and it has a clear identity instead of feeling generic. It is worth trying if this genre is already in your wheelhouse.",TRUE
200405,876960,"I wanted to like this more than I did. I could see some appeal because it feels like a small project with real personality and I had to think through each decision, but the game still felt too uneven overall. There is something here, but I cannot honestly recommend it as it is.",FALSE
200406,1023280,"After a few sessions, this one won me over. It is easy to pick up for a short session, and it works well when I want something low pressure. It does enough well that I would point other people toward it.",TRUE
200407,869560,"I do not think this came together as well as it could have. I could see some appeal because it works well as a solo game and it is easy to enjoy this at your own pace, but the game still felt too uneven overall. There is something here, but I cannot honestly recommend it as it is.",FALSE
200408,604300,"After a few sessions, this one won me over. It works well when i want something low pressure, and it has a clear identity instead of feeling generic. I would play more of it without much hesitation.",TRUE
200409,383700,"There is a lot to like here, but also a few obvious issues. It works well when i want something low pressure, and the combat stayed engaging for a long time, but the experience still loses momentum in places. I would call it a cautious recommendation at best.",FALSE
200410,410890,"I ended up liking this more than I expected. It has a clear identity instead of feeling generic, and it feels like a small project with real personality. For the right player, this is a very easy recommendation.",TRUE
200411,339690,"There is a lot to like here, but also a few obvious issues. The combat stayed engaging for a long time, and the moment-to-moment gameplay felt sharp, but the experience still loses momentum in places. It is not a must-play, but I can understand why some people enjoy it.",FALSE
200412,446570,"This was not a terrible game, just a disappointing one for me. I could see some appeal because I could understand the appeal after spending some time with it and it has a clear sense of what it wants to be, but the game still felt too uneven overall. It might work for other people, but it was not for me.",FALSE
200413,885780,"This is an easy game for me to recommend. Crafting gave the loop some momentum, and the progression system felt rewarding. It does enough well that I would point other people toward it.",TRUE
200414,655460,"This feels average to me, though I can still see the appeal for the right player.",FALSE
200415,864510,"After a few sessions, this one won me over. The gunplay is the main reason i kept playing, and the moment-to-moment gameplay felt sharp. It is worth trying if this genre is already in your wheelhouse.",TRUE
200416,257970,"I had a good time with this one. Turn-based decisions gave the game more depth, and the slower pace worked in its favor. For the right player, this is a very easy recommendation.",TRUE
200417,837530,"Parts of it are interesting, but the overall experience felt weak. I could see some appeal because the progression system felt rewarding and the moment-to-moment gameplay felt sharp, but the game still felt too uneven overall. I would only recommend it to someone who is already very into this niche.",FALSE
200418,929210,"This was not a terrible game, just a disappointing one for me. I could see some appeal because the handling felt good after a short adjustment period and the races stayed entertaining instead of repetitive, but the game still felt too uneven overall. I would wait for a discount before suggesting it to anyone else.",FALSE
200419,591640,"I ended up liking this more than I expected. It has a clear identity instead of feeling generic, and the combat stayed engaging for a long time. For the right player, this is a very easy recommendation.",TRUE
200420,874370,"This is an easy game for me to recommend. It feels like a small project with real personality, and it was easy to keep moving from one objective to the next. It is worth trying if this genre is already in your wheelhouse.",TRUE
200421,409720,"This is an easy game for me to recommend. It works well as a solo game, and the progression system felt rewarding. It does enough well that I would point other people toward it.",TRUE
200422,765290,"There are some good ideas here, but it did not fully work for me. I could see some appeal because it feels like a small project with real personality and the combat stayed engaging for a long time, but the game still felt too uneven overall. There is something here, but I cannot honestly recommend it as it is.",FALSE
200423,655770,"This is an easy game for me to recommend. It is easy to pick up for a short session, and the writing was stronger than I expected. I would recommend it, especially if the tags already sound appealing to you.",TRUE
200424,368700,"I ended up liking this more than I expected. The moment-to-moment gameplay felt sharp, and it has a clear identity instead of feeling generic. For the right player, this is a very easy recommendation.",TRUE
200425,818760,"After a few sessions, this one won me over. Solving things felt satisfying more often than frustrating, and the slower pace worked in its favor. It does enough well that I would point other people toward it.",TRUE
200426,844750,"I have mixed feelings about this game. The races stayed entertaining instead of repetitive, and it has a clear identity instead of feeling generic, but the experience still loses momentum in places. It is not a must-play, but I can understand why some people enjoy it.",TRUE
200427,527900,"This is an easy game for me to recommend. It is easy to pick up for a short session, and it works well when I want something low pressure. I would recommend it, especially if the tags already sound appealing to you.",TRUE
200428,700990,"I have mixed feelings about this game. The combat stayed engaging for a long time, and it does a good job selling the simulation idea, but the experience still loses momentum in places. I could still recommend it with the right expectations.",TRUE
200429,452510,"I had a good time with this one. The combat stayed engaging for a long time, and it works well as a solo game. I would recommend it, especially if the tags already sound appealing to you.",TRUE
200430,304170,"Parts of it are interesting, but the overall experience felt weak. I could see some appeal because the pacing worked well for an adventure game and it was easy to keep moving from one objective to the next, but the game still felt too uneven overall. I would wait for a discount before suggesting it to anyone else.",FALSE
200431,589770,"I ended up liking this more than I expected. Movement feels better than i expected, and the moment-to-moment gameplay felt sharp. It is worth trying if this genre is already in your wheelhouse.",TRUE
200432,911950,"I can see why this game has a strong audience. The gunplay is the main reason i kept playing, and the moment-to-moment gameplay felt sharp. It is worth trying if this genre is already in your wheelhouse.",TRUE
200433,687890,"I ended up liking this more than I expected. The combat stayed engaging for a long time, and it works well when I want something low pressure. I would play more of it without much hesitation.",TRUE
200434,283310,"I can see why this game has a strong audience. The atmosphere is one of its biggest strengths, and the moment-to-moment gameplay felt sharp. I would recommend it, especially if the tags already sound appealing to you.",TRUE
200435,220780,"I had a good time with this one. Once the controls clicked, the platforming was fun, and it works well when I want something low pressure. For the right player, this is a very easy recommendation.",TRUE
200436,102840,"I ended up liking this more than I expected. It makes sense why people keep returning to it, and the gunplay is the main reason I kept playing. I would play more of it without much hesitation.",TRUE
200437,878780,"There is a lot to like here, but also a few obvious issues. It works well when i want something low pressure, and it is easy to pick up for a short session, but the experience still loses momentum in places. Whether you like it probably depends on how much you enjoy this genre.",FALSE
200438,562050,"There is a lot to like here, but also a few obvious issues. The puzzle design was solid without feeling unfair, and it feels like a small project with real personality, but the experience still loses momentum in places. I could still recommend it with the right expectations.",FALSE
200439,836540,"I had a good time with this one. The pacing worked well for an adventure game, and it was easy to keep moving from one objective to the next. I would recommend it, especially if the tags already sound appealing to you.",TRUE
200440,1026960,"I can see what the game is aiming for, but the execution feels uneven. I could see some appeal because it feels like a small project with real personality and it does a good job selling the simulation idea, but the game still felt too uneven overall. It might work for other people, but it was not for me.",FALSE
200441,751350,"After a few sessions, this one won me over. It works well when i want something low pressure, and the combat stayed engaging for a long time. I would play more of it without much hesitation.",TRUE
200442,781040,"I wanted to like this more than I did. I could see some appeal because the moment-to-moment gameplay felt sharp and it does a good job selling the simulation idea, but the game still felt too uneven overall. I would wait for a discount before suggesting it to anyone else.",FALSE
200443,598440,"It is a decent game, even if it never fully clicked for me. It has a clear identity instead of feeling generic, and it feels like a small project with real personality, but the experience still loses momentum in places. There is enough here to keep it interesting, even if it is not an easy recommendation.",FALSE
200444,429950,"This was not a terrible game, just a disappointing one for me. I could see some appeal because the pacing worked well for an adventure game and it was easy to keep moving from one objective to the next, but the game still felt too uneven overall. I would wait for a discount before suggesting it to anyone else.",FALSE
200445,913090,"I ended up liking this more than I expected. It feels like a small project with real personality, and building out a character was satisfying. It does enough well that I would point other people toward it.",TRUE
200446,661430,"I can see why this game has a strong audience. The puzzle design was solid without feeling unfair, and it works well as a solo game. For the right player, this is a very easy recommendation.",TRUE
200447,737530,"There is a lot to like here, but also a few obvious issues. It feels like a small project with real personality, and the pacing worked well for an adventure game, but the experience still loses momentum in places. I would call it a cautious recommendation at best.",TRUE
200448,1028550,"I can see why this game has a strong audience. It has a clear identity instead of feeling generic, and it feels like a small project with real personality. It does enough well that I would point other people toward it.",TRUE
200449,719800,"I had mixed feelings, but it was still interesting enough to finish a session or two.",TRUE
200450,464800,"There is a lot to like here, but also a few obvious issues. Solving things felt satisfying more often than frustrating, and building out a character was satisfying, but the experience still loses momentum in places. I could still recommend it with the right expectations.",TRUE
200451,835560,"This feels like a game with clear strengths and clear weaknesses. It feels like a small project with real personality, and it was easy to keep moving from one objective to the next, but the experience still loses momentum in places. I could still recommend it with the right expectations.",TRUE
200452,339230,"I have mixed feelings about this game. The shooting feels responsive enough to carry the game, and it makes sense why people keep returning to it, but the experience still loses momentum in places. I could still recommend it with the right expectations.",FALSE
200453,355490,"I have mixed feelings about this game. It feels like a small project with real personality, and I had to think through each decision, but the experience still loses momentum in places. It is not a must-play, but I can understand why some people enjoy it.",TRUE
200454,828580,"This was a really solid surprise. It does a good job selling the simulation idea, and the moment-to-moment gameplay felt sharp. For the right player, this is a very easy recommendation.",TRUE
200455,656380,"This is an easy game for me to recommend. The strategic layer kept me paying attention, and it feels like a small project with real personality. I would recommend it, especially if the tags already sound appealing to you.",TRUE
200456,377500,"I ended up liking this more than I expected. It has a clear identity instead of feeling generic, and it feels like a small project with real personality. I would play more of it without much hesitation.",TRUE
200457,733530,"This was a really solid surprise. It has a clear identity instead of feeling generic, and it feels like a small project with real personality. I would play more of it without much hesitation.",TRUE
200458,370210,"This is an easy game for me to recommend. The systems are detailed enough to stay interesting, and it does a good job selling the simulation idea. I would play more of it without much hesitation.",TRUE
200459,934060,"It is a decent game, even if it never fully clicked for me. It builds tension well when you let it breathe, and the strategic layer kept me paying attention, but the experience still loses momentum in places. Whether you like it probably depends on how much you enjoy this genre.",FALSE
200460,345290,"This is an easy game for me to recommend. The pacing worked well for an adventure game, and the story kept me interested. I would play more of it without much hesitation.",TRUE
200461,372750,"I enjoyed parts of it more than the whole package. The moment-to-moment gameplay felt sharp, and it was easy to keep moving from one objective to the next, but the experience still loses momentum in places. There is enough here to keep it interesting, even if it is not an easy recommendation.",TRUE
200462,564530,"This is an easy game for me to recommend. It is easy to enjoy this at your own pace, and it does a good job selling the simulation idea. It does enough well that I would point other people toward it.",TRUE
200463,998730,"This feels like a game with clear strengths and clear weaknesses. It is easy to pick up for a short session, and it works well as a solo game, but the experience still loses momentum in places. It is not a must-play, but I can understand why some people enjoy it.",FALSE
200464,938170,"This is an easy game for me to recommend. It feels like a small project with real personality, and it has a clear identity instead of feeling generic. For the right player, this is a very easy recommendation.",TRUE
200465,496460,"This was a really solid surprise. The co-op side adds a lot of replay value, and matches stayed lively even after a few rounds. It does enough well that I would point other people toward it.",TRUE
200466,1049840,"I ended up liking this more than I expected. I had to think through each decision, and the combat stayed engaging for a long time. It does enough well that I would point other people toward it.",TRUE
200467,479200,"This is an easy game for me to recommend. The moment-to-moment gameplay felt sharp, and it was easy to keep moving from one objective to the next. It is worth trying if this genre is already in your wheelhouse.",TRUE
200468,368830,"I can see why this game has a strong audience. The moment-to-moment gameplay felt sharp, and it has a clear identity instead of feeling generic. I would play more of it without much hesitation.",TRUE
200469,867540,"I can see what the game is aiming for, but the execution feels uneven. I could see some appeal because turn-based decisions gave the game more depth and the slower pace worked in its favor, but the game still felt too uneven overall. I would only recommend it to someone who is already very into this niche.",FALSE
200470,816710,"I had mixed feelings, but it was still interesting enough to finish a session or two.",TRUE
200471,809460,"This is an easy game for me to recommend. It has a clear identity instead of feeling generic, and it feels like a small project with real personality. It does enough well that I would point other people toward it.",TRUE
200472,485290,"I ended up liking this more than I expected. The pacing worked well for an adventure game, and it is easy to pick up for a short session. It is worth trying if this genre is already in your wheelhouse.",TRUE
200473,666220,"I had a good time with this one. The gunplay is the main reason i kept playing, and it works well as a solo game. For the right player, this is a very easy recommendation.",TRUE
200474,868810,"There is a lot to like here, but also a few obvious issues. It works well when i want something low pressure, and it is easy to pick up for a short session, but the experience still loses momentum in places. Whether you like it probably depends on how much you enjoy this genre.",FALSE
200475,999200,"I had a good time with this one. The shooting feels responsive enough to carry the game, and the moment-to-moment gameplay felt sharp. It does enough well that I would point other people toward it.",TRUE
200476,601750,"I can see what the game is aiming for, but the execution feels uneven. I could see some appeal because the systems are detailed enough to stay interesting and it has a clear identity instead of feeling generic, but the game still felt too uneven overall. I would only recommend it to someone who is already very into this niche.",FALSE
200477,708430,"It is a decent game, even if it never fully clicked for me. The pacing worked well for an adventure game, and it was easy to keep moving from one objective to the next, but the experience still loses momentum in places. Whether you like it probably depends on how much you enjoy this genre.",TRUE
200478,311860,"This feels like a game with clear strengths and clear weaknesses. The systems are detailed enough to stay interesting, and it was easy to keep moving from one objective to the next, but the experience still loses momentum in places. I could still recommend it with the right expectations.",FALSE
200479,1022010,"I can see why this game has a strong audience. Once the controls clicked, the platforming was fun, and the humor landed more often than not. I would recommend it, especially if the tags already sound appealing to you.",TRUE
200480,730690,"This is an easy game for me to recommend. It works well when i want something low pressure, and it feels like a small project with real personality. I would play more of it without much hesitation.",TRUE
200481,15320,"After a few sessions, this one won me over. Exploring the world was the best part, and it does a good job selling the simulation idea. I would play more of it without much hesitation.",TRUE
200482,956430,"There are some good ideas here, but it did not fully work for me. I could see some appeal because it is easy to pick up for a short session and it works well when I want something low pressure, but the game still felt too uneven overall. It might work for other people, but it was not for me.",FALSE
200483,739220,"I have mixed feelings about this game. It was easy to keep moving from one objective to the next, and it has a clear identity instead of feeling generic, but the experience still loses momentum in places. Whether you like it probably depends on how much you enjoy this genre.",FALSE
200484,283490,"This feels like a game with clear strengths and clear weaknesses. I could understand the appeal after spending some time with it, and it does a respectable job with its main idea, but the experience still loses momentum in places. It is not a must-play, but I can understand why some people enjoy it.",FALSE
200485,15130,"I had a good time with this one. The combat stayed engaging for a long time, and the mood is consistent from start to finish. I would recommend it, especially if the tags already sound appealing to you.",TRUE
200486,292990,"I ended up liking this more than I expected. It does a good job selling the simulation idea, and the systems are detailed enough to stay interesting. It does enough well that I would point other people toward it.",TRUE
200487,898450,"I had a good time with this one. The combat stayed engaging for a long time, and the gunplay is the main reason I kept playing. I would play more of it without much hesitation.",TRUE
200488,799670,"I ended up liking this more than I expected. It feels like a small project with real personality, and it has a clear identity instead of feeling generic. For the right player, this is a very easy recommendation.",TRUE
200489,413580,"I ended up liking this more than I expected. The combat stayed engaging for a long time, and it works well as a solo game. I would recommend it, especially if the tags already sound appealing to you.",TRUE
200490,743110,"Not amazing and not terrible, just a fairly middle-of-the-road experience.",TRUE
200491,479180,"This was not a terrible game, just a disappointing one for me. I could see some appeal because building out a character was satisfying and it feels like a small project with real personality, but the game still felt too uneven overall. I would wait for a discount before suggesting it to anyone else.",FALSE
200492,816280,"I can see why this game has a strong audience. It feels like a small project with real personality, and it is easy to pick up for a short session. It is worth trying if this genre is already in your wheelhouse.",TRUE
200493,740780,"This feels like a game with clear strengths and clear weaknesses. It is easy to pick up for a short session, and it has a light tone that makes it easy to keep going, but the experience still loses momentum in places. It is not a must-play, but I can understand why some people enjoy it.",FALSE
200494,999350,"After a few sessions, this one won me over. It feels like a small project with real personality, and the progression system felt rewarding. It is worth trying if this genre is already in your wheelhouse.",TRUE
200495,1009910,"Parts of it are interesting, but the overall experience felt weak. I could see some appeal because it has a clear identity instead of feeling generic and it is easy to pick up for a short session, but the game still felt too uneven overall. I would only recommend it to someone who is already very into this niche.",FALSE
200496,544580,"After a few sessions, this one won me over. It works well when i want something low pressure, and it is easy to pick up for a short session. I would recommend it, especially if the tags already sound appealing to you.",TRUE
200497,462530,"This was a really solid surprise. It was easy to keep moving from one objective to the next, and the pacing worked well for an adventure game. It does enough well that I would point other people toward it.",TRUE
200498,1022550,"This was a really solid surprise. It makes sense why people keep returning to it, and the combat stayed engaging for a long time. I would play more of it without much hesitation.",TRUE
200499,749540,"This was not a terrible game, just a disappointing one for me. I could see some appeal because the world gives you plenty to do and the systems are detailed enough to stay interesting, but the game still felt too uneven overall. I would only recommend it to someone who is already very into this niche.",FALSE
200500,601510,"This is an easy game for me to recommend. It works well as a solo game, and the progression system felt rewarding. It is worth trying if this genre is already in your wheelhouse.",TRUE
200501,1020250,"I ended up liking this more than I expected. The handling felt good after a short adjustment period, and it has a clear identity instead of feeling generic. It is worth trying if this genre is already in your wheelhouse.",TRUE
200502,929290,"I wanted to like this more than I did. I could see some appeal because it works well when I want something low pressure and it feels like a small project with real personality, but the game still felt too uneven overall. I do not regret trying it, but I would not rush to recommend it.",FALSE
200503,693670,"After a few sessions, this one won me over. The moment-to-moment gameplay felt sharp, and the writing was stronger than I expected. For the right player, this is a very easy recommendation.",TRUE
200504,869930,"I can see what the game is aiming for, but the execution feels uneven. I could see some appeal because it feels like a small project with real personality and once the controls clicked, the platforming was fun, but the game still felt too uneven overall. I do not regret trying it, but I would not rush to recommend it.",FALSE
200505,905330,"It is a decent game, even if it never fully clicked for me. The handling felt good after a short adjustment period, and it feels like a small project with real personality, but the experience still loses momentum in places. There is enough here to keep it interesting, even if it is not an easy recommendation.",FALSE
200506,614250,"It is a decent game, even if it never fully clicked for me. It works well when i want something low pressure, and the puzzle design was solid without feeling unfair, but the experience still loses momentum in places. I would call it a cautious recommendation at best.",FALSE
200507,559100,"This lands somewhere in the middle for me. The story kept me interested, and the moment-to-moment gameplay felt sharp, but the experience still loses momentum in places. I would call it a cautious recommendation at best.",FALSE
200508,545430,"I had a good time with this one. It works well when i want something low pressure, and the combat stayed engaging for a long time. It is worth trying if this genre is already in your wheelhouse.",TRUE
200509,376480,"This lands somewhere in the middle for me. It has a clear identity instead of feeling generic, and the progression system felt rewarding, but the experience still loses momentum in places. It is not a must-play, but I can understand why some people enjoy it.",TRUE
200510,736570,"After a few sessions, this one won me over. It feels like a small project with real personality, and it has a clear identity instead of feeling generic. I would recommend it, especially if the tags already sound appealing to you.",TRUE
200511,564700,"I ended up liking this more than I expected. The story kept me interested, and the pacing worked well for an adventure game. For the right player, this is a very easy recommendation.",TRUE
200512,888250,"I can see what the game is aiming for, but the execution feels uneven. I could see some appeal because the systems are detailed enough to stay interesting and it does a good job selling the simulation idea, but the game still felt too uneven overall. It might work for other people, but it was not for me.",FALSE
200513,680970,"This is an easy game for me to recommend. I had to think through each decision, and it has a clear identity instead of feeling generic. It is worth trying if this genre is already in your wheelhouse.",TRUE
200514,971900,"This was not a terrible game, just a disappointing one for me. I could see some appeal because it does a good job selling the simulation idea and it has a clear identity instead of feeling generic, but the game still felt too uneven overall. It might work for other people, but it was not for me.",FALSE
200515,935110,"There are some good ideas here, but it did not fully work for me. I could see some appeal because the world gives you plenty to do and it has a clear identity instead of feeling generic, but the game still felt too uneven overall. I would wait for a discount before suggesting it to anyone else.",FALSE
200516,819880,"I ended up liking this more than I expected. It is easy to pick up for a short session, and it works well when I want something low pressure. I would recommend it, especially if the tags already sound appealing to you.",TRUE
200517,449350,"There is a lot to like here, but also a few obvious issues. It feels like a small project with real personality, and it has a clear identity instead of feeling generic, but the experience still loses momentum in places. Whether you like it probably depends on how much you enjoy this genre.",FALSE
200518,856240,"Not amazing and not terrible, just a fairly middle-of-the-road experience.",TRUE
200519,825000,"This lands somewhere in the middle for me. It has a clear identity instead of feeling generic, and the combat stayed engaging for a long time, but the experience still loses momentum in places. I would call it a cautious recommendation at best.",TRUE
200520,707110,"I ended up liking this more than I expected. The pacing worked well for an adventure game, and it was easy to keep moving from one objective to the next. I would recommend it, especially if the tags already sound appealing to you.",TRUE
200521,15210,"Not amazing and not terrible, just a fairly middle-of-the-road experience.",FALSE
200522,355410,"I can see why this game has a strong audience. The combat stayed engaging for a long time, and it is easy to pick up for a short session. It does enough well that I would point other people toward it.",TRUE
200523,250540,"This was not a terrible game, just a disappointing one for me. I could see some appeal because the progression system felt rewarding and it feels like a small project with real personality, but the game still felt too uneven overall. I would only recommend it to someone who is already very into this niche.",FALSE
200524,786350,"After a few sessions, this one won me over. It has a clear identity instead of feeling generic, and once the controls clicked, the platforming was fun. It does enough well that I would point other people toward it.",TRUE
200525,269210,"After a few sessions, this one won me over. The moment-to-moment gameplay felt sharp, and the co-op side adds a lot of replay value. I would play more of it without much hesitation.",TRUE
200526,498240,"I had a good time with this one. The pacing worked well for an adventure game, and the moment-to-moment gameplay felt sharp. It is worth trying if this genre is already in your wheelhouse.",TRUE
200527,57640,"This is an easy game for me to recommend. It is easy to enjoy this at your own pace, and it was easy to keep moving from one objective to the next. I would recommend it, especially if the tags already sound appealing to you.",TRUE
200528,501120,"I can see why this game has a strong audience. The systems are detailed enough to stay interesting, and it is easy to enjoy this at your own pace. I would play more of it without much hesitation.",TRUE
200529,717820,"I do not think this came together as well as it could have. I could see some appeal because the shooting feels responsive enough to carry the game and the gunplay is the main reason I kept playing, but the game still felt too uneven overall. It might work for other people, but it was not for me.",FALSE
200530,1004650,"I can see why this game has a strong audience. It is easy to pick up for a short session, and the strategic layer kept me paying attention. For the right player, this is a very easy recommendation.",TRUE
200531,454080,"I enjoyed parts of it more than the whole package. It has a clear identity instead of feeling generic, and it feels like a small project with real personality, but the experience still loses momentum in places. Whether you like it probably depends on how much you enjoy this genre.",TRUE
200532,904930,"It is a decent game, even if it never fully clicked for me. It feels like a small project with real personality, and the moment-to-moment gameplay felt sharp, but the experience still loses momentum in places. I could still recommend it with the right expectations.",TRUE
200533,667340,"I can see what the game is aiming for, but the execution feels uneven. I could see some appeal because the atmosphere carried a lot of the experience and it has a clear identity instead of feeling generic, but the game still felt too uneven overall. I would only recommend it to someone who is already very into this niche.",FALSE
200534,763630,"This was not a terrible game, just a disappointing one for me. I could see some appeal because the combat stayed engaging for a long time and it was easy to keep moving from one objective to the next, but the game still felt too uneven overall. I would only recommend it to someone who is already very into this niche.",FALSE
200535,713530,"It was fine overall, even if nothing about it really stood out to me.",TRUE
200536,753360,"I had a good time with this one. Building out a character was satisfying, and it is easy to pick up for a short session. For the right player, this is a very easy recommendation.",TRUE
200537,714840,"I have mixed feelings about this game. It has a clear identity instead of feeling generic, and the combat stayed engaging for a long time, but the experience still loses momentum in places. There is enough here to keep it interesting, even if it is not an easy recommendation.",FALSE
200538,416040,"Parts of it are interesting, but the overall experience felt weak. I could see some appeal because it makes sense why people keep returning to it and the gunplay is the main reason I kept playing, but the game still felt too uneven overall. I would wait for a discount before suggesting it to anyone else.",FALSE
200539,864010,"It is a decent game, even if it never fully clicked for me. It works well when i want something low pressure, and it feels like a small project with real personality, but the experience still loses momentum in places. Whether you like it probably depends on how much you enjoy this genre.",FALSE
200540,6510,"After a few sessions, this one won me over. The mood is consistent from start to finish, and the pacing worked well for an adventure game. I would play more of it without much hesitation.",TRUE
200541,343250,"This is an easy game for me to recommend. It was easy to keep moving from one objective to the next, and movement feels better than I expected. It is worth trying if this genre is already in your wheelhouse.",TRUE
200542,370210,"After a few sessions, this one won me over. The systems are detailed enough to stay interesting, and the moment-to-moment gameplay felt sharp. It does enough well that I would point other people toward it.",TRUE
200543,561610,"I can see why this game has a strong audience. It works well as a solo game, and it does a good job selling the simulation idea. It does enough well that I would point other people toward it.",TRUE
200544,552900,"After a few sessions, this one won me over. It feels like a small project with real personality, and movement feels better than I expected. For the right player, this is a very easy recommendation.",TRUE
200545,937140,"I can see why this game has a strong audience. Once the controls clicked, the platforming was fun, and the progression system felt rewarding. I would play more of it without much hesitation.",TRUE
200546,383960,"I can see why this game has a strong audience. It is easy to enjoy this at your own pace, and the progression system felt rewarding. I would recommend it, especially if the tags already sound appealing to you.",TRUE
200547,561740,"I can see why this game has a strong audience. Turn-based decisions gave the game more depth, and the slower pace worked in its favor. I would recommend it, especially if the tags already sound appealing to you.",TRUE
200548,563490,"It is a decent game, even if it never fully clicked for me. The moment-to-moment gameplay felt sharp, and the combat stayed engaging for a long time, but the experience still loses momentum in places. There is enough here to keep it interesting, even if it is not an easy recommendation.",FALSE
200549,316020,"This was a really solid surprise. The combat stayed engaging for a long time, and it has a clear identity instead of feeling generic. For the right player, this is a very easy recommendation.",TRUE
200550,448530,"This was a really solid surprise. It has a clear identity instead of feeling generic, and it feels like a small project with real personality. It does enough well that I would point other people toward it.",TRUE
200551,744420,"I had a good time with this one. It feels like a small project with real personality, and it is easy to pick up for a short session. For the right player, this is a very easy recommendation.",TRUE
200552,977400,"I can see why this game has a strong audience. It works well as a solo game, and matches stayed lively even after a few rounds. It does enough well that I would point other people toward it.",TRUE
200553,1003530,"Parts of it are interesting, but the overall experience felt weak. I could see some appeal because the combat stayed engaging for a long time and the pacing worked well for an adventure game, but the game still felt too uneven overall. I do not regret trying it, but I would not rush to recommend it.",FALSE
200554,831070,"I had a good time with this one. The puzzle design was solid without feeling unfair, and solving things felt satisfying more often than frustrating. It is worth trying if this genre is already in your wheelhouse.",TRUE
200555,688060,"This is an easy game for me to recommend. It does a good job selling the simulation idea, and the mood is consistent from start to finish. For the right player, this is a very easy recommendation.",TRUE
200556,348200,"This is an easy game for me to recommend. I could understand the appeal after spending some time with it, and it does a respectable job with its main idea. For the right player, this is a very easy recommendation.",TRUE
200557,354140,"After a few sessions, this one won me over. The systems are detailed enough to stay interesting, and the mood is consistent from start to finish. I would play more of it without much hesitation.",TRUE
200558,333760,"It is a decent game, even if it never fully clicked for me. The combat stayed engaging for a long time, and it feels like a small project with real personality, but the experience still loses momentum in places. Whether you like it probably depends on how much you enjoy this genre.",FALSE
200559,339090,"Not amazing and not terrible, just a fairly middle-of-the-road experience.",TRUE
200560,1051500,"This feels like a game with clear strengths and clear weaknesses. The systems are detailed enough to stay interesting, and I had to think through each decision, but the experience still loses momentum in places. It is not a must-play, but I can understand why some people enjoy it.",FALSE
200561,591370,"I had a good time with this one. The freedom to approach things my own way helped a lot, and it has a clear identity instead of feeling generic. It is worth trying if this genre is already in your wheelhouse.",TRUE
200562,6300,"This was a really solid surprise. Solving things felt satisfying more often than frustrating, and the atmosphere is one of its biggest strengths. It does enough well that I would point other people toward it.",TRUE
200563,427930,"This feels like a game with clear strengths and clear weaknesses. It builds tension well when you let it breathe, and the progression system felt rewarding, but the experience still loses momentum in places. It is not a must-play, but I can understand why some people enjoy it.",TRUE
200564,645410,"It is a decent game, even if it never fully clicked for me. It feels like a small project with real personality, and the pacing worked well for an adventure game, but the experience still loses momentum in places. I could still recommend it with the right expectations.",FALSE
200565,1025010,"I had a good time with this one. It feels like a small project with real personality, and it is easy to pick up for a short session. It is worth trying if this genre is already in your wheelhouse.",TRUE
200566,671050,"I enjoyed parts of it more than the whole package. It feels like a small project with real personality, and it has a clear identity instead of feeling generic, but the experience still loses momentum in places. I could still recommend it with the right expectations.",FALSE
200567,373290,"It is a decent game, even if it never fully clicked for me. Resource management added real tension, and the progression system felt rewarding, but the experience still loses momentum in places. It is not a must-play, but I can understand why some people enjoy it.",TRUE
200568,350200,"I can see what the game is aiming for, but the execution feels uneven. I could see some appeal because it works well when I want something low pressure and the humor landed more often than not, but the game still felt too uneven overall. I would wait for a discount before suggesting it to anyone else.",FALSE
200569,369310,"I can see why this game has a strong audience. The puzzle design was solid without feeling unfair, and it feels like a small project with real personality. I would play more of it without much hesitation.",TRUE
200570,898450,"I can see why this game has a strong audience. It feels like a small project with real personality, and the shooting feels responsive enough to carry the game. I would recommend it, especially if the tags already sound appealing to you.",TRUE
200571,304670,"After a few sessions, this one won me over. The strategic layer kept me paying attention, and it is easy to pick up for a short session. It is worth trying if this genre is already in your wheelhouse.",TRUE
200572,331500,"Not amazing and not terrible, just a fairly middle-of-the-road experience.",TRUE
200573,724900,"I have mixed feelings about this game. It was easy to keep moving from one objective to the next, and the moment-to-moment gameplay felt sharp, but the experience still loses momentum in places. It is not a must-play, but I can understand why some people enjoy it.",FALSE
200574,241720,"This lands somewhere in the middle for me. Survival pressure made the sessions memorable, and the freedom to approach things my own way helped a lot, but the experience still loses momentum in places. There is enough here to keep it interesting, even if it is not an easy recommendation.",TRUE
200575,715470,"I had a good time with this one. It feels like a small project with real personality, and it is easy to enjoy this at your own pace. For the right player, this is a very easy recommendation.",TRUE
200576,229870,"I ended up liking this more than I expected. The combat stayed engaging for a long time, and this feels much better with friends. It does enough well that I would point other people toward it.",TRUE
200577,817720,"I enjoyed parts of it more than the whole package. It does a good job selling the simulation idea, and I had to think through each decision, but the experience still loses momentum in places. I could still recommend it with the right expectations.",FALSE
200578,46850,"This feels like a game with clear strengths and clear weaknesses. It works well when i want something low pressure, and it is easy to pick up for a short session, but the experience still loses momentum in places. I could still recommend it with the right expectations.",FALSE
200579,704640,"After a few sessions, this one won me over. The management layer made the game easy to sink time into, and it does a good job selling the simulation idea. I would play more of it without much hesitation.",TRUE
200580,448440,"This feels like a game with clear strengths and clear weaknesses. It has a clear identity instead of feeling generic, and the writing was stronger than I expected, but the experience still loses momentum in places. I could still recommend it with the right expectations.",FALSE
200581,362860,"It is a decent game, even if it never fully clicked for me. It was easy to keep moving from one objective to the next, and it feels like a small project with real personality, but the experience still loses momentum in places. Whether you like it probably depends on how much you enjoy this genre.",FALSE
200582,805040,"I ended up liking this more than I expected. The pacing worked well for an adventure game, and it works well when I want something low pressure. It does enough well that I would point other people toward it.",TRUE
200583,642700,"I have mixed feelings about this game. The moment-to-moment gameplay felt sharp, and it has a clear identity instead of feeling generic, but the experience still loses momentum in places. It is not a must-play, but I can understand why some people enjoy it.",TRUE
200584,545690,"This is an easy game for me to recommend. The puzzle design was solid without feeling unfair, and solving things felt satisfying more often than frustrating. I would recommend it, especially if the tags already sound appealing to you.",TRUE
200585,722730,"I ended up liking this more than I expected. The writing was stronger than i expected, and the slower pace worked in its favor. I would play more of it without much hesitation.",TRUE
200586,891350,"I ended up liking this more than I expected. It is easy to pick up for a short session, and it has a clear identity instead of feeling generic. I would recommend it, especially if the tags already sound appealing to you.",TRUE
200587,625690,"This was a really solid surprise. It has a clear identity instead of feeling generic, and the pacing worked well for an adventure game. It is worth trying if this genre is already in your wheelhouse.",TRUE
200588,518280,"This is an easy game for me to recommend. It feels like a small project with real personality, and the pacing worked well for an adventure game. I would recommend it, especially if the tags already sound appealing to you.",TRUE
200589,1002200,"There is a lot to like here, but also a few obvious issues. The atmosphere carried a lot of the experience, and the pacing worked well for an adventure game, but the experience still loses momentum in places. There is enough here to keep it interesting, even if it is not an easy recommendation.",FALSE
200590,410850,"There is a lot to like here, but also a few obvious issues. It works well when i want something low pressure, and the combat stayed engaging for a long time, but the experience still loses momentum in places. There is enough here to keep it interesting, even if it is not an easy recommendation.",FALSE
200591,314380,"There are some good ideas here, but it did not fully work for me. I could see some appeal because I liked having room to experiment and it works well as a solo game, but the game still felt too uneven overall. I would wait for a discount before suggesting it to anyone else.",FALSE
200592,335330,"There are some good ideas here, but it did not fully work for me. I could see some appeal because the co-op side adds a lot of replay value and the shooting feels responsive enough to carry the game, but the game still felt too uneven overall. I would only recommend it to someone who is already very into this niche.",FALSE
200593,15930,"I have mixed feelings about this game. It is easy to pick up for a short session, and the puzzle design was solid without feeling unfair, but the experience still loses momentum in places. It is not a must-play, but I can understand why some people enjoy it.",FALSE
200594,269030,"I can see why this game has a strong audience. The story kept me interested, and it has a clear identity instead of feeling generic. I would play more of it without much hesitation.",TRUE
200595,446070,"I have mixed feelings about this game. The moment-to-moment gameplay felt sharp, and once the controls clicked, the platforming was fun, but the experience still loses momentum in places. I would call it a cautious recommendation at best.",FALSE
200596,283940,"After a few sessions, this one won me over. The story kept me interested, and the writing was stronger than I expected. It does enough well that I would point other people toward it.",TRUE
200597,1017630,"I can see why this game has a strong audience. The combat stayed engaging for a long time, and the moment-to-moment gameplay felt sharp. It is worth trying if this genre is already in your wheelhouse.",TRUE
200598,686610,"I do not think this came together as well as it could have. I could see some appeal because matches stayed lively even after a few rounds and the progression system felt rewarding, but the game still felt too uneven overall. I would only recommend it to someone who is already very into this niche.",FALSE
200599,715690,"I ended up liking this more than I expected. The combat stayed engaging for a long time, and it is easy to enjoy this at your own pace. I would recommend it, especially if the tags already sound appealing to you.",TRUE
200600,496300,"There is a lot to like here, but also a few obvious issues. The pacing worked well for an adventure game, and survival pressure made the sessions memorable, but the experience still loses momentum in places. There is enough here to keep it interesting, even if it is not an easy recommendation.",FALSE
200601,575010,"I can see why this game has a strong audience. The writing was stronger than i expected, and the story kept me interested. It does enough well that I would point other people toward it.",TRUE
200602,567580,"This is an easy game for me to recommend. The shooting feels responsive enough to carry the game, and it is easy to pick up for a short session. It is worth trying if this genre is already in your wheelhouse.",TRUE
200603,314510,"This was a really solid surprise. It feels like a small project with real personality, and the pacing worked well for an adventure game. I would play more of it without much hesitation.",TRUE
200604,809180,"It is a decent game, even if it never fully clicked for me. It feels like a small project with real personality, and it was easy to keep moving from one objective to the next, but the experience still loses momentum in places. I would call it a cautious recommendation at best.",TRUE
200605,706560,"After a few sessions, this one won me over. The story kept me interested, and the atmosphere carried a lot of the experience. It does enough well that I would point other people toward it.",TRUE
200606,239090,"I can see why this game has a strong audience. Matches stayed lively even after a few rounds, and this feels much better with friends. It does enough well that I would point other people toward it.",TRUE
200607,883270,"There is a lot to like here, but also a few obvious issues. It has a clear identity instead of feeling generic, and it feels like a small project with real personality, but the experience still loses momentum in places. Whether you like it probably depends on how much you enjoy this genre.",FALSE
200608,298480,"I ended up liking this more than I expected. The systems are detailed enough to stay interesting, and I had to think through each decision. For the right player, this is a very easy recommendation.",TRUE
200609,517790,"I ended up liking this more than I expected. The management layer made the game easy to sink time into, and it is easy to enjoy this at your own pace. I would recommend it, especially if the tags already sound appealing to you.",TRUE
200610,733740,"I ended up liking this more than I expected. The systems are detailed enough to stay interesting, and it does a good job selling the simulation idea. I would play more of it without much hesitation.",TRUE
200611,652510,"I ended up liking this more than I expected. It is easy to enjoy this at your own pace, and it feels like a small project with real personality. It is worth trying if this genre is already in your wheelhouse.",TRUE
200612,610550,"After a few sessions, this one won me over. It is easy to pick up for a short session, and it works well when I want something low pressure. It is worth trying if this genre is already in your wheelhouse.",TRUE
200613,363360,"After a few sessions, this one won me over. The freedom to approach things my own way helped a lot, and I liked having room to experiment. I would play more of it without much hesitation.",TRUE
200614,33650,"After a few sessions, this one won me over. The puzzle design was solid without feeling unfair, and it works well as a solo game. For the right player, this is a very easy recommendation.",TRUE
200615,514290,"This was not a terrible game, just a disappointing one for me. I could see some appeal because the freedom to approach things my own way helped a lot and I liked juggling the different systems, but the game still felt too uneven overall. I do not regret trying it, but I would not rush to recommend it.",FALSE
200616,745650,"I can see why this game has a strong audience. It has a clear identity instead of feeling generic, and solving things felt satisfying more often than frustrating. I would recommend it, especially if the tags already sound appealing to you.",TRUE
200617,1021640,"I had a good time with this one. It is easy to pick up for a short session, and solving things felt satisfying more often than frustrating. I would recommend it, especially if the tags already sound appealing to you.",TRUE
200618,397740,"After a few sessions, this one won me over. The pacing worked well for an adventure game, and it feels like a small project with real personality. It is worth trying if this genre is already in your wheelhouse.",TRUE
200619,46270,"This is an easy game for me to recommend. It is easy to enjoy this at your own pace, and it works well as a solo game. I would play more of it without much hesitation.",TRUE
200620,563830,"After a few sessions, this one won me over. The pacing worked well for an adventure game, and it is easy to pick up for a short session. For the right player, this is a very easy recommendation.",TRUE
200621,238630,"I had a good time with this one. It feels like a small project with real personality, and the moment-to-moment gameplay felt sharp. It is worth trying if this genre is already in your wheelhouse.",TRUE
200622,700830,"Not amazing and not terrible, just a fairly middle-of-the-road experience.",TRUE
200623,789980,"I wanted to like this more than I did. I could see some appeal because it is easy to pick up for a short session and it has a clear identity instead of feeling generic, but the game still felt too uneven overall. I do not regret trying it, but I would not rush to recommend it.",FALSE
200624,521890,"I can see why this game has a strong audience. The combat stayed engaging for a long time, and I liked having room to experiment. It is worth trying if this genre is already in your wheelhouse.",TRUE
200625,861740,"This was not a terrible game, just a disappointing one for me. I could see some appeal because it has a clear identity instead of feeling generic and it works well as a solo game, but the game still felt too uneven overall. I do not regret trying it, but I would not rush to recommend it.",FALSE
200626,392600,"I ended up liking this more than I expected. Solving things felt satisfying more often than frustrating, and it feels like a small project with real personality. It is worth trying if this genre is already in your wheelhouse.",TRUE
200627,715440,"I ended up liking this more than I expected. Building out a character was satisfying, and the progression system felt rewarding. It does enough well that I would point other people toward it.",TRUE
200628,709020,"This feels like a game with clear strengths and clear weaknesses. The pacing worked well for an adventure game, and the combat stayed engaging for a long time, but the experience still loses momentum in places. Whether you like it probably depends on how much you enjoy this genre.",TRUE
200629,924020,"There are some good ideas here, but it did not fully work for me. I could see some appeal because it works well as a solo game and building out a character was satisfying, but the game still felt too uneven overall. It might work for other people, but it was not for me.",FALSE
200630,515010,"I ended up liking this more than I expected. It is easy to enjoy this at your own pace, and I had to think through each decision. For the right player, this is a very easy recommendation.",TRUE
200631,809200,"I enjoyed parts of it more than the whole package. The combat stayed engaging for a long time, and it feels like a small project with real personality, but the experience still loses momentum in places. I would call it a cautious recommendation at best.",TRUE
200632,218060,"It was fine overall, even if nothing about it really stood out to me.",TRUE
200633,422140,"This was not a terrible game, just a disappointing one for me. I could see some appeal because it does a good job selling the simulation idea and the systems are detailed enough to stay interesting, but the game still felt too uneven overall. There is something here, but I cannot honestly recommend it as it is.",FALSE
200634,325300,"Not amazing and not terrible, just a fairly middle-of-the-road experience.",TRUE
200635,562640,"I had a good time with this one. It is easy to pick up for a short session, and building out a character was satisfying. I would recommend it, especially if the tags already sound appealing to you.",TRUE
200636,424210,"This is an easy game for me to recommend. The combat stayed engaging for a long time, and the gunplay is the main reason I kept playing. I would recommend it, especially if the tags already sound appealing to you.",TRUE
200637,680730,"I can see why this game has a strong audience. It was easy to keep moving from one objective to the next, and it feels like a small project with real personality. I would play more of it without much hesitation.",TRUE
200638,436320,"This was a really solid surprise. The moment-to-moment gameplay felt sharp, and this feels much better with friends. I would play more of it without much hesitation.",TRUE
200639,42140,"I can see why this game has a strong audience. It is easy to enjoy this at your own pace, and it works well as a solo game. It does enough well that I would point other people toward it.",TRUE
200640,433120,"I wanted to like this more than I did. I could see some appeal because it feels like a small project with real personality and it has a clear identity instead of feeling generic, but the game still felt too uneven overall. It might work for other people, but it was not for me.",FALSE
200641,854150,"I ended up liking this more than I expected. It works well when i want something low pressure, and the handling felt good after a short adjustment period. It does enough well that I would point other people toward it.",TRUE
200642,853830,"I wanted to like this more than I did. I could see some appeal because the systems are detailed enough to stay interesting and it does a good job selling the simulation idea, but the game still felt too uneven overall. I do not regret trying it, but I would not rush to recommend it.",FALSE
200643,604500,"After a few sessions, this one won me over. Matches stayed lively even after a few rounds, and the combat stayed engaging for a long time. It is worth trying if this genre is already in your wheelhouse.",TRUE
200644,705550,"After a few sessions, this one won me over. Turn-based decisions gave the game more depth, and it feels like a small project with real personality. I would recommend it, especially if the tags already sound appealing to you.",TRUE
200645,474980,"After a few sessions, this one won me over. It has a clear identity instead of feeling generic, and it has a light tone that makes it easy to keep going. It is worth trying if this genre is already in your wheelhouse.",TRUE
200646,973560,"I can see what the game is aiming for, but the execution feels uneven. I could see some appeal because the pacing worked well for an adventure game and it is easy to pick up for a short session, but the game still felt too uneven overall. There is something here, but I cannot honestly recommend it as it is.",FALSE
200647,263760,"This lands somewhere in the middle for me. It is easy to enjoy this at your own pace, and it feels like a small project with real personality, but the experience still loses momentum in places. There is enough here to keep it interesting, even if it is not an easy recommendation.",FALSE
200648,636520,"There is a lot to like here, but also a few obvious issues. The pacing worked well for an adventure game, and it was easy to keep moving from one objective to the next, but the experience still loses momentum in places. It is not a must-play, but I can understand why some people enjoy it.",TRUE
200649,869120,"I can see why this game has a strong audience. The moment-to-moment gameplay felt sharp, and building out a character was satisfying. I would play more of it without much hesitation.",TRUE
200650,225260,"I can see why this game has a strong audience. The pacing worked well for an adventure game, and I had to think through each decision. I would recommend it, especially if the tags already sound appealing to you.",TRUE
200651,347590,"I had a good time with this one. It is easy to enjoy this at your own pace, and it was easy to keep moving from one objective to the next. It is worth trying if this genre is already in your wheelhouse.",TRUE
200652,520660,"This was a really solid surprise. The pacing worked well for an adventure game, and the moment-to-moment gameplay felt sharp. It is worth trying if this genre is already in your wheelhouse.",TRUE
200653,943920,"I ended up liking this more than I expected. It has a clear identity instead of feeling generic, and it works well when I want something low pressure. For the right player, this is a very easy recommendation.",TRUE
200654,391420,"This is an easy game for me to recommend. It was easy to keep moving from one objective to the next, and it feels like a small project with real personality. For the right player, this is a very easy recommendation.",TRUE
200655,1035270,"I can see what the game is aiming for, but the execution feels uneven. I could see some appeal because the moment-to-moment gameplay felt sharp and solving things felt satisfying more often than frustrating, but the game still felt too uneven overall. I would wait for a discount before suggesting it to anyone else.",FALSE
200656,494700,"I can see why this game has a strong audience. The gunplay is the main reason i kept playing, and the pacing worked well for an adventure game. It does enough well that I would point other people toward it.",TRUE
200657,241620,"I ended up liking this more than I expected. It is easy to enjoy this at your own pace, and the story kept me interested. I would play more of it without much hesitation.",TRUE
200658,1004600,"I had a good time with this one. It is easy to pick up for a short session, and the pacing worked well for an adventure game. It is worth trying if this genre is already in your wheelhouse.",TRUE
200659,726300,"This lands somewhere in the middle for me. It feels like a small project with real personality, and it has a clear identity instead of feeling generic, but the experience still loses momentum in places. It is not a must-play, but I can understand why some people enjoy it.",FALSE
200660,13500,"I had a good time with this one. The world gives you plenty to do, and it is easy to enjoy this at your own pace. It does enough well that I would point other people toward it.",TRUE
200661,517400,"I do not think this came together as well as it could have. I could see some appeal because it feels like a small project with real personality and the atmosphere carried a lot of the experience, but the game still felt too uneven overall. I do not regret trying it, but I would not rush to recommend it.",FALSE
200662,223100,"I have mixed feelings about this game. Crafting gave the loop some momentum, and it makes sense why people keep returning to it, but the experience still loses momentum in places. I would call it a cautious recommendation at best.",FALSE
200663,458230,"After a few sessions, this one won me over. The combat stayed engaging for a long time, and it has a clear identity instead of feeling generic. I would play more of it without much hesitation.",TRUE
200664,669310,"I can see why this game has a strong audience. I liked unlocking better tools and options over time, and building out a character was satisfying. It does enough well that I would point other people toward it.",TRUE
200665,952010,"I can see what the game is aiming for, but the execution feels uneven. I could see some appeal because the progression system felt rewarding and the story kept me interested, but the game still felt too uneven overall. I do not regret trying it, but I would not rush to recommend it.",FALSE
200666,287120,"There is a lot to like here, but also a few obvious issues. It is easy to pick up for a short session, and the moment-to-moment gameplay felt sharp, but the experience still loses momentum in places. It is not a must-play, but I can understand why some people enjoy it.",FALSE
200667,467960,"I ended up liking this more than I expected. Putting things together was genuinely satisfying, and it has a clear identity instead of feeling generic. It is worth trying if this genre is already in your wheelhouse.",TRUE
200668,313780,"I ended up liking this more than I expected. The mood is consistent from start to finish, and it has a clear identity instead of feeling generic. It does enough well that I would point other people toward it.",TRUE
200669,630140,"I ended up liking this more than I expected. Matches stayed lively even after a few rounds, and it does a good job selling the simulation idea. It does enough well that I would point other people toward it.",TRUE
200670,437000,"I had a good time with this one. The writing was stronger than i expected, and the moment-to-moment gameplay felt sharp. I would play more of it without much hesitation.",TRUE
200671,390710,"I enjoyed parts of it more than the whole package. The combat stayed engaging for a long time, and the shooting feels responsive enough to carry the game, but the experience still loses momentum in places. Whether you like it probably depends on how much you enjoy this genre.",FALSE
200672,717840,"Not amazing and not terrible, just a fairly middle-of-the-road experience.",TRUE
200673,512430,"I enjoyed parts of it more than the whole package. The strategic layer kept me paying attention, and it has a clear identity instead of feeling generic, but the experience still loses momentum in places. There is enough here to keep it interesting, even if it is not an easy recommendation.",TRUE
200674,524430,"There is a lot to like here, but also a few obvious issues. The moment-to-moment gameplay felt sharp, and it works well when I want something low pressure, but the experience still loses momentum in places. It is not a must-play, but I can understand why some people enjoy it.",FALSE
200675,250500,"I had a good time with this one. It feels like a small project with real personality, and the shooting feels responsive enough to carry the game. It is worth trying if this genre is already in your wheelhouse.",TRUE
200676,551930,"It is a decent game, even if it never fully clicked for me. The systems are detailed enough to stay interesting, and it feels like a small project with real personality, but the experience still loses momentum in places. I would call it a cautious recommendation at best.",FALSE
200677,418910,"This was not a terrible game, just a disappointing one for me. I could see some appeal because the strategic layer kept me paying attention and the progression system felt rewarding, but the game still felt too uneven overall. It might work for other people, but it was not for me.",FALSE
200678,392100,"I can see why this game has a strong audience. It feels like a small project with real personality, and it has a clear identity instead of feeling generic. I would play more of it without much hesitation.",TRUE
200679,872790,"It was fine overall, even if nothing about it really stood out to me.",TRUE
200680,434390,"This was a really solid surprise. The moment-to-moment gameplay felt sharp, and it has a clear identity instead of feeling generic. For the right player, this is a very easy recommendation.",TRUE
200681,439440,"This lands somewhere in the middle for me. It works well when i want something low pressure, and it has a clear identity instead of feeling generic, but the experience still loses momentum in places. There is enough here to keep it interesting, even if it is not an easy recommendation.",FALSE
200682,580590,"I can see why this game has a strong audience. The puzzle design was solid without feeling unfair, and movement feels better than I expected. It is worth trying if this genre is already in your wheelhouse.",TRUE
200683,589640,"After a few sessions, this one won me over. The combat stayed engaging for a long time, and the strategic layer kept me paying attention. It is worth trying if this genre is already in your wheelhouse.",TRUE
200684,1011760,"I can see why this game has a strong audience. The strategic layer kept me paying attention, and building out a character was satisfying. I would play more of it without much hesitation.",TRUE
200685,280600,"I had a good time with this one. Building out a character was satisfying, and it works well as a solo game. It does enough well that I would point other people toward it.",TRUE
200686,560430,"I can see why this game has a strong audience. The combat stayed engaging for a long time, and the moment-to-moment gameplay felt sharp. It is worth trying if this genre is already in your wheelhouse.",TRUE
200687,746770,"This feels average to me, though I can still see the appeal for the right player.",TRUE
200688,658590,"I had a good time with this one. It has a clear identity instead of feeling generic, and it feels like a small project with real personality. For the right player, this is a very easy recommendation.",TRUE
200689,934550,"This was a really solid surprise. It does a good job selling the simulation idea, and the combat stayed engaging for a long time. It does enough well that I would point other people toward it.",TRUE
200690,726320,"I had a good time with this one. The mood is consistent from start to finish, and movement feels better than I expected. For the right player, this is a very easy recommendation.",TRUE
200691,772320,"I can see why this game has a strong audience. Building out a character was satisfying, and it feels like a small project with real personality. It is worth trying if this genre is already in your wheelhouse.",TRUE
200692,976240,"I can see what the game is aiming for, but the execution feels uneven. I could see some appeal because the writing was stronger than I expected and the gunplay is the main reason I kept playing, but the game still felt too uneven overall. It might work for other people, but it was not for me.",FALSE
200693,931040,"This lands somewhere in the middle for me. It feels like a small project with real personality, and turn-based decisions gave the game more depth, but the experience still loses momentum in places. Whether you like it probably depends on how much you enjoy this genre.",TRUE
200694,357690,"I have mixed feelings about this game. I had to think through each decision, and the combat stayed engaging for a long time, but the experience still loses momentum in places. I would call it a cautious recommendation at best.",FALSE
200695,13140,"This is an easy game for me to recommend. It is easy to enjoy this at your own pace, and the systems are detailed enough to stay interesting. I would recommend it, especially if the tags already sound appealing to you.",TRUE
200696,273800,"I do not think this came together as well as it could have. I could see some appeal because it does a good job selling the simulation idea and the systems are detailed enough to stay interesting, but the game still felt too uneven overall. There is something here, but I cannot honestly recommend it as it is.",FALSE
200697,684050,"I can see why this game has a strong audience. It works well when i want something low pressure, and it is easy to pick up for a short session. It is worth trying if this genre is already in your wheelhouse.",TRUE
200698,567480,"This feels average to me, though I can still see the appeal for the right player.",TRUE
200699,322450,"This is an easy game for me to recommend. Solving things felt satisfying more often than frustrating, and it feels like a small project with real personality. I would play more of it without much hesitation.",TRUE
200700,317710,"After a few sessions, this one won me over. The moment-to-moment gameplay felt sharp, and it is easy to enjoy this at your own pace. I would play more of it without much hesitation.",TRUE
200701,797190,"I can see what the game is aiming for, but the execution feels uneven. I could see some appeal because it is easy to enjoy this at your own pace and it was easy to keep moving from one objective to the next, but the game still felt too uneven overall. There is something here, but I cannot honestly recommend it as it is.",FALSE
200702,340450,"I ended up liking this more than I expected. It feels like a small project with real personality, and it has a clear identity instead of feeling generic. For the right player, this is a very easy recommendation.",TRUE
200703,584150,"I enjoyed parts of it more than the whole package. It has a clear sense of what it wants to be, and it does a respectable job with its main idea, but the experience still loses momentum in places. Whether you like it probably depends on how much you enjoy this genre.",FALSE
200704,769390,"There are some good ideas here, but it did not fully work for me. I could see some appeal because the combat stayed engaging for a long time and it feels like a small project with real personality, but the game still felt too uneven overall. It might work for other people, but it was not for me.",FALSE
200705,550650,"I can see why this game has a strong audience. The strategic layer kept me paying attention, and exploring the world was the best part. It does enough well that I would point other people toward it.",TRUE
200706,718650,"It is a decent game, even if it never fully clicked for me. It has a clear identity instead of feeling generic, and building out a character was satisfying, but the experience still loses momentum in places. Whether you like it probably depends on how much you enjoy this genre.",FALSE
200707,314370,"It is a decent game, even if it never fully clicked for me. It has a clear identity instead of feeling generic, and it feels like a small project with real personality, but the experience still loses momentum in places. It is not a must-play, but I can understand why some people enjoy it.",FALSE
200708,581380,"This was a really solid surprise. It has a clear identity instead of feeling generic, and it builds tension well when you let it breathe. I would recommend it, especially if the tags already sound appealing to you.",TRUE
200709,477200,"This is an easy game for me to recommend. The co-op side adds a lot of replay value, and the pacing worked well for an adventure game. For the right player, this is a very easy recommendation.",TRUE
200710,434530,"This is an easy game for me to recommend. Solving things felt satisfying more often than frustrating, and it has a clear identity instead of feeling generic. For the right player, this is a very easy recommendation.",TRUE
200711,524690,"I had mixed feelings, but it was still interesting enough to finish a session or two.",TRUE
200712,586830,"I have mixed feelings about this game. It does a good job selling the simulation idea, and the systems are detailed enough to stay interesting, but the experience still loses momentum in places. It is not a must-play, but I can understand why some people enjoy it.",FALSE
200713,431910,"This is an easy game for me to recommend. It works well when i want something low pressure, and it has a clear identity instead of feeling generic. It is worth trying if this genre is already in your wheelhouse.",TRUE
200714,369070,"This is an easy game for me to recommend. The combat stayed engaging for a long time, and it is easy to enjoy this at your own pace. I would recommend it, especially if the tags already sound appealing to you.",TRUE
200715,716010,"I have mixed feelings about this game. It works well when i want something low pressure, and it is easy to enjoy this at your own pace, but the experience still loses momentum in places. It is not a must-play, but I can understand why some people enjoy it.",FALSE
200716,671580,"I have mixed feelings about this game. It is easy to pick up for a short session, and it has a clear identity instead of feeling generic, but the experience still loses momentum in places. It is not a must-play, but I can understand why some people enjoy it.",TRUE
200717,795220,"I had a good time with this one. It is easy to pick up for a short session, and the systems are detailed enough to stay interesting. It is worth trying if this genre is already in your wheelhouse.",TRUE
200718,345330,"It was fine overall, even if nothing about it really stood out to me.",FALSE
200719,750920,"I can see why this game has a strong audience. The world gives you plenty to do, and the combat stayed engaging for a long time. It does enough well that I would point other people toward it.",TRUE
200720,557460,"There is a lot to like here, but also a few obvious issues. The strategic layer kept me paying attention, and the moment-to-moment gameplay felt sharp, but the experience still loses momentum in places. I could still recommend it with the right expectations.",TRUE
200721,675720,"This was a really solid surprise. It works well when i want something low pressure, and it has a clear identity instead of feeling generic. It does enough well that I would point other people toward it.",TRUE
200722,600190,"This was a really solid surprise. It has a clear sense of what it wants to be, and it does a respectable job with its main idea. For the right player, this is a very easy recommendation.",TRUE
200723,831740,"This was not a terrible game, just a disappointing one for me. I could see some appeal because movement feels better than I expected and the pacing worked well for an adventure game, but the game still felt too uneven overall. I would only recommend it to someone who is already very into this niche.",FALSE
200724,215870,"I can see what the game is aiming for, but the execution feels uneven. I could see some appeal because building out a character was satisfying and matches stayed lively even after a few rounds, but the game still felt too uneven overall. I do not regret trying it, but I would not rush to recommend it.",FALSE
200725,254300,"I can see why this game has a strong audience. The strategic layer kept me paying attention, and building out a character was satisfying. It is worth trying if this genre is already in your wheelhouse.",TRUE
200726,294190,"This was not a terrible game, just a disappointing one for me. I could see some appeal because it has a clear identity instead of feeling generic and the pacing worked well for an adventure game, but the game still felt too uneven overall. I would only recommend it to someone who is already very into this niche.",FALSE
200727,946340,"This was a really solid surprise. The moment-to-moment gameplay felt sharp, and it feels like a small project with real personality. It is worth trying if this genre is already in your wheelhouse.",TRUE
200728,816340,"I ended up liking this more than I expected. It is easy to enjoy this at your own pace, and the progression system felt rewarding. For the right player, this is a very easy recommendation.",TRUE
200729,246760,"This was a really solid surprise. The progression system felt rewarding, and the story kept me interested. For the right player, this is a very easy recommendation.",TRUE
200730,772180,"This was a really solid surprise. It is easy to pick up for a short session, and it feels like a small project with real personality. For the right player, this is a very easy recommendation.",TRUE
200731,251510,"After a few sessions, this one won me over. It works well when i want something low pressure, and the puzzle design was solid without feeling unfair. I would play more of it without much hesitation.",TRUE
200732,315680,"I do not think this came together as well as it could have. I could see some appeal because the strategic layer kept me paying attention and I had to think through each decision, but the game still felt too uneven overall. I would wait for a discount before suggesting it to anyone else.",FALSE
200733,614700,"I had a good time with this one. The combat stayed engaging for a long time, and it has a clear identity instead of feeling generic. For the right player, this is a very easy recommendation.",TRUE
200734,929530,"It is a decent game, even if it never fully clicked for me. The moment-to-moment gameplay felt sharp, and it has a clear identity instead of feeling generic, but the experience still loses momentum in places. I would call it a cautious recommendation at best.",TRUE
200735,502700,"I ended up liking this more than I expected. It is easy to pick up for a short session, and it is easy to enjoy this at your own pace. I would play more of it without much hesitation.",TRUE
200736,344130,"After a few sessions, this one won me over. Movement feels better than i expected, and the moment-to-moment gameplay felt sharp. I would play more of it without much hesitation.",TRUE
200737,459010,"This is an easy game for me to recommend. It feels like a small project with real personality, and the mood is consistent from start to finish. It is worth trying if this genre is already in your wheelhouse.",TRUE
200738,687310,"This was a really solid surprise. It feels like a small project with real personality, and the combat stayed engaging for a long time. It is worth trying if this genre is already in your wheelhouse.",TRUE
200739,413620,"I enjoyed parts of it more than the whole package. The pacing worked well for an adventure game, and it is easy to pick up for a short session, but the experience still loses momentum in places. There is enough here to keep it interesting, even if it is not an easy recommendation.",TRUE
200740,243360,"I had a good time with this one. It makes sense why people keep returning to it, and it works well as a solo game. It does enough well that I would point other people toward it.",TRUE
200741,369190,"This lands somewhere in the middle for me. The moment-to-moment gameplay felt sharp, and it feels like a small project with real personality, but the experience still loses momentum in places. I would call it a cautious recommendation at best.",FALSE
200742,397760,"There are some good ideas here, but it did not fully work for me. I could see some appeal because I had to think through each decision and the combat stayed engaging for a long time, but the game still felt too uneven overall. There is something here, but I cannot honestly recommend it as it is.",FALSE
200743,850810,"There are some good ideas here, but it did not fully work for me. I could see some appeal because it feels like a small project with real personality and it has a clear identity instead of feeling generic, but the game still felt too uneven overall. I would only recommend it to someone who is already very into this niche.",FALSE
200744,516130,"This feels like a game with clear strengths and clear weaknesses. The combat stayed engaging for a long time, and matches stayed lively even after a few rounds, but the experience still loses momentum in places. There is enough here to keep it interesting, even if it is not an easy recommendation.",FALSE
200745,713390,"There are some good ideas here, but it did not fully work for me. I could see some appeal because it was easy to keep moving from one objective to the next and it works well when I want something low pressure, but the game still felt too uneven overall. I would wait for a discount before suggesting it to anyone else.",FALSE
200746,50990,"I ended up liking this more than I expected. It is easy to enjoy this at your own pace, and the pacing worked well for an adventure game. It does enough well that I would point other people toward it.",TRUE
200747,949150,"After a few sessions, this one won me over. It has a clear identity instead of feeling generic, and it does a good job selling the simulation idea. It is worth trying if this genre is already in your wheelhouse.",TRUE
200748,2500,"I ended up liking this more than I expected. It has a clear identity instead of feeling generic, and it feels like a small project with real personality. For the right player, this is a very easy recommendation.",TRUE
200749,423700,"I do not think this came together as well as it could have. I could see some appeal because it feels like a small project with real personality and the atmosphere is one of its biggest strengths, but the game still felt too uneven overall. I do not regret trying it, but I would not rush to recommend it.",FALSE
200750,647910,"It was fine overall, even if nothing about it really stood out to me.",TRUE
200751,951940,"I enjoyed parts of it more than the whole package. The moment-to-moment gameplay felt sharp, and I had to think through each decision, but the experience still loses momentum in places. There is enough here to keep it interesting, even if it is not an easy recommendation.",FALSE
200752,544390,"I had a good time with this one. The puzzle design was solid without feeling unfair, and it does a good job selling the simulation idea. It does enough well that I would point other people toward it.",TRUE
200753,1049930,"Parts of it are interesting, but the overall experience felt weak. I could see some appeal because it works well as a solo game and the puzzle design was solid without feeling unfair, but the game still felt too uneven overall. I would only recommend it to someone who is already very into this niche.",FALSE
200754,822700,"I can see why this game has a strong audience. The systems are detailed enough to stay interesting, and the strategic layer kept me paying attention. I would play more of it without much hesitation.",TRUE
200755,527820,"After a few sessions, this one won me over. It works well as a solo game, and it feels like a small project with real personality. I would recommend it, especially if the tags already sound appealing to you.",TRUE
200756,400470,"This is an easy game for me to recommend. The strategic layer kept me paying attention, and I had to think through each decision. It does enough well that I would point other people toward it.",TRUE
200757,972890,"After a few sessions, this one won me over. The systems are detailed enough to stay interesting, and it does a good job selling the simulation idea. I would play more of it without much hesitation.",TRUE
200758,788180,"I can see why this game has a strong audience. The strategic layer kept me paying attention, and the combat stayed engaging for a long time. It does enough well that I would point other people toward it.",TRUE
200759,290320,"I ended up liking this more than I expected. The puzzle design was solid without feeling unfair, and it was easy to keep moving from one objective to the next. I would play more of it without much hesitation.",TRUE
200760,538700,"I wanted to like this more than I did. I could see some appeal because the moment-to-moment gameplay felt sharp and the pacing worked well for an adventure game, but the game still felt too uneven overall. There is something here, but I cannot honestly recommend it as it is.",FALSE
200761,479140,"I ended up liking this more than I expected. Building out a character was satisfying, and the progression system felt rewarding. I would recommend it, especially if the tags already sound appealing to you.",TRUE
200762,738020,"I had a good time with this one. It works well when i want something low pressure, and the mood is consistent from start to finish. It does enough well that I would point other people toward it.",TRUE
200763,467930,"I had a good time with this one. It has a clear identity instead of feeling generic, and the combat stayed engaging for a long time. I would play more of it without much hesitation.",TRUE
200764,615730,"I can see why this game has a strong audience. The puzzle design was solid without feeling unfair, and it works well when I want something low pressure. It does enough well that I would point other people toward it.",TRUE
200765,1010670,"I had mixed feelings, but it was still interesting enough to finish a session or two.",TRUE
200766,658160,"After a few sessions, this one won me over. It is easy to pick up for a short session, and the combat stayed engaging for a long time. I would recommend it, especially if the tags already sound appealing to you.",TRUE
200767,334480,"This is an easy game for me to recommend. The pacing worked well for an adventure game, and it is easy to pick up for a short session. I would recommend it, especially if the tags already sound appealing to you.",TRUE
200768,564920,"I wanted to like this more than I did. I could see some appeal because it feels like a small project with real personality and it is easy to pick up for a short session, but the game still felt too uneven overall. I would wait for a discount before suggesting it to anyone else.",FALSE
200769,330100,"I had a good time with this one. It does a good job selling the simulation idea, and it is easy to enjoy this at your own pace. I would play more of it without much hesitation.",TRUE
200770,684230,"I ended up liking this more than I expected. It feels like a small project with real personality, and the puzzle design was solid without feeling unfair. It does enough well that I would point other people toward it.",TRUE
200771,904160,"This lands somewhere in the middle for me. It works well when i want something low pressure, and it feels like a small project with real personality, but the experience still loses momentum in places. There is enough here to keep it interesting, even if it is not an easy recommendation.",FALSE
200772,566350,"This was a really solid surprise. It is easy to pick up for a short session, and it is easy to enjoy this at your own pace. I would recommend it, especially if the tags already sound appealing to you.",TRUE
200773,719250,"I enjoyed parts of it more than the whole package. It is easy to pick up for a short session, and it has a clear identity instead of feeling generic, but the experience still loses momentum in places. It is not a must-play, but I can understand why some people enjoy it.",FALSE
200774,823640,"There are some good ideas here, but it did not fully work for me. I could see some appeal because solving things felt satisfying more often than frustrating and it has a clear identity instead of feeling generic, but the game still felt too uneven overall. I would wait for a discount before suggesting it to anyone else.",FALSE
200775,558490,"This lands somewhere in the middle for me. It works well when i want something low pressure, and it is easy to pick up for a short session, but the experience still loses momentum in places. I could still recommend it with the right expectations.",FALSE
200776,236490,"I had a good time with this one. The moment-to-moment gameplay felt sharp, and it has a clear identity instead of feeling generic. For the right player, this is a very easy recommendation.",TRUE
200777,715760,"I ended up liking this more than I expected. The systems are detailed enough to stay interesting, and it does a good job selling the simulation idea. I would recommend it, especially if the tags already sound appealing to you.",TRUE
200778,773640,"I wanted to like this more than I did. I could see some appeal because it works well when I want something low pressure and it feels like a small project with real personality, but the game still felt too uneven overall. I would wait for a discount before suggesting it to anyone else.",FALSE
200779,658770,"I ended up liking this more than I expected. It has a clear identity instead of feeling generic, and it is easy to pick up for a short session. I would play more of it without much hesitation.",TRUE
200780,718680,"I enjoyed parts of it more than the whole package. It feels like a small project with real personality, and it works well when I want something low pressure, but the experience still loses momentum in places. I could still recommend it with the right expectations.",FALSE
200781,854160,"This was not a terrible game, just a disappointing one for me. I could see some appeal because the pacing worked well for an adventure game and movement feels better than I expected, but the game still felt too uneven overall. There is something here, but I cannot honestly recommend it as it is.",FALSE
200782,566700,"This lands somewhere in the middle for me. It works well when i want something low pressure, and I had to think through each decision, but the experience still loses momentum in places. I would call it a cautious recommendation at best.",FALSE
200783,1004210,"Not amazing and not terrible, just a fairly middle-of-the-road experience.",TRUE
200784,395480,"I have mixed feelings about this game. The combat stayed engaging for a long time, and the moment-to-moment gameplay felt sharp, but the experience still loses momentum in places. There is enough here to keep it interesting, even if it is not an easy recommendation.",FALSE
200785,361680,"I had a good time with this one. It feels like a small project with real personality, and the moment-to-moment gameplay felt sharp. It is worth trying if this genre is already in your wheelhouse.",TRUE
200786,981990,"I had a good time with this one. It works well when i want something low pressure, and it feels like a small project with real personality. It does enough well that I would point other people toward it.",TRUE
200787,305640,"There is a lot to like here, but also a few obvious issues. It is easy to enjoy this at your own pace, and it works well when I want something low pressure, but the experience still loses momentum in places. I would call it a cautious recommendation at best.",FALSE
200788,221180,"I can see why this game has a strong audience. It has a clear identity instead of feeling generic, and the mood is consistent from start to finish. I would play more of it without much hesitation.",TRUE
200789,830820,"This was a really solid surprise. It feels like a small project with real personality, and the moment-to-moment gameplay felt sharp. It is worth trying if this genre is already in your wheelhouse.",TRUE
200790,424010,"This was a really solid surprise. It has a clear identity instead of feeling generic, and the pacing worked well for an adventure game. For the right player, this is a very easy recommendation.",TRUE
200791,332830,"This was a really solid surprise. The puzzle design was solid without feeling unfair, and it is easy to pick up for a short session. It does enough well that I would point other people toward it.",TRUE
200792,896550,"After a few sessions, this one won me over. Building out a character was satisfying, and the progression system felt rewarding. For the right player, this is a very easy recommendation.",TRUE
200793,211440,"I had a good time with this one. Once the controls clicked, the platforming was fun, and the puzzle design was solid without feeling unfair. I would recommend it, especially if the tags already sound appealing to you.",TRUE
200794,786570,"This was a really solid surprise. It was easy to keep moving from one objective to the next, and the moment-to-moment gameplay felt sharp. It is worth trying if this genre is already in your wheelhouse.",TRUE
200795,536510,"I can see what the game is aiming for, but the execution feels uneven. I could see some appeal because I had to think through each decision and the strategic layer kept me paying attention, but the game still felt too uneven overall. I would only recommend it to someone who is already very into this niche.",FALSE
200796,462400,"This feels average to me, though I can still see the appeal for the right player.",FALSE
200797,891960,"After a few sessions, this one won me over. It is easy to pick up for a short session, and it works well when I want something low pressure. I would play more of it without much hesitation.",TRUE
200798,361360,"This was a really solid surprise. It was easy to keep moving from one objective to the next, and it builds tension well when you let it breathe. I would play more of it without much hesitation.",TRUE
200799,659260,"This is an easy game for me to recommend. Building out a character was satisfying, and the pacing worked well for an adventure game. It does enough well that I would point other people toward it.",TRUE
200800,496250,"After a few sessions, this one won me over. It feels like a small project with real personality, and it has a clear identity instead of feeling generic. I would recommend it, especially if the tags already sound appealing to you.",TRUE
200801,893680,"After a few sessions, this one won me over. It builds tension well when you let it breathe, and it feels like a small project with real personality. I would recommend it, especially if the tags already sound appealing to you.",TRUE
200802,610410,"I can see why this game has a strong audience. The shooting feels responsive enough to carry the game, and the gunplay is the main reason I kept playing. I would recommend it, especially if the tags already sound appealing to you.",TRUE
200803,319780,"There is a lot to like here, but also a few obvious issues. The systems are detailed enough to stay interesting, and it is easy to enjoy this at your own pace, but the experience still loses momentum in places. There is enough here to keep it interesting, even if it is not an easy recommendation.",TRUE
200804,903790,"I ended up liking this more than I expected. It has a clear identity instead of feeling generic, and it feels like a small project with real personality. I would play more of it without much hesitation.",TRUE
200805,473690,"I enjoyed parts of it more than the whole package. The co-op side adds a lot of replay value, and building out a character was satisfying, but the experience still loses momentum in places. I could still recommend it with the right expectations.",FALSE
200806,840610,"This was a really solid surprise. Solving things felt satisfying more often than frustrating, and the writing was stronger than I expected. It does enough well that I would point other people toward it.",TRUE
200807,888010,"This is an easy game for me to recommend. It was easy to keep moving from one objective to the next, and the story kept me interested. It does enough well that I would point other people toward it.",TRUE
200808,779140,"This was a really solid surprise. The progression system felt rewarding, and the combat stayed engaging for a long time. I would recommend it, especially if the tags already sound appealing to you.",TRUE
200809,632840,"This lands somewhere in the middle for me. The moment-to-moment gameplay felt sharp, and it has a clear identity instead of feeling generic, but the experience still loses momentum in places. I could still recommend it with the right expectations.",FALSE
200810,356110,"After a few sessions, this one won me over. Movement feels better than i expected, and it has a clear identity instead of feeling generic. It is worth trying if this genre is already in your wheelhouse.",TRUE
200811,283490,"I have mixed feelings about this game. It does a respectable job with its main idea, and I could understand the appeal after spending some time with it, but the experience still loses momentum in places. I could still recommend it with the right expectations.",FALSE
200812,655700,"I wanted to like this more than I did. I could see some appeal because the pacing worked well for an adventure game and the moment-to-moment gameplay felt sharp, but the game still felt too uneven overall. I would only recommend it to someone who is already very into this niche.",FALSE
200813,662190,"I had a good time with this one. It was easy to keep moving from one objective to the next, and solving things felt satisfying more often than frustrating. I would recommend it, especially if the tags already sound appealing to you.",TRUE
200814,733690,"I do not think this came together as well as it could have. I could see some appeal because it has a clear identity instead of feeling generic and the pacing worked well for an adventure game, but the game still felt too uneven overall. I do not regret trying it, but I would not rush to recommend it.",FALSE
200815,565660,"I had a good time with this one. The moment-to-moment gameplay felt sharp, and the combat stayed engaging for a long time. It does enough well that I would point other people toward it.",TRUE
200816,624270,"After a few sessions, this one won me over. The mood is consistent from start to finish, and it is easy to enjoy this at your own pace. I would recommend it, especially if the tags already sound appealing to you.",TRUE
200817,1019040,"I do not think this came together as well as it could have. I could see some appeal because it makes sense why people keep returning to it and the moment-to-moment gameplay felt sharp, but the game still felt too uneven overall. I would wait for a discount before suggesting it to anyone else.",FALSE
200818,377480,"I can see why this game has a strong audience. The pacing worked well for an adventure game, and the writing was stronger than I expected. I would play more of it without much hesitation.",TRUE
200819,512790,"I ended up liking this more than I expected. The writing was stronger than i expected, and solving things felt satisfying more often than frustrating. It does enough well that I would point other people toward it.",TRUE
200820,680390,"This is an easy game for me to recommend. The combat stayed engaging for a long time, and it has a clear identity instead of feeling generic. It is worth trying if this genre is already in your wheelhouse.",TRUE
200821,822920,"I ended up liking this more than I expected. It feels like a small project with real personality, and it has a clear identity instead of feeling generic. It does enough well that I would point other people toward it.",TRUE
200822,903850,"I ended up liking this more than I expected. The pacing worked well for an adventure game, and it is easy to pick up for a short session. I would recommend it, especially if the tags already sound appealing to you.",TRUE
200823,801120,"This is an easy game for me to recommend. It does a good job selling the simulation idea, and it has a clear identity instead of feeling generic. I would play more of it without much hesitation.",TRUE
200824,27020,"I can see why this game has a strong audience. The atmosphere is one of its biggest strengths, and it builds tension well when you let it breathe. It is worth trying if this genre is already in your wheelhouse.",TRUE
200825,549790,"This was a really solid surprise. It feels like a small project with real personality, and the combat stayed engaging for a long time. It is worth trying if this genre is already in your wheelhouse.",TRUE
200826,517660,"This feels like a game with clear strengths and clear weaknesses. It feels like a small project with real personality, and the moment-to-moment gameplay felt sharp, but the experience still loses momentum in places. I would call it a cautious recommendation at best.",FALSE
200827,827270,"This feels like a game with clear strengths and clear weaknesses. I had to think through each decision, and the strategic layer kept me paying attention, but the experience still loses momentum in places. I could still recommend it with the right expectations.",TRUE
200828,529940,"This lands somewhere in the middle for me. The combat stayed engaging for a long time, and the moment-to-moment gameplay felt sharp, but the experience still loses momentum in places. It is not a must-play, but I can understand why some people enjoy it.",FALSE
200829,845490,"I have mixed feelings about this game. The moment-to-moment gameplay felt sharp, and it works well as a solo game, but the experience still loses momentum in places. It is not a must-play, but I can understand why some people enjoy it.",FALSE
200830,777150,"This feels like a game with clear strengths and clear weaknesses. It has a clear identity instead of feeling generic, and it feels like a small project with real personality, but the experience still loses momentum in places. It is not a must-play, but I can understand why some people enjoy it.",FALSE
200831,784180,"This is an easy game for me to recommend. It is easy to pick up for a short session, and it works well when I want something low pressure. For the right player, this is a very easy recommendation.",TRUE
200832,467000,"It is a decent game, even if it never fully clicked for me. The combat stayed engaging for a long time, and the shooting feels responsive enough to carry the game, but the experience still loses momentum in places. There is enough here to keep it interesting, even if it is not an easy recommendation.",TRUE
200833,270750,"There is a lot to like here, but also a few obvious issues. The slower pace worked in its favor, and it is easy to enjoy this at your own pace, but the experience still loses momentum in places. There is enough here to keep it interesting, even if it is not an easy recommendation.",FALSE
200834,452440,"It is a decent game, even if it never fully clicked for me. The story kept me interested, and it works well when I want something low pressure, but the experience still loses momentum in places. I could still recommend it with the right expectations.",FALSE
200835,895220,"I had a good time with this one. The pacing worked well for an adventure game, and building out a character was satisfying. It does enough well that I would point other people toward it.",TRUE
200836,416370,"There is a lot to like here, but also a few obvious issues. It works well when i want something low pressure, and the pacing worked well for an adventure game, but the experience still loses momentum in places. It is not a must-play, but I can understand why some people enjoy it.",FALSE
200837,405480,"It is a decent game, even if it never fully clicked for me. It was easy to keep moving from one objective to the next, and the pacing worked well for an adventure game, but the experience still loses momentum in places. Whether you like it probably depends on how much you enjoy this genre.",FALSE
200838,389680,A decent game with some strengths and some obvious rough edges.,FALSE
200839,1010490,"It is a decent game, even if it never fully clicked for me. The pacing worked well for an adventure game, and it has a clear identity instead of feeling generic, but the experience still loses momentum in places. It is not a must-play, but I can understand why some people enjoy it.",FALSE
200840,240720,"I had a good time with this one. Once the controls clicked, the platforming was fun, and I had to think through each decision. I would recommend it, especially if the tags already sound appealing to you.",TRUE
200841,973350,"I had a good time with this one. The strategic layer kept me paying attention, and it is easy to pick up for a short session. I would recommend it, especially if the tags already sound appealing to you.",TRUE
200842,420070,"I can see why this game has a strong audience. It was easy to keep moving from one objective to the next, and the moment-to-moment gameplay felt sharp. I would recommend it, especially if the tags already sound appealing to you.",TRUE
200843,978910,"I can see why this game has a strong audience. It does a good job selling the simulation idea, and the combat stayed engaging for a long time. It does enough well that I would point other people toward it.",TRUE
200844,534350,"Not amazing and not terrible, just a fairly middle-of-the-road experience.",TRUE
200845,730010,"Parts of it are interesting, but the overall experience felt weak. I could see some appeal because it feels like a small project with real personality and it is easy to pick up for a short session, but the game still felt too uneven overall. I would wait for a discount before suggesting it to anyone else.",FALSE
200846,541160,"I enjoyed parts of it more than the whole package. The moment-to-moment gameplay felt sharp, and once the controls clicked, the platforming was fun, but the experience still loses momentum in places. It is not a must-play, but I can understand why some people enjoy it.",FALSE
200847,96800,"There is a lot to like here, but also a few obvious issues. The moment-to-moment gameplay felt sharp, and matches stayed lively even after a few rounds, but the experience still loses momentum in places. I would call it a cautious recommendation at best.",FALSE
200848,292280,"It is a decent game, even if it never fully clicked for me. It works well when i want something low pressure, and it is easy to pick up for a short session, but the experience still loses momentum in places. There is enough here to keep it interesting, even if it is not an easy recommendation.",FALSE
200849,780580,"I have mixed feelings about this game. The strategic layer kept me paying attention, and building out a character was satisfying, but the experience still loses momentum in places. I could still recommend it with the right expectations.",FALSE
200850,638930,"I ended up liking this more than I expected. It was easy to keep moving from one objective to the next, and the writing was stronger than I expected. I would play more of it without much hesitation.",TRUE
200851,583950,"I do not think this came together as well as it could have. I could see some appeal because matches stayed lively even after a few rounds and it works well when I want something low pressure, but the game still felt too uneven overall. It might work for other people, but it was not for me.",FALSE
200852,672880,"I can see why this game has a strong audience. It works well when i want something low pressure, and the moment-to-moment gameplay felt sharp. I would play more of it without much hesitation.",TRUE
200853,361020,"After a few sessions, this one won me over. The strategic layer kept me paying attention, and solving things felt satisfying more often than frustrating. It does enough well that I would point other people toward it.",TRUE
200854,798240,"I had a good time with this one. The moment-to-moment gameplay felt sharp, and matches stayed lively even after a few rounds. It does enough well that I would point other people toward it.",TRUE
200855,674750,"After a few sessions, this one won me over. I had to think through each decision, and the combat stayed engaging for a long time. For the right player, this is a very easy recommendation.",TRUE
200856,640340,"It is a decent game, even if it never fully clicked for me. The combat stayed engaging for a long time, and the co-op side adds a lot of replay value, but the experience still loses momentum in places. Whether you like it probably depends on how much you enjoy this genre.",FALSE
200857,1018060,"There is a lot to like here, but also a few obvious issues. The strategic layer kept me paying attention, and it feels like a small project with real personality, but the experience still loses momentum in places. There is enough here to keep it interesting, even if it is not an easy recommendation.",TRUE
200858,429780,"There is a lot to like here, but also a few obvious issues. Matches stayed lively even after a few rounds, and it feels like a small project with real personality, but the experience still loses momentum in places. I could still recommend it with the right expectations.",FALSE
200859,337890,"I can see why this game has a strong audience. It is easy to pick up for a short session, and it has a clear identity instead of feeling generic. It is worth trying if this genre is already in your wheelhouse.",TRUE
200860,871280,"I ended up liking this more than I expected. It is easy to pick up for a short session, and the pacing worked well for an adventure game. I would play more of it without much hesitation.",TRUE
200861,511820,"This lands somewhere in the middle for me. It feels like a small project with real personality, and it is easy to pick up for a short session, but the experience still loses momentum in places. There is enough here to keep it interesting, even if it is not an easy recommendation.",TRUE
200862,651650,"There is a lot to like here, but also a few obvious issues. It feels like a small project with real personality, and it has a clear identity instead of feeling generic, but the experience still loses momentum in places. It is not a must-play, but I can understand why some people enjoy it.",TRUE
200863,6270,"I enjoyed parts of it more than the whole package. The systems are detailed enough to stay interesting, and the handling felt good after a short adjustment period, but the experience still loses momentum in places. There is enough here to keep it interesting, even if it is not an easy recommendation.",TRUE
200864,845750,"I have mixed feelings about this game. It feels like a small project with real personality, and the pacing worked well for an adventure game, but the experience still loses momentum in places. There is enough here to keep it interesting, even if it is not an easy recommendation.",FALSE
200865,733020,"There is a lot to like here, but also a few obvious issues. It is easy to pick up for a short session, and I had to think through each decision, but the experience still loses momentum in places. I would call it a cautious recommendation at best.",FALSE
200866,347940,"I can see why this game has a strong audience. It was easy to keep moving from one objective to the next, and the freedom to approach things my own way helped a lot. I would play more of it without much hesitation.",TRUE
200867,401420,"I enjoyed parts of it more than the whole package. It feels like a small project with real personality, and it has a clear identity instead of feeling generic, but the experience still loses momentum in places. It is not a must-play, but I can understand why some people enjoy it.",FALSE
200868,838390,"I had a good time with this one. The mood is consistent from start to finish, and it has a clear identity instead of feeling generic. I would play more of it without much hesitation.",TRUE
200869,979300,"I can see why this game has a strong audience. The strategic layer kept me paying attention, and the systems are detailed enough to stay interesting. It does enough well that I would point other people toward it.",TRUE
200870,358230,"I ended up liking this more than I expected. It was easy to keep moving from one objective to the next, and the combat stayed engaging for a long time. I would play more of it without much hesitation.",TRUE
200871,932500,"There is a lot to like here, but also a few obvious issues. It has a light tone that makes it easy to keep going, and it is easy to pick up for a short session, but the experience still loses momentum in places. I could still recommend it with the right expectations.",FALSE
200872,825310,"It is a decent game, even if it never fully clicked for me. Matches stayed lively even after a few rounds, and the humor landed more often than not, but the experience still loses momentum in places. I would call it a cautious recommendation at best.",FALSE
200873,391290,"This lands somewhere in the middle for me. The combat stayed engaging for a long time, and the races stayed entertaining instead of repetitive, but the experience still loses momentum in places. It is not a must-play, but I can understand why some people enjoy it.",FALSE
200874,769110,"It was fine overall, even if nothing about it really stood out to me.",FALSE
200875,215770,"There are some good ideas here, but it did not fully work for me. I could see some appeal because it has a clear identity instead of feeling generic and it feels like a small project with real personality, but the game still felt too uneven overall. I would only recommend it to someone who is already very into this niche.",FALSE
200876,707000,"I enjoyed parts of it more than the whole package. It feels like a small project with real personality, and it has a clear identity instead of feeling generic, but the experience still loses momentum in places. Whether you like it probably depends on how much you enjoy this genre.",TRUE
200877,494790,"This was a really solid surprise. It has a clear identity instead of feeling generic, and it feels like a small project with real personality. It is worth trying if this genre is already in your wheelhouse.",TRUE
200878,652760,"I can see why this game has a strong audience. This feels much better with friends, and the shooting feels responsive enough to carry the game. I would recommend it, especially if the tags already sound appealing to you.",TRUE
200879,336210,"I have mixed feelings about this game. It has a clear identity instead of feeling generic, and the combat stayed engaging for a long time, but the experience still loses momentum in places. It is not a must-play, but I can understand why some people enjoy it.",TRUE
200880,663690,"I can see why this game has a strong audience. It has a clear identity instead of feeling generic, and the combat stayed engaging for a long time. I would recommend it, especially if the tags already sound appealing to you.",TRUE
200881,263420,"This was not a terrible game, just a disappointing one for me. I could see some appeal because it has a clear identity instead of feeling generic and the combat stayed engaging for a long time, but the game still felt too uneven overall. I would only recommend it to someone who is already very into this niche.",FALSE
200882,779960,"I had a good time with this one. It does a good job selling the simulation idea, and it has a clear identity instead of feeling generic. It is worth trying if this genre is already in your wheelhouse.",TRUE
200883,514350,"I ended up liking this more than I expected. It does a good job selling the simulation idea, and the systems are detailed enough to stay interesting. It is worth trying if this genre is already in your wheelhouse.",TRUE
200884,685050,"After a few sessions, this one won me over. Once the controls clicked, the platforming was fun, and the moment-to-moment gameplay felt sharp. It is worth trying if this genre is already in your wheelhouse.",TRUE
200885,733740,"I had a good time with this one. It does a good job selling the simulation idea, and the systems are detailed enough to stay interesting. I would play more of it without much hesitation.",TRUE
200886,447860,"This feels like a game with clear strengths and clear weaknesses. It has a clear identity instead of feeling generic, and it works well when I want something low pressure, but the experience still loses momentum in places. It is not a must-play, but I can understand why some people enjoy it.",FALSE
200887,675240,"I had a good time with this one. It works well as a solo game, and the writing was stronger than I expected. I would recommend it, especially if the tags already sound appealing to you.",TRUE
200888,774321,"This lands somewhere in the middle for me. The puzzle design was solid without feeling unfair, and the story kept me interested, but the experience still loses momentum in places. I would call it a cautious recommendation at best.",FALSE
200889,830510,"I do not think this came together as well as it could have. I could see some appeal because it has a clear identity instead of feeling generic and the moment-to-moment gameplay felt sharp, but the game still felt too uneven overall. It might work for other people, but it was not for me.",FALSE
200890,458500,"I ended up liking this more than I expected. It is easy to pick up for a short session, and it works well when I want something low pressure. I would play more of it without much hesitation.",TRUE
200891,625580,"I had a good time with this one. Building out a character was satisfying, and the strategic layer kept me paying attention. I would play more of it without much hesitation.",TRUE
200892,416790,"This feels like a game with clear strengths and clear weaknesses. The moment-to-moment gameplay felt sharp, and it was easy to keep moving from one objective to the next, but the experience still loses momentum in places. Whether you like it probably depends on how much you enjoy this genre.",FALSE
200893,716360,"After a few sessions, this one won me over. It is easy to pick up for a short session, and it works well when I want something low pressure. I would recommend it, especially if the tags already sound appealing to you.",TRUE
200894,299360,"I have mixed feelings about this game. The gunplay is the main reason i kept playing, and I liked having room to experiment, but the experience still loses momentum in places. There is enough here to keep it interesting, even if it is not an easy recommendation.",FALSE
200895,549160,"This was a really solid surprise. It was easy to keep moving from one objective to the next, and the pacing worked well for an adventure game. It does enough well that I would point other people toward it.",TRUE
200896,607770,"This is an easy game for me to recommend. It has a clear identity instead of feeling generic, and it feels like a small project with real personality. It is worth trying if this genre is already in your wheelhouse.",TRUE
200897,630170,"It is a decent game, even if it never fully clicked for me. It has a clear identity instead of feeling generic, and the pacing worked well for an adventure game, but the experience still loses momentum in places. It is not a must-play, but I can understand why some people enjoy it.",TRUE
200898,42500,"This lands somewhere in the middle for me. The combat stayed engaging for a long time, and it has a clear identity instead of feeling generic, but the experience still loses momentum in places. There is enough here to keep it interesting, even if it is not an easy recommendation.",FALSE
200899,516250,"I wanted to like this more than I did. I could see some appeal because the gunplay is the main reason I kept playing and the freedom to approach things my own way helped a lot, but the game still felt too uneven overall. There is something here, but I cannot honestly recommend it as it is.",FALSE
200900,378570,"I ended up liking this more than I expected. It feels like a small project with real personality, and it was easy to keep moving from one objective to the next. It is worth trying if this genre is already in your wheelhouse.",TRUE
200901,313470,"It is a decent game, even if it never fully clicked for me. The progression system felt rewarding, and it has a clear identity instead of feeling generic, but the experience still loses momentum in places. I would call it a cautious recommendation at best.",FALSE
200902,839670,"I can see why this game has a strong audience. The pacing worked well for an adventure game, and the atmosphere is one of its biggest strengths. I would play more of it without much hesitation.",TRUE
200903,41740,"I had mixed feelings, but it was still interesting enough to finish a session or two.",TRUE
200904,659480,"I enjoyed parts of it more than the whole package. The atmosphere carried a lot of the experience, and it feels like a small project with real personality, but the experience still loses momentum in places. I would call it a cautious recommendation at best.",FALSE
200905,739360,"This feels like a game with clear strengths and clear weaknesses. The strategic layer kept me paying attention, and it feels like a small project with real personality, but the experience still loses momentum in places. I could still recommend it with the right expectations.",FALSE
200906,440720,"There are some good ideas here, but it did not fully work for me. I could see some appeal because the puzzle design was solid without feeling unfair and it has a clear identity instead of feeling generic, but the game still felt too uneven overall. It might work for other people, but it was not for me.",FALSE
200907,792050,"This was a really solid surprise. It works well when i want something low pressure, and it is easy to pick up for a short session. It does enough well that I would point other people toward it.",TRUE
200908,747330,"After a few sessions, this one won me over. The progression system felt rewarding, and the pacing worked well for an adventure game. For the right player, this is a very easy recommendation.",TRUE
200909,534210,"There are some good ideas here, but it did not fully work for me. I could see some appeal because it feels like a small project with real personality and exploring the world was the best part, but the game still felt too uneven overall. I would only recommend it to someone who is already very into this niche.",FALSE
200910,432170,"Parts of it are interesting, but the overall experience felt weak. I could see some appeal because the moment-to-moment gameplay felt sharp and it works well when I want something low pressure, but the game still felt too uneven overall. There is something here, but I cannot honestly recommend it as it is.",FALSE
200911,841440,"This was a really solid surprise. The puzzle design was solid without feeling unfair, and solving things felt satisfying more often than frustrating. It is worth trying if this genre is already in your wheelhouse.",TRUE
200912,1058590,"This is an easy game for me to recommend. I had to think through each decision, and the strategic layer kept me paying attention. For the right player, this is a very easy recommendation.",TRUE
200913,767910,"This was not a terrible game, just a disappointing one for me. I could see some appeal because the puzzle design was solid without feeling unfair and it works well as a solo game, but the game still felt too uneven overall. I would only recommend it to someone who is already very into this niche.",FALSE
200914,457690,"I do not think this came together as well as it could have. I could see some appeal because it does a good job selling the simulation idea and it feels like a small project with real personality, but the game still felt too uneven overall. It might work for other people, but it was not for me.",FALSE
200915,366060,"After a few sessions, this one won me over. The moment-to-moment gameplay felt sharp, and it has a clear identity instead of feeling generic. I would recommend it, especially if the tags already sound appealing to you.",TRUE
200916,962400,"I ended up liking this more than I expected. The moment-to-moment gameplay felt sharp, and matches stayed lively even after a few rounds. For the right player, this is a very easy recommendation.",TRUE
200917,849680,"I had a good time with this one. The combat stayed engaging for a long time, and it has a clear identity instead of feeling generic. It does enough well that I would point other people toward it.",TRUE
200918,721350,"I can see why this game has a strong audience. Once the controls clicked, the platforming was fun, and the story kept me interested. I would play more of it without much hesitation.",TRUE
200919,656300,"I had a good time with this one. It has a clear identity instead of feeling generic, and it does a good job selling the simulation idea. I would recommend it, especially if the tags already sound appealing to you.",TRUE
200920,402750,"This was a really solid surprise. It makes sense why people keep returning to it, and exploring the world was the best part. I would play more of it without much hesitation.",TRUE
200921,6870,"I had a good time with this one. Matches stayed lively even after a few rounds, and it is easy to enjoy this at your own pace. I would recommend it, especially if the tags already sound appealing to you.",TRUE
200922,428510,"This is an easy game for me to recommend. The puzzle design was solid without feeling unfair, and it is easy to pick up for a short session. I would recommend it, especially if the tags already sound appealing to you.",TRUE
200923,252890,"This is an easy game for me to recommend. The pacing worked well for an adventure game, and it works well as a solo game. I would play more of it without much hesitation.",TRUE
200924,513230,"This was a really solid surprise. The mood is consistent from start to finish, and the combat stayed engaging for a long time. It does enough well that I would point other people toward it.",TRUE
200925,796790,"This is an easy game for me to recommend. The moment-to-moment gameplay felt sharp, and it works well when I want something low pressure. For the right player, this is a very easy recommendation.",TRUE
200926,281410,"After a few sessions, this one won me over. The shooting feels responsive enough to carry the game, and the moment-to-moment gameplay felt sharp. I would recommend it, especially if the tags already sound appealing to you.",TRUE
200927,423900,"I can see what the game is aiming for, but the execution feels uneven. I could see some appeal because the pacing worked well for an adventure game and it was easy to keep moving from one objective to the next, but the game still felt too uneven overall. I do not regret trying it, but I would not rush to recommend it.",FALSE
200928,801340,"I do not think this came together as well as it could have. I could see some appeal because building out a character was satisfying and it works well when I want something low pressure, but the game still felt too uneven overall. I would only recommend it to someone who is already very into this niche.",FALSE
200929,562320,"After a few sessions, this one won me over. It was easy to keep moving from one objective to the next, and it builds tension well when you let it breathe. I would recommend it, especially if the tags already sound appealing to you.",TRUE
200930,283410,"I had mixed feelings, but it was still interesting enough to finish a session or two.",TRUE
200931,287120,"This lands somewhere in the middle for me. It works well when i want something low pressure, and it is easy to enjoy this at your own pace, but the experience still loses momentum in places. It is not a must-play, but I can understand why some people enjoy it.",FALSE
200932,490860,"I enjoyed parts of it more than the whole package. The progression system felt rewarding, and it feels like a small project with real personality, but the experience still loses momentum in places. I could still recommend it with the right expectations.",FALSE
200933,91700,"I ended up liking this more than I expected. The story kept me interested, and the pacing worked well for an adventure game. I would play more of it without much hesitation.",TRUE
200934,382090,"It is a decent game, even if it never fully clicked for me. It was easy to keep moving from one objective to the next, and it has a clear identity instead of feeling generic, but the experience still loses momentum in places. Whether you like it probably depends on how much you enjoy this genre.",FALSE
200935,806940,"This was not a terrible game, just a disappointing one for me. I could see some appeal because it has a clear identity instead of feeling generic and it works well as a solo game, but the game still felt too uneven overall. I do not regret trying it, but I would not rush to recommend it.",FALSE
200936,883870,"I ended up liking this more than I expected. It works well when i want something low pressure, and it is easy to pick up for a short session. I would recommend it, especially if the tags already sound appealing to you.",TRUE
200937,450590,"This lands somewhere in the middle for me. It does a good job selling the simulation idea, and it works well when I want something low pressure, but the experience still loses momentum in places. I would call it a cautious recommendation at best.",TRUE
200938,633460,"I ended up liking this more than I expected. The mood is consistent from start to finish, and the systems are detailed enough to stay interesting. I would recommend it, especially if the tags already sound appealing to you.",TRUE
200939,723950,"I can see why this game has a strong audience. It is easy to pick up for a short session, and it works well when I want something low pressure. For the right player, this is a very easy recommendation.",TRUE
200940,371300,"I can see why this game has a strong audience. It feels like a small project with real personality, and the story kept me interested. It is worth trying if this genre is already in your wheelhouse.",TRUE
200941,832420,"There is a lot to like here, but also a few obvious issues. The systems are detailed enough to stay interesting, and it has a clear identity instead of feeling generic, but the experience still loses momentum in places. I would call it a cautious recommendation at best.",FALSE
200942,351090,"I ended up liking this more than I expected. The atmosphere is one of its biggest strengths, and the story kept me interested. It is worth trying if this genre is already in your wheelhouse.",TRUE
200943,886390,"It is a decent game, even if it never fully clicked for me. The pacing worked well for an adventure game, and it feels like a small project with real personality, but the experience still loses momentum in places. There is enough here to keep it interesting, even if it is not an easy recommendation.",FALSE
200944,833910,"This was a really solid surprise. It feels like a small project with real personality, and the races stayed entertaining instead of repetitive. I would play more of it without much hesitation.",TRUE
200945,430190,"After a few sessions, this one won me over. Matches stayed lively even after a few rounds, and it feels like a small project with real personality. I would recommend it, especially if the tags already sound appealing to you.",TRUE
200946,857950,"I can see why this game has a strong audience. The pacing worked well for an adventure game, and the combat stayed engaging for a long time. I would recommend it, especially if the tags already sound appealing to you.",TRUE
200947,673060,"After a few sessions, this one won me over. It was easy to keep moving from one objective to the next, and the humor landed more often than not. It is worth trying if this genre is already in your wheelhouse.",TRUE
200948,312280,"I had a good time with this one. It is easy to enjoy this at your own pace, and it has a clear identity instead of feeling generic. For the right player, this is a very easy recommendation.",TRUE
200949,343430,"I can see why this game has a strong audience. It is easy to pick up for a short session, and the atmosphere is one of its biggest strengths. It is worth trying if this genre is already in your wheelhouse.",TRUE
200950,637650,"This was a really solid surprise. Matches stayed lively even after a few rounds, and the co-op side adds a lot of replay value. For the right player, this is a very easy recommendation.",TRUE
200951,679860,"I have mixed feelings about this game. It has a clear identity instead of feeling generic, and it feels like a small project with real personality, but the experience still loses momentum in places. Whether you like it probably depends on how much you enjoy this genre.",FALSE
200952,458600,"This was a really solid surprise. It is easy to pick up for a short session, and it has a clear identity instead of feeling generic. It is worth trying if this genre is already in your wheelhouse.",TRUE
200953,504630,"I ended up liking this more than I expected. The pacing worked well for an adventure game, and it was easy to keep moving from one objective to the next. It does enough well that I would point other people toward it.",TRUE
200954,1057420,"This feels like a game with clear strengths and clear weaknesses. It feels like a small project with real personality, and the shooting feels responsive enough to carry the game, but the experience still loses momentum in places. Whether you like it probably depends on how much you enjoy this genre.",FALSE
200955,884260,"I ended up liking this more than I expected. It is easy to enjoy this at your own pace, and the combat stayed engaging for a long time. For the right player, this is a very easy recommendation.",TRUE
200956,368990,"I do not think this came together as well as it could have. I could see some appeal because it was easy to keep moving from one objective to the next and it works well as a solo game, but the game still felt too uneven overall. I would only recommend it to someone who is already very into this niche.",FALSE
200957,491420,"After a few sessions, this one won me over. It feels like a small project with real personality, and the pacing worked well for an adventure game. I would play more of it without much hesitation.",TRUE
200958,631770,"After a few sessions, this one won me over. It feels like a small project with real personality, and it is easy to pick up for a short session. For the right player, this is a very easy recommendation.",TRUE
200959,816990,"I enjoyed parts of it more than the whole package. It was easy to keep moving from one objective to the next, and it is easy to enjoy this at your own pace, but the experience still loses momentum in places. I could still recommend it with the right expectations.",FALSE
200960,661560,"This feels like a game with clear strengths and clear weaknesses. It feels like a small project with real personality, and it has a clear identity instead of feeling generic, but the experience still loses momentum in places. It is not a must-play, but I can understand why some people enjoy it.",TRUE
200961,219680,"I enjoyed parts of it more than the whole package. It is easy to enjoy this at your own pace, and the mood is consistent from start to finish, but the experience still loses momentum in places. Whether you like it probably depends on how much you enjoy this genre.",FALSE
200962,748980,"I can see why this game has a strong audience. It has a clear identity instead of feeling generic, and it works well when I want something low pressure. I would recommend it, especially if the tags already sound appealing to you.",TRUE
200963,351340,"I had mixed feelings, but it was still interesting enough to finish a session or two.",TRUE
200964,410820,"I had a good time with this one. It feels like a small project with real personality, and the moment-to-moment gameplay felt sharp. For the right player, this is a very easy recommendation.",TRUE
200965,661560,"I wanted to like this more than I did. I could see some appeal because it has a clear identity instead of feeling generic and it feels like a small project with real personality, but the game still felt too uneven overall. I would wait for a discount before suggesting it to anyone else.",FALSE
200966,868910,"This lands somewhere in the middle for me. The story kept me interested, and it was easy to keep moving from one objective to the next, but the experience still loses momentum in places. I would call it a cautious recommendation at best.",FALSE
200967,253670,"I had a good time with this one. I could understand the appeal after spending some time with it, and the core loop stayed reasonably engaging. It does enough well that I would point other people toward it.",TRUE
200968,535530,"I enjoyed parts of it more than the whole package. It was easy to keep moving from one objective to the next, and the progression system felt rewarding, but the experience still loses momentum in places. I could still recommend it with the right expectations.",TRUE
200969,2270,"This feels average to me, though I can still see the appeal for the right player.",TRUE
200970,529140,"This is an easy game for me to recommend. It feels like a small project with real personality, and the moment-to-moment gameplay felt sharp. I would play more of it without much hesitation.",TRUE
200971,486660,"I can see why this game has a strong audience. It has a clear identity instead of feeling generic, and it feels like a small project with real personality. It is worth trying if this genre is already in your wheelhouse.",TRUE
200972,650820,"I can see why this game has a strong audience. The atmosphere carried a lot of the experience, and it has a clear identity instead of feeling generic. I would recommend it, especially if the tags already sound appealing to you.",TRUE
200973,552460,"This is an easy game for me to recommend. The combat stayed engaging for a long time, and the moment-to-moment gameplay felt sharp. I would recommend it, especially if the tags already sound appealing to you.",TRUE
200974,494290,"This lands somewhere in the middle for me. It makes sense why people keep returning to it, and it feels like a small project with real personality, but the experience still loses momentum in places. It is not a must-play, but I can understand why some people enjoy it.",TRUE
200975,378370,"This is an easy game for me to recommend. Survival pressure made the sessions memorable, and it was easy to keep moving from one objective to the next. It is worth trying if this genre is already in your wheelhouse.",TRUE
200976,345020,"This feels like a game with clear strengths and clear weaknesses. The progression system felt rewarding, and building out a character was satisfying, but the experience still loses momentum in places. I would call it a cautious recommendation at best.",FALSE
200977,363930,"I have mixed feelings about this game. The progression system felt rewarding, and the strategic layer kept me paying attention, but the experience still loses momentum in places. Whether you like it probably depends on how much you enjoy this genre.",FALSE
200978,805720,"This is an easy game for me to recommend. The strategic layer kept me paying attention, and I had to think through each decision. For the right player, this is a very easy recommendation.",TRUE
200979,356170,"I had a good time with this one. It has a clear identity instead of feeling generic, and the moment-to-moment gameplay felt sharp. I would recommend it, especially if the tags already sound appealing to you.",TRUE
200980,489170,"I enjoyed parts of it more than the whole package. The strategic layer kept me paying attention, and it has a clear identity instead of feeling generic, but the experience still loses momentum in places. I would call it a cautious recommendation at best.",FALSE
200981,270170,"It is a decent game, even if it never fully clicked for me. The writing was stronger than i expected, and it has a clear identity instead of feeling generic, but the experience still loses momentum in places. I could still recommend it with the right expectations.",FALSE
200982,977670,"This is an easy game for me to recommend. It was easy to keep moving from one objective to the next, and it makes sense why people keep returning to it. I would play more of it without much hesitation.",TRUE
200983,650440,"This was a really solid surprise. It was easy to keep moving from one objective to the next, and it has a clear identity instead of feeling generic. I would play more of it without much hesitation.",TRUE
200984,743940,"This was a really solid surprise. It has a clear identity instead of feeling generic, and it was easy to keep moving from one objective to the next. For the right player, this is a very easy recommendation.",TRUE
200985,306040,"I ended up liking this more than I expected. Movement feels better than i expected, and it works well when I want something low pressure. It does enough well that I would point other people toward it.",TRUE
200986,675240,"This was a really solid surprise. It works well as a solo game, and it works well when I want something low pressure. I would recommend it, especially if the tags already sound appealing to you.",TRUE
200987,860930,"This feels like a game with clear strengths and clear weaknesses. Solving things felt satisfying more often than frustrating, and it feels like a small project with real personality, but the experience still loses momentum in places. I would call it a cautious recommendation at best.",TRUE
200988,694660,"This was a really solid surprise. The combat stayed engaging for a long time, and it has a clear identity instead of feeling generic. It does enough well that I would point other people toward it.",TRUE
200989,438640,"It is a decent game, even if it never fully clicked for me. The pacing worked well for an adventure game, and the combat stayed engaging for a long time, but the experience still loses momentum in places. It is not a must-play, but I can understand why some people enjoy it.",FALSE
200990,612380,"I had mixed feelings, but it was still interesting enough to finish a session or two.",FALSE
200991,587730,"After a few sessions, this one won me over. It is easy to pick up for a short session, and it does a good job selling the simulation idea. For the right player, this is a very easy recommendation.",TRUE
200992,22130,"After a few sessions, this one won me over. I had to think through each decision, and the systems are detailed enough to stay interesting. It does enough well that I would point other people toward it.",TRUE
200993,670320,"There is a lot to like here, but also a few obvious issues. It has a clear identity instead of feeling generic, and the combat stayed engaging for a long time, but the experience still loses momentum in places. It is not a must-play, but I can understand why some people enjoy it.",FALSE
200994,405550,"After a few sessions, this one won me over. It feels like a small project with real personality, and it is easy to enjoy this at your own pace. It is worth trying if this genre is already in your wheelhouse.",TRUE
200995,284390,"After a few sessions, this one won me over. It feels like a small project with real personality, and it was easy to keep moving from one objective to the next. I would play more of it without much hesitation.",TRUE
200996,1009900,"This was not a terrible game, just a disappointing one for me. I could see some appeal because it feels like a small project with real personality and the moment-to-moment gameplay felt sharp, but the game still felt too uneven overall. It might work for other people, but it was not for me.",FALSE
200997,527340,"I ended up liking this more than I expected. It feels like a small project with real personality, and matches stayed lively even after a few rounds. It is worth trying if this genre is already in your wheelhouse.",TRUE
200998,820660,"I do not think this came together as well as it could have. I could see some appeal because the combat stayed engaging for a long time and it was easy to keep moving from one objective to the next, but the game still felt too uneven overall. There is something here, but I cannot honestly recommend it as it is.",FALSE
200999,757040,"This was a really solid surprise. It has a clear identity instead of feeling generic, and it feels like a small project with real personality. It is worth trying if this genre is already in your wheelhouse.",TRUE
201000,781950,"After a few sessions, this one won me over. It works well when i want something low pressure, and it has a clear identity instead of feeling generic. I would recommend it, especially if the tags already sound appealing to you.",TRUE
201001,719470,"I can see what the game is aiming for, but the execution feels uneven. I could see some appeal because it was easy to keep moving from one objective to the next and it has a clear identity instead of feeling generic, but the game still felt too uneven overall. I do not regret trying it, but I would not rush to recommend it.",FALSE
201002,1004100,"Parts of it are interesting, but the overall experience felt weak. I could see some appeal because it has a clear identity instead of feeling generic and the moment-to-moment gameplay felt sharp, but the game still felt too uneven overall. I do not regret trying it, but I would not rush to recommend it.",FALSE
201003,595120,"There is a lot to like here, but also a few obvious issues. It makes sense why people keep returning to it, and the combat stayed engaging for a long time, but the experience still loses momentum in places. It is not a must-play, but I can understand why some people enjoy it.",FALSE
201004,557750,"It was fine overall, even if nothing about it really stood out to me.",TRUE
201005,788760,"I ended up liking this more than I expected. The combat stayed engaging for a long time, and once the controls clicked, the platforming was fun. It is worth trying if this genre is already in your wheelhouse.",TRUE
201006,349980,"This was not a terrible game, just a disappointing one for me. I could see some appeal because the pacing worked well for an adventure game and the moment-to-moment gameplay felt sharp, but the game still felt too uneven overall. It might work for other people, but it was not for me.",FALSE
201007,580010,"I ended up liking this more than I expected. It is easy to pick up for a short session, and the pacing worked well for an adventure game. I would play more of it without much hesitation.",TRUE
201008,431590,"This was a really solid surprise. It was easy to keep moving from one objective to the next, and it has a clear identity instead of feeling generic. It is worth trying if this genre is already in your wheelhouse.",TRUE
201009,443360,"After a few sessions, this one won me over. Solving things felt satisfying more often than frustrating, and the puzzle design was solid without feeling unfair. For the right player, this is a very easy recommendation.",TRUE
201010,663300,"This lands somewhere in the middle for me. The pacing worked well for an adventure game, and it has a clear identity instead of feeling generic, but the experience still loses momentum in places. I could still recommend it with the right expectations.",FALSE
201011,1047910,"There is a lot to like here, but also a few obvious issues. The moment-to-moment gameplay felt sharp, and it feels like a small project with real personality, but the experience still loses momentum in places. There is enough here to keep it interesting, even if it is not an easy recommendation.",TRUE
201012,433210,"This lands somewhere in the middle for me. The progression system felt rewarding, and I had to think through each decision, but the experience still loses momentum in places. Whether you like it probably depends on how much you enjoy this genre.",TRUE
201013,586390,"After a few sessions, this one won me over. The strategic layer kept me paying attention, and it feels like a small project with real personality. For the right player, this is a very easy recommendation.",TRUE
201014,769950,"I can see why this game has a strong audience. It has a clear identity instead of feeling generic, and turn-based decisions gave the game more depth. It does enough well that I would point other people toward it.",TRUE
201015,279460,"It is a decent game, even if it never fully clicked for me. I could understand the appeal after spending some time with it, and the core loop stayed reasonably engaging, but the experience still loses momentum in places. I would call it a cautious recommendation at best.",TRUE
201016,351100,"I enjoyed parts of it more than the whole package. The moment-to-moment gameplay felt sharp, and I liked having room to experiment, but the experience still loses momentum in places. Whether you like it probably depends on how much you enjoy this genre.",FALSE
201017,433130,"I wanted to like this more than I did. I could see some appeal because it does a good job selling the simulation idea and the moment-to-moment gameplay felt sharp, but the game still felt too uneven overall. I do not regret trying it, but I would not rush to recommend it.",FALSE
201018,773090,"This was a really solid surprise. The mood is consistent from start to finish, and it has a clear identity instead of feeling generic. I would recommend it, especially if the tags already sound appealing to you.",TRUE
201019,219760,"It is a decent game, even if it never fully clicked for me. The progression system felt rewarding, and it works well as a solo game, but the experience still loses momentum in places. There is enough here to keep it interesting, even if it is not an easy recommendation.",TRUE
201020,276730,"This lands somewhere in the middle for me. It is easy to enjoy this at your own pace, and the humor landed more often than not, but the experience still loses momentum in places. I could still recommend it with the right expectations.",TRUE
201021,542910,"I have mixed feelings about this game. It has a clear identity instead of feeling generic, and I had to think through each decision, but the experience still loses momentum in places. There is enough here to keep it interesting, even if it is not an easy recommendation.",TRUE
201022,454190,"This was a really solid surprise. The strategic layer kept me paying attention, and the puzzle design was solid without feeling unfair. I would play more of it without much hesitation.",TRUE
201023,586430,"After a few sessions, this one won me over. It has a clear identity instead of feeling generic, and it was easy to keep moving from one objective to the next. I would recommend it, especially if the tags already sound appealing to you.",TRUE
201024,294730,"I can see why this game has a strong audience. The systems are detailed enough to stay interesting, and the strategic layer kept me paying attention. I would recommend it, especially if the tags already sound appealing to you.",TRUE
201025,357320,"There is a lot to like here, but also a few obvious issues. The strategic layer kept me paying attention, and the moment-to-moment gameplay felt sharp, but the experience still loses momentum in places. It is not a must-play, but I can understand why some people enjoy it.",TRUE
201026,1840,"This was a really solid surprise. It is easy to enjoy this at your own pace, and I liked having room to experiment. I would play more of it without much hesitation.",TRUE
201027,556640,"This was a really solid surprise. It works well as a solo game, and it has a clear identity instead of feeling generic. I would recommend it, especially if the tags already sound appealing to you.",TRUE
201028,806950,"It is a decent game, even if it never fully clicked for me. It was easy to keep moving from one objective to the next, and the world gives you plenty to do, but the experience still loses momentum in places. Whether you like it probably depends on how much you enjoy this genre.",FALSE
201029,564210,"This lands somewhere in the middle for me. Survival pressure made the sessions memorable, and it feels like a small project with real personality, but the experience still loses momentum in places. There is enough here to keep it interesting, even if it is not an easy recommendation.",FALSE
201030,447240,"This was a really solid surprise. It is easy to enjoy this at your own pace, and the puzzle design was solid without feeling unfair. For the right player, this is a very easy recommendation.",TRUE
201031,599180,"I have mixed feelings about this game. The humor landed more often than not, and it has a clear identity instead of feeling generic, but the experience still loses momentum in places. It is not a must-play, but I can understand why some people enjoy it.",FALSE
201032,944630,"I ended up liking this more than I expected. It builds tension well when you let it breathe, and the atmosphere carried a lot of the experience. I would recommend it, especially if the tags already sound appealing to you.",TRUE
201033,548740,"It is a decent game, even if it never fully clicked for me. The moment-to-moment gameplay felt sharp, and it was easy to keep moving from one objective to the next, but the experience still loses momentum in places. I could still recommend it with the right expectations.",TRUE
201034,370770,"This was a really solid surprise. The gunplay is the main reason i kept playing, and it makes sense why people keep returning to it. It does enough well that I would point other people toward it.",TRUE
201035,800560,"I ended up liking this more than I expected. It was easy to keep moving from one objective to the next, and building out a character was satisfying. I would play more of it without much hesitation.",TRUE
201036,420980,"This was a really solid surprise. It was easy to keep moving from one objective to the next, and it works well as a solo game. I would play more of it without much hesitation.",TRUE
201037,303910,"After a few sessions, this one won me over. The strategic layer kept me paying attention, and the systems are detailed enough to stay interesting. It is worth trying if this genre is already in your wheelhouse.",TRUE
201038,789910,"I can see why this game has a strong audience. It was easy to keep moving from one objective to the next, and it feels like a small project with real personality. It does enough well that I would point other people toward it.",TRUE
201039,728050,"I enjoyed parts of it more than the whole package. The slower pace worked in its favor, and the world gives you plenty to do, but the experience still loses momentum in places. I would call it a cautious recommendation at best.",TRUE
201040,503350,"There is a lot to like here, but also a few obvious issues. The pacing worked well for an adventure game, and the mood is consistent from start to finish, but the experience still loses momentum in places. There is enough here to keep it interesting, even if it is not an easy recommendation.",FALSE
201041,419990,"Not amazing and not terrible, just a fairly middle-of-the-road experience.",TRUE
201042,493450,"This feels like a game with clear strengths and clear weaknesses. It is easy to pick up for a short session, and it works well when I want something low pressure, but the experience still loses momentum in places. There is enough here to keep it interesting, even if it is not an easy recommendation.",FALSE
201043,292140,"There is a lot to like here, but also a few obvious issues. The progression system felt rewarding, and the story kept me interested, but the experience still loses momentum in places. I would call it a cautious recommendation at best.",TRUE
201044,416310,"This is an easy game for me to recommend. I had to think through each decision, and it is easy to pick up for a short session. It is worth trying if this genre is already in your wheelhouse.",TRUE
201045,586880,"This is an easy game for me to recommend. It works well as a solo game, and it is easy to pick up for a short session. It does enough well that I would point other people toward it.",TRUE
201046,650860,"It is a decent game, even if it never fully clicked for me. It is easy to pick up for a short session, and it feels like a small project with real personality, but the experience still loses momentum in places. I would call it a cautious recommendation at best.",TRUE
201047,819880,"I had a good time with this one. It is easy to pick up for a short session, and the moment-to-moment gameplay felt sharp. For the right player, this is a very easy recommendation.",TRUE
201048,393430,"After a few sessions, this one won me over. The world gives you plenty to do, and it is easy to enjoy this at your own pace. I would recommend it, especially if the tags already sound appealing to you.",TRUE
201049,682480,"This was a really solid surprise. The progression system felt rewarding, and it was easy to keep moving from one objective to the next. It is worth trying if this genre is already in your wheelhouse.",TRUE
201050,292760,"I had a good time with this one. Turn-based decisions gave the game more depth, and the slower pace worked in its favor. I would recommend it, especially if the tags already sound appealing to you.",TRUE
201051,509560,"This lands somewhere in the middle for me. I had to think through each decision, and it feels like a small project with real personality, but the experience still loses momentum in places. It is not a must-play, but I can understand why some people enjoy it.",FALSE
201052,448310,"I have mixed feelings about this game. It works well when i want something low pressure, and I had to think through each decision, but the experience still loses momentum in places. There is enough here to keep it interesting, even if it is not an easy recommendation.",FALSE
201053,499120,"After a few sessions, this one won me over. It is easy to pick up for a short session, and it works well when I want something low pressure. It does enough well that I would point other people toward it.",TRUE
201054,496180,"It is a decent game, even if it never fully clicked for me. It does a good job selling the simulation idea, and it is easy to pick up for a short session, but the experience still loses momentum in places. I would call it a cautious recommendation at best.",FALSE
201055,708340,"This is an easy game for me to recommend. It has a clear identity instead of feeling generic, and the systems are detailed enough to stay interesting. It is worth trying if this genre is already in your wheelhouse.",TRUE
201056,698570,"I have mixed feelings about this game. It is easy to pick up for a short session, and the combat stayed engaging for a long time, but the experience still loses momentum in places. I could still recommend it with the right expectations.",FALSE
201057,6010,"I ended up liking this more than I expected. The combat stayed engaging for a long time, and the atmosphere is one of its biggest strengths. It is worth trying if this genre is already in your wheelhouse.",TRUE
201058,665210,"It is a decent game, even if it never fully clicked for me. The systems are detailed enough to stay interesting, and it is easy to pick up for a short session, but the experience still loses momentum in places. Whether you like it probably depends on how much you enjoy this genre.",FALSE
201059,1006190,"I enjoyed parts of it more than the whole package. It is easy to pick up for a short session, and it feels like a small project with real personality, but the experience still loses momentum in places. There is enough here to keep it interesting, even if it is not an easy recommendation.",FALSE
201060,267610,"There are some good ideas here, but it did not fully work for me. I could see some appeal because it does a good job selling the simulation idea and the systems are detailed enough to stay interesting, but the game still felt too uneven overall. It might work for other people, but it was not for me.",FALSE
201061,362160,"This is an easy game for me to recommend. It works well when i want something low pressure, and the writing was stronger than I expected. I would play more of it without much hesitation.",TRUE
201062,16000,"I have mixed feelings about this game. It works well when i want something low pressure, and it is easy to pick up for a short session, but the experience still loses momentum in places. It is not a must-play, but I can understand why some people enjoy it.",TRUE
201063,468780,"This was a really solid surprise. The races stayed entertaining instead of repetitive, and the combat stayed engaging for a long time. It is worth trying if this genre is already in your wheelhouse.",TRUE
201064,337320,A decent game with some strengths and some obvious rough edges.,TRUE
201065,351640,"I can see why this game has a strong audience. It is easy to enjoy this at your own pace, and it has a clear identity instead of feeling generic. It is worth trying if this genre is already in your wheelhouse.",TRUE
201066,661900,"This is an easy game for me to recommend. The moment-to-moment gameplay felt sharp, and it works well as a solo game. For the right player, this is a very easy recommendation.",TRUE
201067,65530,"After a few sessions, this one won me over. The strategic layer kept me paying attention, and I had to think through each decision. I would play more of it without much hesitation.",TRUE
201068,959590,"There are some good ideas here, but it did not fully work for me. I could see some appeal because it works well when I want something low pressure and it feels like a small project with real personality, but the game still felt too uneven overall. There is something here, but I cannot honestly recommend it as it is.",FALSE
201069,761190,"I enjoyed parts of it more than the whole package. The puzzle design was solid without feeling unfair, and it does a good job selling the simulation idea, but the experience still loses momentum in places. I could still recommend it with the right expectations.",FALSE
201070,879250,"I ended up liking this more than I expected. It is easy to pick up for a short session, and solving things felt satisfying more often than frustrating. I would recommend it, especially if the tags already sound appealing to you.",TRUE
201071,574200,"It is a decent game, even if it never fully clicked for me. Matches stayed lively even after a few rounds, and the gunplay is the main reason I kept playing, but the experience still loses momentum in places. I could still recommend it with the right expectations.",FALSE
201072,55000,"This is an easy game for me to recommend. The co-op side adds a lot of replay value, and turn-based decisions gave the game more depth. I would recommend it, especially if the tags already sound appealing to you.",TRUE
201073,623900,"I do not think this came together as well as it could have. I could see some appeal because it has a clear sense of what it wants to be and I could understand the appeal after spending some time with it, but the game still felt too uneven overall. I would only recommend it to someone who is already very into this niche.",FALSE
201074,508890,"This was a really solid surprise. The combat stayed engaging for a long time, and it has a clear identity instead of feeling generic. It is worth trying if this genre is already in your wheelhouse.",TRUE
201075,286100,"After a few sessions, this one won me over. Once the controls clicked, the platforming was fun, and the world gives you plenty to do. It is worth trying if this genre is already in your wheelhouse.",TRUE
201076,516030,"This is an easy game for me to recommend. The strategic layer kept me paying attention, and turn-based decisions gave the game more depth. It is worth trying if this genre is already in your wheelhouse.",TRUE
201077,20200,A decent game with some strengths and some obvious rough edges.,FALSE
201078,870430,"I enjoyed parts of it more than the whole package. It has a clear identity instead of feeling generic, and it feels like a small project with real personality, but the experience still loses momentum in places. I would call it a cautious recommendation at best.",FALSE
201079,822750,"I had a good time with this one. The co-op side adds a lot of replay value, and it feels like a small project with real personality. I would play more of it without much hesitation.",TRUE
201080,545920,"This was a really solid surprise. The systems are detailed enough to stay interesting, and it does a good job selling the simulation idea. It is worth trying if this genre is already in your wheelhouse.",TRUE
201081,801630,"This was a really solid surprise. The moment-to-moment gameplay felt sharp, and matches stayed lively even after a few rounds. It does enough well that I would point other people toward it.",TRUE
201082,882990,"This lands somewhere in the middle for me. The combat stayed engaging for a long time, and the moment-to-moment gameplay felt sharp, but the experience still loses momentum in places. I would call it a cautious recommendation at best.",TRUE
201083,772100,"I have mixed feelings about this game. The moment-to-moment gameplay felt sharp, and it does a good job selling the simulation idea, but the experience still loses momentum in places. I would call it a cautious recommendation at best.",TRUE
201084,833920,"I wanted to like this more than I did. I could see some appeal because it has a clear identity instead of feeling generic and it is easy to enjoy this at your own pace, but the game still felt too uneven overall. It might work for other people, but it was not for me.",FALSE
201085,432640,"There is a lot to like here, but also a few obvious issues. I had to think through each decision, and the pacing worked well for an adventure game, but the experience still loses momentum in places. It is not a must-play, but I can understand why some people enjoy it.",TRUE
201086,843590,"I ended up liking this more than I expected. It has a clear identity instead of feeling generic, and it feels like a small project with real personality. I would recommend it, especially if the tags already sound appealing to you.",TRUE
201087,957790,"This is an easy game for me to recommend. Matches stayed lively even after a few rounds, and the moment-to-moment gameplay felt sharp. I would play more of it without much hesitation.",TRUE
201088,672080,"This is an easy game for me to recommend. It has a clear identity instead of feeling generic, and it was easy to keep moving from one objective to the next. I would recommend it, especially if the tags already sound appealing to you.",TRUE
201089,805040,"I ended up liking this more than I expected. It is easy to pick up for a short session, and the pacing worked well for an adventure game. It does enough well that I would point other people toward it.",TRUE
201090,936950,"This feels like a game with clear strengths and clear weaknesses. It is easy to pick up for a short session, and the strategic layer kept me paying attention, but the experience still loses momentum in places. It is not a must-play, but I can understand why some people enjoy it.",TRUE
201091,906770,"I ended up liking this more than I expected. The combat stayed engaging for a long time, and the shooting feels responsive enough to carry the game. It is worth trying if this genre is already in your wheelhouse.",TRUE
201092,817950,"I have mixed feelings about this game. The combat stayed engaging for a long time, and the pacing worked well for an adventure game, but the experience still loses momentum in places. It is not a must-play, but I can understand why some people enjoy it.",TRUE
201093,463410,"This feels like a game with clear strengths and clear weaknesses. The moment-to-moment gameplay felt sharp, and solving things felt satisfying more often than frustrating, but the experience still loses momentum in places. I could still recommend it with the right expectations.",TRUE
201094,571720,"I ended up liking this more than I expected. It works well as a solo game, and exploring the world was the best part. For the right player, this is a very easy recommendation.",TRUE
201095,338050,"I had a good time with this one. Solving things felt satisfying more often than frustrating, and it builds tension well when you let it breathe. It does enough well that I would point other people toward it.",TRUE
201096,446330,"I had a good time with this one. It feels like a small project with real personality, and the pacing worked well for an adventure game. For the right player, this is a very easy recommendation.",TRUE
201097,1017580,"This was a really solid surprise. The pacing worked well for an adventure game, and it feels like a small project with real personality. I would play more of it without much hesitation.",TRUE
201098,525680,"This is an easy game for me to recommend. It works well as a solo game, and I had to think through each decision. It does enough well that I would point other people toward it.",TRUE
201099,555850,"I can see why this game has a strong audience. It works well when i want something low pressure, and the strategic layer kept me paying attention. I would recommend it, especially if the tags already sound appealing to you.",TRUE
201100,964210,"This was a really solid surprise. It has a clear identity instead of feeling generic, and the moment-to-moment gameplay felt sharp. For the right player, this is a very easy recommendation.",TRUE
201101,690560,"I can see why this game has a strong audience. Solving things felt satisfying more often than frustrating, and the slower pace worked in its favor. I would recommend it, especially if the tags already sound appealing to you.",TRUE
201102,605450,"I can see why this game has a strong audience. The shooting feels responsive enough to carry the game, and the moment-to-moment gameplay felt sharp. It does enough well that I would point other people toward it.",TRUE
201103,935560,"Not amazing and not terrible, just a fairly middle-of-the-road experience.",TRUE
201104,424250,"After a few sessions, this one won me over. I had to think through each decision, and the strategic layer kept me paying attention. I would play more of it without much hesitation.",TRUE
201105,739940,"This is an easy game for me to recommend. The strategic layer kept me paying attention, and I had to think through each decision. I would play more of it without much hesitation.",TRUE
201106,630160,"I ended up liking this more than I expected. The moment-to-moment gameplay felt sharp, and it has a clear identity instead of feeling generic. It does enough well that I would point other people toward it.",TRUE
201107,319210,"I can see what the game is aiming for, but the execution feels uneven. I could see some appeal because it was easy to keep moving from one objective to the next and it feels like a small project with real personality, but the game still felt too uneven overall. It might work for other people, but it was not for me.",FALSE
201108,466110,"I can see why this game has a strong audience. It has a clear identity instead of feeling generic, and it is easy to pick up for a short session. I would play more of it without much hesitation.",TRUE
201109,959730,"I ended up liking this more than I expected. It works well when i want something low pressure, and it is easy to pick up for a short session. I would play more of it without much hesitation.",TRUE
201110,332830,"This is an easy game for me to recommend. It feels like a small project with real personality, and the puzzle design was solid without feeling unfair. It is worth trying if this genre is already in your wheelhouse.",TRUE
201111,745790,"After a few sessions, this one won me over. It feels like a small project with real personality, and it has a clear identity instead of feeling generic. It does enough well that I would point other people toward it.",TRUE
201112,548480,"I do not think this came together as well as it could have. I could see some appeal because it makes sense why people keep returning to it and the moment-to-moment gameplay felt sharp, but the game still felt too uneven overall. I do not regret trying it, but I would not rush to recommend it.",FALSE
201113,624430,"This feels like a game with clear strengths and clear weaknesses. The combat stayed engaging for a long time, and the pacing worked well for an adventure game, but the experience still loses momentum in places. There is enough here to keep it interesting, even if it is not an easy recommendation.",TRUE
201114,369270,"I can see why this game has a strong audience. The combat stayed engaging for a long time, and it feels like a small project with real personality. I would recommend it, especially if the tags already sound appealing to you.",TRUE
201115,1046530,"It was fine overall, even if nothing about it really stood out to me.",TRUE
201116,497150,"This feels like a game with clear strengths and clear weaknesses. It does a respectable job with its main idea, and the core loop stayed reasonably engaging, but the experience still loses momentum in places. I would call it a cautious recommendation at best.",FALSE
201117,758120,"I have mixed feelings about this game. It feels like a small project with real personality, and it is easy to pick up for a short session, but the experience still loses momentum in places. I would call it a cautious recommendation at best.",TRUE
201118,787040,"After a few sessions, this one won me over. The strategic layer kept me paying attention, and the moment-to-moment gameplay felt sharp. It does enough well that I would point other people toward it.",TRUE
201119,658660,"This lands somewhere in the middle for me. The systems are detailed enough to stay interesting, and it has a clear identity instead of feeling generic, but the experience still loses momentum in places. It is not a must-play, but I can understand why some people enjoy it.",TRUE
201120,753930,"I had a good time with this one. It feels like a small project with real personality, and it is easy to enjoy this at your own pace. I would recommend it, especially if the tags already sound appealing to you.",TRUE
201121,660070,"This is an easy game for me to recommend. The moment-to-moment gameplay felt sharp, and the combat stayed engaging for a long time. It is worth trying if this genre is already in your wheelhouse.",TRUE
201122,556850,"After a few sessions, this one won me over. It does a respectable job with its main idea, and I could understand the appeal after spending some time with it. I would recommend it, especially if the tags already sound appealing to you.",TRUE
201123,861580,"This is an easy game for me to recommend. The progression system felt rewarding, and it feels like a small project with real personality. I would recommend it, especially if the tags already sound appealing to you.",TRUE
201124,766630,"I can see why this game has a strong audience. It has a clear identity instead of feeling generic, and the writing was stronger than I expected. It does enough well that I would point other people toward it.",TRUE
201125,352190,"There is a lot to like here, but also a few obvious issues. The strategic layer kept me paying attention, and I had to think through each decision, but the experience still loses momentum in places. I would call it a cautious recommendation at best.",TRUE
201126,328220,"This lands somewhere in the middle for me. It does a good job selling the simulation idea, and it has a clear identity instead of feeling generic, but the experience still loses momentum in places. Whether you like it probably depends on how much you enjoy this genre.",TRUE
201127,279560,"This is an easy game for me to recommend. The puzzle design was solid without feeling unfair, and it was easy to keep moving from one objective to the next. It is worth trying if this genre is already in your wheelhouse.",TRUE
201128,373920,"I do not think this came together as well as it could have. I could see some appeal because the moment-to-moment gameplay felt sharp and the combat stayed engaging for a long time, but the game still felt too uneven overall. It might work for other people, but it was not for me.",FALSE
201129,653190,"I ended up liking this more than I expected. It feels like a small project with real personality, and the co-op side adds a lot of replay value. For the right player, this is a very easy recommendation.",TRUE
201130,843760,"This lands somewhere in the middle for me. It was easy to keep moving from one objective to the next, and the pacing worked well for an adventure game, but the experience still loses momentum in places. I could still recommend it with the right expectations.",TRUE
201131,747920,"There is a lot to like here, but also a few obvious issues. It has a clear sense of what it wants to be, and I could understand the appeal after spending some time with it, but the experience still loses momentum in places. There is enough here to keep it interesting, even if it is not an easy recommendation.",FALSE
201132,770660,"I can see why this game has a strong audience. It does a good job selling the simulation idea, and the combat stayed engaging for a long time. I would play more of it without much hesitation.",TRUE
201133,271990,"It was fine overall, even if nothing about it really stood out to me.",TRUE
201134,603550,"This was not a terrible game, just a disappointing one for me. I could see some appeal because it works well when I want something low pressure and the puzzle design was solid without feeling unfair, but the game still felt too uneven overall. I would only recommend it to someone who is already very into this niche.",FALSE
201135,740300,"This was a really solid surprise. It feels like a small project with real personality, and it is easy to pick up for a short session. It does enough well that I would point other people toward it.",TRUE
201136,201010,"After a few sessions, this one won me over. Turn-based decisions gave the game more depth, and the story kept me interested. It does enough well that I would point other people toward it.",TRUE
201137,880340,"I had a good time with this one. The combat stayed engaging for a long time, and the shooting feels responsive enough to carry the game. For the right player, this is a very easy recommendation.",TRUE
201138,696810,"This is an easy game for me to recommend. The writing was stronger than i expected, and building out a character was satisfying. I would play more of it without much hesitation.",TRUE
201139,813530,"This is an easy game for me to recommend. The handling felt good after a short adjustment period, and it does a good job selling the simulation idea. It does enough well that I would point other people toward it.",TRUE
201140,661520,"There are some good ideas here, but it did not fully work for me. I could see some appeal because building out a character was satisfying and the progression system felt rewarding, but the game still felt too uneven overall. I would wait for a discount before suggesting it to anyone else.",FALSE
201141,897040,"I had a good time with this one. It works well when i want something low pressure, and it is easy to pick up for a short session. I would play more of it without much hesitation.",TRUE
201142,436290,"After a few sessions, this one won me over. It has a clear identity instead of feeling generic, and the progression system felt rewarding. I would recommend it, especially if the tags already sound appealing to you.",TRUE
201143,382490,"After a few sessions, this one won me over. This feels much better with friends, and the combat stayed engaging for a long time. It is worth trying if this genre is already in your wheelhouse.",TRUE
201144,586790,"It is a decent game, even if it never fully clicked for me. The moment-to-moment gameplay felt sharp, and survival pressure made the sessions memorable, but the experience still loses momentum in places. I could still recommend it with the right expectations.",TRUE
201145,765170,"I can see why this game has a strong audience. The combat stayed engaging for a long time, and it is easy to pick up for a short session. For the right player, this is a very easy recommendation.",TRUE
201146,475190,"I had a good time with this one. The atmosphere carried a lot of the experience, and the atmosphere is one of its biggest strengths. It does enough well that I would point other people toward it.",TRUE
201147,269250,"I can see why this game has a strong audience. The writing was stronger than i expected, and it works well as a solo game. I would play more of it without much hesitation.",TRUE
201148,45750,"There is a lot to like here, but also a few obvious issues. The mood is consistent from start to finish, and this feels much better with friends, but the experience still loses momentum in places. I would call it a cautious recommendation at best.",FALSE
201149,327920,"I do not think this came together as well as it could have. I could see some appeal because building out a character was satisfying and it builds tension well when you let it breathe, but the game still felt too uneven overall. It might work for other people, but it was not for me.",FALSE
201150,222520,"I ended up liking this more than I expected. The world gives you plenty to do, and I had to think through each decision. It is worth trying if this genre is already in your wheelhouse.",TRUE
201151,650000,"I enjoyed parts of it more than the whole package. It is easy to enjoy this at your own pace, and the atmosphere carried a lot of the experience, but the experience still loses momentum in places. I could still recommend it with the right expectations.",TRUE
201152,39200,"I enjoyed parts of it more than the whole package. The co-op side adds a lot of replay value, and building out a character was satisfying, but the experience still loses momentum in places. I could still recommend it with the right expectations.",FALSE
201153,937570,"This is an easy game for me to recommend. It has a clear identity instead of feeling generic, and the combat stayed engaging for a long time. It does enough well that I would point other people toward it.",TRUE
201154,508260,"This feels average to me, though I can still see the appeal for the right player.",TRUE
201155,303550,"After a few sessions, this one won me over. Movement feels better than i expected, and it feels like a small project with real personality. It is worth trying if this genre is already in your wheelhouse.",TRUE
201156,437400,"Parts of it are interesting, but the overall experience felt weak. I could see some appeal because it does a good job selling the simulation idea and the systems are detailed enough to stay interesting, but the game still felt too uneven overall. I would wait for a discount before suggesting it to anyone else.",FALSE
201157,653190,"This was a really solid surprise. This feels much better with friends, and the co-op side adds a lot of replay value. It is worth trying if this genre is already in your wheelhouse.",TRUE
201158,577670,"There is a lot to like here, but also a few obvious issues. The world gives you plenty to do, and it works well when I want something low pressure, but the experience still loses momentum in places. Whether you like it probably depends on how much you enjoy this genre.",FALSE
201159,383080,"I had a good time with this one. It is easy to enjoy this at your own pace, and the pacing worked well for an adventure game. It is worth trying if this genre is already in your wheelhouse.",TRUE
201160,513810,"I do not think this came together as well as it could have. I could see some appeal because the pacing worked well for an adventure game and it was easy to keep moving from one objective to the next, but the game still felt too uneven overall. I do not regret trying it, but I would not rush to recommend it.",FALSE
201161,504800,"I had a good time with this one. Building out a character was satisfying, and it feels like a small project with real personality. For the right player, this is a very easy recommendation.",TRUE
201162,431930,"This was a really solid surprise. This feels much better with friends, and the combat stayed engaging for a long time. I would recommend it, especially if the tags already sound appealing to you.",TRUE
201163,681630,"This was a really solid surprise. The moment-to-moment gameplay felt sharp, and it feels like a small project with real personality. It does enough well that I would point other people toward it.",TRUE
201164,495200,"Parts of it are interesting, but the overall experience felt weak. I could see some appeal because it is easy to enjoy this at your own pace and once the controls clicked, the platforming was fun, but the game still felt too uneven overall. I do not regret trying it, but I would not rush to recommend it.",FALSE
201165,917290,"This is an easy game for me to recommend. The combat stayed engaging for a long time, and movement feels better than I expected. For the right player, this is a very easy recommendation.",TRUE
201166,208670,"This was a really solid surprise. The combat stayed engaging for a long time, and it makes sense why people keep returning to it. I would recommend it, especially if the tags already sound appealing to you.",TRUE
201167,468160,"Not amazing and not terrible, just a fairly middle-of-the-road experience.",TRUE
201168,33390,"I can see why this game has a strong audience. It has a clear identity instead of feeling generic, and the moment-to-moment gameplay felt sharp. For the right player, this is a very easy recommendation.",TRUE
201169,792810,"There are some good ideas here, but it did not fully work for me. I could see some appeal because it does a good job selling the simulation idea and the mood is consistent from start to finish, but the game still felt too uneven overall. I would only recommend it to someone who is already very into this niche.",FALSE
201170,332400,"After a few sessions, this one won me over. The progression system felt rewarding, and the strategic layer kept me paying attention. It is worth trying if this genre is already in your wheelhouse.",TRUE
201171,371970,"This was a really solid surprise. It feels like a small project with real personality, and building out a character was satisfying. I would recommend it, especially if the tags already sound appealing to you.",TRUE
201172,756350,"This was not a terrible game, just a disappointing one for me. I could see some appeal because it feels like a small project with real personality and the moment-to-moment gameplay felt sharp, but the game still felt too uneven overall. It might work for other people, but it was not for me.",FALSE
201173,243800,"This feels like a game with clear strengths and clear weaknesses. It works well when i want something low pressure, and the shooting feels responsive enough to carry the game, but the experience still loses momentum in places. Whether you like it probably depends on how much you enjoy this genre.",FALSE
201174,492490,"This was not a terrible game, just a disappointing one for me. I could see some appeal because the shooting feels responsive enough to carry the game and the combat stayed engaging for a long time, but the game still felt too uneven overall. I do not regret trying it, but I would not rush to recommend it.",FALSE
201175,888970,"Parts of it are interesting, but the overall experience felt weak. I could see some appeal because it is easy to pick up for a short session and it works well when I want something low pressure, but the game still felt too uneven overall. It might work for other people, but it was not for me.",FALSE
201176,733250,"I enjoyed parts of it more than the whole package. It is easy to pick up for a short session, and it works well when I want something low pressure, but the experience still loses momentum in places. I could still recommend it with the right expectations.",FALSE
201177,313010,"I enjoyed parts of it more than the whole package. It does a good job selling the simulation idea, and I liked having room to experiment, but the experience still loses momentum in places. I would call it a cautious recommendation at best.",TRUE
201178,523730,A decent game with some strengths and some obvious rough edges.,TRUE
201179,351510,"This was a really solid surprise. It is easy to pick up for a short session, and it feels like a small project with real personality. I would play more of it without much hesitation.",TRUE
201180,331870,"I had a good time with this one. It was easy to keep moving from one objective to the next, and it works well when I want something low pressure. It does enough well that I would point other people toward it.",TRUE
201181,885730,"This was not a terrible game, just a disappointing one for me. I could see some appeal because I had to think through each decision and it feels like a small project with real personality, but the game still felt too uneven overall. There is something here, but I cannot honestly recommend it as it is.",FALSE
201182,297000,"This lands somewhere in the middle for me. It is easy to enjoy this at your own pace, and matches stayed lively even after a few rounds, but the experience still loses momentum in places. There is enough here to keep it interesting, even if it is not an easy recommendation.",FALSE
201183,886070,"I ended up liking this more than I expected. It feels like a small project with real personality, and it works well as a solo game. For the right player, this is a very easy recommendation.",TRUE
201184,403430,"I ended up liking this more than I expected. The combat stayed engaging for a long time, and the moment-to-moment gameplay felt sharp. I would play more of it without much hesitation.",TRUE
201185,882460,"There are some good ideas here, but it did not fully work for me. I could see some appeal because it feels like a small project with real personality and it has a clear identity instead of feeling generic, but the game still felt too uneven overall. It might work for other people, but it was not for me.",FALSE
201186,717680,"This feels like a game with clear strengths and clear weaknesses. The races stayed entertaining instead of repetitive, and it has a clear identity instead of feeling generic, but the experience still loses momentum in places. I could still recommend it with the right expectations.",FALSE
201187,476430,"I can see why this game has a strong audience. The pacing worked well for an adventure game, and the systems are detailed enough to stay interesting. I would play more of it without much hesitation.",TRUE
201188,496320,"I had a good time with this one. It has a clear identity instead of feeling generic, and the combat stayed engaging for a long time. I would recommend it, especially if the tags already sound appealing to you.",TRUE
201189,463850,"This is an easy game for me to recommend. It works well as a solo game, and it is easy to pick up for a short session. For the right player, this is a very easy recommendation.",TRUE
201190,859170,"I enjoyed parts of it more than the whole package. Survival pressure made the sessions memorable, and the combat stayed engaging for a long time, but the experience still loses momentum in places. I would call it a cautious recommendation at best.",TRUE
201191,357120,"I had a good time with this one. It has a light tone that makes it easy to keep going, and the combat stayed engaging for a long time. I would recommend it, especially if the tags already sound appealing to you.",TRUE
201192,332200,"This was a really solid surprise. The combat stayed engaging for a long time, and it works well as a solo game. For the right player, this is a very easy recommendation.",TRUE
201193,699770,"I have mixed feelings about this game. It does a good job selling the simulation idea, and it is easy to pick up for a short session, but the experience still loses momentum in places. There is enough here to keep it interesting, even if it is not an easy recommendation.",TRUE
201194,678450,"This was not a terrible game, just a disappointing one for me. I could see some appeal because the moment-to-moment gameplay felt sharp and the systems are detailed enough to stay interesting, but the game still felt too uneven overall. I do not regret trying it, but I would not rush to recommend it.",FALSE
201195,954720,"This feels like a game with clear strengths and clear weaknesses. It builds tension well when you let it breathe, and it feels like a small project with real personality, but the experience still loses momentum in places. I would call it a cautious recommendation at best.",FALSE
201196,787110,"This feels like a game with clear strengths and clear weaknesses. It was easy to keep moving from one objective to the next, and the progression system felt rewarding, but the experience still loses momentum in places. Whether you like it probably depends on how much you enjoy this genre.",FALSE
201197,674750,"I enjoyed parts of it more than the whole package. The gunplay is the main reason i kept playing, and the co-op side adds a lot of replay value, but the experience still loses momentum in places. Whether you like it probably depends on how much you enjoy this genre.",FALSE
201198,339840,"This was a really solid surprise. It feels like a small project with real personality, and the pacing worked well for an adventure game. For the right player, this is a very easy recommendation.",TRUE
201199,873330,"This is an easy game for me to recommend. It has a clear identity instead of feeling generic, and it works well when I want something low pressure. It is worth trying if this genre is already in your wheelhouse.",TRUE
201200,908840,"I had a good time with this one. The combat stayed engaging for a long time, and it works well when I want something low pressure. For the right player, this is a very easy recommendation.",TRUE
201201,952680,"I have mixed feelings about this game. The writing was stronger than i expected, and it is easy to enjoy this at your own pace, but the experience still loses momentum in places. I would call it a cautious recommendation at best.",FALSE
201202,508950,"I ended up liking this more than I expected. The combat stayed engaging for a long time, and the story kept me interested. I would recommend it, especially if the tags already sound appealing to you.",TRUE
201203,681670,"Parts of it are interesting, but the overall experience felt weak. I could see some appeal because the combat stayed engaging for a long time and it has a clear identity instead of feeling generic, but the game still felt too uneven overall. I do not regret trying it, but I would not rush to recommend it.",FALSE
201204,1036420,"I ended up liking this more than I expected. I had to think through each decision, and the strategic layer kept me paying attention. I would recommend it, especially if the tags already sound appealing to you.",TRUE
201205,407050,"This was a really solid surprise. It has a light tone that makes it easy to keep going, and the writing was stronger than I expected. It is worth trying if this genre is already in your wheelhouse.",TRUE
201206,1028250,"I ended up liking this more than I expected. Building out a character was satisfying, and the moment-to-moment gameplay felt sharp. I would recommend it, especially if the tags already sound appealing to you.",TRUE
201207,511470,"This is an easy game for me to recommend. It has a clear identity instead of feeling generic, and the atmosphere is one of its biggest strengths. I would recommend it, especially if the tags already sound appealing to you.",TRUE
201208,786090,"I can see why this game has a strong audience. It is easy to pick up for a short session, and the pacing worked well for an adventure game. I would play more of it without much hesitation.",TRUE
201209,983340,"I can see why this game has a strong audience. It is easy to pick up for a short session, and the combat stayed engaging for a long time. It does enough well that I would point other people toward it.",TRUE
201210,311340,"I ended up liking this more than I expected. The pacing worked well for an adventure game, and the gunplay is the main reason I kept playing. I would recommend it, especially if the tags already sound appealing to you.",TRUE
201211,485860,"I ended up liking this more than I expected. It has a clear identity instead of feeling generic, and it was easy to keep moving from one objective to the next. I would recommend it, especially if the tags already sound appealing to you.",TRUE
201212,319050,"This was a really solid surprise. Matches stayed lively even after a few rounds, and the progression system felt rewarding. It is worth trying if this genre is already in your wheelhouse.",TRUE
201213,821550,"There is a lot to like here, but also a few obvious issues. The story kept me interested, and it works well when I want something low pressure, but the experience still loses momentum in places. I could still recommend it with the right expectations.",TRUE
201214,533280,"I wanted to like this more than I did. I could see some appeal because the combat stayed engaging for a long time and the moment-to-moment gameplay felt sharp, but the game still felt too uneven overall. I would only recommend it to someone who is already very into this niche.",FALSE
201215,840500,"This lands somewhere in the middle for me. It feels like a small project with real personality, and it is easy to pick up for a short session, but the experience still loses momentum in places. I would call it a cautious recommendation at best.",TRUE
201216,212630,"This is an easy game for me to recommend. The atmosphere is one of its biggest strengths, and the shooting feels responsive enough to carry the game. I would play more of it without much hesitation.",TRUE
201217,527210,"I had a good time with this one. Solving things felt satisfying more often than frustrating, and I had to think through each decision. I would play more of it without much hesitation.",TRUE
201218,770320,"This was not a terrible game, just a disappointing one for me. I could see some appeal because the moment-to-moment gameplay felt sharp and this feels much better with friends, but the game still felt too uneven overall. There is something here, but I cannot honestly recommend it as it is.",FALSE
201219,743370,"I can see why this game has a strong audience. I liked juggling the different systems, and it works well as a solo game. It does enough well that I would point other people toward it.",TRUE
201220,510740,"This was a really solid surprise. It feels like a small project with real personality, and it has a clear identity instead of feeling generic. For the right player, this is a very easy recommendation.",TRUE
201221,39120,"After a few sessions, this one won me over. Crafting gave the loop some momentum, and I liked unlocking better tools and options over time. I would recommend it, especially if the tags already sound appealing to you.",TRUE
201222,370970,"This was not a terrible game, just a disappointing one for me. I could see some appeal because it is easy to pick up for a short session and the combat stayed engaging for a long time, but the game still felt too uneven overall. It might work for other people, but it was not for me.",FALSE
201223,690530,"After a few sessions, this one won me over. It has a clear identity instead of feeling generic, and survival pressure made the sessions memorable. For the right player, this is a very easy recommendation.",TRUE
201224,638060,"I had a good time with this one. I had to think through each decision, and it works well as a solo game. For the right player, this is a very easy recommendation.",TRUE
201225,305780,"This is an easy game for me to recommend. It does a good job selling the simulation idea, and it feels like a small project with real personality. It does enough well that I would point other people toward it.",TRUE
201226,674390,"I enjoyed parts of it more than the whole package. It was easy to keep moving from one objective to the next, and movement feels better than I expected, but the experience still loses momentum in places. There is enough here to keep it interesting, even if it is not an easy recommendation.",FALSE
201227,372800,"I can see why this game has a strong audience. The pacing worked well for an adventure game, and crafting gave the loop some momentum. It does enough well that I would point other people toward it.",TRUE
201228,359580,"It is a decent game, even if it never fully clicked for me. It feels like a small project with real personality, and the pacing worked well for an adventure game, but the experience still loses momentum in places. Whether you like it probably depends on how much you enjoy this genre.",TRUE
201229,841260,"This lands somewhere in the middle for me. I had to think through each decision, and it is easy to pick up for a short session, but the experience still loses momentum in places. There is enough here to keep it interesting, even if it is not an easy recommendation.",TRUE
201230,708680,"It was fine overall, even if nothing about it really stood out to me.",TRUE
201231,805950,"This was a really solid surprise. The moment-to-moment gameplay felt sharp, and it is easy to enjoy this at your own pace. It is worth trying if this genre is already in your wheelhouse.",TRUE
201232,55040,"After a few sessions, this one won me over. This feels much better with friends, and it has a clear identity instead of feeling generic. I would play more of it without much hesitation.",TRUE
201233,760930,"There is a lot to like here, but also a few obvious issues. It works well when i want something low pressure, and it does a good job selling the simulation idea, but the experience still loses momentum in places. Whether you like it probably depends on how much you enjoy this genre.",TRUE
201234,334190,"There is a lot to like here, but also a few obvious issues. Movement feels better than i expected, and the moment-to-moment gameplay felt sharp, but the experience still loses momentum in places. I would call it a cautious recommendation at best.",FALSE
201235,734750,"I ended up liking this more than I expected. The progression system felt rewarding, and I liked unlocking better tools and options over time. It is worth trying if this genre is already in your wheelhouse.",TRUE
201236,259830,"This feels like a game with clear strengths and clear weaknesses. The combat stayed engaging for a long time, and it feels like a small project with real personality, but the experience still loses momentum in places. There is enough here to keep it interesting, even if it is not an easy recommendation.",TRUE
201237,843400,"I can see what the game is aiming for, but the execution feels uneven. I could see some appeal because the moment-to-moment gameplay felt sharp and it was easy to keep moving from one objective to the next, but the game still felt too uneven overall. I do not regret trying it, but I would not rush to recommend it.",FALSE
201238,214570,"This lands somewhere in the middle for me. It is easy to enjoy this at your own pace, and it has a clear identity instead of feeling generic, but the experience still loses momentum in places. It is not a must-play, but I can understand why some people enjoy it.",FALSE
201239,992330,"I had a good time with this one. It is easy to enjoy this at your own pace, and solving things felt satisfying more often than frustrating. I would recommend it, especially if the tags already sound appealing to you.",TRUE
201240,674420,"I do not think this came together as well as it could have. I could see some appeal because the moment-to-moment gameplay felt sharp and the combat stayed engaging for a long time, but the game still felt too uneven overall. There is something here, but I cannot honestly recommend it as it is.",FALSE
201241,434480,"I have mixed feelings about this game. Building out a character was satisfying, and the progression system felt rewarding, but the experience still loses momentum in places. It is not a must-play, but I can understand why some people enjoy it.",FALSE
201242,513290,"I can see what the game is aiming for, but the execution feels uneven. I could see some appeal because it was easy to keep moving from one objective to the next and the puzzle design was solid without feeling unfair, but the game still felt too uneven overall. I do not regret trying it, but I would not rush to recommend it.",FALSE
201243,857240,"There are some good ideas here, but it did not fully work for me. I could see some appeal because I had to think through each decision and the progression system felt rewarding, but the game still felt too uneven overall. I would wait for a discount before suggesting it to anyone else.",FALSE
201244,35460,"I can see why this game has a strong audience. I had to think through each decision, and solving things felt satisfying more often than frustrating. I would play more of it without much hesitation.",TRUE
201245,1014840,"I enjoyed parts of it more than the whole package. It was easy to keep moving from one objective to the next, and the pacing worked well for an adventure game, but the experience still loses momentum in places. There is enough here to keep it interesting, even if it is not an easy recommendation.",TRUE
201246,732010,"This was a really solid surprise. It feels like a small project with real personality, and it is easy to pick up for a short session. For the right player, this is a very easy recommendation.",TRUE
201247,541920,"I have mixed feelings about this game. It was easy to keep moving from one objective to the next, and the combat stayed engaging for a long time, but the experience still loses momentum in places. I could still recommend it with the right expectations.",TRUE
201248,435140,"I had a good time with this one. It works well when i want something low pressure, and I had to think through each decision. It is worth trying if this genre is already in your wheelhouse.",TRUE
201249,298030,"After a few sessions, this one won me over. It makes sense why people keep returning to it, and matches stayed lively even after a few rounds. It is worth trying if this genre is already in your wheelhouse.",TRUE
201250,550440,"It is a decent game, even if it never fully clicked for me. It was easy to keep moving from one objective to the next, and solving things felt satisfying more often than frustrating, but the experience still loses momentum in places. It is not a must-play, but I can understand why some people enjoy it.",FALSE
201251,1017940,"It was fine overall, even if nothing about it really stood out to me.",FALSE
201252,1040590,"It is a decent game, even if it never fully clicked for me. Once the controls clicked, the platforming was fun, and movement feels better than I expected, but the experience still loses momentum in places. Whether you like it probably depends on how much you enjoy this genre.",FALSE
201253,1017630,"This feels average to me, though I can still see the appeal for the right player.",TRUE
201254,542170,"This was a really solid surprise. It has a clear sense of what it wants to be, and the core loop stayed reasonably engaging. I would play more of it without much hesitation.",TRUE
201255,837590,"This is an easy game for me to recommend. The moment-to-moment gameplay felt sharp, and it is easy to enjoy this at your own pace. For the right player, this is a very easy recommendation.",TRUE
201256,525150,"I can see why this game has a strong audience. The moment-to-moment gameplay felt sharp, and it has a clear identity instead of feeling generic. For the right player, this is a very easy recommendation.",TRUE
201257,494380,"Parts of it are interesting, but the overall experience felt weak. I could see some appeal because the systems are detailed enough to stay interesting and it does a good job selling the simulation idea, but the game still felt too uneven overall. It might work for other people, but it was not for me.",FALSE
201258,488660,"After a few sessions, this one won me over. I had to think through each decision, and it has a clear identity instead of feeling generic. It is worth trying if this genre is already in your wheelhouse.",TRUE
201259,858440,"This feels like a game with clear strengths and clear weaknesses. Once the controls clicked, the platforming was fun, and it was easy to keep moving from one objective to the next, but the experience still loses momentum in places. It is not a must-play, but I can understand why some people enjoy it.",TRUE
201260,700490,"I enjoyed parts of it more than the whole package. It works well when i want something low pressure, and the strategic layer kept me paying attention, but the experience still loses momentum in places. Whether you like it probably depends on how much you enjoy this genre.",FALSE
201261,972080,"I can see why this game has a strong audience. I had to think through each decision, and the strategic layer kept me paying attention. It does enough well that I would point other people toward it.",TRUE
201262,460950,"I ended up liking this more than I expected. It feels like a small project with real personality, and once the controls clicked, the platforming was fun. It is worth trying if this genre is already in your wheelhouse.",TRUE
201263,815950,A decent game with some strengths and some obvious rough edges.,FALSE
201264,513600,"It is a decent game, even if it never fully clicked for me. It has a clear identity instead of feeling generic, and it works well when I want something low pressure, but the experience still loses momentum in places. I would call it a cautious recommendation at best.",FALSE
201265,679820,"It is a decent game, even if it never fully clicked for me. It was easy to keep moving from one objective to the next, and it is easy to pick up for a short session, but the experience still loses momentum in places. There is enough here to keep it interesting, even if it is not an easy recommendation.",TRUE
201266,991230,"I ended up liking this more than I expected. The races stayed entertaining instead of repetitive, and it works well when I want something low pressure. It does enough well that I would point other people toward it.",TRUE
201267,775690,"I had a good time with this one. It feels like a small project with real personality, and it is easy to pick up for a short session. It is worth trying if this genre is already in your wheelhouse.",TRUE
201268,567130,"I ended up liking this more than I expected. I had to think through each decision, and matches stayed lively even after a few rounds. I would recommend it, especially if the tags already sound appealing to you.",TRUE
201269,284220,"I had mixed feelings, but it was still interesting enough to finish a session or two.",TRUE
201270,898650,"I can see why this game has a strong audience. The story kept me interested, and the pacing worked well for an adventure game. It does enough well that I would point other people toward it.",TRUE
201271,790060,"I have mixed feelings about this game. The atmosphere is one of its biggest strengths, and the combat stayed engaging for a long time, but the experience still loses momentum in places. I could still recommend it with the right expectations.",FALSE
201272,556300,"I have mixed feelings about this game. The systems are detailed enough to stay interesting, and it has a clear identity instead of feeling generic, but the experience still loses momentum in places. It is not a must-play, but I can understand why some people enjoy it.",TRUE
201273,779100,"I enjoyed parts of it more than the whole package. It builds tension well when you let it breathe, and matches stayed lively even after a few rounds, but the experience still loses momentum in places. It is not a must-play, but I can understand why some people enjoy it.",FALSE
201274,265890,"I ended up liking this more than I expected. The strategic layer kept me paying attention, and the puzzle design was solid without feeling unfair. I would recommend it, especially if the tags already sound appealing to you.",TRUE
201275,659900,"I ended up liking this more than I expected. It feels like a small project with real personality, and it has a clear identity instead of feeling generic. I would play more of it without much hesitation.",TRUE
201276,780100,"This is an easy game for me to recommend. It is easy to enjoy this at your own pace, and the moment-to-moment gameplay felt sharp. It is worth trying if this genre is already in your wheelhouse.",TRUE
201277,934580,"I ended up liking this more than I expected. It feels like a small project with real personality, and the atmosphere carried a lot of the experience. I would recommend it, especially if the tags already sound appealing to you.",TRUE
201278,851890,"This was a really solid surprise. The pacing worked well for an adventure game, and it is easy to enjoy this at your own pace. For the right player, this is a very easy recommendation.",TRUE
201279,466910,"There is a lot to like here, but also a few obvious issues. It works well when i want something low pressure, and the co-op side adds a lot of replay value, but the experience still loses momentum in places. There is enough here to keep it interesting, even if it is not an easy recommendation.",FALSE
201280,908940,"This is an easy game for me to recommend. Building out a character was satisfying, and the progression system felt rewarding. I would play more of it without much hesitation.",TRUE
201281,864610,"After a few sessions, this one won me over. It feels like a small project with real personality, and the combat stayed engaging for a long time. I would recommend it, especially if the tags already sound appealing to you.",TRUE
201282,644740,"This is an easy game for me to recommend. It was easy to keep moving from one objective to the next, and the combat stayed engaging for a long time. I would recommend it, especially if the tags already sound appealing to you.",TRUE
201283,790020,"I can see why this game has a strong audience. The handling felt good after a short adjustment period, and the races stayed entertaining instead of repetitive. For the right player, this is a very easy recommendation.",TRUE
201284,520350,"It is a decent game, even if it never fully clicked for me. It does a respectable job with its main idea, and I could understand the appeal after spending some time with it, but the experience still loses momentum in places. I could still recommend it with the right expectations.",FALSE
201285,465660,"I have mixed feelings about this game. It feels like a small project with real personality, and it has a clear identity instead of feeling generic, but the experience still loses momentum in places. I could still recommend it with the right expectations.",FALSE
201286,115210,"This is an easy game for me to recommend. The strategic layer kept me paying attention, and it is easy to enjoy this at your own pace. I would recommend it, especially if the tags already sound appealing to you.",TRUE
201287,683130,"I can see why this game has a strong audience. It works well when i want something low pressure, and the combat stayed engaging for a long time. It is worth trying if this genre is already in your wheelhouse.",TRUE
201288,637120,"I had a good time with this one. Matches stayed lively even after a few rounds, and it is easy to enjoy this at your own pace. It is worth trying if this genre is already in your wheelhouse.",TRUE
201289,883130,"This lands somewhere in the middle for me. I liked juggling the different systems, and the systems are detailed enough to stay interesting, but the experience still loses momentum in places. There is enough here to keep it interesting, even if it is not an easy recommendation.",FALSE
201290,476710,"There is a lot to like here, but also a few obvious issues. Movement feels better than i expected, and it is easy to enjoy this at your own pace, but the experience still loses momentum in places. I could still recommend it with the right expectations.",TRUE
201291,752380,"It was fine overall, even if nothing about it really stood out to me.",TRUE
201292,926610,"After a few sessions, this one won me over. The moment-to-moment gameplay felt sharp, and the story kept me interested. It is worth trying if this genre is already in your wheelhouse.",TRUE
201293,230290,"I can see why this game has a strong audience. It is easy to enjoy this at your own pace, and it does a good job selling the simulation idea. I would play more of it without much hesitation.",TRUE
201294,370750,"There is a lot to like here, but also a few obvious issues. I liked juggling the different systems, and survival pressure made the sessions memorable, but the experience still loses momentum in places. I would call it a cautious recommendation at best.",TRUE
201295,380580,"This was a really solid surprise. It feels like a small project with real personality, and the combat stayed engaging for a long time. I would recommend it, especially if the tags already sound appealing to you.",TRUE
201296,670270,"After a few sessions, this one won me over. The moment-to-moment gameplay felt sharp, and the combat stayed engaging for a long time. It is worth trying if this genre is already in your wheelhouse.",TRUE
201297,746840,"It is a decent game, even if it never fully clicked for me. The pacing worked well for an adventure game, and it is easy to enjoy this at your own pace, but the experience still loses momentum in places. I could still recommend it with the right expectations.",FALSE
201298,860620,"I do not think this came together as well as it could have. I could see some appeal because it builds tension well when you let it breathe and it was easy to keep moving from one objective to the next, but the game still felt too uneven overall. It might work for other people, but it was not for me.",FALSE
201299,545200,"I enjoyed parts of it more than the whole package. It is easy to pick up for a short session, and it works well when I want something low pressure, but the experience still loses momentum in places. I could still recommend it with the right expectations.",TRUE
201300,431460,"It is a decent game, even if it never fully clicked for me. It has a clear identity instead of feeling generic, and it works well when I want something low pressure, but the experience still loses momentum in places. It is not a must-play, but I can understand why some people enjoy it.",FALSE
201301,558650,"I enjoyed parts of it more than the whole package. It is easy to pick up for a short session, and it has a clear identity instead of feeling generic, but the experience still loses momentum in places. I would call it a cautious recommendation at best.",TRUE
201302,466810,"I had a good time with this one. It has a clear identity instead of feeling generic, and it feels like a small project with real personality. It does enough well that I would point other people toward it.",TRUE
201303,637040,"Parts of it are interesting, but the overall experience felt weak. I could see some appeal because it has a clear identity instead of feeling generic and the moment-to-moment gameplay felt sharp, but the game still felt too uneven overall. I would wait for a discount before suggesting it to anyone else.",FALSE
201304,745960,"I can see why this game has a strong audience. It works well as a solo game, and the atmosphere is one of its biggest strengths. It does enough well that I would point other people toward it.",TRUE
201305,220660,"I have mixed feelings about this game. It feels like a small project with real personality, and it is easy to enjoy this at your own pace, but the experience still loses momentum in places. I would call it a cautious recommendation at best.",TRUE
201306,290530,"I have mixed feelings about this game. It makes sense why people keep returning to it, and the story kept me interested, but the experience still loses momentum in places. Whether you like it probably depends on how much you enjoy this genre.",FALSE
201307,697970,"This lands somewhere in the middle for me. It feels like a small project with real personality, and it has a clear identity instead of feeling generic, but the experience still loses momentum in places. It is not a must-play, but I can understand why some people enjoy it.",FALSE
201308,397310,"This was a really solid surprise. The progression system felt rewarding, and this feels much better with friends. I would play more of it without much hesitation.",TRUE
201309,396230,"I had a good time with this one. Building out a character was satisfying, and the progression system felt rewarding. I would recommend it, especially if the tags already sound appealing to you.",TRUE
201310,340270,"This is an easy game for me to recommend. It works well when i want something low pressure, and it is easy to pick up for a short session. It does enough well that I would point other people toward it.",TRUE
201311,493110,"This was a really solid surprise. The moment-to-moment gameplay felt sharp, and I had to think through each decision. For the right player, this is a very easy recommendation.",TRUE
201312,323850,"I had a good time with this one. The moment-to-moment gameplay felt sharp, and matches stayed lively even after a few rounds. I would play more of it without much hesitation.",TRUE
201313,959030,"This was a really solid surprise. It has a clear identity instead of feeling generic, and the moment-to-moment gameplay felt sharp. It does enough well that I would point other people toward it.",TRUE
201314,629860,"I ended up liking this more than I expected. Movement feels better than i expected, and it was easy to keep moving from one objective to the next. It is worth trying if this genre is already in your wheelhouse.",TRUE
201315,665210,"This was a really solid surprise. It works well when i want something low pressure, and it does a good job selling the simulation idea. I would recommend it, especially if the tags already sound appealing to you.",TRUE
201316,597040,"There is a lot to like here, but also a few obvious issues. The races stayed entertaining instead of repetitive, and the humor landed more often than not, but the experience still loses momentum in places. There is enough here to keep it interesting, even if it is not an easy recommendation.",FALSE
201317,646910,"I ended up liking this more than I expected. The systems are detailed enough to stay interesting, and the co-op side adds a lot of replay value. For the right player, this is a very easy recommendation.",TRUE
201318,451570,"I can see why this game has a strong audience. It works well when i want something low pressure, and solving things felt satisfying more often than frustrating. I would play more of it without much hesitation.",TRUE
201319,555580,"This feels average to me, though I can still see the appeal for the right player.",TRUE
201320,842290,"I can see what the game is aiming for, but the execution feels uneven. I could see some appeal because it works well when I want something low pressure and it has a clear identity instead of feeling generic, but the game still felt too uneven overall. I would only recommend it to someone who is already very into this niche.",FALSE
201321,319480,"I ended up liking this more than I expected. It is easy to enjoy this at your own pace, and it works well as a solo game. It is worth trying if this genre is already in your wheelhouse.",TRUE
201322,396010,"It is a decent game, even if it never fully clicked for me. The combat stayed engaging for a long time, and it feels like a small project with real personality, but the experience still loses momentum in places. I could still recommend it with the right expectations.",FALSE
201323,529490,"I enjoyed parts of it more than the whole package. The gunplay is the main reason i kept playing, and it was easy to keep moving from one objective to the next, but the experience still loses momentum in places. It is not a must-play, but I can understand why some people enjoy it.",FALSE
201324,675480,"This feels like a game with clear strengths and clear weaknesses. The moment-to-moment gameplay felt sharp, and the pacing worked well for an adventure game, but the experience still loses momentum in places. Whether you like it probably depends on how much you enjoy this genre.",FALSE
201325,367710,"There are some good ideas here, but it did not fully work for me. I could see some appeal because it has a clear identity instead of feeling generic and it feels like a small project with real personality, but the game still felt too uneven overall. There is something here, but I cannot honestly recommend it as it is.",FALSE
201326,949630,"I can see why this game has a strong audience. It makes sense why people keep returning to it, and it has a clear identity instead of feeling generic. For the right player, this is a very easy recommendation.",TRUE
201327,342970,"I had a good time with this one. It works well when i want something low pressure, and the management layer made the game easy to sink time into. I would recommend it, especially if the tags already sound appealing to you.",TRUE
201328,693810,"After a few sessions, this one won me over. I had to think through each decision, and it feels like a small project with real personality. I would recommend it, especially if the tags already sound appealing to you.",TRUE
201329,602970,"I can see why this game has a strong audience. The combat stayed engaging for a long time, and the systems are detailed enough to stay interesting. For the right player, this is a very easy recommendation.",TRUE
201330,230760,"This feels like a game with clear strengths and clear weaknesses. Movement feels better than i expected, and it is easy to pick up for a short session, but the experience still loses momentum in places. There is enough here to keep it interesting, even if it is not an easy recommendation.",TRUE
201331,207080,"I had a good time with this one. It has a clear identity instead of feeling generic, and it works well as a solo game. It is worth trying if this genre is already in your wheelhouse.",TRUE
201332,800130,"I can see what the game is aiming for, but the execution feels uneven. I could see some appeal because it works well when I want something low pressure and it is easy to pick up for a short session, but the game still felt too uneven overall. I would wait for a discount before suggesting it to anyone else.",FALSE
201333,686900,"I had a good time with this one. The building side gave me a reason to keep playing, and the management layer made the game easy to sink time into. It does enough well that I would point other people toward it.",TRUE
201334,3600,"This was a really solid surprise. The pacing worked well for an adventure game, and it is easy to pick up for a short session. I would recommend it, especially if the tags already sound appealing to you.",TRUE
201335,779640,"After a few sessions, this one won me over. The systems are detailed enough to stay interesting, and it does a good job selling the simulation idea. It does enough well that I would point other people toward it.",TRUE
201336,950140,"I had a good time with this one. The puzzle design was solid without feeling unfair, and it feels like a small project with real personality. For the right player, this is a very easy recommendation.",TRUE
201337,851790,"I have mixed feelings about this game. I had to think through each decision, and the management layer made the game easy to sink time into, but the experience still loses momentum in places. I could still recommend it with the right expectations.",FALSE
201338,436690,"It is a decent game, even if it never fully clicked for me. I had to think through each decision, and the systems are detailed enough to stay interesting, but the experience still loses momentum in places. There is enough here to keep it interesting, even if it is not an easy recommendation.",FALSE
201339,958200,"I can see why this game has a strong audience. The moment-to-moment gameplay felt sharp, and it is easy to pick up for a short session. It is worth trying if this genre is already in your wheelhouse.",TRUE
201340,734550,"This was not a terrible game, just a disappointing one for me. I could see some appeal because the combat stayed engaging for a long time and the moment-to-moment gameplay felt sharp, but the game still felt too uneven overall. It might work for other people, but it was not for me.",FALSE
201341,299100,"This was not a terrible game, just a disappointing one for me. I could see some appeal because it feels like a small project with real personality and it has a clear identity instead of feeling generic, but the game still felt too uneven overall. It might work for other people, but it was not for me.",FALSE
201342,561230,"This lands somewhere in the middle for me. It has a clear identity instead of feeling generic, and it works well when I want something low pressure, but the experience still loses momentum in places. I would call it a cautious recommendation at best.",FALSE
201343,976960,"After a few sessions, this one won me over. It feels like a small project with real personality, and putting things together was genuinely satisfying. I would play more of it without much hesitation.",TRUE
201344,815000,"I have mixed feelings about this game. It feels like a small project with real personality, and it has a clear identity instead of feeling generic, but the experience still loses momentum in places. It is not a must-play, but I can understand why some people enjoy it.",FALSE
201345,317030,"I had a good time with this one. The writing was stronger than i expected, and the atmosphere is one of its biggest strengths. It is worth trying if this genre is already in your wheelhouse.",TRUE
201346,209080,"I can see why this game has a strong audience. It has a clear identity instead of feeling generic, and the strategic layer kept me paying attention. For the right player, this is a very easy recommendation.",TRUE
201347,541300,"This was a really solid surprise. The atmosphere is one of its biggest strengths, and the freedom to approach things my own way helped a lot. I would recommend it, especially if the tags already sound appealing to you.",TRUE
201348,449200,"This lands somewhere in the middle for me. The progression system felt rewarding, and building out a character was satisfying, but the experience still loses momentum in places. I could still recommend it with the right expectations.",TRUE
201349,905460,"I can see why this game has a strong audience. It does a good job selling the simulation idea, and the systems are detailed enough to stay interesting. It is worth trying if this genre is already in your wheelhouse.",TRUE
201350,614900,"It is a decent game, even if it never fully clicked for me. It feels like a small project with real personality, and it has a clear identity instead of feeling generic, but the experience still loses momentum in places. I could still recommend it with the right expectations.",FALSE
201351,676470,"There is a lot to like here, but also a few obvious issues. The pacing worked well for an adventure game, and it feels like a small project with real personality, but the experience still loses momentum in places. I would call it a cautious recommendation at best.",FALSE
201352,292840,"This is an easy game for me to recommend. It was easy to keep moving from one objective to the next, and the puzzle design was solid without feeling unfair. I would recommend it, especially if the tags already sound appealing to you.",TRUE
201353,211970,"There is a lot to like here, but also a few obvious issues. It does a good job selling the simulation idea, and the races stayed entertaining instead of repetitive, but the experience still loses momentum in places. I would call it a cautious recommendation at best.",FALSE
201354,621850,"I had a good time with this one. It works well when i want something low pressure, and it has a clear identity instead of feeling generic. It does enough well that I would point other people toward it.",TRUE
201355,662780,"I ended up liking this more than I expected. The moment-to-moment gameplay felt sharp, and I had to think through each decision. I would recommend it, especially if the tags already sound appealing to you.",TRUE
201356,935960,"This was not a terrible game, just a disappointing one for me. I could see some appeal because it feels like a small project with real personality and it works well when I want something low pressure, but the game still felt too uneven overall. I would only recommend it to someone who is already very into this niche.",FALSE
201357,560750,"This is an easy game for me to recommend. It feels like a small project with real personality, and it was easy to keep moving from one objective to the next. I would play more of it without much hesitation.",TRUE
201358,257970,"After a few sessions, this one won me over. The story kept me interested, and the slower pace worked in its favor. I would recommend it, especially if the tags already sound appealing to you.",TRUE
201359,721470,"It is a decent game, even if it never fully clicked for me. It feels like a small project with real personality, and it has a clear identity instead of feeling generic, but the experience still loses momentum in places. I could still recommend it with the right expectations.",FALSE
201360,994190,"This lands somewhere in the middle for me. It feels like a small project with real personality, and it is easy to pick up for a short session, but the experience still loses momentum in places. It is not a must-play, but I can understand why some people enjoy it.",FALSE
201361,774221,"I can see why this game has a strong audience. It has a clear identity instead of feeling generic, and it builds tension well when you let it breathe. I would play more of it without much hesitation.",TRUE
201362,49000,"After a few sessions, this one won me over. It is easy to pick up for a short session, and it works well when I want something low pressure. I would recommend it, especially if the tags already sound appealing to you.",TRUE
201363,553680,"I can see what the game is aiming for, but the execution feels uneven. I could see some appeal because it is easy to pick up for a short session and it feels like a small project with real personality, but the game still felt too uneven overall. I do not regret trying it, but I would not rush to recommend it.",FALSE
201364,378070,"I had a good time with this one. The combat stayed engaging for a long time, and the moment-to-moment gameplay felt sharp. It is worth trying if this genre is already in your wheelhouse.",TRUE
201365,852160,"This was a really solid surprise. It has a clear identity instead of feeling generic, and building out a character was satisfying. It is worth trying if this genre is already in your wheelhouse.",TRUE
201366,543740,"After a few sessions, this one won me over. The combat stayed engaging for a long time, and the moment-to-moment gameplay felt sharp. I would play more of it without much hesitation.",TRUE
201367,478950,"This lands somewhere in the middle for me. It was easy to keep moving from one objective to the next, and the moment-to-moment gameplay felt sharp, but the experience still loses momentum in places. I could still recommend it with the right expectations.",FALSE
201368,533480,"This was a really solid surprise. I had to think through each decision, and the pacing worked well for an adventure game. It does enough well that I would point other people toward it.",TRUE
201369,208630,"It was fine overall, even if nothing about it really stood out to me.",TRUE
201370,861930,"I ended up liking this more than I expected. It feels like a small project with real personality, and the atmosphere carried a lot of the experience. It is worth trying if this genre is already in your wheelhouse.",TRUE
201371,941730,"This feels like a game with clear strengths and clear weaknesses. It works well as a solo game, and the combat stayed engaging for a long time, but the experience still loses momentum in places. It is not a must-play, but I can understand why some people enjoy it.",FALSE
201372,883280,"This was a really solid surprise. The combat stayed engaging for a long time, and it feels like a small project with real personality. For the right player, this is a very easy recommendation.",TRUE
201373,427910,"I ended up liking this more than I expected. It works well when i want something low pressure, and it is easy to pick up for a short session. For the right player, this is a very easy recommendation.",TRUE
201374,576400,"I ended up liking this more than I expected. It is easy to pick up for a short session, and it is easy to enjoy this at your own pace. It is worth trying if this genre is already in your wheelhouse.",TRUE
201375,380660,"I had a good time with this one. The pacing worked well for an adventure game, and it feels like a small project with real personality. It is worth trying if this genre is already in your wheelhouse.",TRUE
201376,518680,"It is a decent game, even if it never fully clicked for me. It feels like a small project with real personality, and it works well when I want something low pressure, but the experience still loses momentum in places. It is not a must-play, but I can understand why some people enjoy it.",FALSE
201377,823160,"I have mixed feelings about this game. It has a clear identity instead of feeling generic, and it feels like a small project with real personality, but the experience still loses momentum in places. Whether you like it probably depends on how much you enjoy this genre.",TRUE
201378,529870,"This is an easy game for me to recommend. Matches stayed lively even after a few rounds, and I had to think through each decision. I would play more of it without much hesitation.",TRUE
201379,677480,"I enjoyed parts of it more than the whole package. It has a clear identity instead of feeling generic, and matches stayed lively even after a few rounds, but the experience still loses momentum in places. I would call it a cautious recommendation at best.",TRUE
201380,521450,"I have mixed feelings about this game. Survival pressure made the sessions memorable, and the pacing worked well for an adventure game, but the experience still loses momentum in places. Whether you like it probably depends on how much you enjoy this genre.",FALSE
201381,420100,A decent game with some strengths and some obvious rough edges.,TRUE
201382,872180,"After a few sessions, this one won me over. The pacing worked well for an adventure game, and it works well when I want something low pressure. It is worth trying if this genre is already in your wheelhouse.",TRUE
201383,264120,"It is a decent game, even if it never fully clicked for me. It has a clear identity instead of feeling generic, and the combat stayed engaging for a long time, but the experience still loses momentum in places. It is not a must-play, but I can understand why some people enjoy it.",TRUE
201384,96900,"It is a decent game, even if it never fully clicked for me. It feels like a small project with real personality, and the strategic layer kept me paying attention, but the experience still loses momentum in places. It is not a must-play, but I can understand why some people enjoy it.",TRUE
201385,786670,"This was not a terrible game, just a disappointing one for me. I could see some appeal because it does a good job selling the simulation idea and it is easy to pick up for a short session, but the game still felt too uneven overall. There is something here, but I cannot honestly recommend it as it is.",FALSE
201386,734920,"This is an easy game for me to recommend. It is easy to pick up for a short session, and it was easy to keep moving from one objective to the next. I would play more of it without much hesitation.",TRUE
201387,491520,"This was a really solid surprise. The strategic layer kept me paying attention, and it is easy to enjoy this at your own pace. It does enough well that I would point other people toward it.",TRUE
201388,814640,"Parts of it are interesting, but the overall experience felt weak. I could see some appeal because the strategic layer kept me paying attention and it was easy to keep moving from one objective to the next, but the game still felt too uneven overall. It might work for other people, but it was not for me.",FALSE
201389,94000,"I can see what the game is aiming for, but the execution feels uneven. I could see some appeal because the story kept me interested and the writing was stronger than I expected, but the game still felt too uneven overall. I do not regret trying it, but I would not rush to recommend it.",FALSE
201390,848150,"I can see what the game is aiming for, but the execution feels uneven. I could see some appeal because it was easy to keep moving from one objective to the next and it feels like a small project with real personality, but the game still felt too uneven overall. There is something here, but I cannot honestly recommend it as it is.",FALSE
201391,667510,"There are some good ideas here, but it did not fully work for me. I could see some appeal because the progression system felt rewarding and the combat stayed engaging for a long time, but the game still felt too uneven overall. There is something here, but I cannot honestly recommend it as it is.",FALSE
201392,318100,"I have mixed feelings about this game. Matches stayed lively even after a few rounds, and the moment-to-moment gameplay felt sharp, but the experience still loses momentum in places. It is not a must-play, but I can understand why some people enjoy it.",TRUE
201393,683280,"After a few sessions, this one won me over. Building out a character was satisfying, and the progression system felt rewarding. I would recommend it, especially if the tags already sound appealing to you.",TRUE
201394,652950,A decent game with some strengths and some obvious rough edges.,FALSE
201395,992960,"It is a decent game, even if it never fully clicked for me. It works well when i want something low pressure, and it is easy to pick up for a short session, but the experience still loses momentum in places. There is enough here to keep it interesting, even if it is not an easy recommendation.",TRUE
201396,438020,"There is a lot to like here, but also a few obvious issues. It feels like a small project with real personality, and it has a clear identity instead of feeling generic, but the experience still loses momentum in places. Whether you like it probably depends on how much you enjoy this genre.",TRUE
201397,656530,"There is a lot to like here, but also a few obvious issues. It has a clear identity instead of feeling generic, and the systems are detailed enough to stay interesting, but the experience still loses momentum in places. Whether you like it probably depends on how much you enjoy this genre.",TRUE
201398,930690,A decent game with some strengths and some obvious rough edges.,TRUE
201399,448780,"I had mixed feelings, but it was still interesting enough to finish a session or two.",FALSE
201400,679510,"It is a decent game, even if it never fully clicked for me. It feels like a small project with real personality, and it has a clear identity instead of feeling generic, but the experience still loses momentum in places. Whether you like it probably depends on how much you enjoy this genre.",FALSE
201401,389510,"This was a really solid surprise. It works well when i want something low pressure, and it is easy to pick up for a short session. For the right player, this is a very easy recommendation.",TRUE
201402,949370,"This is an easy game for me to recommend. It works well as a solo game, and it feels like a small project with real personality. I would recommend it, especially if the tags already sound appealing to you.",TRUE
201403,463480,A decent game with some strengths and some obvious rough edges.,FALSE
201404,824170,"I had a good time with this one. It feels like a small project with real personality, and it was easy to keep moving from one objective to the next. I would recommend it, especially if the tags already sound appealing to you.",TRUE
201405,722350,"This was a really solid surprise. It feels like a small project with real personality, and it has a clear identity instead of feeling generic. It does enough well that I would point other people toward it.",TRUE
201406,846710,A decent game with some strengths and some obvious rough edges.,FALSE
201407,277910,"I ended up liking this more than I expected. The pacing worked well for an adventure game, and survival pressure made the sessions memorable. It does enough well that I would point other people toward it.",TRUE
201408,770500,"This was a really solid surprise. It has a clear identity instead of feeling generic, and it is easy to pick up for a short session. It is worth trying if this genre is already in your wheelhouse.",TRUE
201409,392410,"I had mixed feelings, but it was still interesting enough to finish a session or two.",FALSE
201410,474890,"This feels like a game with clear strengths and clear weaknesses. I liked unlocking better tools and options over time, and the strategic layer kept me paying attention, but the experience still loses momentum in places. I could still recommend it with the right expectations.",FALSE
201411,806940,"This feels average to me, though I can still see the appeal for the right player.",TRUE
201412,700490,"I can see why this game has a strong audience. I had to think through each decision, and it feels like a small project with real personality. For the right player, this is a very easy recommendation.",TRUE
201413,550440,A decent game with some strengths and some obvious rough edges.,TRUE
201414,205910,"This was a really solid surprise. The combat stayed engaging for a long time, and it is easy to enjoy this at your own pace. It does enough well that I would point other people toward it.",TRUE
201415,800560,"After a few sessions, this one won me over. It was easy to keep moving from one objective to the next, and building out a character was satisfying. I would play more of it without much hesitation.",TRUE
201416,418250,"There is a lot to like here, but also a few obvious issues. It works well as a solo game, and it is easy to enjoy this at your own pace, but the experience still loses momentum in places. I could still recommend it with the right expectations.",FALSE
201417,577670,"This is an easy game for me to recommend. The atmosphere is one of its biggest strengths, and it does a good job selling the simulation idea. It is worth trying if this genre is already in your wheelhouse.",TRUE
201418,574940,"I can see why this game has a strong audience. The pacing worked well for an adventure game, and the combat stayed engaging for a long time. It is worth trying if this genre is already in your wheelhouse.",TRUE
201419,752020,"Parts of it are interesting, but the overall experience felt weak. I could see some appeal because it has a clear identity instead of feeling generic and it was easy to keep moving from one objective to the next, but the game still felt too uneven overall. I would only recommend it to someone who is already very into this niche.",FALSE
201420,552230,"It is a decent game, even if it never fully clicked for me. It is easy to pick up for a short session, and it has a clear identity instead of feeling generic, but the experience still loses momentum in places. I would call it a cautious recommendation at best.",FALSE
201421,790600,"I ended up liking this more than I expected. The strategic layer kept me paying attention, and matches stayed lively even after a few rounds. For the right player, this is a very easy recommendation.",TRUE
201422,292120,"I enjoyed parts of it more than the whole package. The moment-to-moment gameplay felt sharp, and the pacing worked well for an adventure game, but the experience still loses momentum in places. Whether you like it probably depends on how much you enjoy this genre.",FALSE
201423,904440,"This lands somewhere in the middle for me. It has a clear identity instead of feeling generic, and it is easy to pick up for a short session, but the experience still loses momentum in places. It is not a must-play, but I can understand why some people enjoy it.",FALSE
201424,294770,"I ended up liking this more than I expected. I had to think through each decision, and the moment-to-moment gameplay felt sharp. I would play more of it without much hesitation.",TRUE
201425,893610,"I had a good time with this one. It works well as a solo game, and it feels like a small project with real personality. I would play more of it without much hesitation.",TRUE
201426,809850,"I had a good time with this one. I had to think through each decision, and it is easy to pick up for a short session. I would recommend it, especially if the tags already sound appealing to you.",TRUE
201427,576290,"It is a decent game, even if it never fully clicked for me. The puzzle design was solid without feeling unfair, and it has a clear identity instead of feeling generic, but the experience still loses momentum in places. I would call it a cautious recommendation at best.",FALSE
201428,752080,"This was a really solid surprise. The moment-to-moment gameplay felt sharp, and it has a clear identity instead of feeling generic. It does enough well that I would point other people toward it.",TRUE
201429,319780,"I wanted to like this more than I did. I could see some appeal because it does a good job selling the simulation idea and it works well as a solo game, but the game still felt too uneven overall. There is something here, but I cannot honestly recommend it as it is.",FALSE
201430,460190,"This was a really solid surprise. The combat stayed engaging for a long time, and it has a clear identity instead of feeling generic. For the right player, this is a very easy recommendation.",TRUE
201431,494350,"There is a lot to like here, but also a few obvious issues. It is easy to pick up for a short session, and it works well when I want something low pressure, but the experience still loses momentum in places. Whether you like it probably depends on how much you enjoy this genre.",TRUE
201432,878080,"I can see what the game is aiming for, but the execution feels uneven. I could see some appeal because it is easy to pick up for a short session and the strategic layer kept me paying attention, but the game still felt too uneven overall. I would wait for a discount before suggesting it to anyone else.",FALSE
201433,333510,"This was a really solid surprise. It feels like a small project with real personality, and the moment-to-moment gameplay felt sharp. I would recommend it, especially if the tags already sound appealing to you.",TRUE
201434,426050,"I had a good time with this one. The progression system felt rewarding, and it has a clear identity instead of feeling generic. It does enough well that I would point other people toward it.",TRUE
201435,518610,"There is a lot to like here, but also a few obvious issues. It is easy to pick up for a short session, and it has a clear identity instead of feeling generic, but the experience still loses momentum in places. It is not a must-play, but I can understand why some people enjoy it.",FALSE
201436,724520,"I wanted to like this more than I did. I could see some appeal because the progression system felt rewarding and building out a character was satisfying, but the game still felt too uneven overall. It might work for other people, but it was not for me.",FALSE
201437,961510,"I ended up liking this more than I expected. Once the controls clicked, the platforming was fun, and it has a clear identity instead of feeling generic. I would recommend it, especially if the tags already sound appealing to you.",TRUE
201438,21690,"This is an easy game for me to recommend. The gunplay is the main reason i kept playing, and the co-op side adds a lot of replay value. It does enough well that I would point other people toward it.",TRUE
201439,518740,"This is an easy game for me to recommend. It has a clear identity instead of feeling generic, and it feels like a small project with real personality. I would recommend it, especially if the tags already sound appealing to you.",TRUE
201440,600250,"There is a lot to like here, but also a few obvious issues. The strategic layer kept me paying attention, and I had to think through each decision, but the experience still loses momentum in places. Whether you like it probably depends on how much you enjoy this genre.",FALSE
201441,772200,"I ended up liking this more than I expected. The pacing worked well for an adventure game, and the combat stayed engaging for a long time. It does enough well that I would point other people toward it.",TRUE
201442,713260,"I can see why this game has a strong audience. It has a clear identity instead of feeling generic, and it feels like a small project with real personality. It is worth trying if this genre is already in your wheelhouse.",TRUE
201443,671720,"I enjoyed parts of it more than the whole package. It works well as a solo game, and it does a good job selling the simulation idea, but the experience still loses momentum in places. Whether you like it probably depends on how much you enjoy this genre.",FALSE
201444,882700,"I can see why this game has a strong audience. It has a clear identity instead of feeling generic, and it feels like a small project with real personality. For the right player, this is a very easy recommendation.",TRUE
201445,329020,"It is a decent game, even if it never fully clicked for me. It feels like a small project with real personality, and building out a character was satisfying, but the experience still loses momentum in places. I would call it a cautious recommendation at best.",FALSE
201446,449020,"I ended up liking this more than I expected. The progression system felt rewarding, and the atmosphere carried a lot of the experience. I would play more of it without much hesitation.",TRUE
201447,606670,"I can see why this game has a strong audience. It has a clear identity instead of feeling generic, and it works well as a solo game. It is worth trying if this genre is already in your wheelhouse.",TRUE
201448,576400,"I ended up liking this more than I expected. The mood is consistent from start to finish, and it is easy to enjoy this at your own pace. For the right player, this is a very easy recommendation.",TRUE
201449,987710,A decent game with some strengths and some obvious rough edges.,TRUE
201450,7510,"This lands somewhere in the middle for me. The combat stayed engaging for a long time, and building out a character was satisfying, but the experience still loses momentum in places. It is not a must-play, but I can understand why some people enjoy it.",FALSE
201451,400790,"After a few sessions, this one won me over. The shooting feels responsive enough to carry the game, and the combat stayed engaging for a long time. I would play more of it without much hesitation.",TRUE
201452,473780,"After a few sessions, this one won me over. The puzzle design was solid without feeling unfair, and it is easy to pick up for a short session. I would recommend it, especially if the tags already sound appealing to you.",TRUE
201453,381340,"I enjoyed parts of it more than the whole package. It works well when i want something low pressure, and the puzzle design was solid without feeling unfair, but the experience still loses momentum in places. I could still recommend it with the right expectations.",FALSE
201454,639920,"I have mixed feelings about this game. It has a clear identity instead of feeling generic, and it works well when I want something low pressure, but the experience still loses momentum in places. There is enough here to keep it interesting, even if it is not an easy recommendation.",TRUE
201455,729320,"I can see why this game has a strong audience. It has a clear identity instead of feeling generic, and solving things felt satisfying more often than frustrating. For the right player, this is a very easy recommendation.",TRUE
201456,866080,"This is an easy game for me to recommend. It has a clear identity instead of feeling generic, and the races stayed entertaining instead of repetitive. I would recommend it, especially if the tags already sound appealing to you.",TRUE
201457,671550,"I had a good time with this one. The moment-to-moment gameplay felt sharp, and it feels like a small project with real personality. I would play more of it without much hesitation.",TRUE
201458,303840,"This is an easy game for me to recommend. It has a clear identity instead of feeling generic, and it works well when I want something low pressure. I would recommend it, especially if the tags already sound appealing to you.",TRUE
201459,945520,"This is an easy game for me to recommend. The progression system felt rewarding, and the strategic layer kept me paying attention. It is worth trying if this genre is already in your wheelhouse.",TRUE
201460,522130,"I had a good time with this one. It has a clear identity instead of feeling generic, and it is easy to enjoy this at your own pace. It is worth trying if this genre is already in your wheelhouse.",TRUE
201461,688130,"I had a good time with this one. This feels much better with friends, and the combat stayed engaging for a long time. I would recommend it, especially if the tags already sound appealing to you.",TRUE
201462,773710,"After a few sessions, this one won me over. It is easy to pick up for a short session, and it has a clear identity instead of feeling generic. It does enough well that I would point other people toward it.",TRUE
201463,215630,"There is a lot to like here, but also a few obvious issues. The progression system felt rewarding, and the writing was stronger than I expected, but the experience still loses momentum in places. There is enough here to keep it interesting, even if it is not an easy recommendation.",FALSE
201464,447800,"I had a good time with this one. It is easy to pick up for a short session, and it works well when I want something low pressure. For the right player, this is a very easy recommendation.",TRUE
201465,610500,"I ended up liking this more than I expected. It has a light tone that makes it easy to keep going, and it was easy to keep moving from one objective to the next. It does enough well that I would point other people toward it.",TRUE
201466,299400,"I can see why this game has a strong audience. The writing was stronger than i expected, and solving things felt satisfying more often than frustrating. I would play more of it without much hesitation.",TRUE
201467,879060,"This is an easy game for me to recommend. It works well as a solo game, and it has a clear identity instead of feeling generic. I would recommend it, especially if the tags already sound appealing to you.",TRUE
201468,511600,"I enjoyed parts of it more than the whole package. It has a clear identity instead of feeling generic, and it feels like a small project with real personality, but the experience still loses momentum in places. I could still recommend it with the right expectations.",FALSE
201469,509780,"I enjoyed parts of it more than the whole package. It feels like a small project with real personality, and it has a clear identity instead of feeling generic, but the experience still loses momentum in places. It is not a must-play, but I can understand why some people enjoy it.",FALSE
201470,471660,"Not amazing and not terrible, just a fairly middle-of-the-road experience.",TRUE
201471,492610,"Parts of it are interesting, but the overall experience felt weak. I could see some appeal because the progression system felt rewarding and the moment-to-moment gameplay felt sharp, but the game still felt too uneven overall. It might work for other people, but it was not for me.",FALSE
201472,270590,"I do not think this came together as well as it could have. I could see some appeal because resource management added real tension and it builds tension well when you let it breathe, but the game still felt too uneven overall. I would wait for a discount before suggesting it to anyone else.",FALSE
201473,705050,"I can see what the game is aiming for, but the execution feels uneven. I could see some appeal because resource management added real tension and the combat stayed engaging for a long time, but the game still felt too uneven overall. I would only recommend it to someone who is already very into this niche.",FALSE
201474,1063560,"There is a lot to like here, but also a few obvious issues. The combat stayed engaging for a long time, and it does a good job selling the simulation idea, but the experience still loses momentum in places. I would call it a cautious recommendation at best.",FALSE
201475,8000,"This was a really solid surprise. Solving things felt satisfying more often than frustrating, and it makes sense why people keep returning to it. For the right player, this is a very easy recommendation.",TRUE
201476,689480,"I can see what the game is aiming for, but the execution feels uneven. I could see some appeal because the atmosphere carried a lot of the experience and it feels like a small project with real personality, but the game still felt too uneven overall. There is something here, but I cannot honestly recommend it as it is.",FALSE
201477,744940,"Parts of it are interesting, but the overall experience felt weak. I could see some appeal because it was easy to keep moving from one objective to the next and the writing was stronger than I expected, but the game still felt too uneven overall. I do not regret trying it, but I would not rush to recommend it.",FALSE
201478,1065230,"I enjoyed parts of it more than the whole package. It works well when i want something low pressure, and the puzzle design was solid without feeling unfair, but the experience still loses momentum in places. It is not a must-play, but I can understand why some people enjoy it.",TRUE
201479,209520,"This feels like a game with clear strengths and clear weaknesses. It feels like a small project with real personality, and it works well when I want something low pressure, but the experience still loses momentum in places. I could still recommend it with the right expectations.",FALSE
201480,689300,"I enjoyed parts of it more than the whole package. It works well as a solo game, and the gunplay is the main reason I kept playing, but the experience still loses momentum in places. Whether you like it probably depends on how much you enjoy this genre.",FALSE
201481,661000,"It is a decent game, even if it never fully clicked for me. It is easy to enjoy this at your own pace, and the moment-to-moment gameplay felt sharp, but the experience still loses momentum in places. I could still recommend it with the right expectations.",FALSE
201482,581970,"It is a decent game, even if it never fully clicked for me. It feels like a small project with real personality, and it has a clear identity instead of feeling generic, but the experience still loses momentum in places. It is not a must-play, but I can understand why some people enjoy it.",FALSE
201483,938270,"I can see why this game has a strong audience. It does a good job selling the simulation idea, and it works well when I want something low pressure. For the right player, this is a very easy recommendation.",TRUE
201484,575480,"I had a good time with this one. It is easy to pick up for a short session, and the pacing worked well for an adventure game. I would recommend it, especially if the tags already sound appealing to you.",TRUE
201485,40970,"I ended up liking this more than I expected. The systems are detailed enough to stay interesting, and the strategic layer kept me paying attention. I would play more of it without much hesitation.",TRUE
201486,684820,"I do not think this came together as well as it could have. I could see some appeal because the pacing worked well for an adventure game and it feels like a small project with real personality, but the game still felt too uneven overall. It might work for other people, but it was not for me.",FALSE
201487,668570,"I can see why this game has a strong audience. It works well when i want something low pressure, and movement feels better than I expected. It is worth trying if this genre is already in your wheelhouse.",TRUE
201488,38460,"I can see why this game has a strong audience. It has a light tone that makes it easy to keep going, and the combat stayed engaging for a long time. It does enough well that I would point other people toward it.",TRUE
201489,60,"This is an easy game for me to recommend. The gunplay is the main reason i kept playing, and it makes sense why people keep returning to it. I would play more of it without much hesitation.",TRUE
201490,965470,"After a few sessions, this one won me over. The moment-to-moment gameplay felt sharp, and the combat stayed engaging for a long time. It does enough well that I would point other people toward it.",TRUE
201491,1048260,"I can see why this game has a strong audience. Movement feels better than i expected, and once the controls clicked, the platforming was fun. It does enough well that I would point other people toward it.",TRUE
201492,466740,"This feels like a game with clear strengths and clear weaknesses. The combat stayed engaging for a long time, and it makes sense why people keep returning to it, but the experience still loses momentum in places. I could still recommend it with the right expectations.",FALSE
201493,574590,"I ended up liking this more than I expected. Movement feels better than i expected, and it has a clear identity instead of feeling generic. I would play more of it without much hesitation.",TRUE
201494,251470,"This is an easy game for me to recommend. It was easy to keep moving from one objective to the next, and the co-op side adds a lot of replay value. For the right player, this is a very easy recommendation.",TRUE
201495,665790,"This is an easy game for me to recommend. The combat stayed engaging for a long time, and the pacing worked well for an adventure game. I would play more of it without much hesitation.",TRUE
201496,651120,"This lands somewhere in the middle for me. The moment-to-moment gameplay felt sharp, and it feels like a small project with real personality, but the experience still loses momentum in places. I would call it a cautious recommendation at best.",FALSE
201497,410770,"After a few sessions, this one won me over. It works well when i want something low pressure, and the pacing worked well for an adventure game. It is worth trying if this genre is already in your wheelhouse.",TRUE
201498,715460,"I can see why this game has a strong audience. Once the controls clicked, the platforming was fun, and I had to think through each decision. For the right player, this is a very easy recommendation.",TRUE
201499,876960,"I can see what the game is aiming for, but the execution feels uneven. I could see some appeal because it is easy to pick up for a short session and the puzzle design was solid without feeling unfair, but the game still felt too uneven overall. It might work for other people, but it was not for me.",FALSE
201500,925360,"I ended up liking this more than I expected. The systems are detailed enough to stay interesting, and it does a good job selling the simulation idea. I would play more of it without much hesitation.",TRUE
201501,544000,"I had mixed feelings, but it was still interesting enough to finish a session or two.",TRUE
201502,437400,"There is a lot to like here, but also a few obvious issues. Matches stayed lively even after a few rounds, and it feels like a small project with real personality, but the experience still loses momentum in places. I could still recommend it with the right expectations.",TRUE
201503,664110,"It was fine overall, even if nothing about it really stood out to me.",TRUE
201504,404070,"Parts of it are interesting, but the overall experience felt weak. I could see some appeal because building out a character was satisfying and it makes sense why people keep returning to it, but the game still felt too uneven overall. It might work for other people, but it was not for me.",FALSE
201505,636400,"I have mixed feelings about this game. It is easy to enjoy this at your own pace, and the moment-to-moment gameplay felt sharp, but the experience still loses momentum in places. There is enough here to keep it interesting, even if it is not an easy recommendation.",FALSE
201506,520290,"I ended up liking this more than I expected. The moment-to-moment gameplay felt sharp, and it feels like a small project with real personality. It does enough well that I would point other people toward it.",TRUE
201507,535760,"I have mixed feelings about this game. It feels like a small project with real personality, and it has a clear identity instead of feeling generic, but the experience still loses momentum in places. It is not a must-play, but I can understand why some people enjoy it.",FALSE
201508,697800,"This feels like a game with clear strengths and clear weaknesses. The combat stayed engaging for a long time, and the systems are detailed enough to stay interesting, but the experience still loses momentum in places. I could still recommend it with the right expectations.",FALSE
201509,665210,"This was a really solid surprise. The systems are detailed enough to stay interesting, and it feels like a small project with real personality. It does enough well that I would point other people toward it.",TRUE
201510,318430,"I had a good time with this one. It feels like a small project with real personality, and the pacing worked well for an adventure game. It does enough well that I would point other people toward it.",TRUE
201511,365760,"This was a really solid surprise. It is easy to enjoy this at your own pace, and it works well when I want something low pressure. It is worth trying if this genre is already in your wheelhouse.",TRUE
201512,720940,"This feels average to me, though I can still see the appeal for the right player.",TRUE
201513,439440,"After a few sessions, this one won me over. It feels like a small project with real personality, and it has a clear identity instead of feeling generic. For the right player, this is a very easy recommendation.",TRUE
201514,789930,"I wanted to like this more than I did. I could see some appeal because crafting gave the loop some momentum and it was easy to keep moving from one objective to the next, but the game still felt too uneven overall. I would wait for a discount before suggesting it to anyone else.",FALSE
201515,258070,"It is a decent game, even if it never fully clicked for me. The combat stayed engaging for a long time, and once the controls clicked, the platforming was fun, but the experience still loses momentum in places. Whether you like it probably depends on how much you enjoy this genre.",FALSE
201516,337720,"I can see why this game has a strong audience. It is easy to enjoy this at your own pace, and the story kept me interested. For the right player, this is a very easy recommendation.",TRUE
201517,665790,"I had a good time with this one. The pacing worked well for an adventure game, and the combat stayed engaging for a long time. I would recommend it, especially if the tags already sound appealing to you.",TRUE
201518,373600,"I had a good time with this one. Movement feels better than i expected, and it works well as a solo game. I would play more of it without much hesitation.",TRUE
201519,780740,"This is an easy game for me to recommend. The pacing worked well for an adventure game, and it was easy to keep moving from one objective to the next. It does enough well that I would point other people toward it.",TRUE
201520,381800,"I wanted to like this more than I did. I could see some appeal because the handling felt good after a short adjustment period and the races stayed entertaining instead of repetitive, but the game still felt too uneven overall. It might work for other people, but it was not for me.",FALSE
201521,840300,"This was a really solid surprise. The combat stayed engaging for a long time, and it feels like a small project with real personality. It does enough well that I would point other people toward it.",TRUE
201522,826660,"I can see why this game has a strong audience. It has a clear identity instead of feeling generic, and it is easy to pick up for a short session. It is worth trying if this genre is already in your wheelhouse.",TRUE
201523,297310,"There are some good ideas here, but it did not fully work for me. I could see some appeal because it makes sense why people keep returning to it and it is easy to enjoy this at your own pace, but the game still felt too uneven overall. I do not regret trying it, but I would not rush to recommend it.",FALSE
201524,594760,"There are some good ideas here, but it did not fully work for me. I could see some appeal because the moment-to-moment gameplay felt sharp and it has a clear identity instead of feeling generic, but the game still felt too uneven overall. I do not regret trying it, but I would not rush to recommend it.",FALSE
201525,366800,"I ended up liking this more than I expected. The pacing worked well for an adventure game, and it has a clear identity instead of feeling generic. I would recommend it, especially if the tags already sound appealing to you.",TRUE
201526,974920,"Parts of it are interesting, but the overall experience felt weak. I could see some appeal because the moment-to-moment gameplay felt sharp and it works well when I want something low pressure, but the game still felt too uneven overall. I would only recommend it to someone who is already very into this niche.",FALSE
201527,537170,"I can see what the game is aiming for, but the execution feels uneven. I could see some appeal because it does a good job selling the simulation idea and the systems are detailed enough to stay interesting, but the game still felt too uneven overall. I do not regret trying it, but I would not rush to recommend it.",FALSE
201528,568860,"I had a good time with this one. It is easy to enjoy this at your own pace, and the mood is consistent from start to finish. I would play more of it without much hesitation.",TRUE
201529,1013410,"I can see what the game is aiming for, but the execution feels uneven. I could see some appeal because the combat stayed engaging for a long time and building out a character was satisfying, but the game still felt too uneven overall. There is something here, but I cannot honestly recommend it as it is.",FALSE
201530,252450,"I enjoyed parts of it more than the whole package. It is easy to enjoy this at your own pace, and it feels like a small project with real personality, but the experience still loses momentum in places. There is enough here to keep it interesting, even if it is not an easy recommendation.",FALSE
201531,750500,"I had a good time with this one. It feels like a small project with real personality, and the moment-to-moment gameplay felt sharp. It does enough well that I would point other people toward it.",TRUE
201532,974970,"I can see why this game has a strong audience. The moment-to-moment gameplay felt sharp, and the combat stayed engaging for a long time. I would recommend it, especially if the tags already sound appealing to you.",TRUE
201533,561420,"It is a decent game, even if it never fully clicked for me. The combat stayed engaging for a long time, and the systems are detailed enough to stay interesting, but the experience still loses momentum in places. It is not a must-play, but I can understand why some people enjoy it.",TRUE
201534,327920,"I wanted to like this more than I did. I could see some appeal because it was easy to keep moving from one objective to the next and the atmosphere carried a lot of the experience, but the game still felt too uneven overall. I would only recommend it to someone who is already very into this niche.",FALSE
201535,669830,"I ended up liking this more than I expected. It is easy to pick up for a short session, and it is easy to enjoy this at your own pace. For the right player, this is a very easy recommendation.",TRUE
201536,282030,"I had a good time with this one. The races stayed entertaining instead of repetitive, and it feels like a small project with real personality. It is worth trying if this genre is already in your wheelhouse.",TRUE
201537,551610,"I enjoyed parts of it more than the whole package. The moment-to-moment gameplay felt sharp, and the shooting feels responsive enough to carry the game, but the experience still loses momentum in places. Whether you like it probably depends on how much you enjoy this genre.",TRUE
201538,799240,"I enjoyed parts of it more than the whole package. It does a good job selling the simulation idea, and it makes sense why people keep returning to it, but the experience still loses momentum in places. It is not a must-play, but I can understand why some people enjoy it.",TRUE
201539,510700,"I had a good time with this one. The moment-to-moment gameplay felt sharp, and it has a clear identity instead of feeling generic. It does enough well that I would point other people toward it.",TRUE
201540,848500,"I can see why this game has a strong audience. The combat stayed engaging for a long time, and the shooting feels responsive enough to carry the game. It is worth trying if this genre is already in your wheelhouse.",TRUE
201541,532690,"I can see why this game has a strong audience. The pacing worked well for an adventure game, and the systems are detailed enough to stay interesting. It is worth trying if this genre is already in your wheelhouse.",TRUE
201542,908320,"This is an easy game for me to recommend. It feels like a small project with real personality, and the strategic layer kept me paying attention. I would play more of it without much hesitation.",TRUE
201543,292660,"There is a lot to like here, but also a few obvious issues. The puzzle design was solid without feeling unfair, and it is easy to pick up for a short session, but the experience still loses momentum in places. There is enough here to keep it interesting, even if it is not an easy recommendation.",FALSE
201544,306000,"There are some good ideas here, but it did not fully work for me. I could see some appeal because it was easy to keep moving from one objective to the next and the pacing worked well for an adventure game, but the game still felt too uneven overall. I would wait for a discount before suggesting it to anyone else.",FALSE
201545,222480,"I ended up liking this more than I expected. It makes sense why people keep returning to it, and the shooting feels responsive enough to carry the game. For the right player, this is a very easy recommendation.",TRUE
201546,740250,"It is a decent game, even if it never fully clicked for me. The freedom to approach things my own way helped a lot, and it makes sense why people keep returning to it, but the experience still loses momentum in places. I would call it a cautious recommendation at best.",TRUE
201547,654570,"I ended up liking this more than I expected. Solving things felt satisfying more often than frustrating, and it works well when I want something low pressure. It does enough well that I would point other people toward it.",TRUE
201548,760030,"This was a really solid surprise. It feels like a small project with real personality, and the progression system felt rewarding. I would play more of it without much hesitation.",TRUE
201549,704910,"After a few sessions, this one won me over. The combat stayed engaging for a long time, and it is easy to enjoy this at your own pace. I would recommend it, especially if the tags already sound appealing to you.",TRUE
201550,417880,"I ended up liking this more than I expected. It feels like a small project with real personality, and it works well when I want something low pressure. I would play more of it without much hesitation.",TRUE
201551,897940,"This was a really solid surprise. The handling felt good after a short adjustment period, and it is easy to enjoy this at your own pace. It is worth trying if this genre is already in your wheelhouse.",TRUE
201552,724300,"This was a really solid surprise. Movement feels better than i expected, and matches stayed lively even after a few rounds. I would recommend it, especially if the tags already sound appealing to you.",TRUE
201553,209650,"I ended up liking this more than I expected. Matches stayed lively even after a few rounds, and the moment-to-moment gameplay felt sharp. It is worth trying if this genre is already in your wheelhouse.",TRUE
201554,978470,"I can see why this game has a strong audience. It does a good job selling the simulation idea, and the systems are detailed enough to stay interesting. It is worth trying if this genre is already in your wheelhouse.",TRUE
201555,884500,"This was not a terrible game, just a disappointing one for me. I could see some appeal because the systems are detailed enough to stay interesting and it feels like a small project with real personality, but the game still felt too uneven overall. I do not regret trying it, but I would not rush to recommend it.",FALSE
201556,878350,"I can see why this game has a strong audience. The strategic layer kept me paying attention, and it feels like a small project with real personality. I would recommend it, especially if the tags already sound appealing to you.",TRUE
201557,737870,"This is an easy game for me to recommend. The moment-to-moment gameplay felt sharp, and I had to think through each decision. I would play more of it without much hesitation.",TRUE
201558,1060170,"After a few sessions, this one won me over. It has a clear identity instead of feeling generic, and the atmosphere carried a lot of the experience. I would play more of it without much hesitation.",TRUE
201559,806330,"I ended up liking this more than I expected. It feels like a small project with real personality, and the combat stayed engaging for a long time. I would recommend it, especially if the tags already sound appealing to you.",TRUE
201560,490250,"This was a really solid surprise. It feels like a small project with real personality, and it has a clear identity instead of feeling generic. It is worth trying if this genre is already in your wheelhouse.",TRUE
201561,908230,"I enjoyed parts of it more than the whole package. The mood is consistent from start to finish, and it is easy to enjoy this at your own pace, but the experience still loses momentum in places. Whether you like it probably depends on how much you enjoy this genre.",FALSE
201562,388840,"I can see what the game is aiming for, but the execution feels uneven. I could see some appeal because the combat stayed engaging for a long time and it has a clear identity instead of feeling generic, but the game still felt too uneven overall. There is something here, but I cannot honestly recommend it as it is.",FALSE
201563,1018810,"This was a really solid surprise. It feels like a small project with real personality, and the combat stayed engaging for a long time. I would recommend it, especially if the tags already sound appealing to you.",TRUE
201564,534210,"I wanted to like this more than I did. I could see some appeal because the combat stayed engaging for a long time and it does a good job selling the simulation idea, but the game still felt too uneven overall. There is something here, but I cannot honestly recommend it as it is.",FALSE
201565,645780,"This lands somewhere in the middle for me. It is easy to pick up for a short session, and it has a clear identity instead of feeling generic, but the experience still loses momentum in places. I would call it a cautious recommendation at best.",TRUE
201566,683600,"I do not think this came together as well as it could have. I could see some appeal because the systems are detailed enough to stay interesting and I had to think through each decision, but the game still felt too uneven overall. I do not regret trying it, but I would not rush to recommend it.",FALSE
201567,230150,"This is an easy game for me to recommend. It is easy to enjoy this at your own pace, and the combat stayed engaging for a long time. It does enough well that I would point other people toward it.",TRUE
201568,598880,"I ended up liking this more than I expected. The moment-to-moment gameplay felt sharp, and once the controls clicked, the platforming was fun. For the right player, this is a very easy recommendation.",TRUE
201569,593400,"This is an easy game for me to recommend. It is easy to pick up for a short session, and it does a good job selling the simulation idea. It is worth trying if this genre is already in your wheelhouse.",TRUE
201570,448480,"This feels like a game with clear strengths and clear weaknesses. It feels like a small project with real personality, and it does a good job selling the simulation idea, but the experience still loses momentum in places. There is enough here to keep it interesting, even if it is not an easy recommendation.",TRUE
201571,453690,"This was a really solid surprise. It was easy to keep moving from one objective to the next, and building out a character was satisfying. It is worth trying if this genre is already in your wheelhouse.",TRUE
201572,573260,"Parts of it are interesting, but the overall experience felt weak. I could see some appeal because it builds tension well when you let it breathe and it works well as a solo game, but the game still felt too uneven overall. I would only recommend it to someone who is already very into this niche.",FALSE
201573,498660,"This was a really solid surprise. I had to think through each decision, and the moment-to-moment gameplay felt sharp. I would play more of it without much hesitation.",TRUE
201574,773010,"This was a really solid surprise. It has a clear identity instead of feeling generic, and the pacing worked well for an adventure game. It is worth trying if this genre is already in your wheelhouse.",TRUE
201575,1014890,"There is a lot to like here, but also a few obvious issues. It has a clear identity instead of feeling generic, and it feels like a small project with real personality, but the experience still loses momentum in places. Whether you like it probably depends on how much you enjoy this genre.",TRUE
201576,546180,A decent game with some strengths and some obvious rough edges.,FALSE
201577,605180,"This was a really solid surprise. The pacing worked well for an adventure game, and it was easy to keep moving from one objective to the next. It does enough well that I would point other people toward it.",TRUE
201578,363490,"This was not a terrible game, just a disappointing one for me. I could see some appeal because I had to think through each decision and it feels like a small project with real personality, but the game still felt too uneven overall. There is something here, but I cannot honestly recommend it as it is.",FALSE
201579,386520,"I can see why this game has a strong audience. Building out a character was satisfying, and it feels like a small project with real personality. I would play more of it without much hesitation.",TRUE
201580,257170,"I had a good time with this one. I had to think through each decision, and the progression system felt rewarding. It is worth trying if this genre is already in your wheelhouse.",TRUE
201581,566940,"I can see why this game has a strong audience. It is easy to pick up for a short session, and the puzzle design was solid without feeling unfair. It is worth trying if this genre is already in your wheelhouse.",TRUE
201582,372480,"I ended up liking this more than I expected. Building out a character was satisfying, and the progression system felt rewarding. It does enough well that I would point other people toward it.",TRUE
201583,696580,"I do not think this came together as well as it could have. I could see some appeal because it was easy to keep moving from one objective to the next and the pacing worked well for an adventure game, but the game still felt too uneven overall. I would only recommend it to someone who is already very into this niche.",FALSE
201584,1012280,"I ended up liking this more than I expected. The shooting feels responsive enough to carry the game, and it works well when I want something low pressure. It does enough well that I would point other people toward it.",TRUE
201585,654630,"I had a good time with this one. It feels like a small project with real personality, and the moment-to-moment gameplay felt sharp. It is worth trying if this genre is already in your wheelhouse.",TRUE
201586,357310,"This feels like a game with clear strengths and clear weaknesses. It does a good job selling the simulation idea, and the slower pace worked in its favor, but the experience still loses momentum in places. I could still recommend it with the right expectations.",FALSE
201587,758150,"This lands somewhere in the middle for me. It feels like a small project with real personality, and it has a clear identity instead of feeling generic, but the experience still loses momentum in places. Whether you like it probably depends on how much you enjoy this genre.",TRUE
201588,838380,"This lands somewhere in the middle for me. It works well as a solo game, and the moment-to-moment gameplay felt sharp, but the experience still loses momentum in places. I would call it a cautious recommendation at best.",FALSE
201589,533330,"It was fine overall, even if nothing about it really stood out to me.",TRUE
201590,227000,"I had a good time with this one. It was easy to keep moving from one objective to the next, and it feels like a small project with real personality. For the right player, this is a very easy recommendation.",TRUE
201591,844040,"After a few sessions, this one won me over. It was easy to keep moving from one objective to the next, and the systems are detailed enough to stay interesting. It is worth trying if this genre is already in your wheelhouse.",TRUE
201592,482990,"I ended up liking this more than I expected. It has a clear identity instead of feeling generic, and it is easy to pick up for a short session. It does enough well that I would point other people toward it.",TRUE
201593,627910,"I enjoyed parts of it more than the whole package. Once the controls clicked, the platforming was fun, and the story kept me interested, but the experience still loses momentum in places. I would call it a cautious recommendation at best.",FALSE
201594,783720,"After a few sessions, this one won me over. Once the controls clicked, the platforming was fun, and it is easy to pick up for a short session. For the right player, this is a very easy recommendation.",TRUE
201595,570940,"This was a really solid surprise. The writing was stronger than i expected, and the atmosphere is one of its biggest strengths. For the right player, this is a very easy recommendation.",TRUE
201596,920460,"I ended up liking this more than I expected. It does a good job selling the simulation idea, and solving things felt satisfying more often than frustrating. It does enough well that I would point other people toward it.",TRUE
201597,36910,"There are some good ideas here, but it did not fully work for me. I could see some appeal because the freedom to approach things my own way helped a lot and the gunplay is the main reason I kept playing, but the game still felt too uneven overall. I would only recommend it to someone who is already very into this niche.",FALSE
201598,364360,"This is an easy game for me to recommend. The story kept me interested, and the strategic layer kept me paying attention. I would recommend it, especially if the tags already sound appealing to you.",TRUE
201599,499140,"This is an easy game for me to recommend. It works well when i want something low pressure, and the puzzle design was solid without feeling unfair. It does enough well that I would point other people toward it.",TRUE
201600,65600,"It was fine overall, even if nothing about it really stood out to me.",FALSE
201601,413350,"It is a decent game, even if it never fully clicked for me. It feels like a small project with real personality, and it has a clear identity instead of feeling generic, but the experience still loses momentum in places. I would call it a cautious recommendation at best.",TRUE
201602,115220,"After a few sessions, this one won me over. The strategic layer kept me paying attention, and I had to think through each decision. I would play more of it without much hesitation.",TRUE
201603,777880,"I enjoyed parts of it more than the whole package. The moment-to-moment gameplay felt sharp, and solving things felt satisfying more often than frustrating, but the experience still loses momentum in places. I could still recommend it with the right expectations.",FALSE
201604,525590,"This feels like a game with clear strengths and clear weaknesses. It has a clear identity instead of feeling generic, and it feels like a small project with real personality, but the experience still loses momentum in places. I could still recommend it with the right expectations.",TRUE
201605,875240,"I had a good time with this one. The puzzle design was solid without feeling unfair, and the mood is consistent from start to finish. It does enough well that I would point other people toward it.",TRUE
201606,889400,"I can see why this game has a strong audience. It feels like a small project with real personality, and the combat stayed engaging for a long time. I would recommend it, especially if the tags already sound appealing to you.",TRUE
201607,736250,"This was a really solid surprise. It feels like a small project with real personality, and the moment-to-moment gameplay felt sharp. For the right player, this is a very easy recommendation.",TRUE
201608,341940,"I had mixed feelings, but it was still interesting enough to finish a session or two.",TRUE
201609,640970,"I can see why this game has a strong audience. It feels like a small project with real personality, and survival pressure made the sessions memorable. It is worth trying if this genre is already in your wheelhouse.",TRUE
201610,786170,"This is an easy game for me to recommend. The combat stayed engaging for a long time, and it works well when I want something low pressure. I would recommend it, especially if the tags already sound appealing to you.",TRUE
201611,341360,"I had mixed feelings, but it was still interesting enough to finish a session or two.",FALSE
201612,849980,"After a few sessions, this one won me over. It is easy to pick up for a short session, and it works well when I want something low pressure. I would recommend it, especially if the tags already sound appealing to you.",TRUE
201613,686500,"I have mixed feelings about this game. It builds tension well when you let it breathe, and the pacing worked well for an adventure game, but the experience still loses momentum in places. I could still recommend it with the right expectations.",FALSE
201614,1036400,"I have mixed feelings about this game. The combat stayed engaging for a long time, and it has a clear identity instead of feeling generic, but the experience still loses momentum in places. There is enough here to keep it interesting, even if it is not an easy recommendation.",TRUE
201615,959340,"I have mixed feelings about this game. Building out a character was satisfying, and the progression system felt rewarding, but the experience still loses momentum in places. It is not a must-play, but I can understand why some people enjoy it.",TRUE
201616,276890,"I had a good time with this one. The moment-to-moment gameplay felt sharp, and building out a character was satisfying. It does enough well that I would point other people toward it.",TRUE
201617,241240,"I ended up liking this more than I expected. Putting things together was genuinely satisfying, and the freedom to approach things my own way helped a lot. I would recommend it, especially if the tags already sound appealing to you.",TRUE
201618,1041450,"This lands somewhere in the middle for me. The moment-to-moment gameplay felt sharp, and it is easy to enjoy this at your own pace, but the experience still loses momentum in places. There is enough here to keep it interesting, even if it is not an easy recommendation.",FALSE
201619,654300,"I wanted to like this more than I did. I could see some appeal because the pacing worked well for an adventure game and it was easy to keep moving from one objective to the next, but the game still felt too uneven overall. I do not regret trying it, but I would not rush to recommend it.",FALSE
201620,703200,"This was a really solid surprise. Movement feels better than i expected, and it has a clear identity instead of feeling generic. I would recommend it, especially if the tags already sound appealing to you.",TRUE
201621,534210,"This was not a terrible game, just a disappointing one for me. I could see some appeal because it has a clear identity instead of feeling generic and the systems are detailed enough to stay interesting, but the game still felt too uneven overall. I would wait for a discount before suggesting it to anyone else.",FALSE
201622,668850,"After a few sessions, this one won me over. It is easy to pick up for a short session, and it works well when I want something low pressure. It does enough well that I would point other people toward it.",TRUE
201623,818590,"This feels like a game with clear strengths and clear weaknesses. It works well as a solo game, and it is easy to pick up for a short session, but the experience still loses momentum in places. I could still recommend it with the right expectations.",TRUE
201624,1062120,"After a few sessions, this one won me over. Once the controls clicked, the platforming was fun, and it feels like a small project with real personality. I would recommend it, especially if the tags already sound appealing to you.",TRUE
201625,833040,"This is an easy game for me to recommend. It works well as a solo game, and it is easy to enjoy this at your own pace. For the right player, this is a very easy recommendation.",TRUE
201626,886820,"I had a good time with this one. The progression system felt rewarding, and turn-based decisions gave the game more depth. It is worth trying if this genre is already in your wheelhouse.",TRUE
201627,511190,"After a few sessions, this one won me over. The moment-to-moment gameplay felt sharp, and it has a clear identity instead of feeling generic. For the right player, this is a very easy recommendation.",TRUE
201628,22350,"I enjoyed parts of it more than the whole package. The gunplay is the main reason i kept playing, and matches stayed lively even after a few rounds, but the experience still loses momentum in places. Whether you like it probably depends on how much you enjoy this genre.",FALSE
201629,533070,"After a few sessions, this one won me over. It works well when i want something low pressure, and it was easy to keep moving from one objective to the next. I would recommend it, especially if the tags already sound appealing to you.",TRUE
201630,367340,"Parts of it are interesting, but the overall experience felt weak. I could see some appeal because it has a clear identity instead of feeling generic and the combat stayed engaging for a long time, but the game still felt too uneven overall. I would wait for a discount before suggesting it to anyone else.",FALSE
201631,793630,"I can see why this game has a strong audience. The combat stayed engaging for a long time, and it has a clear identity instead of feeling generic. For the right player, this is a very easy recommendation.",TRUE
201632,699850,"I had a good time with this one. I had to think through each decision, and the strategic layer kept me paying attention. I would play more of it without much hesitation.",TRUE
201633,834420,"This was not a terrible game, just a disappointing one for me. I could see some appeal because it has a clear identity instead of feeling generic and it feels like a small project with real personality, but the game still felt too uneven overall. It might work for other people, but it was not for me.",FALSE
201634,671800,"I can see why this game has a strong audience. I had to think through each decision, and it has a clear identity instead of feeling generic. It does enough well that I would point other people toward it.",TRUE
201635,857950,"This was a really solid surprise. The moment-to-moment gameplay felt sharp, and the pacing worked well for an adventure game. It is worth trying if this genre is already in your wheelhouse.",TRUE
201636,635250,"This is an easy game for me to recommend. It is easy to enjoy this at your own pace, and it was easy to keep moving from one objective to the next. It does enough well that I would point other people toward it.",TRUE
201637,745870,A decent game with some strengths and some obvious rough edges.,TRUE
201638,619150,"After a few sessions, this one won me over. The puzzle design was solid without feeling unfair, and it has a clear identity instead of feeling generic. I would recommend it, especially if the tags already sound appealing to you.",TRUE
201639,602010,"This was a really solid surprise. It is easy to pick up for a short session, and the combat stayed engaging for a long time. It does enough well that I would point other people toward it.",TRUE
201640,704510,"I can see why this game has a strong audience. I had to think through each decision, and crafting gave the loop some momentum. It does enough well that I would point other people toward it.",TRUE
201641,496740,"I had a good time with this one. It works well when i want something low pressure, and it has a clear identity instead of feeling generic. I would recommend it, especially if the tags already sound appealing to you.",TRUE
201642,650570,"This was a really solid surprise. It feels like a small project with real personality, and it builds tension well when you let it breathe. It is worth trying if this genre is already in your wheelhouse.",TRUE
201643,814640,"There is a lot to like here, but also a few obvious issues. I had to think through each decision, and the strategic layer kept me paying attention, but the experience still loses momentum in places. There is enough here to keep it interesting, even if it is not an easy recommendation.",TRUE
201644,568720,"It is a decent game, even if it never fully clicked for me. Resource management added real tension, and the mood is consistent from start to finish, but the experience still loses momentum in places. I could still recommend it with the right expectations.",FALSE
201645,517810,"It is a decent game, even if it never fully clicked for me. The management layer made the game easy to sink time into, and the strategic layer kept me paying attention, but the experience still loses momentum in places. I would call it a cautious recommendation at best.",FALSE
201646,956010,"This is an easy game for me to recommend. Turn-based decisions gave the game more depth, and the slower pace worked in its favor. For the right player, this is a very easy recommendation.",TRUE
201647,269110,"After a few sessions, this one won me over. It makes sense why people keep returning to it, and the combat stayed engaging for a long time. I would recommend it, especially if the tags already sound appealing to you.",TRUE
201648,441830,"I had a good time with this one. The pacing worked well for an adventure game, and the progression system felt rewarding. It is worth trying if this genre is already in your wheelhouse.",TRUE
201649,406720,"I enjoyed parts of it more than the whole package. The pacing worked well for an adventure game, and the moment-to-moment gameplay felt sharp, but the experience still loses momentum in places. I would call it a cautious recommendation at best.",FALSE
201650,616250,"I can see why this game has a strong audience. The progression system felt rewarding, and the combat stayed engaging for a long time. It is worth trying if this genre is already in your wheelhouse.",TRUE
201651,322500,"I ended up liking this more than I expected. It feels like a small project with real personality, and the gunplay is the main reason I kept playing. It is worth trying if this genre is already in your wheelhouse.",TRUE
201652,754000,"This is an easy game for me to recommend. It has a clear identity instead of feeling generic, and the combat stayed engaging for a long time. I would recommend it, especially if the tags already sound appealing to you.",TRUE
201653,1012800,"There is a lot to like here, but also a few obvious issues. It has a clear identity instead of feeling generic, and the pacing worked well for an adventure game, but the experience still loses momentum in places. There is enough here to keep it interesting, even if it is not an easy recommendation.",FALSE
201654,388420,"It is a decent game, even if it never fully clicked for me. The story kept me interested, and I had to think through each decision, but the experience still loses momentum in places. I would call it a cautious recommendation at best.",FALSE
201655,560260,"I can see why this game has a strong audience. It feels like a small project with real personality, and it was easy to keep moving from one objective to the next. I would play more of it without much hesitation.",TRUE
201656,420000,"I ended up liking this more than I expected. The systems are detailed enough to stay interesting, and it does a good job selling the simulation idea. For the right player, this is a very easy recommendation.",TRUE
201657,501450,"It was fine overall, even if nothing about it really stood out to me.",TRUE
201658,434790,"There is a lot to like here, but also a few obvious issues. I had to think through each decision, and it feels like a small project with real personality, but the experience still loses momentum in places. It is not a must-play, but I can understand why some people enjoy it.",FALSE
201659,24640,"I wanted to like this more than I did. I could see some appeal because the systems are detailed enough to stay interesting and it does a good job selling the simulation idea, but the game still felt too uneven overall. There is something here, but I cannot honestly recommend it as it is.",FALSE
201660,751440,"I can see why this game has a strong audience. It works well as a solo game, and it is easy to enjoy this at your own pace. For the right player, this is a very easy recommendation.",TRUE
201661,511560,"There is a lot to like here, but also a few obvious issues. It is easy to pick up for a short session, and it works well when I want something low pressure, but the experience still loses momentum in places. Whether you like it probably depends on how much you enjoy this genre.",FALSE
201662,10460,"This feels like a game with clear strengths and clear weaknesses. The combat stayed engaging for a long time, and it works well as a solo game, but the experience still loses momentum in places. Whether you like it probably depends on how much you enjoy this genre.",TRUE
201663,837430,"I do not think this came together as well as it could have. I could see some appeal because it does a good job selling the simulation idea and the races stayed entertaining instead of repetitive, but the game still felt too uneven overall. I would only recommend it to someone who is already very into this niche.",FALSE
201664,888760,"After a few sessions, this one won me over. It feels like a small project with real personality, and the moment-to-moment gameplay felt sharp. For the right player, this is a very easy recommendation.",TRUE
201665,376140,"It is a decent game, even if it never fully clicked for me. It has a clear identity instead of feeling generic, and it makes sense why people keep returning to it, but the experience still loses momentum in places. It is not a must-play, but I can understand why some people enjoy it.",FALSE
201666,950300,"After a few sessions, this one won me over. It was easy to keep moving from one objective to the next, and it builds tension well when you let it breathe. I would play more of it without much hesitation.",TRUE
201667,954420,"It is a decent game, even if it never fully clicked for me. It is easy to pick up for a short session, and it works well when I want something low pressure, but the experience still loses momentum in places. Whether you like it probably depends on how much you enjoy this genre.",FALSE
201668,793150,"I have mixed feelings about this game. The systems are detailed enough to stay interesting, and it does a good job selling the simulation idea, but the experience still loses momentum in places. It is not a must-play, but I can understand why some people enjoy it.",FALSE
201669,241300,"I had a good time with this one. I had to think through each decision, and it was easy to keep moving from one objective to the next. For the right player, this is a very easy recommendation.",TRUE
201670,746990,"Parts of it are interesting, but the overall experience felt weak. I could see some appeal because it has a clear identity instead of feeling generic and it feels like a small project with real personality, but the game still felt too uneven overall. It might work for other people, but it was not for me.",FALSE
201671,570590,"I can see why this game has a strong audience. It is easy to pick up for a short session, and the progression system felt rewarding. For the right player, this is a very easy recommendation.",TRUE
201672,765010,"I can see what the game is aiming for, but the execution feels uneven. I could see some appeal because it has a clear identity instead of feeling generic and the combat stayed engaging for a long time, but the game still felt too uneven overall. It might work for other people, but it was not for me.",FALSE
201673,841320,"After a few sessions, this one won me over. It is easy to enjoy this at your own pace, and the combat stayed engaging for a long time. It does enough well that I would point other people toward it.",TRUE
201674,822750,"This was a really solid surprise. It feels like a small project with real personality, and it works well when I want something low pressure. I would recommend it, especially if the tags already sound appealing to you.",TRUE
201675,203140,"This feels average to me, though I can still see the appeal for the right player.",TRUE
201676,788740,"This feels like a game with clear strengths and clear weaknesses. The atmosphere carried a lot of the experience, and the systems are detailed enough to stay interesting, but the experience still loses momentum in places. There is enough here to keep it interesting, even if it is not an easy recommendation.",FALSE
201677,624690,A decent game with some strengths and some obvious rough edges.,TRUE
201678,757480,"I had a good time with this one. It works well as a solo game, and the humor landed more often than not. It is worth trying if this genre is already in your wheelhouse.",TRUE
201679,438080,"It is a decent game, even if it never fully clicked for me. Once the controls clicked, the platforming was fun, and the combat stayed engaging for a long time, but the experience still loses momentum in places. Whether you like it probably depends on how much you enjoy this genre.",FALSE
201680,926070,"I enjoyed parts of it more than the whole package. It works well when i want something low pressure, and it is easy to pick up for a short session, but the experience still loses momentum in places. Whether you like it probably depends on how much you enjoy this genre.",FALSE
201681,536890,"I can see why this game has a strong audience. Putting things together was genuinely satisfying, and it works well as a solo game. It is worth trying if this genre is already in your wheelhouse.",TRUE
201682,91700,"I ended up liking this more than I expected. It feels like a small project with real personality, and the atmosphere is one of its biggest strengths. It is worth trying if this genre is already in your wheelhouse.",TRUE
201683,542100,"This is an easy game for me to recommend. It is easy to pick up for a short session, and it has a clear identity instead of feeling generic. It does enough well that I would point other people toward it.",TRUE
201684,115100,"After a few sessions, this one won me over. The combat stayed engaging for a long time, and it was easy to keep moving from one objective to the next. It does enough well that I would point other people toward it.",TRUE
201685,367780,"It is a decent game, even if it never fully clicked for me. The moment-to-moment gameplay felt sharp, and the combat stayed engaging for a long time, but the experience still loses momentum in places. It is not a must-play, but I can understand why some people enjoy it.",TRUE
201686,1030970,"I can see why this game has a strong audience. It is easy to enjoy this at your own pace, and the pacing worked well for an adventure game. I would recommend it, especially if the tags already sound appealing to you.",TRUE
201687,904800,"There are some good ideas here, but it did not fully work for me. I could see some appeal because it feels like a small project with real personality and building out a character was satisfying, but the game still felt too uneven overall. I do not regret trying it, but I would not rush to recommend it.",FALSE
201688,860270,"There is a lot to like here, but also a few obvious issues. The progression system felt rewarding, and the moment-to-moment gameplay felt sharp, but the experience still loses momentum in places. Whether you like it probably depends on how much you enjoy this genre.",TRUE
201689,567890,"This was a really solid surprise. The co-op side adds a lot of replay value, and matches stayed lively even after a few rounds. I would play more of it without much hesitation.",TRUE
201690,823580,"This was a really solid surprise. The pacing worked well for an adventure game, and it was easy to keep moving from one objective to the next. I would recommend it, especially if the tags already sound appealing to you.",TRUE
201691,932560,"This was a really solid surprise. It feels like a small project with real personality, and it works well when I want something low pressure. I would play more of it without much hesitation.",TRUE
201692,1013280,"This is an easy game for me to recommend. The moment-to-moment gameplay felt sharp, and it is easy to enjoy this at your own pace. I would play more of it without much hesitation.",TRUE
201693,51020,"There is a lot to like here, but also a few obvious issues. It works well when i want something low pressure, and it is easy to pick up for a short session, but the experience still loses momentum in places. It is not a must-play, but I can understand why some people enjoy it.",FALSE
201694,1020650,"This is an easy game for me to recommend. The strategic layer kept me paying attention, and it works well when I want something low pressure. I would recommend it, especially if the tags already sound appealing to you.",TRUE
201695,347940,"This feels like a game with clear strengths and clear weaknesses. The moment-to-moment gameplay felt sharp, and building out a character was satisfying, but the experience still loses momentum in places. Whether you like it probably depends on how much you enjoy this genre.",FALSE
201696,697130,"This is an easy game for me to recommend. It builds tension well when you let it breathe, and the atmosphere carried a lot of the experience. I would recommend it, especially if the tags already sound appealing to you.",TRUE
201697,772420,"I can see why this game has a strong audience. It feels like a small project with real personality, and it has a clear identity instead of feeling generic. I would recommend it, especially if the tags already sound appealing to you.",TRUE
201698,889100,"I had a good time with this one. It has a clear identity instead of feeling generic, and the puzzle design was solid without feeling unfair. It does enough well that I would point other people toward it.",TRUE
201699,514660,"I enjoyed parts of it more than the whole package. The combat stayed engaging for a long time, and it feels like a small project with real personality, but the experience still loses momentum in places. I could still recommend it with the right expectations.",FALSE
201700,539440,"There are some good ideas here, but it did not fully work for me. I could see some appeal because it works well when I want something low pressure and it does a good job selling the simulation idea, but the game still felt too uneven overall. I do not regret trying it, but I would not rush to recommend it.",FALSE
201701,496540,"I ended up liking this more than I expected. It is easy to enjoy this at your own pace, and it works well as a solo game. It does enough well that I would point other people toward it.",TRUE
201702,596810,"This is an easy game for me to recommend. It is easy to pick up for a short session, and it works well when I want something low pressure. I would recommend it, especially if the tags already sound appealing to you.",TRUE
201703,1010930,"This feels like a game with clear strengths and clear weaknesses. The combat stayed engaging for a long time, and the moment-to-moment gameplay felt sharp, but the experience still loses momentum in places. I would call it a cautious recommendation at best.",FALSE
201704,414740,"I ended up liking this more than I expected. Matches stayed lively even after a few rounds, and the pacing worked well for an adventure game. I would play more of it without much hesitation.",TRUE
201705,625860,"I ended up liking this more than I expected. It makes sense why people keep returning to it, and crafting gave the loop some momentum. It does enough well that I would point other people toward it.",TRUE
201706,448290,"I ended up liking this more than I expected. It was easy to keep moving from one objective to the next, and once the controls clicked, the platforming was fun. For the right player, this is a very easy recommendation.",TRUE
201707,542880,"I ended up liking this more than I expected. It works well when i want something low pressure, and it is easy to pick up for a short session. It does enough well that I would point other people toward it.",TRUE
201708,593730,"It is a decent game, even if it never fully clicked for me. It builds tension well when you let it breathe, and the mood is consistent from start to finish, but the experience still loses momentum in places. Whether you like it probably depends on how much you enjoy this genre.",TRUE
201709,391310,"This was a really solid surprise. It is easy to pick up for a short session, and it works well when I want something low pressure. For the right player, this is a very easy recommendation.",TRUE
201710,517660,"I can see why this game has a strong audience. It has a clear identity instead of feeling generic, and the combat stayed engaging for a long time. I would recommend it, especially if the tags already sound appealing to you.",TRUE
201711,486370,"I can see why this game has a strong audience. It does a good job selling the simulation idea, and it works well when I want something low pressure. I would play more of it without much hesitation.",TRUE
201712,394700,"This is an easy game for me to recommend. It has a clear identity instead of feeling generic, and it is easy to pick up for a short session. For the right player, this is a very easy recommendation.",TRUE
201713,581910,"After a few sessions, this one won me over. It works well when i want something low pressure, and it feels like a small project with real personality. I would recommend it, especially if the tags already sound appealing to you.",TRUE
201714,676620,"After a few sessions, this one won me over. It has a clear identity instead of feeling generic, and solving things felt satisfying more often than frustrating. It does enough well that I would point other people toward it.",TRUE
201715,973700,"I enjoyed parts of it more than the whole package. The puzzle design was solid without feeling unfair, and it feels like a small project with real personality, but the experience still loses momentum in places. I could still recommend it with the right expectations.",FALSE
201716,327140,"After a few sessions, this one won me over. It works well as a solo game, and it is easy to enjoy this at your own pace. I would recommend it, especially if the tags already sound appealing to you.",TRUE
201717,347520,"This is an easy game for me to recommend. It works well when i want something low pressure, and the building side gave me a reason to keep playing. I would play more of it without much hesitation.",TRUE
201718,352610,"I ended up liking this more than I expected. It works well as a solo game, and it feels like a small project with real personality. I would recommend it, especially if the tags already sound appealing to you.",TRUE
201719,942760,"There is a lot to like here, but also a few obvious issues. The handling felt good after a short adjustment period, and the races stayed entertaining instead of repetitive, but the experience still loses momentum in places. I would call it a cautious recommendation at best.",TRUE
201720,831060,"There is a lot to like here, but also a few obvious issues. It works well when i want something low pressure, and it feels like a small project with real personality, but the experience still loses momentum in places. I would call it a cautious recommendation at best.",FALSE
201721,545200,"This lands somewhere in the middle for me. It works well when i want something low pressure, and it is easy to pick up for a short session, but the experience still loses momentum in places. It is not a must-play, but I can understand why some people enjoy it.",TRUE
201722,391380,"I have mixed feelings about this game. Building out a character was satisfying, and it works well when I want something low pressure, but the experience still loses momentum in places. It is not a must-play, but I can understand why some people enjoy it.",FALSE
201723,751500,"This is an easy game for me to recommend. It has a clear identity instead of feeling generic, and the systems are detailed enough to stay interesting. It does enough well that I would point other people toward it.",TRUE
201724,505090,"It is a decent game, even if it never fully clicked for me. It was easy to keep moving from one objective to the next, and the pacing worked well for an adventure game, but the experience still loses momentum in places. Whether you like it probably depends on how much you enjoy this genre.",FALSE
201725,959400,"I had a good time with this one. The combat stayed engaging for a long time, and the progression system felt rewarding. For the right player, this is a very easy recommendation.",TRUE
201726,786100,"I had a good time with this one. It is easy to pick up for a short session, and the pacing worked well for an adventure game. It does enough well that I would point other people toward it.",TRUE
201727,813150,"This lands somewhere in the middle for me. Building out a character was satisfying, and the moment-to-moment gameplay felt sharp, but the experience still loses momentum in places. There is enough here to keep it interesting, even if it is not an easy recommendation.",FALSE
201728,380540,"This feels like a game with clear strengths and clear weaknesses. The freedom to approach things my own way helped a lot, and the pacing worked well for an adventure game, but the experience still loses momentum in places. I would call it a cautious recommendation at best.",FALSE
201729,838110,"After a few sessions, this one won me over. The moment-to-moment gameplay felt sharp, and the shooting feels responsive enough to carry the game. I would play more of it without much hesitation.",TRUE
201730,880400,"I had a good time with this one. It works well when i want something low pressure, and it has a clear identity instead of feeling generic. I would recommend it, especially if the tags already sound appealing to you.",TRUE
201731,603750,"This feels like a game with clear strengths and clear weaknesses. It has a clear identity instead of feeling generic, and the progression system felt rewarding, but the experience still loses momentum in places. There is enough here to keep it interesting, even if it is not an easy recommendation.",TRUE
201732,1013630,"This is an easy game for me to recommend. The progression system felt rewarding, and it works well as a solo game. I would play more of it without much hesitation.",TRUE
201733,314070,"I had a good time with this one. It has a clear identity instead of feeling generic, and it works well as a solo game. I would recommend it, especially if the tags already sound appealing to you.",TRUE
201734,651320,"This is an easy game for me to recommend. It has a clear sense of what it wants to be, and it does a respectable job with its main idea. For the right player, this is a very easy recommendation.",TRUE
201735,894930,"This is an easy game for me to recommend. The pacing worked well for an adventure game, and building out a character was satisfying. It does enough well that I would point other people toward it.",TRUE
201736,258050,"I had a good time with this one. Resource management added real tension, and survival pressure made the sessions memorable. It does enough well that I would point other people toward it.",TRUE
201737,643260,"After a few sessions, this one won me over. It has a clear identity instead of feeling generic, and the combat stayed engaging for a long time. I would play more of it without much hesitation.",TRUE
201738,912660,"This was a really solid surprise. It feels like a small project with real personality, and the pacing worked well for an adventure game. It is worth trying if this genre is already in your wheelhouse.",TRUE
201739,467170,"I had a good time with this one. It feels like a small project with real personality, and the strategic layer kept me paying attention. It is worth trying if this genre is already in your wheelhouse.",TRUE
201740,955580,"I have mixed feelings about this game. It works well when i want something low pressure, and it has a clear identity instead of feeling generic, but the experience still loses momentum in places. Whether you like it probably depends on how much you enjoy this genre.",FALSE
201741,466210,"There are some good ideas here, but it did not fully work for me. I could see some appeal because it works well when I want something low pressure and the combat stayed engaging for a long time, but the game still felt too uneven overall. I would only recommend it to someone who is already very into this niche.",FALSE
201742,703090,"This lands somewhere in the middle for me. It has a clear identity instead of feeling generic, and the strategic layer kept me paying attention, but the experience still loses momentum in places. Whether you like it probably depends on how much you enjoy this genre.",TRUE
201743,806970,"This feels like a game with clear strengths and clear weaknesses. The systems are detailed enough to stay interesting, and solving things felt satisfying more often than frustrating, but the experience still loses momentum in places. I could still recommend it with the right expectations.",TRUE
201744,668780,"I can see why this game has a strong audience. It has a clear identity instead of feeling generic, and it was easy to keep moving from one objective to the next. I would play more of it without much hesitation.",TRUE
201745,622270,"I ended up liking this more than I expected. It is easy to pick up for a short session, and it feels like a small project with real personality. It does enough well that I would point other people toward it.",TRUE
201746,753660,"I can see why this game has a strong audience. It was easy to keep moving from one objective to the next, and movement feels better than I expected. It is worth trying if this genre is already in your wheelhouse.",TRUE
201747,866500,"I ended up liking this more than I expected. The moment-to-moment gameplay felt sharp, and it is easy to pick up for a short session. It does enough well that I would point other people toward it.",TRUE
201748,501280,"There is a lot to like here, but also a few obvious issues. The core loop stayed reasonably engaging, and it does a respectable job with its main idea, but the experience still loses momentum in places. I would call it a cautious recommendation at best.",FALSE
201749,502710,"This lands somewhere in the middle for me. The systems are detailed enough to stay interesting, and it was easy to keep moving from one objective to the next, but the experience still loses momentum in places. Whether you like it probably depends on how much you enjoy this genre.",FALSE
201750,262470,"I have mixed feelings about this game. It has a clear identity instead of feeling generic, and it works well when I want something low pressure, but the experience still loses momentum in places. It is not a must-play, but I can understand why some people enjoy it.",FALSE
201751,904540,"This is an easy game for me to recommend. The moment-to-moment gameplay felt sharp, and it is easy to enjoy this at your own pace. It is worth trying if this genre is already in your wheelhouse.",TRUE
201752,452410,"It is a decent game, even if it never fully clicked for me. It feels like a small project with real personality, and movement feels better than I expected, but the experience still loses momentum in places. It is not a must-play, but I can understand why some people enjoy it.",FALSE
201753,10680,"This feels like a game with clear strengths and clear weaknesses. Matches stayed lively even after a few rounds, and the strategic layer kept me paying attention, but the experience still loses momentum in places. It is not a must-play, but I can understand why some people enjoy it.",FALSE
201754,456760,"I ended up liking this more than I expected. The moment-to-moment gameplay felt sharp, and the progression system felt rewarding. It does enough well that I would point other people toward it.",TRUE
201755,571530,"Not amazing and not terrible, just a fairly middle-of-the-road experience.",TRUE
201756,783050,"I can see why this game has a strong audience. It is easy to enjoy this at your own pace, and it works well as a solo game. It does enough well that I would point other people toward it.",TRUE
201757,807730,"I had a good time with this one. It has a clear identity instead of feeling generic, and the strategic layer kept me paying attention. I would play more of it without much hesitation.",TRUE
201758,492270,"This is an easy game for me to recommend. The pacing worked well for an adventure game, and the systems are detailed enough to stay interesting. I would play more of it without much hesitation.",TRUE
201759,904130,"This was a really solid surprise. Survival pressure made the sessions memorable, and it feels like a small project with real personality. It does enough well that I would point other people toward it.",TRUE
201760,436180,"I do not think this came together as well as it could have. I could see some appeal because the co-op side adds a lot of replay value and it was easy to keep moving from one objective to the next, but the game still felt too uneven overall. I do not regret trying it, but I would not rush to recommend it.",FALSE
201761,713310,"I can see why this game has a strong audience. It feels like a small project with real personality, and the moment-to-moment gameplay felt sharp. I would play more of it without much hesitation.",TRUE
201762,415080,"Parts of it are interesting, but the overall experience felt weak. I could see some appeal because it does a good job selling the simulation idea and the systems are detailed enough to stay interesting, but the game still felt too uneven overall. I would only recommend it to someone who is already very into this niche.",FALSE
201763,690630,"I can see why this game has a strong audience. The puzzle design was solid without feeling unfair, and once the controls clicked, the platforming was fun. I would play more of it without much hesitation.",TRUE
201764,601640,"I have mixed feelings about this game. It works well as a solo game, and the atmosphere is one of its biggest strengths, but the experience still loses momentum in places. It is not a must-play, but I can understand why some people enjoy it.",FALSE
201765,1018130,"This is an easy game for me to recommend. It works well as a solo game, and it has a clear identity instead of feeling generic. It does enough well that I would point other people toward it.",TRUE
201766,538070,"This is an easy game for me to recommend. The story kept me interested, and the mood is consistent from start to finish. It is worth trying if this genre is already in your wheelhouse.",TRUE
201767,832650,"This was a really solid surprise. The pacing worked well for an adventure game, and the strategic layer kept me paying attention. It does enough well that I would point other people toward it.",TRUE
201768,828230,"I do not think this came together as well as it could have. I could see some appeal because it feels like a small project with real personality and building out a character was satisfying, but the game still felt too uneven overall. I would wait for a discount before suggesting it to anyone else.",FALSE
201769,282210,"There is a lot to like here, but also a few obvious issues. It is easy to enjoy this at your own pace, and it works well when I want something low pressure, but the experience still loses momentum in places. I could still recommend it with the right expectations.",TRUE
201770,779320,"This was a really solid surprise. Building out a character was satisfying, and the pacing worked well for an adventure game. I would recommend it, especially if the tags already sound appealing to you.",TRUE
201771,344190,"This was a really solid surprise. The co-op side adds a lot of replay value, and building out a character was satisfying. I would recommend it, especially if the tags already sound appealing to you.",TRUE
201772,512160,"I can see why this game has a strong audience. The co-op side adds a lot of replay value, and it has a clear identity instead of feeling generic. I would recommend it, especially if the tags already sound appealing to you.",TRUE
201773,395200,"It is a decent game, even if it never fully clicked for me. The moment-to-moment gameplay felt sharp, and movement feels better than I expected, but the experience still loses momentum in places. I would call it a cautious recommendation at best.",FALSE
201774,304430,"It was fine overall, even if nothing about it really stood out to me.",TRUE
201775,837900,"I have mixed feelings about this game. It feels like a small project with real personality, and it is easy to pick up for a short session, but the experience still loses momentum in places. It is not a must-play, but I can understand why some people enjoy it.",TRUE
201776,394550,"This was a really solid surprise. The moment-to-moment gameplay felt sharp, and movement feels better than I expected. It is worth trying if this genre is already in your wheelhouse.",TRUE
201777,316370,"It is a decent game, even if it never fully clicked for me. The progression system felt rewarding, and building out a character was satisfying, but the experience still loses momentum in places. I could still recommend it with the right expectations.",TRUE
201778,62100,"I had a good time with this one. It works well as a solo game, and it feels like a small project with real personality. I would recommend it, especially if the tags already sound appealing to you.",TRUE
201779,817950,"I enjoyed parts of it more than the whole package. The progression system felt rewarding, and the races stayed entertaining instead of repetitive, but the experience still loses momentum in places. I could still recommend it with the right expectations.",TRUE
201780,12210,"This was a really solid surprise. It is easy to enjoy this at your own pace, and the shooting feels responsive enough to carry the game. I would play more of it without much hesitation.",TRUE
201781,837330,"This is an easy game for me to recommend. It feels like a small project with real personality, and the pacing worked well for an adventure game. I would play more of it without much hesitation.",TRUE
201782,409000,"I can see why this game has a strong audience. Building out a character was satisfying, and the progression system felt rewarding. It does enough well that I would point other people toward it.",TRUE
201783,4420,"I enjoyed parts of it more than the whole package. The progression system felt rewarding, and the combat stayed engaging for a long time, but the experience still loses momentum in places. I could still recommend it with the right expectations.",FALSE
201784,529360,"I had a good time with this one. It has a clear identity instead of feeling generic, and the shooting feels responsive enough to carry the game. It does enough well that I would point other people toward it.",TRUE
201785,465090,"I have mixed feelings about this game. The systems are detailed enough to stay interesting, and it does a good job selling the simulation idea, but the experience still loses momentum in places. It is not a must-play, but I can understand why some people enjoy it.",FALSE
201786,798240,"There is a lot to like here, but also a few obvious issues. The combat stayed engaging for a long time, and it feels like a small project with real personality, but the experience still loses momentum in places. I could still recommend it with the right expectations.",FALSE
201787,438030,"I wanted to like this more than I did. I could see some appeal because it has a clear identity instead of feeling generic and it works well when I want something low pressure, but the game still felt too uneven overall. I would only recommend it to someone who is already very into this niche.",FALSE
201788,550220,"I can see why this game has a strong audience. It has a clear identity instead of feeling generic, and solving things felt satisfying more often than frustrating. I would play more of it without much hesitation.",TRUE
201789,425150,"After a few sessions, this one won me over. It makes sense why people keep returning to it, and matches stayed lively even after a few rounds. It does enough well that I would point other people toward it.",TRUE
201790,531110,"This is an easy game for me to recommend. Building out a character was satisfying, and the management layer made the game easy to sink time into. I would play more of it without much hesitation.",TRUE
201791,428130,"I can see why this game has a strong audience. It was easy to keep moving from one objective to the next, and solving things felt satisfying more often than frustrating. It does enough well that I would point other people toward it.",TRUE
201792,895850,"This lands somewhere in the middle for me. It feels like a small project with real personality, and it is easy to pick up for a short session, but the experience still loses momentum in places. There is enough here to keep it interesting, even if it is not an easy recommendation.",FALSE
201793,1024790,"This was a really solid surprise. It works well as a solo game, and it has a clear identity instead of feeling generic. It is worth trying if this genre is already in your wheelhouse.",TRUE
201794,948460,"There is a lot to like here, but also a few obvious issues. It has a clear identity instead of feeling generic, and it feels like a small project with real personality, but the experience still loses momentum in places. There is enough here to keep it interesting, even if it is not an easy recommendation.",FALSE
201795,501320,"It was fine overall, even if nothing about it really stood out to me.",FALSE
201796,876540,"I can see what the game is aiming for, but the execution feels uneven. I could see some appeal because the moment-to-moment gameplay felt sharp and it has a clear identity instead of feeling generic, but the game still felt too uneven overall. It might work for other people, but it was not for me.",FALSE
201797,976320,"I enjoyed parts of it more than the whole package. It has a clear identity instead of feeling generic, and it works well when I want something low pressure, but the experience still loses momentum in places. Whether you like it probably depends on how much you enjoy this genre.",TRUE
201798,605410,"I wanted to like this more than I did. I could see some appeal because it is easy to pick up for a short session and it has a clear identity instead of feeling generic, but the game still felt too uneven overall. I would wait for a discount before suggesting it to anyone else.",FALSE
201799,914090,"This lands somewhere in the middle for me. It has a clear identity instead of feeling generic, and it is easy to pick up for a short session, but the experience still loses momentum in places. It is not a must-play, but I can understand why some people enjoy it.",FALSE
201800,806720,"I had a good time with this one. The strategic layer kept me paying attention, and it has a clear identity instead of feeling generic. It is worth trying if this genre is already in your wheelhouse.",TRUE
201801,344030,"I enjoyed parts of it more than the whole package. It is easy to pick up for a short session, and it was easy to keep moving from one objective to the next, but the experience still loses momentum in places. I could still recommend it with the right expectations.",TRUE
201802,710950,"I have mixed feelings about this game. The story kept me interested, and it works well when I want something low pressure, but the experience still loses momentum in places. It is not a must-play, but I can understand why some people enjoy it.",FALSE
201803,491240,"This is an easy game for me to recommend. The mood is consistent from start to finish, and the combat stayed engaging for a long time. It does enough well that I would point other people toward it.",TRUE
201804,817460,"I had a good time with this one. The moment-to-moment gameplay felt sharp, and the progression system felt rewarding. It is worth trying if this genre is already in your wheelhouse.",TRUE
201805,546900,"Parts of it are interesting, but the overall experience felt weak. I could see some appeal because solving things felt satisfying more often than frustrating and the puzzle design was solid without feeling unfair, but the game still felt too uneven overall. I would only recommend it to someone who is already very into this niche.",FALSE
201806,319970,"I had a good time with this one. It has a clear identity instead of feeling generic, and the story kept me interested. It does enough well that I would point other people toward it.",TRUE
201807,1029500,"This is an easy game for me to recommend. I had to think through each decision, and the systems are detailed enough to stay interesting. I would play more of it without much hesitation.",TRUE
201808,722760,"I have mixed feelings about this game. It was easy to keep moving from one objective to the next, and the pacing worked well for an adventure game, but the experience still loses momentum in places. Whether you like it probably depends on how much you enjoy this genre.",FALSE
201809,671240,"This feels like a game with clear strengths and clear weaknesses. It has a clear identity instead of feeling generic, and it was easy to keep moving from one objective to the next, but the experience still loses momentum in places. I would call it a cautious recommendation at best.",FALSE
201810,521660,"Parts of it are interesting, but the overall experience felt weak. I could see some appeal because turn-based decisions gave the game more depth and the strategic layer kept me paying attention, but the game still felt too uneven overall. It might work for other people, but it was not for me.",FALSE
201811,21090,"This feels average to me, though I can still see the appeal for the right player.",TRUE
201812,755670,"I ended up liking this more than I expected. The shooting feels responsive enough to carry the game, and the strategic layer kept me paying attention. For the right player, this is a very easy recommendation.",TRUE
201813,789510,"I wanted to like this more than I did. I could see some appeal because it has a clear identity instead of feeling generic and it feels like a small project with real personality, but the game still felt too uneven overall. I do not regret trying it, but I would not rush to recommend it.",FALSE
201814,777550,"This feels like a game with clear strengths and clear weaknesses. The progression system felt rewarding, and the combat stayed engaging for a long time, but the experience still loses momentum in places. There is enough here to keep it interesting, even if it is not an easy recommendation.",TRUE
201815,908950,"I can see what the game is aiming for, but the execution feels uneven. I could see some appeal because I had to think through each decision and it makes sense why people keep returning to it, but the game still felt too uneven overall. There is something here, but I cannot honestly recommend it as it is.",FALSE
201816,623550,"It is a decent game, even if it never fully clicked for me. It works well when i want something low pressure, and it feels like a small project with real personality, but the experience still loses momentum in places. I would call it a cautious recommendation at best.",FALSE
201817,382320,"This lands somewhere in the middle for me. It has a clear identity instead of feeling generic, and it works well when I want something low pressure, but the experience still loses momentum in places. There is enough here to keep it interesting, even if it is not an easy recommendation.",FALSE
201818,898440,"It is a decent game, even if it never fully clicked for me. It does a good job selling the simulation idea, and the puzzle design was solid without feeling unfair, but the experience still loses momentum in places. It is not a must-play, but I can understand why some people enjoy it.",FALSE
201819,565020,"There is a lot to like here, but also a few obvious issues. The pacing worked well for an adventure game, and the progression system felt rewarding, but the experience still loses momentum in places. It is not a must-play, but I can understand why some people enjoy it.",TRUE
201820,275530,"After a few sessions, this one won me over. The humor landed more often than not, and it is easy to enjoy this at your own pace. It is worth trying if this genre is already in your wheelhouse.",TRUE
201821,396480,"After a few sessions, this one won me over. It feels like a small project with real personality, and turn-based decisions gave the game more depth. I would recommend it, especially if the tags already sound appealing to you.",TRUE
201822,1028410,"I enjoyed parts of it more than the whole package. It feels like a small project with real personality, and the combat stayed engaging for a long time, but the experience still loses momentum in places. I would call it a cautious recommendation at best.",TRUE
201823,878910,"After a few sessions, this one won me over. It has a clear identity instead of feeling generic, and it is easy to pick up for a short session. I would recommend it, especially if the tags already sound appealing to you.",TRUE
201824,374520,"It is a decent game, even if it never fully clicked for me. I liked unlocking better tools and options over time, and the strategic layer kept me paying attention, but the experience still loses momentum in places. I would call it a cautious recommendation at best.",TRUE
201825,711570,"I had a good time with this one. The pacing worked well for an adventure game, and it was easy to keep moving from one objective to the next. For the right player, this is a very easy recommendation.",TRUE
201826,788390,"This is an easy game for me to recommend. It is easy to pick up for a short session, and the systems are detailed enough to stay interesting. I would play more of it without much hesitation.",TRUE
201827,572730,"After a few sessions, this one won me over. The puzzle design was solid without feeling unfair, and the mood is consistent from start to finish. I would play more of it without much hesitation.",TRUE
201828,861160,"Parts of it are interesting, but the overall experience felt weak. I could see some appeal because solving things felt satisfying more often than frustrating and it feels like a small project with real personality, but the game still felt too uneven overall. I would wait for a discount before suggesting it to anyone else.",FALSE
201829,92600,"I ended up liking this more than I expected. The combat stayed engaging for a long time, and the moment-to-moment gameplay felt sharp. I would play more of it without much hesitation.",TRUE
201830,615330,"I ended up liking this more than I expected. It works well when i want something low pressure, and solving things felt satisfying more often than frustrating. For the right player, this is a very easy recommendation.",TRUE
201831,813820,"It is a decent game, even if it never fully clicked for me. The shooting feels responsive enough to carry the game, and exploring the world was the best part, but the experience still loses momentum in places. I could still recommend it with the right expectations.",FALSE
201832,661230,"I can see why this game has a strong audience. The systems are detailed enough to stay interesting, and it is easy to pick up for a short session. I would play more of it without much hesitation.",TRUE
201833,232950,"Not amazing and not terrible, just a fairly middle-of-the-road experience.",FALSE
201834,679750,"This was a really solid surprise. It is easy to pick up for a short session, and it does a good job selling the simulation idea. I would recommend it, especially if the tags already sound appealing to you.",TRUE
201835,765400,"This was not a terrible game, just a disappointing one for me. I could see some appeal because it was easy to keep moving from one objective to the next and the pacing worked well for an adventure game, but the game still felt too uneven overall. I would only recommend it to someone who is already very into this niche.",FALSE
201836,730830,"Not amazing and not terrible, just a fairly middle-of-the-road experience.",FALSE
201837,207170,"I had mixed feelings, but it was still interesting enough to finish a session or two.",TRUE
201838,665270,"This was a really solid surprise. It has a clear identity instead of feeling generic, and the gunplay is the main reason I kept playing. It is worth trying if this genre is already in your wheelhouse.",TRUE
201839,1009350,"This feels like a game with clear strengths and clear weaknesses. The pacing worked well for an adventure game, and the combat stayed engaging for a long time, but the experience still loses momentum in places. I could still recommend it with the right expectations.",FALSE
201840,220160,"After a few sessions, this one won me over. Movement feels better than i expected, and it makes sense why people keep returning to it. I would recommend it, especially if the tags already sound appealing to you.",TRUE
201841,681480,"There is a lot to like here, but also a few obvious issues. It is easy to pick up for a short session, and it works well when I want something low pressure, but the experience still loses momentum in places. It is not a must-play, but I can understand why some people enjoy it.",TRUE
201842,359060,"I wanted to like this more than I did. I could see some appeal because the moment-to-moment gameplay felt sharp and it feels like a small project with real personality, but the game still felt too uneven overall. There is something here, but I cannot honestly recommend it as it is.",FALSE
201843,282880,"It was fine overall, even if nothing about it really stood out to me.",TRUE
201844,888800,"I ended up liking this more than I expected. The gunplay is the main reason i kept playing, and it is easy to enjoy this at your own pace. I would play more of it without much hesitation.",TRUE
201845,567660,"I had a good time with this one. It is easy to enjoy this at your own pace, and it works well when I want something low pressure. It does enough well that I would point other people toward it.",TRUE
201846,541350,"I can see what the game is aiming for, but the execution feels uneven. I could see some appeal because it has a clear identity instead of feeling generic and it feels like a small project with real personality, but the game still felt too uneven overall. I do not regret trying it, but I would not rush to recommend it.",FALSE
201847,965640,"I ended up liking this more than I expected. It feels like a small project with real personality, and resource management added real tension. For the right player, this is a very easy recommendation.",TRUE
201848,507010,"This was a really solid surprise. It is easy to enjoy this at your own pace, and it does a good job selling the simulation idea. It is worth trying if this genre is already in your wheelhouse.",TRUE
201849,391580,"I can see why this game has a strong audience. Turn-based decisions gave the game more depth, and solving things felt satisfying more often than frustrating. I would play more of it without much hesitation.",TRUE
201850,781760,"This feels like a game with clear strengths and clear weaknesses. The strategic layer kept me paying attention, and it works well as a solo game, but the experience still loses momentum in places. It is not a must-play, but I can understand why some people enjoy it.",TRUE
201851,368250,"I ended up liking this more than I expected. It is easy to pick up for a short session, and building out a character was satisfying. For the right player, this is a very easy recommendation.",TRUE
201852,243950,"I enjoyed parts of it more than the whole package. The writing was stronger than i expected, and the combat stayed engaging for a long time, but the experience still loses momentum in places. I would call it a cautious recommendation at best.",FALSE
201853,579760,"After a few sessions, this one won me over. It has a clear identity instead of feeling generic, and the atmosphere is one of its biggest strengths. It is worth trying if this genre is already in your wheelhouse.",TRUE
201854,92300,"It was fine overall, even if nothing about it really stood out to me.",TRUE
201855,365300,A decent game with some strengths and some obvious rough edges.,TRUE
201856,676730,"I have mixed feelings about this game. The story kept me interested, and the atmosphere carried a lot of the experience, but the experience still loses momentum in places. There is enough here to keep it interesting, even if it is not an easy recommendation.",TRUE
201857,600120,"After a few sessions, this one won me over. It is easy to pick up for a short session, and it works well when I want something low pressure. It does enough well that I would point other people toward it.",TRUE
201858,632300,"I enjoyed parts of it more than the whole package. The writing was stronger than i expected, and resource management added real tension, but the experience still loses momentum in places. It is not a must-play, but I can understand why some people enjoy it.",FALSE
201859,754520,"I had a good time with this one. The puzzle design was solid without feeling unfair, and it has a clear identity instead of feeling generic. For the right player, this is a very easy recommendation.",TRUE
201860,395160,"This was a really solid surprise. The combat stayed engaging for a long time, and it is easy to enjoy this at your own pace. It does enough well that I would point other people toward it.",TRUE
201861,671050,"This was a really solid surprise. It has a clear identity instead of feeling generic, and it feels like a small project with real personality. I would recommend it, especially if the tags already sound appealing to you.",TRUE
201862,676210,"I had a good time with this one. It has a clear identity instead of feeling generic, and building out a character was satisfying. I would play more of it without much hesitation.",TRUE
201863,280380,"This feels like a game with clear strengths and clear weaknesses. The strategic layer kept me paying attention, and the moment-to-moment gameplay felt sharp, but the experience still loses momentum in places. I could still recommend it with the right expectations.",TRUE
201864,95700,"This was a really solid surprise. It has a clear identity instead of feeling generic, and solving things felt satisfying more often than frustrating. I would play more of it without much hesitation.",TRUE
201865,292370,"This was not a terrible game, just a disappointing one for me. I could see some appeal because it has a clear identity instead of feeling generic and the progression system felt rewarding, but the game still felt too uneven overall. I do not regret trying it, but I would not rush to recommend it.",FALSE
201866,510390,"I enjoyed parts of it more than the whole package. It has a clear identity instead of feeling generic, and the story kept me interested, but the experience still loses momentum in places. Whether you like it probably depends on how much you enjoy this genre.",FALSE
201867,554280,"This is an easy game for me to recommend. The combat stayed engaging for a long time, and the gunplay is the main reason I kept playing. It does enough well that I would point other people toward it.",TRUE
201868,1030520,"I can see why this game has a strong audience. It is easy to pick up for a short session, and it feels like a small project with real personality. For the right player, this is a very easy recommendation.",TRUE
201869,464940,"I had a good time with this one. It was easy to keep moving from one objective to the next, and the pacing worked well for an adventure game. It is worth trying if this genre is already in your wheelhouse.",TRUE
201870,377450,"This is an easy game for me to recommend. Solving things felt satisfying more often than frustrating, and the puzzle design was solid without feeling unfair. It does enough well that I would point other people toward it.",TRUE
201871,333880,"I have mixed feelings about this game. The story kept me interested, and it works well as a solo game, but the experience still loses momentum in places. It is not a must-play, but I can understand why some people enjoy it.",FALSE
201872,778330,"After a few sessions, this one won me over. It feels like a small project with real personality, and once the controls clicked, the platforming was fun. I would recommend it, especially if the tags already sound appealing to you.",TRUE
201873,570470,"I have mixed feelings about this game. It was easy to keep moving from one objective to the next, and it is easy to pick up for a short session, but the experience still loses momentum in places. Whether you like it probably depends on how much you enjoy this genre.",TRUE
201874,250260,"I ended up liking this more than I expected. It was easy to keep moving from one objective to the next, and the pacing worked well for an adventure game. I would recommend it, especially if the tags already sound appealing to you.",TRUE
201875,231040,"This was a really solid surprise. The moment-to-moment gameplay felt sharp, and the pacing worked well for an adventure game. I would recommend it, especially if the tags already sound appealing to you.",TRUE
201876,545920,"I ended up liking this more than I expected. The systems are detailed enough to stay interesting, and it does a good job selling the simulation idea. For the right player, this is a very easy recommendation.",TRUE
201877,225160,"I ended up liking this more than I expected. It has a light tone that makes it easy to keep going, and it is easy to enjoy this at your own pace. It is worth trying if this genre is already in your wheelhouse.",TRUE
201878,667970,"I had a good time with this one. The systems are detailed enough to stay interesting, and it makes sense why people keep returning to it. It is worth trying if this genre is already in your wheelhouse.",TRUE
201879,434600,"I wanted to like this more than I did. I could see some appeal because it feels like a small project with real personality and it has a clear identity instead of feeling generic, but the game still felt too uneven overall. It might work for other people, but it was not for me.",FALSE
201880,245410,"After a few sessions, this one won me over. Building out a character was satisfying, and the progression system felt rewarding. It is worth trying if this genre is already in your wheelhouse.",TRUE
201881,420160,"After a few sessions, this one won me over. The combat stayed engaging for a long time, and it feels like a small project with real personality. It does enough well that I would point other people toward it.",TRUE
201882,974390,"I had a good time with this one. The combat stayed engaging for a long time, and movement feels better than I expected. I would play more of it without much hesitation.",TRUE
201883,649510,"This lands somewhere in the middle for me. It works well when i want something low pressure, and it was easy to keep moving from one objective to the next, but the experience still loses momentum in places. I would call it a cautious recommendation at best.",TRUE
201884,530010,"This feels like a game with clear strengths and clear weaknesses. It has a clear identity instead of feeling generic, and it feels like a small project with real personality, but the experience still loses momentum in places. I would call it a cautious recommendation at best.",FALSE
201885,956400,"After a few sessions, this one won me over. The pacing worked well for an adventure game, and it was easy to keep moving from one objective to the next. For the right player, this is a very easy recommendation.",TRUE
201886,446760,"This is an easy game for me to recommend. It is easy to enjoy this at your own pace, and survival pressure made the sessions memorable. I would play more of it without much hesitation.",TRUE
201887,739190,"After a few sessions, this one won me over. The story kept me interested, and it has a clear identity instead of feeling generic. I would recommend it, especially if the tags already sound appealing to you.",TRUE
201888,422810,"There is a lot to like here, but also a few obvious issues. The world gives you plenty to do, and this feels much better with friends, but the experience still loses momentum in places. There is enough here to keep it interesting, even if it is not an easy recommendation.",FALSE
201889,301500,"This feels like a game with clear strengths and clear weaknesses. It was easy to keep moving from one objective to the next, and the combat stayed engaging for a long time, but the experience still loses momentum in places. I would call it a cautious recommendation at best.",FALSE
201890,759000,"I ended up liking this more than I expected. Putting things together was genuinely satisfying, and solving things felt satisfying more often than frustrating. It is worth trying if this genre is already in your wheelhouse.",TRUE
201891,648530,"This lands somewhere in the middle for me. It was easy to keep moving from one objective to the next, and building out a character was satisfying, but the experience still loses momentum in places. There is enough here to keep it interesting, even if it is not an easy recommendation.",TRUE
201892,373820,"I can see what the game is aiming for, but the execution feels uneven. I could see some appeal because it is easy to pick up for a short session and the systems are detailed enough to stay interesting, but the game still felt too uneven overall. I would wait for a discount before suggesting it to anyone else.",FALSE
201893,954010,"I had a good time with this one. It feels like a small project with real personality, and the gunplay is the main reason I kept playing. For the right player, this is a very easy recommendation.",TRUE
201894,363840,"This feels like a game with clear strengths and clear weaknesses. I had to think through each decision, and the strategic layer kept me paying attention, but the experience still loses momentum in places. It is not a must-play, but I can understand why some people enjoy it.",FALSE
201895,960200,"I had a good time with this one. It was easy to keep moving from one objective to the next, and it has a clear identity instead of feeling generic. It does enough well that I would point other people toward it.",TRUE
201896,6200,"After a few sessions, this one won me over. It does a good job selling the simulation idea, and the freedom to approach things my own way helped a lot. I would play more of it without much hesitation.",TRUE
201897,557880,"This feels like a game with clear strengths and clear weaknesses. It was easy to keep moving from one objective to the next, and it has a clear identity instead of feeling generic, but the experience still loses momentum in places. It is not a must-play, but I can understand why some people enjoy it.",TRUE
201898,254460,"This is an easy game for me to recommend. It works well as a solo game, and resource management added real tension. I would recommend it, especially if the tags already sound appealing to you.",TRUE
201899,560930,"I have mixed feelings about this game. It works well when i want something low pressure, and it has a clear identity instead of feeling generic, but the experience still loses momentum in places. It is not a must-play, but I can understand why some people enjoy it.",TRUE
201900,244050,"It is a decent game, even if it never fully clicked for me. The world gives you plenty to do, and the moment-to-moment gameplay felt sharp, but the experience still loses momentum in places. Whether you like it probably depends on how much you enjoy this genre.",FALSE
201901,583950,"I can see what the game is aiming for, but the execution feels uneven. I could see some appeal because it is easy to pick up for a short session and the atmosphere is one of its biggest strengths, but the game still felt too uneven overall. I would only recommend it to someone who is already very into this niche.",FALSE
201902,1004310,"After a few sessions, this one won me over. It works well as a solo game, and it is easy to pick up for a short session. I would recommend it, especially if the tags already sound appealing to you.",TRUE
201903,848720,"I had a good time with this one. It has a clear identity instead of feeling generic, and the moment-to-moment gameplay felt sharp. I would play more of it without much hesitation.",TRUE
201904,833670,"I had mixed feelings, but it was still interesting enough to finish a session or two.",TRUE
201905,400280,"This was a really solid surprise. Movement feels better than i expected, and the world gives you plenty to do. For the right player, this is a very easy recommendation.",TRUE
201906,710960,"This was a really solid surprise. The gunplay is the main reason i kept playing, and the combat stayed engaging for a long time. I would recommend it, especially if the tags already sound appealing to you.",TRUE
201907,847230,"I ended up liking this more than I expected. It feels like a small project with real personality, and it has a clear identity instead of feeling generic. For the right player, this is a very easy recommendation.",TRUE
201908,667920,"I can see what the game is aiming for, but the execution feels uneven. I could see some appeal because it feels like a small project with real personality and the systems are detailed enough to stay interesting, but the game still felt too uneven overall. I would wait for a discount before suggesting it to anyone else.",FALSE
201909,883790,"After a few sessions, this one won me over. The pacing worked well for an adventure game, and the moment-to-moment gameplay felt sharp. For the right player, this is a very easy recommendation.",TRUE
201910,57740,"After a few sessions, this one won me over. It works well as a solo game, and building out a character was satisfying. It does enough well that I would point other people toward it.",TRUE
201911,520370,"I ended up liking this more than I expected. The combat stayed engaging for a long time, and it feels like a small project with real personality. It is worth trying if this genre is already in your wheelhouse.",TRUE
201912,446000,"I ended up liking this more than I expected. The systems are detailed enough to stay interesting, and it feels like a small project with real personality. It is worth trying if this genre is already in your wheelhouse.",TRUE
201913,974840,"After a few sessions, this one won me over. It was easy to keep moving from one objective to the next, and the pacing worked well for an adventure game. It does enough well that I would point other people toward it.",TRUE
201914,545920,"I had a good time with this one. It does a good job selling the simulation idea, and the systems are detailed enough to stay interesting. I would play more of it without much hesitation.",TRUE
201915,443370,"I enjoyed parts of it more than the whole package. It is easy to pick up for a short session, and the puzzle design was solid without feeling unfair, but the experience still loses momentum in places. I could still recommend it with the right expectations.",FALSE
201916,643200,"I ended up liking this more than I expected. The pacing worked well for an adventure game, and it feels like a small project with real personality. I would play more of it without much hesitation.",TRUE
201917,490870,"I can see why this game has a strong audience. It has a clear identity instead of feeling generic, and the humor landed more often than not. It does enough well that I would point other people toward it.",TRUE
201918,930500,"I can see why this game has a strong audience. The systems are detailed enough to stay interesting, and it does a good job selling the simulation idea. It is worth trying if this genre is already in your wheelhouse.",TRUE
201919,434750,"I can see why this game has a strong audience. It is easy to enjoy this at your own pace, and the combat stayed engaging for a long time. I would play more of it without much hesitation.",TRUE
201920,548370,"There are some good ideas here, but it did not fully work for me. I could see some appeal because it was easy to keep moving from one objective to the next and the pacing worked well for an adventure game, but the game still felt too uneven overall. It might work for other people, but it was not for me.",FALSE
201921,377060,"This feels like a game with clear strengths and clear weaknesses. It feels like a small project with real personality, and the moment-to-moment gameplay felt sharp, but the experience still loses momentum in places. I could still recommend it with the right expectations.",FALSE
201922,559140,"Parts of it are interesting, but the overall experience felt weak. I could see some appeal because the combat stayed engaging for a long time and the systems are detailed enough to stay interesting, but the game still felt too uneven overall. I do not regret trying it, but I would not rush to recommend it.",FALSE
201923,417480,"I have mixed feelings about this game. The pacing worked well for an adventure game, and it was easy to keep moving from one objective to the next, but the experience still loses momentum in places. There is enough here to keep it interesting, even if it is not an easy recommendation.",FALSE
201924,436860,"I have mixed feelings about this game. The moment-to-moment gameplay felt sharp, and resource management added real tension, but the experience still loses momentum in places. Whether you like it probably depends on how much you enjoy this genre.",TRUE
201925,458750,"This is an easy game for me to recommend. The core loop stayed reasonably engaging, and it does a respectable job with its main idea. It does enough well that I would point other people toward it.",TRUE
201926,922400,"I ended up liking this more than I expected. It has a clear identity instead of feeling generic, and it feels like a small project with real personality. I would recommend it, especially if the tags already sound appealing to you.",TRUE
201927,205840,"I can see why this game has a strong audience. The humor landed more often than not, and it was easy to keep moving from one objective to the next. It does enough well that I would point other people toward it.",TRUE
201928,301260,"This was a really solid surprise. The systems are detailed enough to stay interesting, and it works well when I want something low pressure. It is worth trying if this genre is already in your wheelhouse.",TRUE
201929,324400,"This lands somewhere in the middle for me. It has a clear identity instead of feeling generic, and I had to think through each decision, but the experience still loses momentum in places. I would call it a cautious recommendation at best.",TRUE
201930,676550,"I do not think this came together as well as it could have. I could see some appeal because the building side gave me a reason to keep playing and it is easy to pick up for a short session, but the game still felt too uneven overall. I would only recommend it to someone who is already very into this niche.",FALSE
201931,932800,"I ended up liking this more than I expected. The pacing worked well for an adventure game, and it feels like a small project with real personality. For the right player, this is a very easy recommendation.",TRUE
201932,647840,"I had a good time with this one. The systems are detailed enough to stay interesting, and it does a good job selling the simulation idea. For the right player, this is a very easy recommendation.",TRUE
201933,587470,"This is an easy game for me to recommend. It feels like a small project with real personality, and the systems are detailed enough to stay interesting. I would recommend it, especially if the tags already sound appealing to you.",TRUE
201934,596910,"It was fine overall, even if nothing about it really stood out to me.",TRUE
201935,885690,"I can see why this game has a strong audience. Solving things felt satisfying more often than frustrating, and the puzzle design was solid without feeling unfair. I would play more of it without much hesitation.",TRUE
201936,483950,"I can see why this game has a strong audience. The core loop stayed reasonably engaging, and it does a respectable job with its main idea. I would play more of it without much hesitation.",TRUE
201937,18500,"It was fine overall, even if nothing about it really stood out to me.",TRUE
201938,951130,"I had a good time with this one. It works well as a solo game, and building out a character was satisfying. I would play more of it without much hesitation.",TRUE
201939,705240,"I ended up liking this more than I expected. It works well as a solo game, and it is easy to pick up for a short session. I would recommend it, especially if the tags already sound appealing to you.",TRUE
201940,953750,"I enjoyed parts of it more than the whole package. It feels like a small project with real personality, and it has a clear identity instead of feeling generic, but the experience still loses momentum in places. There is enough here to keep it interesting, even if it is not an easy recommendation.",TRUE
201941,408410,"I ended up liking this more than I expected. The shooting feels responsive enough to carry the game, and it feels like a small project with real personality. It does enough well that I would point other people toward it.",TRUE
201942,832540,"I ended up liking this more than I expected. The pacing worked well for an adventure game, and it was easy to keep moving from one objective to the next. It does enough well that I would point other people toward it.",TRUE
201943,369280,"This was a really solid surprise. It is easy to pick up for a short session, and it works well when I want something low pressure. I would play more of it without much hesitation.",TRUE
201944,467910,"I have mixed feelings about this game. The progression system felt rewarding, and the pacing worked well for an adventure game, but the experience still loses momentum in places. It is not a must-play, but I can understand why some people enjoy it.",FALSE
201945,864300,"This is an easy game for me to recommend. The pacing worked well for an adventure game, and it was easy to keep moving from one objective to the next. I would play more of it without much hesitation.",TRUE
201946,235620,"After a few sessions, this one won me over. It has a clear identity instead of feeling generic, and it is easy to enjoy this at your own pace. I would recommend it, especially if the tags already sound appealing to you.",TRUE
201947,501190,"I can see why this game has a strong audience. The management layer made the game easy to sink time into, and the strategic layer kept me paying attention. I would play more of it without much hesitation.",TRUE
201948,661480,"I had a good time with this one. It works well when i want something low pressure, and it feels like a small project with real personality. It does enough well that I would point other people toward it.",TRUE
201949,766940,"I ended up liking this more than I expected. Building out a character was satisfying, and the progression system felt rewarding. I would play more of it without much hesitation.",TRUE
201950,739240,"I have mixed feelings about this game. The atmosphere carried a lot of the experience, and it works well when I want something low pressure, but the experience still loses momentum in places. It is not a must-play, but I can understand why some people enjoy it.",FALSE
201951,651170,"This feels like a game with clear strengths and clear weaknesses. It is easy to pick up for a short session, and the combat stayed engaging for a long time, but the experience still loses momentum in places. I could still recommend it with the right expectations.",FALSE
201952,589200,"This is an easy game for me to recommend. The atmosphere is one of its biggest strengths, and it is easy to enjoy this at your own pace. For the right player, this is a very easy recommendation.",TRUE
201953,42950,"This was a really solid surprise. The strategic layer kept me paying attention, and I had to think through each decision. I would recommend it, especially if the tags already sound appealing to you.",TRUE
201954,974070,"After a few sessions, this one won me over. The puzzle design was solid without feeling unfair, and it works well when I want something low pressure. It does enough well that I would point other people toward it.",TRUE
201955,466130,"I can see why this game has a strong audience. It was easy to keep moving from one objective to the next, and it feels like a small project with real personality. I would recommend it, especially if the tags already sound appealing to you.",TRUE
201956,565490,"Parts of it are interesting, but the overall experience felt weak. I could see some appeal because I had to think through each decision and the strategic layer kept me paying attention, but the game still felt too uneven overall. I do not regret trying it, but I would not rush to recommend it.",FALSE
201957,289500,"I had a good time with this one. The strategic layer kept me paying attention, and it is easy to enjoy this at your own pace. I would play more of it without much hesitation.",TRUE
201958,263520,"I can see why this game has a strong audience. It builds tension well when you let it breathe, and it is easy to pick up for a short session. I would recommend it, especially if the tags already sound appealing to you.",TRUE
201959,779130,"I ended up liking this more than I expected. It does a good job selling the simulation idea, and it works well as a solo game. I would play more of it without much hesitation.",TRUE
201960,269230,"After a few sessions, this one won me over. The co-op side adds a lot of replay value, and the combat stayed engaging for a long time. I would recommend it, especially if the tags already sound appealing to you.",TRUE
201961,675030,"I can see why this game has a strong audience. It has a clear identity instead of feeling generic, and it feels like a small project with real personality. I would play more of it without much hesitation.",TRUE
201962,580040,"I can see why this game has a strong audience. The systems are detailed enough to stay interesting, and it is easy to enjoy this at your own pace. I would play more of it without much hesitation.",TRUE
201963,790450,"I can see why this game has a strong audience. It works well when i want something low pressure, and it feels like a small project with real personality. It does enough well that I would point other people toward it.",TRUE
201964,946380,"I have mixed feelings about this game. It builds tension well when you let it breathe, and it feels like a small project with real personality, but the experience still loses momentum in places. There is enough here to keep it interesting, even if it is not an easy recommendation.",FALSE
201965,377860,"This is an easy game for me to recommend. The combat stayed engaging for a long time, and it is easy to enjoy this at your own pace. I would play more of it without much hesitation.",TRUE
201966,570420,"I enjoyed parts of it more than the whole package. The freedom to approach things my own way helped a lot, and it does a good job selling the simulation idea, but the experience still loses momentum in places. It is not a must-play, but I can understand why some people enjoy it.",TRUE
201967,16900,"After a few sessions, this one won me over. The mood is consistent from start to finish, and the systems are detailed enough to stay interesting. It does enough well that I would point other people toward it.",TRUE
201968,523160,A decent game with some strengths and some obvious rough edges.,TRUE
201969,301120,"I can see why this game has a strong audience. The systems are detailed enough to stay interesting, and the management layer made the game easy to sink time into. For the right player, this is a very easy recommendation.",TRUE
201970,964350,"After a few sessions, this one won me over. The systems are detailed enough to stay interesting, and it was easy to keep moving from one objective to the next. It is worth trying if this genre is already in your wheelhouse.",TRUE
201971,610560,"I do not think this came together as well as it could have. I could see some appeal because the progression system felt rewarding and it has a clear identity instead of feeling generic, but the game still felt too uneven overall. I would wait for a discount before suggesting it to anyone else.",FALSE
201972,996980,"I had a good time with this one. It has a clear identity instead of feeling generic, and solving things felt satisfying more often than frustrating. I would play more of it without much hesitation.",TRUE
201973,494790,"I can see why this game has a strong audience. It feels like a small project with real personality, and it has a clear identity instead of feeling generic. I would play more of it without much hesitation.",TRUE
201974,591790,"There is a lot to like here, but also a few obvious issues. Matches stayed lively even after a few rounds, and the moment-to-moment gameplay felt sharp, but the experience still loses momentum in places. I would call it a cautious recommendation at best.",TRUE
201975,879410,"It is a decent game, even if it never fully clicked for me. It feels like a small project with real personality, and it has a clear identity instead of feeling generic, but the experience still loses momentum in places. It is not a must-play, but I can understand why some people enjoy it.",TRUE
201976,529150,"I ended up liking this more than I expected. I had to think through each decision, and the strategic layer kept me paying attention. It does enough well that I would point other people toward it.",TRUE
201977,751350,"I ended up liking this more than I expected. It works well when i want something low pressure, and it has a clear identity instead of feeling generic. For the right player, this is a very easy recommendation.",TRUE
201978,503090,"There are some good ideas here, but it did not fully work for me. I could see some appeal because it works well when I want something low pressure and it is easy to pick up for a short session, but the game still felt too uneven overall. I would wait for a discount before suggesting it to anyone else.",FALSE
201979,362610,"I have mixed feelings about this game. The races stayed entertaining instead of repetitive, and it feels like a small project with real personality, but the experience still loses momentum in places. There is enough here to keep it interesting, even if it is not an easy recommendation.",TRUE
201980,870100,"I can see what the game is aiming for, but the execution feels uneven. I could see some appeal because it feels like a small project with real personality and it has a clear identity instead of feeling generic, but the game still felt too uneven overall. It might work for other people, but it was not for me.",FALSE
201981,539660,"This is an easy game for me to recommend. It is easy to enjoy this at your own pace, and it was easy to keep moving from one objective to the next. I would play more of it without much hesitation.",TRUE
201982,471730,"I can see why this game has a strong audience. It feels like a small project with real personality, and it has a clear identity instead of feeling generic. I would play more of it without much hesitation.",TRUE
201983,421890,"This lands somewhere in the middle for me. It works well when i want something low pressure, and the systems are detailed enough to stay interesting, but the experience still loses momentum in places. It is not a must-play, but I can understand why some people enjoy it.",TRUE
201984,262450,"This was a really solid surprise. It works well as a solo game, and turn-based decisions gave the game more depth. I would play more of it without much hesitation.",TRUE
201985,429660,"After a few sessions, this one won me over. The moment-to-moment gameplay felt sharp, and it was easy to keep moving from one objective to the next. It is worth trying if this genre is already in your wheelhouse.",TRUE
201986,432370,"This is an easy game for me to recommend. It has a clear identity instead of feeling generic, and it feels like a small project with real personality. I would recommend it, especially if the tags already sound appealing to you.",TRUE
201987,836290,"This was a really solid surprise. It has a clear identity instead of feeling generic, and the progression system felt rewarding. I would recommend it, especially if the tags already sound appealing to you.",TRUE
201988,276380,"There are some good ideas here, but it did not fully work for me. I could see some appeal because it works well when I want something low pressure and it does a good job selling the simulation idea, but the game still felt too uneven overall. I would only recommend it to someone who is already very into this niche.",FALSE
201989,729970,"I ended up liking this more than I expected. Movement feels better than i expected, and it feels like a small project with real personality. I would recommend it, especially if the tags already sound appealing to you.",TRUE
201990,684470,"I wanted to like this more than I did. I could see some appeal because the building side gave me a reason to keep playing and it feels like a small project with real personality, but the game still felt too uneven overall. There is something here, but I cannot honestly recommend it as it is.",FALSE
201991,717640,"I can see why this game has a strong audience. It does a good job selling the simulation idea, and it has a light tone that makes it easy to keep going. It is worth trying if this genre is already in your wheelhouse.",TRUE
201992,468320,"It is a decent game, even if it never fully clicked for me. It works well when i want something low pressure, and it is easy to pick up for a short session, but the experience still loses momentum in places. I would call it a cautious recommendation at best.",TRUE
201993,635670,"I can see why this game has a strong audience. The story kept me interested, and the writing was stronger than I expected. I would recommend it, especially if the tags already sound appealing to you.",TRUE
201994,696060,"I ended up liking this more than I expected. The moment-to-moment gameplay felt sharp, and it feels like a small project with real personality. I would play more of it without much hesitation.",TRUE
201995,755560,"This is an easy game for me to recommend. The pacing worked well for an adventure game, and it was easy to keep moving from one objective to the next. It is worth trying if this genre is already in your wheelhouse.",TRUE
201996,956590,"This lands somewhere in the middle for me. It has a clear identity instead of feeling generic, and it feels like a small project with real personality, but the experience still loses momentum in places. I could still recommend it with the right expectations.",TRUE
201997,283410,"This lands somewhere in the middle for me. The shooting feels responsive enough to carry the game, and the moment-to-moment gameplay felt sharp, but the experience still loses momentum in places. It is not a must-play, but I can understand why some people enjoy it.",TRUE
201998,460780,"I enjoyed parts of it more than the whole package. Building out a character was satisfying, and the pacing worked well for an adventure game, but the experience still loses momentum in places. I could still recommend it with the right expectations.",FALSE
201999,1009390,"After a few sessions, this one won me over. I had to think through each decision, and the strategic layer kept me paying attention. I would play more of it without much hesitation.",TRUE
202000,862110,"I can see why this game has a strong audience. The puzzle design was solid without feeling unfair, and it works well as a solo game. I would recommend it, especially if the tags already sound appealing to you.",TRUE
202001,358210,"I can see why this game has a strong audience. The combat stayed engaging for a long time, and movement feels better than I expected. It does enough well that I would point other people toward it.",TRUE
202002,673560,"This is an easy game for me to recommend. It feels like a small project with real personality, and it makes sense why people keep returning to it. It is worth trying if this genre is already in your wheelhouse.",TRUE
202003,676730,"It is a decent game, even if it never fully clicked for me. The puzzle design was solid without feeling unfair, and resource management added real tension, but the experience still loses momentum in places. Whether you like it probably depends on how much you enjoy this genre.",FALSE
202004,558790,"I had a good time with this one. It feels like a small project with real personality, and it has a clear identity instead of feeling generic. It is worth trying if this genre is already in your wheelhouse.",TRUE
202005,508900,"This is an easy game for me to recommend. The story kept me interested, and it works well when I want something low pressure. For the right player, this is a very easy recommendation.",TRUE
202006,986020,"This was a really solid surprise. It has a clear identity instead of feeling generic, and it feels like a small project with real personality. I would play more of it without much hesitation.",TRUE
202007,998820,"This lands somewhere in the middle for me. The combat stayed engaging for a long time, and the moment-to-moment gameplay felt sharp, but the experience still loses momentum in places. I would call it a cautious recommendation at best.",FALSE
202008,269170,"After a few sessions, this one won me over. It makes sense why people keep returning to it, and it does a good job selling the simulation idea. For the right player, this is a very easy recommendation.",TRUE
202009,962970,"I ended up liking this more than I expected. The handling felt good after a short adjustment period, and it works well as a solo game. I would recommend it, especially if the tags already sound appealing to you.",TRUE
202010,880340,"This is an easy game for me to recommend. The shooting feels responsive enough to carry the game, and the combat stayed engaging for a long time. It does enough well that I would point other people toward it.",TRUE
202011,441280,"After a few sessions, this one won me over. The combat stayed engaging for a long time, and the pacing worked well for an adventure game. It does enough well that I would point other people toward it.",TRUE
202012,681750,"I ended up liking this more than I expected. It was easy to keep moving from one objective to the next, and the moment-to-moment gameplay felt sharp. It is worth trying if this genre is already in your wheelhouse.",TRUE
202013,339200,"This was a really solid surprise. It feels like a small project with real personality, and the pacing worked well for an adventure game. I would play more of it without much hesitation.",TRUE
202014,779240,"This feels like a game with clear strengths and clear weaknesses. The pacing worked well for an adventure game, and it feels like a small project with real personality, but the experience still loses momentum in places. It is not a must-play, but I can understand why some people enjoy it.",TRUE
202015,504310,"It is a decent game, even if it never fully clicked for me. The systems are detailed enough to stay interesting, and it does a good job selling the simulation idea, but the experience still loses momentum in places. I would call it a cautious recommendation at best.",FALSE
202016,427780,"I can see why this game has a strong audience. It is easy to pick up for a short session, and it works well when I want something low pressure. I would play more of it without much hesitation.",TRUE
202017,1065570,"After a few sessions, this one won me over. It has a clear identity instead of feeling generic, and the pacing worked well for an adventure game. It is worth trying if this genre is already in your wheelhouse.",TRUE
202018,991750,"This is an easy game for me to recommend. The moment-to-moment gameplay felt sharp, and I had to think through each decision. I would recommend it, especially if the tags already sound appealing to you.",TRUE
202019,830500,"I had a good time with this one. It feels like a small project with real personality, and it has a clear identity instead of feeling generic. I would recommend it, especially if the tags already sound appealing to you.",TRUE
202020,511820,"There is a lot to like here, but also a few obvious issues. It feels like a small project with real personality, and it works well when I want something low pressure, but the experience still loses momentum in places. I would call it a cautious recommendation at best.",TRUE
202021,931470,"This feels like a game with clear strengths and clear weaknesses. The progression system felt rewarding, and it has a clear identity instead of feeling generic, but the experience still loses momentum in places. Whether you like it probably depends on how much you enjoy this genre.",FALSE
202022,214250,"This was a really solid surprise. The atmosphere is one of its biggest strengths, and the mood is consistent from start to finish. I would play more of it without much hesitation.",TRUE
202023,578190,"After a few sessions, this one won me over. It feels like a small project with real personality, and the moment-to-moment gameplay felt sharp. It is worth trying if this genre is already in your wheelhouse.",TRUE
202024,586350,"This is an easy game for me to recommend. The combat stayed engaging for a long time, and it has a clear identity instead of feeling generic. I would play more of it without much hesitation.",TRUE
202025,820790,"This lands somewhere in the middle for me. The pacing worked well for an adventure game, and it feels like a small project with real personality, but the experience still loses momentum in places. I would call it a cautious recommendation at best.",FALSE
202026,785950,"This was not a terrible game, just a disappointing one for me. I could see some appeal because the combat stayed engaging for a long time and the pacing worked well for an adventure game, but the game still felt too uneven overall. I do not regret trying it, but I would not rush to recommend it.",FALSE
202027,501120,"There is a lot to like here, but also a few obvious issues. It feels like a small project with real personality, and it has a clear identity instead of feeling generic, but the experience still loses momentum in places. I would call it a cautious recommendation at best.",FALSE
202028,473460,"This is an easy game for me to recommend. It has a clear identity instead of feeling generic, and it is easy to pick up for a short session. It does enough well that I would point other people toward it.",TRUE
202029,346010,"This was a really solid surprise. I liked having room to experiment, and the freedom to approach things my own way helped a lot. I would play more of it without much hesitation.",TRUE
202030,950530,"After a few sessions, this one won me over. It is easy to pick up for a short session, and it feels like a small project with real personality. For the right player, this is a very easy recommendation.",TRUE
202031,666050,"After a few sessions, this one won me over. The pacing worked well for an adventure game, and the strategic layer kept me paying attention. It does enough well that I would point other people toward it.",TRUE
202032,731120,"I do not think this came together as well as it could have. I could see some appeal because the combat stayed engaging for a long time and it does a good job selling the simulation idea, but the game still felt too uneven overall. I would wait for a discount before suggesting it to anyone else.",FALSE
202033,805150,"It is a decent game, even if it never fully clicked for me. It feels like a small project with real personality, and it has a clear identity instead of feeling generic, but the experience still loses momentum in places. There is enough here to keep it interesting, even if it is not an easy recommendation.",FALSE
202034,530960,"After a few sessions, this one won me over. It is easy to pick up for a short session, and it has a clear identity instead of feeling generic. It does enough well that I would point other people toward it.",TRUE
202035,809760,"I can see what the game is aiming for, but the execution feels uneven. I could see some appeal because it is easy to enjoy this at your own pace and it is easy to pick up for a short session, but the game still felt too uneven overall. I would wait for a discount before suggesting it to anyone else.",FALSE
202036,877550,"I had a good time with this one. Solving things felt satisfying more often than frustrating, and it works well when I want something low pressure. I would recommend it, especially if the tags already sound appealing to you.",TRUE
202037,327400,"I ended up liking this more than I expected. The pacing worked well for an adventure game, and the systems are detailed enough to stay interesting. For the right player, this is a very easy recommendation.",TRUE
202038,787480,"After a few sessions, this one won me over. It has a light tone that makes it easy to keep going, and the pacing worked well for an adventure game. It is worth trying if this genre is already in your wheelhouse.",TRUE
202039,277490,"I had a good time with this one. It has a clear identity instead of feeling generic, and the moment-to-moment gameplay felt sharp. I would play more of it without much hesitation.",TRUE
202040,41800,"I ended up liking this more than I expected. Putting things together was genuinely satisfying, and the building side gave me a reason to keep playing. I would play more of it without much hesitation.",TRUE
202041,443250,"I can see why this game has a strong audience. It has a clear identity instead of feeling generic, and the moment-to-moment gameplay felt sharp. It is worth trying if this genre is already in your wheelhouse.",TRUE
202042,502710,"I have mixed feelings about this game. It was easy to keep moving from one objective to the next, and the systems are detailed enough to stay interesting, but the experience still loses momentum in places. There is enough here to keep it interesting, even if it is not an easy recommendation.",TRUE
202043,514830,"I had a good time with this one. The story kept me interested, and the atmosphere is one of its biggest strengths. It does enough well that I would point other people toward it.",TRUE
202044,696490,"This lands somewhere in the middle for me. It works well when i want something low pressure, and the systems are detailed enough to stay interesting, but the experience still loses momentum in places. There is enough here to keep it interesting, even if it is not an easy recommendation.",FALSE
202045,845150,"This is an easy game for me to recommend. It is easy to pick up for a short session, and it has a clear identity instead of feeling generic. I would play more of it without much hesitation.",TRUE
202046,600440,"This feels like a game with clear strengths and clear weaknesses. The systems are detailed enough to stay interesting, and the co-op side adds a lot of replay value, but the experience still loses momentum in places. I could still recommend it with the right expectations.",FALSE
202047,367450,"I ended up liking this more than I expected. I had to think through each decision, and solving things felt satisfying more often than frustrating. It is worth trying if this genre is already in your wheelhouse.",TRUE
202048,420290,"This was a really solid surprise. Exploring the world was the best part, and the co-op side adds a lot of replay value. For the right player, this is a very easy recommendation.",TRUE
202049,567210,"After a few sessions, this one won me over. Solving things felt satisfying more often than frustrating, and it was easy to keep moving from one objective to the next. It is worth trying if this genre is already in your wheelhouse.",TRUE
202050,905590,"I enjoyed parts of it more than the whole package. It works well when i want something low pressure, and it is easy to pick up for a short session, but the experience still loses momentum in places. I could still recommend it with the right expectations.",TRUE
202051,713180,"This feels like a game with clear strengths and clear weaknesses. It has a clear identity instead of feeling generic, and the story kept me interested, but the experience still loses momentum in places. I could still recommend it with the right expectations.",FALSE
202052,361200,"I can see what the game is aiming for, but the execution feels uneven. I could see some appeal because it works well as a solo game and the atmosphere is one of its biggest strengths, but the game still felt too uneven overall. I would only recommend it to someone who is already very into this niche.",FALSE
202053,440660,"I can see why this game has a strong audience. The moment-to-moment gameplay felt sharp, and the combat stayed engaging for a long time. It does enough well that I would point other people toward it.",TRUE
202054,658140,"I can see why this game has a strong audience. It feels like a small project with real personality, and the story kept me interested. I would play more of it without much hesitation.",TRUE
202055,738880,"There is a lot to like here, but also a few obvious issues. It was easy to keep moving from one objective to the next, and the pacing worked well for an adventure game, but the experience still loses momentum in places. I could still recommend it with the right expectations.",FALSE
202056,865270,"This is an easy game for me to recommend. It has a clear identity instead of feeling generic, and it feels like a small project with real personality. I would play more of it without much hesitation.",TRUE
202057,496650,"This was a really solid surprise. It feels like a small project with real personality, and the humor landed more often than not. I would play more of it without much hesitation.",TRUE
202058,1024670,"This is an easy game for me to recommend. It feels like a small project with real personality, and the moment-to-moment gameplay felt sharp. It does enough well that I would point other people toward it.",TRUE
202059,557410,"I can see why this game has a strong audience. The progression system felt rewarding, and it is easy to enjoy this at your own pace. I would play more of it without much hesitation.",TRUE
202060,800130,"Parts of it are interesting, but the overall experience felt weak. I could see some appeal because I had to think through each decision and building out a character was satisfying, but the game still felt too uneven overall. I do not regret trying it, but I would not rush to recommend it.",FALSE
202061,469990,"I had a good time with this one. It is easy to pick up for a short session, and it works well as a solo game. It is worth trying if this genre is already in your wheelhouse.",TRUE
202062,692200,"I ended up liking this more than I expected. It was easy to keep moving from one objective to the next, and solving things felt satisfying more often than frustrating. I would play more of it without much hesitation.",TRUE
202063,701810,"This is an easy game for me to recommend. It feels like a small project with real personality, and movement feels better than I expected. I would play more of it without much hesitation.",TRUE
202064,918740,"This lands somewhere in the middle for me. It works well as a solo game, and it has a clear identity instead of feeling generic, but the experience still loses momentum in places. Whether you like it probably depends on how much you enjoy this genre.",FALSE
202065,1005730,"I had a good time with this one. It does a good job selling the simulation idea, and it is easy to pick up for a short session. I would recommend it, especially if the tags already sound appealing to you.",TRUE
202066,796910,"I can see why this game has a strong audience. It builds tension well when you let it breathe, and the atmosphere carried a lot of the experience. I would recommend it, especially if the tags already sound appealing to you.",TRUE
202067,695650,"After a few sessions, this one won me over. The progression system felt rewarding, and building out a character was satisfying. It is worth trying if this genre is already in your wheelhouse.",TRUE
202068,498720,"This is an easy game for me to recommend. The combat stayed engaging for a long time, and solving things felt satisfying more often than frustrating. I would recommend it, especially if the tags already sound appealing to you.",TRUE
202069,787450,"This is an easy game for me to recommend. It works well as a solo game, and it feels like a small project with real personality. It is worth trying if this genre is already in your wheelhouse.",TRUE
202070,487160,"I ended up liking this more than I expected. It feels like a small project with real personality, and solving things felt satisfying more often than frustrating. It does enough well that I would point other people toward it.",TRUE
202071,961750,"I can see why this game has a strong audience. It has a clear identity instead of feeling generic, and the systems are detailed enough to stay interesting. For the right player, this is a very easy recommendation.",TRUE
202072,371850,"There is a lot to like here, but also a few obvious issues. The systems are detailed enough to stay interesting, and the strategic layer kept me paying attention, but the experience still loses momentum in places. I could still recommend it with the right expectations.",FALSE
202073,352790,"I had mixed feelings, but it was still interesting enough to finish a session or two.",FALSE
202074,524520,"After a few sessions, this one won me over. It feels like a small project with real personality, and it has a clear identity instead of feeling generic. It is worth trying if this genre is already in your wheelhouse.",TRUE
202075,1047190,"I enjoyed parts of it more than the whole package. The pacing worked well for an adventure game, and it feels like a small project with real personality, but the experience still loses momentum in places. There is enough here to keep it interesting, even if it is not an easy recommendation.",FALSE
202076,755500,"This was a really solid surprise. This feels much better with friends, and it works well as a solo game. I would recommend it, especially if the tags already sound appealing to you.",TRUE
202077,785940,"I ended up liking this more than I expected. The strategic layer kept me paying attention, and I had to think through each decision. I would recommend it, especially if the tags already sound appealing to you.",TRUE
202078,523210,"After a few sessions, this one won me over. The pacing worked well for an adventure game, and solving things felt satisfying more often than frustrating. It is worth trying if this genre is already in your wheelhouse.",TRUE
202079,877750,"This lands somewhere in the middle for me. The systems are detailed enough to stay interesting, and it does a good job selling the simulation idea, but the experience still loses momentum in places. I would call it a cautious recommendation at best.",TRUE
202080,460940,"After a few sessions, this one won me over. The atmosphere carried a lot of the experience, and it builds tension well when you let it breathe. For the right player, this is a very easy recommendation.",TRUE
202081,622040,"There is a lot to like here, but also a few obvious issues. It feels like a small project with real personality, and it has a clear identity instead of feeling generic, but the experience still loses momentum in places. I would call it a cautious recommendation at best.",FALSE
202082,33680,"I ended up liking this more than I expected. Once the controls clicked, the platforming was fun, and the puzzle design was solid without feeling unfair. I would play more of it without much hesitation.",TRUE
202083,1017100,"I had a good time with this one. It has a clear identity instead of feeling generic, and it works well as a solo game. It does enough well that I would point other people toward it.",TRUE
202084,580720,"After a few sessions, this one won me over. It does a good job selling the simulation idea, and the management layer made the game easy to sink time into. I would play more of it without much hesitation.",TRUE
202085,334260,"This was a really solid surprise. It feels like a small project with real personality, and the story kept me interested. It is worth trying if this genre is already in your wheelhouse.",TRUE
202086,374120,"I do not think this came together as well as it could have. I could see some appeal because the systems are detailed enough to stay interesting and it feels like a small project with real personality, but the game still felt too uneven overall. It might work for other people, but it was not for me.",FALSE
202087,761170,"After a few sessions, this one won me over. It works well when i want something low pressure, and building out a character was satisfying. I would play more of it without much hesitation.",TRUE
202088,416720,"This is an easy game for me to recommend. The systems are detailed enough to stay interesting, and the moment-to-moment gameplay felt sharp. It does enough well that I would point other people toward it.",TRUE
202089,655980,"It is a decent game, even if it never fully clicked for me. It was easy to keep moving from one objective to the next, and it has a clear identity instead of feeling generic, but the experience still loses momentum in places. Whether you like it probably depends on how much you enjoy this genre.",TRUE
202090,579780,"This was a really solid surprise. It builds tension well when you let it breathe, and it is easy to pick up for a short session. I would recommend it, especially if the tags already sound appealing to you.",TRUE
202091,479150,"I can see why this game has a strong audience. Solving things felt satisfying more often than frustrating, and it feels like a small project with real personality. It does enough well that I would point other people toward it.",TRUE
202092,836420,"I have mixed feelings about this game. It has a clear identity instead of feeling generic, and the moment-to-moment gameplay felt sharp, but the experience still loses momentum in places. It is not a must-play, but I can understand why some people enjoy it.",TRUE
202093,321370,"This lands somewhere in the middle for me. It was easy to keep moving from one objective to the next, and once the controls clicked, the platforming was fun, but the experience still loses momentum in places. It is not a must-play, but I can understand why some people enjoy it.",FALSE
202094,933920,"There are some good ideas here, but it did not fully work for me. I could see some appeal because it works well when I want something low pressure and the mood is consistent from start to finish, but the game still felt too uneven overall. I do not regret trying it, but I would not rush to recommend it.",FALSE
202095,748300,"It is a decent game, even if it never fully clicked for me. The systems are detailed enough to stay interesting, and the freedom to approach things my own way helped a lot, but the experience still loses momentum in places. I would call it a cautious recommendation at best.",TRUE
202096,884640,"I can see why this game has a strong audience. The slower pace worked in its favor, and it feels like a small project with real personality. For the right player, this is a very easy recommendation.",TRUE
202097,762610,"This is an easy game for me to recommend. The moment-to-moment gameplay felt sharp, and it works well as a solo game. For the right player, this is a very easy recommendation.",TRUE
202098,574890,"I ended up liking this more than I expected. It feels like a small project with real personality, and it has a clear identity instead of feeling generic. I would recommend it, especially if the tags already sound appealing to you.",TRUE
202099,321710,"I can see why this game has a strong audience. The moment-to-moment gameplay felt sharp, and the combat stayed engaging for a long time. I would recommend it, especially if the tags already sound appealing to you.",TRUE
202100,741360,"I enjoyed parts of it more than the whole package. The moment-to-moment gameplay felt sharp, and the combat stayed engaging for a long time, but the experience still loses momentum in places. I could still recommend it with the right expectations.",FALSE
202101,855850,"I ended up liking this more than I expected. It is easy to enjoy this at your own pace, and the gunplay is the main reason I kept playing. It does enough well that I would point other people toward it.",TRUE
202102,276340,"I can see why this game has a strong audience. It works well when i want something low pressure, and it does a good job selling the simulation idea. It is worth trying if this genre is already in your wheelhouse.",TRUE
202103,330460,"After a few sessions, this one won me over. I liked having room to experiment, and the building side gave me a reason to keep playing. For the right player, this is a very easy recommendation.",TRUE
202104,613370,"I can see what the game is aiming for, but the execution feels uneven. I could see some appeal because it was easy to keep moving from one objective to the next and the puzzle design was solid without feeling unfair, but the game still felt too uneven overall. There is something here, but I cannot honestly recommend it as it is.",FALSE
202105,409630,"This was not a terrible game, just a disappointing one for me. I could see some appeal because the moment-to-moment gameplay felt sharp and the combat stayed engaging for a long time, but the game still felt too uneven overall. I do not regret trying it, but I would not rush to recommend it.",FALSE
202106,657070,"This lands somewhere in the middle for me. The atmosphere is one of its biggest strengths, and it is easy to pick up for a short session, but the experience still loses momentum in places. There is enough here to keep it interesting, even if it is not an easy recommendation.",FALSE
202107,365760,"I ended up liking this more than I expected. It works well as a solo game, and the moment-to-moment gameplay felt sharp. I would recommend it, especially if the tags already sound appealing to you.",TRUE
202108,686450,"After a few sessions, this one won me over. Movement feels better than i expected, and the combat stayed engaging for a long time. For the right player, this is a very easy recommendation.",TRUE
202109,356040,"This is an easy game for me to recommend. Survival pressure made the sessions memorable, and it feels like a small project with real personality. I would play more of it without much hesitation.",TRUE
202110,866450,"I had a good time with this one. It feels like a small project with real personality, and the moment-to-moment gameplay felt sharp. I would recommend it, especially if the tags already sound appealing to you.",TRUE
202111,418070,"This is an easy game for me to recommend. Movement feels better than i expected, and it works well when I want something low pressure. I would recommend it, especially if the tags already sound appealing to you.",TRUE
202112,717190,"After a few sessions, this one won me over. The combat stayed engaging for a long time, and the systems are detailed enough to stay interesting. It does enough well that I would point other people toward it.",TRUE
202113,360,"This was a really solid surprise. The pacing worked well for an adventure game, and matches stayed lively even after a few rounds. It is worth trying if this genre is already in your wheelhouse.",TRUE
202114,873490,"I can see why this game has a strong audience. The strategic layer kept me paying attention, and it has a clear identity instead of feeling generic. I would play more of it without much hesitation.",TRUE
202115,1010240,"I had a good time with this one. The story kept me interested, and the writing was stronger than I expected. It is worth trying if this genre is already in your wheelhouse.",TRUE
202116,301860,"After a few sessions, this one won me over. It feels like a small project with real personality, and resource management added real tension. For the right player, this is a very easy recommendation.",TRUE
202117,258970,"I ended up liking this more than I expected. The pacing worked well for an adventure game, and the moment-to-moment gameplay felt sharp. I would recommend it, especially if the tags already sound appealing to you.",TRUE
202118,570000,"After a few sessions, this one won me over. It is easy to pick up for a short session, and it works well when I want something low pressure. I would play more of it without much hesitation.",TRUE
202119,461890,"I had a good time with this one. It was easy to keep moving from one objective to the next, and it has a clear identity instead of feeling generic. For the right player, this is a very easy recommendation.",TRUE
202120,787860,"I had a good time with this one. It works well as a solo game, and exploring the world was the best part. It does enough well that I would point other people toward it.",TRUE
202121,642660,"It is a decent game, even if it never fully clicked for me. The systems are detailed enough to stay interesting, and it does a good job selling the simulation idea, but the experience still loses momentum in places. I would call it a cautious recommendation at best.",TRUE
202122,820380,"It is a decent game, even if it never fully clicked for me. The combat stayed engaging for a long time, and the moment-to-moment gameplay felt sharp, but the experience still loses momentum in places. I would call it a cautious recommendation at best.",TRUE
202123,908350,"I ended up liking this more than I expected. It is easy to pick up for a short session, and it works well when I want something low pressure. I would play more of it without much hesitation.",TRUE
202124,406150,"This was a really solid surprise. Movement feels better than i expected, and it is easy to pick up for a short session. For the right player, this is a very easy recommendation.",TRUE
202125,601520,"I had a good time with this one. It feels like a small project with real personality, and it is easy to pick up for a short session. It is worth trying if this genre is already in your wheelhouse.",TRUE
202126,615630,"This lands somewhere in the middle for me. It feels like a small project with real personality, and the systems are detailed enough to stay interesting, but the experience still loses momentum in places. I would call it a cautious recommendation at best.",TRUE
202127,935700,"I enjoyed parts of it more than the whole package. It feels like a small project with real personality, and it works well when I want something low pressure, but the experience still loses momentum in places. There is enough here to keep it interesting, even if it is not an easy recommendation.",FALSE
202128,778110,"It is a decent game, even if it never fully clicked for me. It has a clear identity instead of feeling generic, and the moment-to-moment gameplay felt sharp, but the experience still loses momentum in places. I could still recommend it with the right expectations.",TRUE
202129,364190,"I enjoyed parts of it more than the whole package. It has a clear identity instead of feeling generic, and it feels like a small project with real personality, but the experience still loses momentum in places. Whether you like it probably depends on how much you enjoy this genre.",FALSE
202130,539090,"This is an easy game for me to recommend. It does a good job selling the simulation idea, and the systems are detailed enough to stay interesting. I would play more of it without much hesitation.",TRUE
202131,546240,"I do not think this came together as well as it could have. I could see some appeal because it does a good job selling the simulation idea and it was easy to keep moving from one objective to the next, but the game still felt too uneven overall. I would only recommend it to someone who is already very into this niche.",FALSE
202132,893650,"Parts of it are interesting, but the overall experience felt weak. I could see some appeal because the moment-to-moment gameplay felt sharp and it does a good job selling the simulation idea, but the game still felt too uneven overall. There is something here, but I cannot honestly recommend it as it is.",FALSE
202133,796460,"There are some good ideas here, but it did not fully work for me. I could see some appeal because it has a clear identity instead of feeling generic and it does a good job selling the simulation idea, but the game still felt too uneven overall. It might work for other people, but it was not for me.",FALSE
202134,963680,"I ended up liking this more than I expected. The systems are detailed enough to stay interesting, and it does a good job selling the simulation idea. It does enough well that I would point other people toward it.",TRUE
202135,911760,"I had a good time with this one. It was easy to keep moving from one objective to the next, and it feels like a small project with real personality. I would recommend it, especially if the tags already sound appealing to you.",TRUE
202136,503150,"I ended up liking this more than I expected. It has a clear identity instead of feeling generic, and it does a good job selling the simulation idea. I would recommend it, especially if the tags already sound appealing to you.",TRUE
202137,969240,"This is an easy game for me to recommend. It feels like a small project with real personality, and it has a clear identity instead of feeling generic. It is worth trying if this genre is already in your wheelhouse.",TRUE
202138,676520,"After a few sessions, this one won me over. The pacing worked well for an adventure game, and it was easy to keep moving from one objective to the next. I would recommend it, especially if the tags already sound appealing to you.",TRUE
202139,667670,"I had a good time with this one. The moment-to-moment gameplay felt sharp, and it feels like a small project with real personality. It does enough well that I would point other people toward it.",TRUE
202140,252310,"I ended up liking this more than I expected. It has a clear identity instead of feeling generic, and it works well as a solo game. I would recommend it, especially if the tags already sound appealing to you.",TRUE
202141,34030,"This is an easy game for me to recommend. The strategic layer kept me paying attention, and I had to think through each decision. I would recommend it, especially if the tags already sound appealing to you.",TRUE
202142,656140,"It is a decent game, even if it never fully clicked for me. It was easy to keep moving from one objective to the next, and the combat stayed engaging for a long time, but the experience still loses momentum in places. There is enough here to keep it interesting, even if it is not an easy recommendation.",TRUE
202143,929230,"This lands somewhere in the middle for me. The pacing worked well for an adventure game, and it has a clear identity instead of feeling generic, but the experience still loses momentum in places. Whether you like it probably depends on how much you enjoy this genre.",TRUE
202144,880550,"There is a lot to like here, but also a few obvious issues. It is easy to pick up for a short session, and it works well when I want something low pressure, but the experience still loses momentum in places. Whether you like it probably depends on how much you enjoy this genre.",TRUE
202145,557330,"This is an easy game for me to recommend. Building out a character was satisfying, and it has a clear identity instead of feeling generic. It is worth trying if this genre is already in your wheelhouse.",TRUE
202146,1002980,"This is an easy game for me to recommend. The pacing worked well for an adventure game, and it feels like a small project with real personality. I would recommend it, especially if the tags already sound appealing to you.",TRUE
202147,97120,"I ended up liking this more than I expected. I had to think through each decision, and the strategic layer kept me paying attention. I would play more of it without much hesitation.",TRUE
202148,993400,"This was not a terrible game, just a disappointing one for me. I could see some appeal because it feels like a small project with real personality and movement feels better than I expected, but the game still felt too uneven overall. There is something here, but I cannot honestly recommend it as it is.",FALSE
202149,656260,"I had a good time with this one. It feels like a small project with real personality, and the combat stayed engaging for a long time. It does enough well that I would point other people toward it.",TRUE
202150,365240,"It is a decent game, even if it never fully clicked for me. The strategic layer kept me paying attention, and I had to think through each decision, but the experience still loses momentum in places. I would call it a cautious recommendation at best.",TRUE
202151,536960,"This was a really solid surprise. The strategic layer kept me paying attention, and it builds tension well when you let it breathe. It is worth trying if this genre is already in your wheelhouse.",TRUE
202152,572980,"There are some good ideas here, but it did not fully work for me. I could see some appeal because the moment-to-moment gameplay felt sharp and the combat stayed engaging for a long time, but the game still felt too uneven overall. I would only recommend it to someone who is already very into this niche.",FALSE
202153,792680,"This feels average to me, though I can still see the appeal for the right player.",TRUE
202154,373820,"This was not a terrible game, just a disappointing one for me. I could see some appeal because it works well when I want something low pressure and the systems are detailed enough to stay interesting, but the game still felt too uneven overall. It might work for other people, but it was not for me.",FALSE
202155,758330,"I have mixed feelings about this game. It was easy to keep moving from one objective to the next, and the systems are detailed enough to stay interesting, but the experience still loses momentum in places. It is not a must-play, but I can understand why some people enjoy it.",FALSE
202156,380540,"There is a lot to like here, but also a few obvious issues. The building side gave me a reason to keep playing, and it feels like a small project with real personality, but the experience still loses momentum in places. Whether you like it probably depends on how much you enjoy this genre.",FALSE
202157,343270,"This feels like a game with clear strengths and clear weaknesses. It feels like a small project with real personality, and it builds tension well when you let it breathe, but the experience still loses momentum in places. I could still recommend it with the right expectations.",TRUE
202158,608660,"This is an easy game for me to recommend. It has a clear identity instead of feeling generic, and it does a good job selling the simulation idea. It does enough well that I would point other people toward it.",TRUE
202159,333540,"I enjoyed parts of it more than the whole package. It has a clear identity instead of feeling generic, and it feels like a small project with real personality, but the experience still loses momentum in places. It is not a must-play, but I can understand why some people enjoy it.",TRUE
202160,570690,"I wanted to like this more than I did. I could see some appeal because it builds tension well when you let it breathe and the atmosphere carried a lot of the experience, but the game still felt too uneven overall. I do not regret trying it, but I would not rush to recommend it.",FALSE
202161,815580,"I can see why this game has a strong audience. The pacing worked well for an adventure game, and it was easy to keep moving from one objective to the next. For the right player, this is a very easy recommendation.",TRUE
202162,346130,"I enjoyed parts of it more than the whole package. It has a clear identity instead of feeling generic, and it was easy to keep moving from one objective to the next, but the experience still loses momentum in places. I could still recommend it with the right expectations.",FALSE
202163,689350,"It is a decent game, even if it never fully clicked for me. It feels like a small project with real personality, and it has a clear identity instead of feeling generic, but the experience still loses momentum in places. I would call it a cautious recommendation at best.",TRUE
202164,540610,"This feels like a game with clear strengths and clear weaknesses. It works well as a solo game, and the puzzle design was solid without feeling unfair, but the experience still loses momentum in places. It is not a must-play, but I can understand why some people enjoy it.",FALSE
202165,839730,"Not amazing and not terrible, just a fairly middle-of-the-road experience.",FALSE
202166,363980,"This is an easy game for me to recommend. It feels like a small project with real personality, and it has a clear identity instead of feeling generic. I would recommend it, especially if the tags already sound appealing to you.",TRUE
202167,305780,"I have mixed feelings about this game. It was easy to keep moving from one objective to the next, and exploring the world was the best part, but the experience still loses momentum in places. It is not a must-play, but I can understand why some people enjoy it.",FALSE
202168,821370,"This was a really solid surprise. The moment-to-moment gameplay felt sharp, and it works well as a solo game. I would play more of it without much hesitation.",TRUE
202169,844210,"It was fine overall, even if nothing about it really stood out to me.",TRUE
202170,662610,"There is a lot to like here, but also a few obvious issues. It has a clear identity instead of feeling generic, and it is easy to pick up for a short session, but the experience still loses momentum in places. Whether you like it probably depends on how much you enjoy this genre.",FALSE
202171,938510,"This lands somewhere in the middle for me. Solving things felt satisfying more often than frustrating, and it is easy to pick up for a short session, but the experience still loses momentum in places. I would call it a cautious recommendation at best.",FALSE
202172,329670,"There is a lot to like here, but also a few obvious issues. It does a good job selling the simulation idea, and the systems are detailed enough to stay interesting, but the experience still loses momentum in places. I could still recommend it with the right expectations.",FALSE
202173,397860,"I can see why this game has a strong audience. It has a clear identity instead of feeling generic, and it feels like a small project with real personality. It is worth trying if this genre is already in your wheelhouse.",TRUE
202174,651680,"This was a really solid surprise. The progression system felt rewarding, and it was easy to keep moving from one objective to the next. I would recommend it, especially if the tags already sound appealing to you.",TRUE
202175,923030,"This feels like a game with clear strengths and clear weaknesses. The combat stayed engaging for a long time, and the moment-to-moment gameplay felt sharp, but the experience still loses momentum in places. Whether you like it probably depends on how much you enjoy this genre.",FALSE
202176,271360,"After a few sessions, this one won me over. I liked juggling the different systems, and I had to think through each decision. It does enough well that I would point other people toward it.",TRUE
202177,344220,"It is a decent game, even if it never fully clicked for me. It has a clear identity instead of feeling generic, and the races stayed entertaining instead of repetitive, but the experience still loses momentum in places. I would call it a cautious recommendation at best.",TRUE
202178,993370,"There is a lot to like here, but also a few obvious issues. It has a clear identity instead of feeling generic, and the pacing worked well for an adventure game, but the experience still loses momentum in places. Whether you like it probably depends on how much you enjoy this genre.",FALSE
202179,679780,"Parts of it are interesting, but the overall experience felt weak. I could see some appeal because the combat stayed engaging for a long time and the progression system felt rewarding, but the game still felt too uneven overall. It might work for other people, but it was not for me.",FALSE
202180,765350,"I had a good time with this one. It feels like a small project with real personality, and it has a clear identity instead of feeling generic. It does enough well that I would point other people toward it.",TRUE
202181,722680,"This feels like a game with clear strengths and clear weaknesses. It is easy to pick up for a short session, and it feels like a small project with real personality, but the experience still loses momentum in places. I would call it a cautious recommendation at best.",FALSE
202182,463470,"I had a good time with this one. I had to think through each decision, and the pacing worked well for an adventure game. I would play more of it without much hesitation.",TRUE
202183,260380,"This feels like a game with clear strengths and clear weaknesses. I had to think through each decision, and it has a clear identity instead of feeling generic, but the experience still loses momentum in places. I could still recommend it with the right expectations.",FALSE
202184,556090,"I do not think this came together as well as it could have. I could see some appeal because the moment-to-moment gameplay felt sharp and the combat stayed engaging for a long time, but the game still felt too uneven overall. It might work for other people, but it was not for me.",FALSE
202185,207570,"I ended up liking this more than I expected. It works well as a solo game, and it has a clear identity instead of feeling generic. I would recommend it, especially if the tags already sound appealing to you.",TRUE
202186,446550,"I had a good time with this one. It makes sense why people keep returning to it, and it works well as a solo game. It does enough well that I would point other people toward it.",TRUE
202187,749710,"It is a decent game, even if it never fully clicked for me. It feels like a small project with real personality, and the strategic layer kept me paying attention, but the experience still loses momentum in places. It is not a must-play, but I can understand why some people enjoy it.",TRUE
202188,905510,"There is a lot to like here, but also a few obvious issues. It feels like a small project with real personality, and it was easy to keep moving from one objective to the next, but the experience still loses momentum in places. I would call it a cautious recommendation at best.",FALSE
202189,511420,"I had a good time with this one. It does a good job selling the simulation idea, and it is easy to pick up for a short session. It does enough well that I would point other people toward it.",TRUE
202190,895170,"I can see why this game has a strong audience. It works well as a solo game, and it feels like a small project with real personality. It is worth trying if this genre is already in your wheelhouse.",TRUE
202191,502540,"I ended up liking this more than I expected. The moment-to-moment gameplay felt sharp, and the gunplay is the main reason I kept playing. I would recommend it, especially if the tags already sound appealing to you.",TRUE
202192,626510,"This is an easy game for me to recommend. It is easy to enjoy this at your own pace, and it has a light tone that makes it easy to keep going. I would recommend it, especially if the tags already sound appealing to you.",TRUE
202193,653950,"I ended up liking this more than I expected. It feels like a small project with real personality, and the pacing worked well for an adventure game. I would recommend it, especially if the tags already sound appealing to you.",TRUE
202194,357900,"There are some good ideas here, but it did not fully work for me. I could see some appeal because it was easy to keep moving from one objective to the next and the pacing worked well for an adventure game, but the game still felt too uneven overall. There is something here, but I cannot honestly recommend it as it is.",FALSE
202195,907620,"This feels like a game with clear strengths and clear weaknesses. Exploring the world was the best part, and it works well when I want something low pressure, but the experience still loses momentum in places. I could still recommend it with the right expectations.",TRUE
202196,696910,"I can see why this game has a strong audience. The moment-to-moment gameplay felt sharp, and it feels like a small project with real personality. I would play more of it without much hesitation.",TRUE
202197,298030,"I had a good time with this one. The combat stayed engaging for a long time, and it makes sense why people keep returning to it. I would recommend it, especially if the tags already sound appealing to you.",TRUE
202198,926350,"After a few sessions, this one won me over. The combat stayed engaging for a long time, and it has a clear identity instead of feeling generic. I would recommend it, especially if the tags already sound appealing to you.",TRUE
202199,674020,"There is a lot to like here, but also a few obvious issues. The gunplay is the main reason i kept playing, and the combat stayed engaging for a long time, but the experience still loses momentum in places. I would call it a cautious recommendation at best.",TRUE
202200,712890,"This is an easy game for me to recommend. It is easy to enjoy this at your own pace, and it feels like a small project with real personality. I would recommend it, especially if the tags already sound appealing to you.",TRUE
202201,745630,"It is a decent game, even if it never fully clicked for me. The systems are detailed enough to stay interesting, and it is easy to pick up for a short session, but the experience still loses momentum in places. I could still recommend it with the right expectations.",FALSE
202202,707350,"It is a decent game, even if it never fully clicked for me. The combat stayed engaging for a long time, and the moment-to-moment gameplay felt sharp, but the experience still loses momentum in places. It is not a must-play, but I can understand why some people enjoy it.",TRUE
202203,622320,"I enjoyed parts of it more than the whole package. It feels like a small project with real personality, and the combat stayed engaging for a long time, but the experience still loses momentum in places. I would call it a cautious recommendation at best.",TRUE
202204,572290,"There are some good ideas here, but it did not fully work for me. I could see some appeal because the combat stayed engaging for a long time and the shooting feels responsive enough to carry the game, but the game still felt too uneven overall. I do not regret trying it, but I would not rush to recommend it.",FALSE
202205,494960,"I had a good time with this one. It was easy to keep moving from one objective to the next, and the moment-to-moment gameplay felt sharp. It is worth trying if this genre is already in your wheelhouse.",TRUE
202206,606850,"I can see why this game has a strong audience. It has a clear identity instead of feeling generic, and the systems are detailed enough to stay interesting. For the right player, this is a very easy recommendation.",TRUE
202207,525380,"I can see why this game has a strong audience. It feels like a small project with real personality, and once the controls clicked, the platforming was fun. It does enough well that I would point other people toward it.",TRUE
202208,730410,"There are some good ideas here, but it did not fully work for me. I could see some appeal because the atmosphere is one of its biggest strengths and it feels like a small project with real personality, but the game still felt too uneven overall. I do not regret trying it, but I would not rush to recommend it.",FALSE
202209,944840,A decent game with some strengths and some obvious rough edges.,TRUE
202210,882210,"I ended up liking this more than I expected. I had to think through each decision, and the strategic layer kept me paying attention. It is worth trying if this genre is already in your wheelhouse.",TRUE
202211,603020,"I had a good time with this one. The combat stayed engaging for a long time, and it is easy to enjoy this at your own pace. It is worth trying if this genre is already in your wheelhouse.",TRUE
202212,638900,"It was fine overall, even if nothing about it really stood out to me.",TRUE
202213,1058350,"This was a really solid surprise. It is easy to pick up for a short session, and the puzzle design was solid without feeling unfair. For the right player, this is a very easy recommendation.",TRUE
202214,264460,"I can see what the game is aiming for, but the execution feels uneven. I could see some appeal because the combat stayed engaging for a long time and the puzzle design was solid without feeling unfair, but the game still felt too uneven overall. There is something here, but I cannot honestly recommend it as it is.",FALSE
202215,454160,"I can see why this game has a strong audience. It was easy to keep moving from one objective to the next, and building out a character was satisfying. It does enough well that I would point other people toward it.",TRUE
202216,523870,A decent game with some strengths and some obvious rough edges.,TRUE
202217,269530,"There are some good ideas here, but it did not fully work for me. I could see some appeal because the gunplay is the main reason I kept playing and it has a clear identity instead of feeling generic, but the game still felt too uneven overall. I would wait for a discount before suggesting it to anyone else.",FALSE
202218,403190,"I had a good time with this one. The systems are detailed enough to stay interesting, and resource management added real tension. I would recommend it, especially if the tags already sound appealing to you.",TRUE
202219,262150,"I had a good time with this one. It feels like a small project with real personality, and it has a clear identity instead of feeling generic. It does enough well that I would point other people toward it.",TRUE
202220,516560,"This is an easy game for me to recommend. It feels like a small project with real personality, and the pacing worked well for an adventure game. I would recommend it, especially if the tags already sound appealing to you.",TRUE
202221,607490,"I can see why this game has a strong audience. It has a clear identity instead of feeling generic, and movement feels better than I expected. It does enough well that I would point other people toward it.",TRUE
202222,567780,"I ended up liking this more than I expected. The atmosphere is one of its biggest strengths, and the systems are detailed enough to stay interesting. I would recommend it, especially if the tags already sound appealing to you.",TRUE
202223,686900,"It is a decent game, even if it never fully clicked for me. Survival pressure made the sessions memorable, and it is easy to enjoy this at your own pace, but the experience still loses momentum in places. There is enough here to keep it interesting, even if it is not an easy recommendation.",FALSE
202224,708970,"I can see why this game has a strong audience. It was easy to keep moving from one objective to the next, and it works well when I want something low pressure. I would play more of it without much hesitation.",TRUE
202225,907470,"This lands somewhere in the middle for me. It was easy to keep moving from one objective to the next, and it works well when I want something low pressure, but the experience still loses momentum in places. Whether you like it probably depends on how much you enjoy this genre.",FALSE
202226,577280,"I ended up liking this more than I expected. The co-op side adds a lot of replay value, and it feels like a small project with real personality. For the right player, this is a very easy recommendation.",TRUE
202227,356650,"There is a lot to like here, but also a few obvious issues. It works well as a solo game, and it has a clear identity instead of feeling generic, but the experience still loses momentum in places. I would call it a cautious recommendation at best.",FALSE
202228,813020,"I ended up liking this more than I expected. Building out a character was satisfying, and it was easy to keep moving from one objective to the next. I would recommend it, especially if the tags already sound appealing to you.",TRUE
202229,433840,"This was a really solid surprise. The strategic layer kept me paying attention, and I had to think through each decision. I would recommend it, especially if the tags already sound appealing to you.",TRUE
202230,952120,"This is an easy game for me to recommend. The progression system felt rewarding, and it does a good job selling the simulation idea. It is worth trying if this genre is already in your wheelhouse.",TRUE
202231,438030,"I can see what the game is aiming for, but the execution feels uneven. I could see some appeal because it is easy to pick up for a short session and it works well when I want something low pressure, but the game still felt too uneven overall. I would wait for a discount before suggesting it to anyone else.",FALSE
202232,642170,"This lands somewhere in the middle for me. It has a clear identity instead of feeling generic, and the moment-to-moment gameplay felt sharp, but the experience still loses momentum in places. I could still recommend it with the right expectations.",FALSE
202233,445980,"I have mixed feelings about this game. It is easy to enjoy this at your own pace, and it feels like a small project with real personality, but the experience still loses momentum in places. Whether you like it probably depends on how much you enjoy this genre.",FALSE
202234,388540,"This was a really solid surprise. Solving things felt satisfying more often than frustrating, and it feels like a small project with real personality. For the right player, this is a very easy recommendation.",TRUE
202235,672650,"I ended up liking this more than I expected. The core loop stayed reasonably engaging, and I could understand the appeal after spending some time with it. It is worth trying if this genre is already in your wheelhouse.",TRUE
202236,718490,"I can see why this game has a strong audience. It has a clear identity instead of feeling generic, and the puzzle design was solid without feeling unfair. It is worth trying if this genre is already in your wheelhouse.",TRUE
202237,1045140,"After a few sessions, this one won me over. It does a good job selling the simulation idea, and the systems are detailed enough to stay interesting. I would recommend it, especially if the tags already sound appealing to you.",TRUE
202238,852500,"There is a lot to like here, but also a few obvious issues. It has a clear identity instead of feeling generic, and the progression system felt rewarding, but the experience still loses momentum in places. I would call it a cautious recommendation at best.",FALSE
202239,628650,"There are some good ideas here, but it did not fully work for me. I could see some appeal because the building side gave me a reason to keep playing and it is easy to enjoy this at your own pace, but the game still felt too uneven overall. I would wait for a discount before suggesting it to anyone else.",FALSE
202240,525600,"I enjoyed parts of it more than the whole package. It feels like a small project with real personality, and it has a clear identity instead of feeling generic, but the experience still loses momentum in places. I could still recommend it with the right expectations.",TRUE
202241,854570,"I had a good time with this one. It makes sense why people keep returning to it, and it feels like a small project with real personality. I would recommend it, especially if the tags already sound appealing to you.",TRUE
202242,556830,"After a few sessions, this one won me over. The moment-to-moment gameplay felt sharp, and the pacing worked well for an adventure game. It is worth trying if this genre is already in your wheelhouse.",TRUE
202243,899480,"I enjoyed parts of it more than the whole package. It is easy to pick up for a short session, and the moment-to-moment gameplay felt sharp, but the experience still loses momentum in places. There is enough here to keep it interesting, even if it is not an easy recommendation.",FALSE
202244,960340,A decent game with some strengths and some obvious rough edges.,TRUE
202245,302440,"There is a lot to like here, but also a few obvious issues. It does a good job selling the simulation idea, and the systems are detailed enough to stay interesting, but the experience still loses momentum in places. I would call it a cautious recommendation at best.",TRUE
202246,40330,"After a few sessions, this one won me over. The puzzle design was solid without feeling unfair, and the pacing worked well for an adventure game. I would play more of it without much hesitation.",TRUE
202247,657810,"This was a really solid surprise. The moment-to-moment gameplay felt sharp, and once the controls clicked, the platforming was fun. It is worth trying if this genre is already in your wheelhouse.",TRUE
202248,502070,"This feels like a game with clear strengths and clear weaknesses. It has a clear identity instead of feeling generic, and the combat stayed engaging for a long time, but the experience still loses momentum in places. I could still recommend it with the right expectations.",FALSE
202249,717060,"This was a really solid surprise. Once the controls clicked, the platforming was fun, and the combat stayed engaging for a long time. It does enough well that I would point other people toward it.",TRUE
202250,808130,"It is a decent game, even if it never fully clicked for me. The pacing worked well for an adventure game, and it has a clear identity instead of feeling generic, but the experience still loses momentum in places. There is enough here to keep it interesting, even if it is not an easy recommendation.",FALSE
202251,875430,"This was not a terrible game, just a disappointing one for me. I could see some appeal because it works well when I want something low pressure and it has a clear identity instead of feeling generic, but the game still felt too uneven overall. It might work for other people, but it was not for me.",FALSE
202252,410340,"I can see why this game has a strong audience. Matches stayed lively even after a few rounds, and the atmosphere is one of its biggest strengths. For the right player, this is a very easy recommendation.",TRUE
202253,981900,"This feels like a game with clear strengths and clear weaknesses. It works well when i want something low pressure, and it is easy to enjoy this at your own pace, but the experience still loses momentum in places. Whether you like it probably depends on how much you enjoy this genre.",FALSE
202254,622080,"Parts of it are interesting, but the overall experience felt weak. I could see some appeal because the pacing worked well for an adventure game and it was easy to keep moving from one objective to the next, but the game still felt too uneven overall. It might work for other people, but it was not for me.",FALSE
202255,684470,"I do not think this came together as well as it could have. I could see some appeal because the building side gave me a reason to keep playing and the moment-to-moment gameplay felt sharp, but the game still felt too uneven overall. It might work for other people, but it was not for me.",FALSE
202256,543930,"I ended up liking this more than I expected. It was easy to keep moving from one objective to the next, and it feels like a small project with real personality. It is worth trying if this genre is already in your wheelhouse.",TRUE
202257,708640,"I enjoyed parts of it more than the whole package. It does a good job selling the simulation idea, and the systems are detailed enough to stay interesting, but the experience still loses momentum in places. There is enough here to keep it interesting, even if it is not an easy recommendation.",FALSE
202258,687900,"This lands somewhere in the middle for me. It feels like a small project with real personality, and it was easy to keep moving from one objective to the next, but the experience still loses momentum in places. I could still recommend it with the right expectations.",FALSE
202259,1031570,"There are some good ideas here, but it did not fully work for me. I could see some appeal because it works well as a solo game and the puzzle design was solid without feeling unfair, but the game still felt too uneven overall. I do not regret trying it, but I would not rush to recommend it.",FALSE
202260,397730,"It is a decent game, even if it never fully clicked for me. It feels like a small project with real personality, and it was easy to keep moving from one objective to the next, but the experience still loses momentum in places. There is enough here to keep it interesting, even if it is not an easy recommendation.",TRUE
202261,821330,"This feels like a game with clear strengths and clear weaknesses. The combat stayed engaging for a long time, and it has a clear identity instead of feeling generic, but the experience still loses momentum in places. I could still recommend it with the right expectations.",TRUE
202262,383750,"After a few sessions, this one won me over. Once the controls clicked, the platforming was fun, and the pacing worked well for an adventure game. It is worth trying if this genre is already in your wheelhouse.",TRUE
202263,815080,"I do not think this came together as well as it could have. I could see some appeal because it has a clear identity instead of feeling generic and it was easy to keep moving from one objective to the next, but the game still felt too uneven overall. I would only recommend it to someone who is already very into this niche.",FALSE
202264,575830,"I enjoyed parts of it more than the whole package. Building out a character was satisfying, and the progression system felt rewarding, but the experience still loses momentum in places. I would call it a cautious recommendation at best.",FALSE
202265,429690,"I ended up liking this more than I expected. It feels like a small project with real personality, and the combat stayed engaging for a long time. It is worth trying if this genre is already in your wheelhouse.",TRUE
202266,513880,"This is an easy game for me to recommend. The combat stayed engaging for a long time, and the moment-to-moment gameplay felt sharp. I would play more of it without much hesitation.",TRUE
202267,334920,"I can see why this game has a strong audience. This feels much better with friends, and the co-op side adds a lot of replay value. For the right player, this is a very easy recommendation.",TRUE
202268,539720,"I enjoyed parts of it more than the whole package. It has a clear identity instead of feeling generic, and the handling felt good after a short adjustment period, but the experience still loses momentum in places. Whether you like it probably depends on how much you enjoy this genre.",FALSE
202269,758020,"This feels like a game with clear strengths and clear weaknesses. It has a clear identity instead of feeling generic, and it was easy to keep moving from one objective to the next, but the experience still loses momentum in places. I would call it a cautious recommendation at best.",TRUE
202270,848610,"This was not a terrible game, just a disappointing one for me. I could see some appeal because it works well when I want something low pressure and the systems are detailed enough to stay interesting, but the game still felt too uneven overall. It might work for other people, but it was not for me.",FALSE
202271,372000,"I have mixed feelings about this game. The progression system felt rewarding, and it was easy to keep moving from one objective to the next, but the experience still loses momentum in places. Whether you like it probably depends on how much you enjoy this genre.",FALSE
202272,984470,"I can see why this game has a strong audience. It does a good job selling the simulation idea, and it is easy to pick up for a short session. I would play more of it without much hesitation.",TRUE
202273,769640,"There are some good ideas here, but it did not fully work for me. I could see some appeal because the strategic layer kept me paying attention and the combat stayed engaging for a long time, but the game still felt too uneven overall. There is something here, but I cannot honestly recommend it as it is.",FALSE
202274,876380,"I have mixed feelings about this game. It has a clear identity instead of feeling generic, and the progression system felt rewarding, but the experience still loses momentum in places. There is enough here to keep it interesting, even if it is not an easy recommendation.",FALSE
202275,644930,"There is a lot to like here, but also a few obvious issues. It works well as a solo game, and resource management added real tension, but the experience still loses momentum in places. Whether you like it probably depends on how much you enjoy this genre.",FALSE
202276,959080,"There is a lot to like here, but also a few obvious issues. It makes sense why people keep returning to it, and the co-op side adds a lot of replay value, but the experience still loses momentum in places. There is enough here to keep it interesting, even if it is not an easy recommendation.",FALSE
202277,888250,"This lands somewhere in the middle for me. The systems are detailed enough to stay interesting, and it does a good job selling the simulation idea, but the experience still loses momentum in places. I could still recommend it with the right expectations.",TRUE
202278,961060,"This lands somewhere in the middle for me. It works well when i want something low pressure, and the pacing worked well for an adventure game, but the experience still loses momentum in places. There is enough here to keep it interesting, even if it is not an easy recommendation.",TRUE
202279,402300,"After a few sessions, this one won me over. It does a good job selling the simulation idea, and I had to think through each decision. I would recommend it, especially if the tags already sound appealing to you.",TRUE
202280,514050,"This was a really solid surprise. I had to think through each decision, and the strategic layer kept me paying attention. For the right player, this is a very easy recommendation.",TRUE
202281,465020,"I ended up liking this more than I expected. The mood is consistent from start to finish, and building out a character was satisfying. I would play more of it without much hesitation.",TRUE
202282,596080,"I had mixed feelings, but it was still interesting enough to finish a session or two.",TRUE
202283,829490,"This is an easy game for me to recommend. It has a clear identity instead of feeling generic, and the gunplay is the main reason I kept playing. I would play more of it without much hesitation.",TRUE
202284,535380,"I had a good time with this one. Survival pressure made the sessions memorable, and it is easy to enjoy this at your own pace. I would play more of it without much hesitation.",TRUE
202285,353600,"I can see what the game is aiming for, but the execution feels uneven. I could see some appeal because the progression system felt rewarding and building out a character was satisfying, but the game still felt too uneven overall. I would wait for a discount before suggesting it to anyone else.",FALSE
202286,514650,"This was a really solid surprise. It feels like a small project with real personality, and it has a clear identity instead of feeling generic. It does enough well that I would point other people toward it.",TRUE
202287,62100,"I can see why this game has a strong audience. It works well when i want something low pressure, and it feels like a small project with real personality. It is worth trying if this genre is already in your wheelhouse.",TRUE
202288,246980,"This feels average to me, though I can still see the appeal for the right player.",FALSE
202289,412670,"After a few sessions, this one won me over. It feels like a small project with real personality, and it works well as a solo game. For the right player, this is a very easy recommendation.",TRUE
202290,506960,"This was a really solid surprise. The combat stayed engaging for a long time, and it does a good job selling the simulation idea. I would recommend it, especially if the tags already sound appealing to you.",TRUE
202291,302390,"This was not a terrible game, just a disappointing one for me. I could see some appeal because it works well when I want something low pressure and the story kept me interested, but the game still felt too uneven overall. There is something here, but I cannot honestly recommend it as it is.",FALSE
202292,494440,"This lands somewhere in the middle for me. It was easy to keep moving from one objective to the next, and the pacing worked well for an adventure game, but the experience still loses momentum in places. I could still recommend it with the right expectations.",TRUE
202293,416360,"I ended up liking this more than I expected. It has a clear identity instead of feeling generic, and it does a good job selling the simulation idea. I would play more of it without much hesitation.",TRUE
202294,880850,"This feels like a game with clear strengths and clear weaknesses. It makes sense why people keep returning to it, and the gunplay is the main reason I kept playing, but the experience still loses momentum in places. It is not a must-play, but I can understand why some people enjoy it.",TRUE
202295,598840,"After a few sessions, this one won me over. The combat stayed engaging for a long time, and once the controls clicked, the platforming was fun. I would play more of it without much hesitation.",TRUE
202296,871570,"I ended up liking this more than I expected. It is easy to pick up for a short session, and it was easy to keep moving from one objective to the next. It is worth trying if this genre is already in your wheelhouse.",TRUE
202297,1250,"There is a lot to like here, but also a few obvious issues. Survival pressure made the sessions memorable, and this feels much better with friends, but the experience still loses momentum in places. I could still recommend it with the right expectations.",FALSE
202298,754120,"I have mixed feelings about this game. It is easy to enjoy this at your own pace, and the combat stayed engaging for a long time, but the experience still loses momentum in places. I would call it a cautious recommendation at best.",FALSE
202299,304850,"This was a really solid surprise. It has a clear identity instead of feeling generic, and the pacing worked well for an adventure game. For the right player, this is a very easy recommendation.",TRUE
202300,517480,"There are some good ideas here, but it did not fully work for me. I could see some appeal because it feels like a small project with real personality and the moment-to-moment gameplay felt sharp, but the game still felt too uneven overall. There is something here, but I cannot honestly recommend it as it is.",FALSE
202301,266290,"It is a decent game, even if it never fully clicked for me. It feels like a small project with real personality, and it works well as a solo game, but the experience still loses momentum in places. I would call it a cautious recommendation at best.",TRUE
202302,791330,"After a few sessions, this one won me over. Building out a character was satisfying, and it is easy to enjoy this at your own pace. For the right player, this is a very easy recommendation.",TRUE
202303,755670,"After a few sessions, this one won me over. It has a clear identity instead of feeling generic, and the strategic layer kept me paying attention. I would recommend it, especially if the tags already sound appealing to you.",TRUE
202304,626580,"Not amazing and not terrible, just a fairly middle-of-the-road experience.",TRUE
202305,531200,"This is an easy game for me to recommend. The pacing worked well for an adventure game, and it works well when I want something low pressure. I would play more of it without much hesitation.",TRUE
202306,407310,"I had a good time with this one. It works well as a solo game, and it has a clear identity instead of feeling generic. It is worth trying if this genre is already in your wheelhouse.",TRUE
202307,485230,"I can see why this game has a strong audience. It works well when i want something low pressure, and it is easy to pick up for a short session. I would recommend it, especially if the tags already sound appealing to you.",TRUE
202308,365280,"I do not think this came together as well as it could have. I could see some appeal because the puzzle design was solid without feeling unfair and it feels like a small project with real personality, but the game still felt too uneven overall. I do not regret trying it, but I would not rush to recommend it.",FALSE
202309,15320,"I can see why this game has a strong audience. It does a good job selling the simulation idea, and matches stayed lively even after a few rounds. It does enough well that I would point other people toward it.",TRUE
202310,375120,"I have mixed feelings about this game. The combat stayed engaging for a long time, and the moment-to-moment gameplay felt sharp, but the experience still loses momentum in places. I would call it a cautious recommendation at best.",FALSE
202311,335450,"I can see why this game has a strong audience. It feels like a small project with real personality, and building out a character was satisfying. I would recommend it, especially if the tags already sound appealing to you.",TRUE
202312,970510,"I can see why this game has a strong audience. It does a good job selling the simulation idea, and the progression system felt rewarding. For the right player, this is a very easy recommendation.",TRUE
202313,509530,"There is a lot to like here, but also a few obvious issues. It has a clear identity instead of feeling generic, and the moment-to-moment gameplay felt sharp, but the experience still loses momentum in places. Whether you like it probably depends on how much you enjoy this genre.",FALSE
202314,316080,"I can see why this game has a strong audience. It was easy to keep moving from one objective to the next, and the atmosphere is one of its biggest strengths. For the right player, this is a very easy recommendation.",TRUE
202315,703050,"This is an easy game for me to recommend. It feels like a small project with real personality, and the moment-to-moment gameplay felt sharp. It does enough well that I would point other people toward it.",TRUE
202316,654250,"I do not think this came together as well as it could have. I could see some appeal because it feels like a small project with real personality and the pacing worked well for an adventure game, but the game still felt too uneven overall. I do not regret trying it, but I would not rush to recommend it.",FALSE
202317,654220,"After a few sessions, this one won me over. It works well when i want something low pressure, and the strategic layer kept me paying attention. For the right player, this is a very easy recommendation.",TRUE
202318,429360,"This is an easy game for me to recommend. Matches stayed lively even after a few rounds, and the moment-to-moment gameplay felt sharp. It does enough well that I would point other people toward it.",TRUE
202319,968170,"I had a good time with this one. Movement feels better than i expected, and it has a clear identity instead of feeling generic. It does enough well that I would point other people toward it.",TRUE
202320,425600,"This was a really solid surprise. The writing was stronger than i expected, and the puzzle design was solid without feeling unfair. For the right player, this is a very easy recommendation.",TRUE
202321,258970,"After a few sessions, this one won me over. This feels much better with friends, and it makes sense why people keep returning to it. It does enough well that I would point other people toward it.",TRUE
202322,884660,"I ended up liking this more than I expected. Resource management added real tension, and the combat stayed engaging for a long time. I would recommend it, especially if the tags already sound appealing to you.",TRUE
202323,514510,"I had a good time with this one. The combat stayed engaging for a long time, and it feels like a small project with real personality. I would play more of it without much hesitation.",TRUE
202324,1039350,"I can see why this game has a strong audience. Matches stayed lively even after a few rounds, and the freedom to approach things my own way helped a lot. I would recommend it, especially if the tags already sound appealing to you.",TRUE
202325,421180,"I do not think this came together as well as it could have. I could see some appeal because the combat stayed engaging for a long time and it has a clear identity instead of feeling generic, but the game still felt too uneven overall. There is something here, but I cannot honestly recommend it as it is.",FALSE
202326,464360,"After a few sessions, this one won me over. The combat stayed engaging for a long time, and it feels like a small project with real personality. For the right player, this is a very easy recommendation.",TRUE
202327,338760,"After a few sessions, this one won me over. The moment-to-moment gameplay felt sharp, and it has a clear identity instead of feeling generic. It does enough well that I would point other people toward it.",TRUE
202328,850250,"There is a lot to like here, but also a few obvious issues. It feels like a small project with real personality, and it has a clear identity instead of feeling generic, but the experience still loses momentum in places. There is enough here to keep it interesting, even if it is not an easy recommendation.",TRUE
202329,395500,"This was a really solid surprise. It has a clear identity instead of feeling generic, and movement feels better than I expected. It is worth trying if this genre is already in your wheelhouse.",TRUE
202330,393950,"I do not think this came together as well as it could have. I could see some appeal because it has a clear identity instead of feeling generic and it feels like a small project with real personality, but the game still felt too uneven overall. I would wait for a discount before suggesting it to anyone else.",FALSE
202331,776340,"This is an easy game for me to recommend. The systems are detailed enough to stay interesting, and it has a clear identity instead of feeling generic. It is worth trying if this genre is already in your wheelhouse.",TRUE
202332,548430,"This feels like a game with clear strengths and clear weaknesses. Resource management added real tension, and this feels much better with friends, but the experience still loses momentum in places. There is enough here to keep it interesting, even if it is not an easy recommendation.",FALSE
202333,352120,"This was a really solid surprise. The moment-to-moment gameplay felt sharp, and the systems are detailed enough to stay interesting. It does enough well that I would point other people toward it.",TRUE
202334,434050,"I ended up liking this more than I expected. This feels much better with friends, and it works well as a solo game. It does enough well that I would point other people toward it.",TRUE
202335,517230,"I can see why this game has a strong audience. Solving things felt satisfying more often than frustrating, and it works well when I want something low pressure. It does enough well that I would point other people toward it.",TRUE
202336,494970,A decent game with some strengths and some obvious rough edges.,TRUE
202337,340990,"This is an easy game for me to recommend. The moment-to-moment gameplay felt sharp, and it was easy to keep moving from one objective to the next. It does enough well that I would point other people toward it.",TRUE
202338,905960,"I wanted to like this more than I did. I could see some appeal because this feels much better with friends and it is easy to pick up for a short session, but the game still felt too uneven overall. I do not regret trying it, but I would not rush to recommend it.",FALSE
202339,801290,"I can see why this game has a strong audience. The shooting feels responsive enough to carry the game, and the mood is consistent from start to finish. I would recommend it, especially if the tags already sound appealing to you.",TRUE
202340,1002860,"I can see why this game has a strong audience. It has a clear identity instead of feeling generic, and it works well when I want something low pressure. I would play more of it without much hesitation.",TRUE
202341,614550,"After a few sessions, this one won me over. The combat stayed engaging for a long time, and it is easy to pick up for a short session. I would play more of it without much hesitation.",TRUE
202342,778390,"This is an easy game for me to recommend. The puzzle design was solid without feeling unfair, and it works well as a solo game. I would play more of it without much hesitation.",TRUE
202343,667780,"This was a really solid surprise. It has a clear identity instead of feeling generic, and it does a good job selling the simulation idea. I would recommend it, especially if the tags already sound appealing to you.",TRUE
202344,942050,"I ended up liking this more than I expected. Solving things felt satisfying more often than frustrating, and it has a clear identity instead of feeling generic. It is worth trying if this genre is already in your wheelhouse.",TRUE
202345,299800,"It is a decent game, even if it never fully clicked for me. It has a clear identity instead of feeling generic, and the combat stayed engaging for a long time, but the experience still loses momentum in places. It is not a must-play, but I can understand why some people enjoy it.",FALSE
202346,843500,"I do not think this came together as well as it could have. I could see some appeal because the strategic layer kept me paying attention and the combat stayed engaging for a long time, but the game still felt too uneven overall. I do not regret trying it, but I would not rush to recommend it.",FALSE
202347,371370,"This is an easy game for me to recommend. It feels like a small project with real personality, and the progression system felt rewarding. I would recommend it, especially if the tags already sound appealing to you.",TRUE
202348,1050190,"This is an easy game for me to recommend. The handling felt good after a short adjustment period, and the races stayed entertaining instead of repetitive. It is worth trying if this genre is already in your wheelhouse.",TRUE
202349,450050,"It is a decent game, even if it never fully clicked for me. Survival pressure made the sessions memorable, and it is easy to pick up for a short session, but the experience still loses momentum in places. There is enough here to keep it interesting, even if it is not an easy recommendation.",FALSE
202350,696040,"I ended up liking this more than I expected. It has a clear identity instead of feeling generic, and it makes sense why people keep returning to it. It does enough well that I would point other people toward it.",TRUE
202351,750420,"I had a good time with this one. It makes sense why people keep returning to it, and matches stayed lively even after a few rounds. I would play more of it without much hesitation.",TRUE
202352,552570,"I have mixed feelings about this game. Building out a character was satisfying, and it works well when I want something low pressure, but the experience still loses momentum in places. I would call it a cautious recommendation at best.",TRUE
202353,206420,"I ended up liking this more than I expected. It makes sense why people keep returning to it, and the humor landed more often than not. It is worth trying if this genre is already in your wheelhouse.",TRUE
202354,760460,"This lands somewhere in the middle for me. It feels like a small project with real personality, and it has a clear identity instead of feeling generic, but the experience still loses momentum in places. I would call it a cautious recommendation at best.",TRUE
202355,750020,"I had a good time with this one. The progression system felt rewarding, and it builds tension well when you let it breathe. It does enough well that I would point other people toward it.",TRUE
202356,245490,"This was a really solid surprise. It is easy to pick up for a short session, and once the controls clicked, the platforming was fun. I would play more of it without much hesitation.",TRUE
202357,510110,"I can see what the game is aiming for, but the execution feels uneven. I could see some appeal because the strategic layer kept me paying attention and it works well when I want something low pressure, but the game still felt too uneven overall. I do not regret trying it, but I would not rush to recommend it.",FALSE
202358,1033360,"This was a really solid surprise. The combat stayed engaging for a long time, and the moment-to-moment gameplay felt sharp. I would play more of it without much hesitation.",TRUE
202359,557580,"I ended up liking this more than I expected. It feels like a small project with real personality, and it builds tension well when you let it breathe. It does enough well that I would point other people toward it.",TRUE
202360,385250,"After a few sessions, this one won me over. It is easy to pick up for a short session, and it works well when I want something low pressure. It does enough well that I would point other people toward it.",TRUE
202361,975110,"After a few sessions, this one won me over. It is easy to pick up for a short session, and it feels like a small project with real personality. It is worth trying if this genre is already in your wheelhouse.",TRUE
202362,750330,"I ended up liking this more than I expected. It has a clear identity instead of feeling generic, and the moment-to-moment gameplay felt sharp. I would recommend it, especially if the tags already sound appealing to you.",TRUE
202363,452970,"I enjoyed parts of it more than the whole package. It feels like a small project with real personality, and it has a clear identity instead of feeling generic, but the experience still loses momentum in places. There is enough here to keep it interesting, even if it is not an easy recommendation.",FALSE
202364,655250,A decent game with some strengths and some obvious rough edges.,FALSE
202365,927990,"This was a really solid surprise. It is easy to pick up for a short session, and it works well when I want something low pressure. It does enough well that I would point other people toward it.",TRUE
202366,568720,"There is a lot to like here, but also a few obvious issues. It works well as a solo game, and it has a clear identity instead of feeling generic, but the experience still loses momentum in places. Whether you like it probably depends on how much you enjoy this genre.",TRUE
202367,724760,"This was a really solid surprise. The gunplay is the main reason i kept playing, and the shooting feels responsive enough to carry the game. I would play more of it without much hesitation.",TRUE
202368,769220,"There are some good ideas here, but it did not fully work for me. I could see some appeal because the combat stayed engaging for a long time and the moment-to-moment gameplay felt sharp, but the game still felt too uneven overall. I would wait for a discount before suggesting it to anyone else.",FALSE
202369,233840,"This was a really solid surprise. The strategic layer kept me paying attention, and matches stayed lively even after a few rounds. I would play more of it without much hesitation.",TRUE
202370,308173,"I had a good time with this one. I had to think through each decision, and it is easy to enjoy this at your own pace. It does enough well that I would point other people toward it.",TRUE
202371,623930,"This was a really solid surprise. It feels like a small project with real personality, and the pacing worked well for an adventure game. I would play more of it without much hesitation.",TRUE
202372,636490,"There are some good ideas here, but it did not fully work for me. I could see some appeal because it has a clear identity instead of feeling generic and resource management added real tension, but the game still felt too uneven overall. I do not regret trying it, but I would not rush to recommend it.",FALSE
202373,252490,"I can see why this game has a strong audience. The combat stayed engaging for a long time, and the systems are detailed enough to stay interesting. For the right player, this is a very easy recommendation.",TRUE
202374,317920,"This lands somewhere in the middle for me. It feels like a small project with real personality, and it is easy to pick up for a short session, but the experience still loses momentum in places. Whether you like it probably depends on how much you enjoy this genre.",FALSE
202375,921500,"This lands somewhere in the middle for me. It is easy to pick up for a short session, and the pacing worked well for an adventure game, but the experience still loses momentum in places. Whether you like it probably depends on how much you enjoy this genre.",TRUE
202376,384360,"This was a really solid surprise. It has a light tone that makes it easy to keep going, and the puzzle design was solid without feeling unfair. It does enough well that I would point other people toward it.",TRUE
202377,953920,"I ended up liking this more than I expected. The moment-to-moment gameplay felt sharp, and the strategic layer kept me paying attention. For the right player, this is a very easy recommendation.",TRUE
202378,770200,"I ended up liking this more than I expected. The combat stayed engaging for a long time, and building out a character was satisfying. I would recommend it, especially if the tags already sound appealing to you.",TRUE
202379,866420,"This was a really solid surprise. It feels like a small project with real personality, and the combat stayed engaging for a long time. It is worth trying if this genre is already in your wheelhouse.",TRUE
202380,291960,"This lands somewhere in the middle for me. It was easy to keep moving from one objective to the next, and the progression system felt rewarding, but the experience still loses momentum in places. It is not a must-play, but I can understand why some people enjoy it.",FALSE
202381,424100,"I have mixed feelings about this game. It does a good job selling the simulation idea, and the systems are detailed enough to stay interesting, but the experience still loses momentum in places. I would call it a cautious recommendation at best.",FALSE
202382,630460,"I ended up liking this more than I expected. It feels like a small project with real personality, and the moment-to-moment gameplay felt sharp. For the right player, this is a very easy recommendation.",TRUE
202383,864300,"I can see why this game has a strong audience. It is easy to pick up for a short session, and the pacing worked well for an adventure game. It is worth trying if this genre is already in your wheelhouse.",TRUE
202384,957440,"This lands somewhere in the middle for me. It is easy to pick up for a short session, and the pacing worked well for an adventure game, but the experience still loses momentum in places. Whether you like it probably depends on how much you enjoy this genre.",FALSE
202385,555950,"I can see why this game has a strong audience. It is easy to enjoy this at your own pace, and the story kept me interested. For the right player, this is a very easy recommendation.",TRUE
202386,676760,"I can see what the game is aiming for, but the execution feels uneven. I could see some appeal because the atmosphere is one of its biggest strengths and it builds tension well when you let it breathe, but the game still felt too uneven overall. There is something here, but I cannot honestly recommend it as it is.",FALSE
202387,407100,A decent game with some strengths and some obvious rough edges.,TRUE
202388,1030190,"This is an easy game for me to recommend. The pacing worked well for an adventure game, and it is easy to pick up for a short session. For the right player, this is a very easy recommendation.",TRUE
202389,544680,"I can see what the game is aiming for, but the execution feels uneven. I could see some appeal because it is easy to enjoy this at your own pace and movement feels better than I expected, but the game still felt too uneven overall. I would wait for a discount before suggesting it to anyone else.",FALSE
202390,893690,"I had a good time with this one. Once the controls clicked, the platforming was fun, and the moment-to-moment gameplay felt sharp. I would recommend it, especially if the tags already sound appealing to you.",TRUE
202391,631240,"I do not think this came together as well as it could have. I could see some appeal because it was easy to keep moving from one objective to the next and it is easy to pick up for a short session, but the game still felt too uneven overall. There is something here, but I cannot honestly recommend it as it is.",FALSE
202392,585830,"After a few sessions, this one won me over. It feels like a small project with real personality, and it is easy to pick up for a short session. It is worth trying if this genre is already in your wheelhouse.",TRUE
202393,564480,"I can see why this game has a strong audience. It is easy to pick up for a short session, and the combat stayed engaging for a long time. It does enough well that I would point other people toward it.",TRUE
202394,640310,"I do not think this came together as well as it could have. I could see some appeal because it is easy to pick up for a short session and the moment-to-moment gameplay felt sharp, but the game still felt too uneven overall. There is something here, but I cannot honestly recommend it as it is.",FALSE
202395,461580,"This lands somewhere in the middle for me. It has a clear identity instead of feeling generic, and it works well when I want something low pressure, but the experience still loses momentum in places. I would call it a cautious recommendation at best.",TRUE
202396,952860,"I ended up liking this more than I expected. I liked having room to experiment, and the systems are detailed enough to stay interesting. I would play more of it without much hesitation.",TRUE
202397,16120,"I can see why this game has a strong audience. It does a good job selling the simulation idea, and it is easy to pick up for a short session. For the right player, this is a very easy recommendation.",TRUE
202398,394770,"This was not a terrible game, just a disappointing one for me. I could see some appeal because once the controls clicked, the platforming was fun and movement feels better than I expected, but the game still felt too uneven overall. There is something here, but I cannot honestly recommend it as it is.",FALSE
202399,575490,"Parts of it are interesting, but the overall experience felt weak. I could see some appeal because it has a clear identity instead of feeling generic and it works well when I want something low pressure, but the game still felt too uneven overall. I would only recommend it to someone who is already very into this niche.",FALSE
202400,928300,"After a few sessions, this one won me over. The systems are detailed enough to stay interesting, and it does a good job selling the simulation idea. I would play more of it without much hesitation.",TRUE
202401,969130,"I ended up liking this more than I expected. The pacing worked well for an adventure game, and it feels like a small project with real personality. It is worth trying if this genre is already in your wheelhouse.",TRUE
202402,928460,"Parts of it are interesting, but the overall experience felt weak. I could see some appeal because it is easy to pick up for a short session and the writing was stronger than I expected, but the game still felt too uneven overall. I would only recommend it to someone who is already very into this niche.",FALSE
202403,948840,"Not amazing and not terrible, just a fairly middle-of-the-road experience.",TRUE
202404,394140,"This was a really solid surprise. It feels like a small project with real personality, and it is easy to pick up for a short session. I would recommend it, especially if the tags already sound appealing to you.",TRUE
202405,92220,"I ended up liking this more than I expected. The shooting feels responsive enough to carry the game, and it has a clear identity instead of feeling generic. I would play more of it without much hesitation.",TRUE
202406,843080,"I ended up liking this more than I expected. The combat stayed engaging for a long time, and I had to think through each decision. I would recommend it, especially if the tags already sound appealing to you.",TRUE
202407,615550,"There is a lot to like here, but also a few obvious issues. The moment-to-moment gameplay felt sharp, and building out a character was satisfying, but the experience still loses momentum in places. There is enough here to keep it interesting, even if it is not an easy recommendation.",FALSE
202408,644390,"Not amazing and not terrible, just a fairly middle-of-the-road experience.",TRUE
202409,641960,"After a few sessions, this one won me over. It is easy to pick up for a short session, and it feels like a small project with real personality. For the right player, this is a very easy recommendation.",TRUE
202410,46350,"I enjoyed parts of it more than the whole package. I had to think through each decision, and the strategic layer kept me paying attention, but the experience still loses momentum in places. I could still recommend it with the right expectations.",TRUE
202411,798810,"There is a lot to like here, but also a few obvious issues. It does a good job selling the simulation idea, and the systems are detailed enough to stay interesting, but the experience still loses momentum in places. Whether you like it probably depends on how much you enjoy this genre.",FALSE
202412,870990,"This lands somewhere in the middle for me. It was easy to keep moving from one objective to the next, and the pacing worked well for an adventure game, but the experience still loses momentum in places. It is not a must-play, but I can understand why some people enjoy it.",TRUE
202413,694960,"This is an easy game for me to recommend. It feels like a small project with real personality, and it was easy to keep moving from one objective to the next. It does enough well that I would point other people toward it.",TRUE
202414,449350,"This lands somewhere in the middle for me. It has a clear identity instead of feeling generic, and it feels like a small project with real personality, but the experience still loses momentum in places. I could still recommend it with the right expectations.",FALSE
202415,501180,"This lands somewhere in the middle for me. Building out a character was satisfying, and the combat stayed engaging for a long time, but the experience still loses momentum in places. It is not a must-play, but I can understand why some people enjoy it.",FALSE
202416,687980,"After a few sessions, this one won me over. It has a clear identity instead of feeling generic, and it feels like a small project with real personality. For the right player, this is a very easy recommendation.",TRUE
202417,312230,"I can see why this game has a strong audience. The shooting feels responsive enough to carry the game, and the mood is consistent from start to finish. For the right player, this is a very easy recommendation.",TRUE
202418,410890,"I had a good time with this one. It works well as a solo game, and the atmosphere is one of its biggest strengths. It does enough well that I would point other people toward it.",TRUE
202419,1031440,"This is an easy game for me to recommend. The story kept me interested, and the pacing worked well for an adventure game. For the right player, this is a very easy recommendation.",TRUE
202420,527110,"This is an easy game for me to recommend. It was easy to keep moving from one objective to the next, and it feels like a small project with real personality. I would recommend it, especially if the tags already sound appealing to you.",TRUE
202421,671470,"This was a really solid surprise. The combat stayed engaging for a long time, and the moment-to-moment gameplay felt sharp. It is worth trying if this genre is already in your wheelhouse.",TRUE
202422,347330,"After a few sessions, this one won me over. It feels like a small project with real personality, and the combat stayed engaging for a long time. It does enough well that I would point other people toward it.",TRUE
202423,780320,"This was not a terrible game, just a disappointing one for me. I could see some appeal because the pacing worked well for an adventure game and it feels like a small project with real personality, but the game still felt too uneven overall. There is something here, but I cannot honestly recommend it as it is.",FALSE
202424,1006430,"I had mixed feelings, but it was still interesting enough to finish a session or two.",TRUE
202425,291930,"There are some good ideas here, but it did not fully work for me. I could see some appeal because I liked juggling the different systems and I had to think through each decision, but the game still felt too uneven overall. I would wait for a discount before suggesting it to anyone else.",FALSE
202426,482450,"After a few sessions, this one won me over. Matches stayed lively even after a few rounds, and the combat stayed engaging for a long time. I would recommend it, especially if the tags already sound appealing to you.",TRUE
202427,856220,"This was a really solid surprise. The moment-to-moment gameplay felt sharp, and the mood is consistent from start to finish. I would recommend it, especially if the tags already sound appealing to you.",TRUE
202428,968310,"I had a good time with this one. It is easy to pick up for a short session, and it has a clear identity instead of feeling generic. For the right player, this is a very easy recommendation.",TRUE
202429,962280,A decent game with some strengths and some obvious rough edges.,FALSE
202430,329690,"I ended up liking this more than I expected. It was easy to keep moving from one objective to the next, and movement feels better than I expected. It is worth trying if this genre is already in your wheelhouse.",TRUE
202431,679690,"I can see what the game is aiming for, but the execution feels uneven. I could see some appeal because it works well when I want something low pressure and it has a clear identity instead of feeling generic, but the game still felt too uneven overall. There is something here, but I cannot honestly recommend it as it is.",FALSE
202432,756740,"After a few sessions, this one won me over. The atmosphere is one of its biggest strengths, and it works well as a solo game. I would play more of it without much hesitation.",TRUE
202433,482990,"After a few sessions, this one won me over. The humor landed more often than not, and it is easy to pick up for a short session. I would play more of it without much hesitation.",TRUE
202434,467210,"I enjoyed parts of it more than the whole package. It is easy to pick up for a short session, and solving things felt satisfying more often than frustrating, but the experience still loses momentum in places. Whether you like it probably depends on how much you enjoy this genre.",FALSE
202435,765290,"This was not a terrible game, just a disappointing one for me. I could see some appeal because it has a clear identity instead of feeling generic and it feels like a small project with real personality, but the game still felt too uneven overall. I do not regret trying it, but I would not rush to recommend it.",FALSE
202436,670750,"This was a really solid surprise. The pacing worked well for an adventure game, and the atmosphere is one of its biggest strengths. I would play more of it without much hesitation.",TRUE
202437,705060,"This was not a terrible game, just a disappointing one for me. I could see some appeal because it has a clear identity instead of feeling generic and it was easy to keep moving from one objective to the next, but the game still felt too uneven overall. I would only recommend it to someone who is already very into this niche.",FALSE
202438,760320,"I enjoyed parts of it more than the whole package. Turn-based decisions gave the game more depth, and the progression system felt rewarding, but the experience still loses momentum in places. I could still recommend it with the right expectations.",FALSE
202439,744810,"After a few sessions, this one won me over. It has a clear identity instead of feeling generic, and it works well when I want something low pressure. I would recommend it, especially if the tags already sound appealing to you.",TRUE
202440,968200,"It is a decent game, even if it never fully clicked for me. It feels like a small project with real personality, and it works well when I want something low pressure, but the experience still loses momentum in places. I would call it a cautious recommendation at best.",FALSE
202441,688420,"This is an easy game for me to recommend. It does a good job selling the simulation idea, and I had to think through each decision. It does enough well that I would point other people toward it.",TRUE
202442,974530,"I have mixed feelings about this game. The strategic layer kept me paying attention, and the systems are detailed enough to stay interesting, but the experience still loses momentum in places. I could still recommend it with the right expectations.",TRUE
202443,451630,"I had mixed feelings, but it was still interesting enough to finish a session or two.",TRUE
202444,290770,"After a few sessions, this one won me over. It is easy to enjoy this at your own pace, and the puzzle design was solid without feeling unfair. It does enough well that I would point other people toward it.",TRUE
202445,892910,"I enjoyed parts of it more than the whole package. It has a clear identity instead of feeling generic, and the combat stayed engaging for a long time, but the experience still loses momentum in places. It is not a must-play, but I can understand why some people enjoy it.",TRUE
202446,400220,"I ended up liking this more than I expected. The combat stayed engaging for a long time, and it has a clear identity instead of feeling generic. I would recommend it, especially if the tags already sound appealing to you.",TRUE
202447,57740,"This lands somewhere in the middle for me. The progression system felt rewarding, and it does a good job selling the simulation idea, but the experience still loses momentum in places. It is not a must-play, but I can understand why some people enjoy it.",FALSE
202448,930650,"I had a good time with this one. It has a clear identity instead of feeling generic, and it feels like a small project with real personality. For the right player, this is a very easy recommendation.",TRUE
202449,465180,"I ended up liking this more than I expected. It is easy to pick up for a short session, and it builds tension well when you let it breathe. I would recommend it, especially if the tags already sound appealing to you.",TRUE
202450,440630,"This feels like a game with clear strengths and clear weaknesses. The atmosphere carried a lot of the experience, and it has a clear identity instead of feeling generic, but the experience still loses momentum in places. I could still recommend it with the right expectations.",FALSE
202451,956500,"I enjoyed parts of it more than the whole package. It is easy to enjoy this at your own pace, and the moment-to-moment gameplay felt sharp, but the experience still loses momentum in places. I would call it a cautious recommendation at best.",FALSE
202452,726020,"I can see why this game has a strong audience. Once the controls clicked, the platforming was fun, and it has a clear identity instead of feeling generic. I would recommend it, especially if the tags already sound appealing to you.",TRUE
202453,358380,"It is a decent game, even if it never fully clicked for me. The moment-to-moment gameplay felt sharp, and the handling felt good after a short adjustment period, but the experience still loses momentum in places. Whether you like it probably depends on how much you enjoy this genre.",FALSE
202454,968440,"After a few sessions, this one won me over. It has a clear identity instead of feeling generic, and it feels like a small project with real personality. For the right player, this is a very easy recommendation.",TRUE
202455,501320,"This was a really solid surprise. The management layer made the game easy to sink time into, and I had to think through each decision. It does enough well that I would point other people toward it.",TRUE
202456,658510,"I enjoyed parts of it more than the whole package. Building out a character was satisfying, and the progression system felt rewarding, but the experience still loses momentum in places. I would call it a cautious recommendation at best.",TRUE
202457,448550,"This is an easy game for me to recommend. The puzzle design was solid without feeling unfair, and it is easy to pick up for a short session. It is worth trying if this genre is already in your wheelhouse.",TRUE
202458,489100,"After a few sessions, this one won me over. It has a clear identity instead of feeling generic, and it is easy to pick up for a short session. I would recommend it, especially if the tags already sound appealing to you.",TRUE
202459,882040,"I ended up liking this more than I expected. It was easy to keep moving from one objective to the next, and the mood is consistent from start to finish. It is worth trying if this genre is already in your wheelhouse.",TRUE
202460,590840,"I had a good time with this one. It works well as a solo game, and the combat stayed engaging for a long time. I would recommend it, especially if the tags already sound appealing to you.",TRUE
202461,1003530,"There are some good ideas here, but it did not fully work for me. I could see some appeal because the moment-to-moment gameplay felt sharp and it is easy to pick up for a short session, but the game still felt too uneven overall. I would only recommend it to someone who is already very into this niche.",FALSE
202462,582830,"This lands somewhere in the middle for me. I had to think through each decision, and the strategic layer kept me paying attention, but the experience still loses momentum in places. There is enough here to keep it interesting, even if it is not an easy recommendation.",FALSE
202463,337220,"Parts of it are interesting, but the overall experience felt weak. I could see some appeal because building out a character was satisfying and the management layer made the game easy to sink time into, but the game still felt too uneven overall. I do not regret trying it, but I would not rush to recommend it.",FALSE
202464,753170,"I can see what the game is aiming for, but the execution feels uneven. I could see some appeal because it feels like a small project with real personality and the combat stayed engaging for a long time, but the game still felt too uneven overall. It might work for other people, but it was not for me.",FALSE
202465,698950,"I have mixed feelings about this game. The combat stayed engaging for a long time, and it feels like a small project with real personality, but the experience still loses momentum in places. There is enough here to keep it interesting, even if it is not an easy recommendation.",FALSE
202466,468670,"This is an easy game for me to recommend. It was easy to keep moving from one objective to the next, and the humor landed more often than not. I would recommend it, especially if the tags already sound appealing to you.",TRUE
202467,696430,"This was a really solid surprise. The systems are detailed enough to stay interesting, and it feels like a small project with real personality. It is worth trying if this genre is already in your wheelhouse.",TRUE
202468,432870,"This is an easy game for me to recommend. Turn-based decisions gave the game more depth, and it feels like a small project with real personality. I would recommend it, especially if the tags already sound appealing to you.",TRUE
202469,460960,"I had a good time with this one. The progression system felt rewarding, and it feels like a small project with real personality. It is worth trying if this genre is already in your wheelhouse.",TRUE
202470,451540,"After a few sessions, this one won me over. It has a clear identity instead of feeling generic, and the moment-to-moment gameplay felt sharp. It does enough well that I would point other people toward it.",TRUE
202471,831570,"This was a really solid surprise. The puzzle design was solid without feeling unfair, and solving things felt satisfying more often than frustrating. It is worth trying if this genre is already in your wheelhouse.",TRUE
202472,278510,"After a few sessions, this one won me over. The combat stayed engaging for a long time, and the moment-to-moment gameplay felt sharp. It is worth trying if this genre is already in your wheelhouse.",TRUE
202473,814590,"This was a really solid surprise. The combat stayed engaging for a long time, and the moment-to-moment gameplay felt sharp. For the right player, this is a very easy recommendation.",TRUE
202474,417200,"This lands somewhere in the middle for me. It has a clear identity instead of feeling generic, and the freedom to approach things my own way helped a lot, but the experience still loses momentum in places. It is not a must-play, but I can understand why some people enjoy it.",FALSE
202475,686760,"I had a good time with this one. It works well when i want something low pressure, and it feels like a small project with real personality. For the right player, this is a very easy recommendation.",TRUE
202476,308420,"I ended up liking this more than I expected. It was easy to keep moving from one objective to the next, and the gunplay is the main reason I kept playing. I would play more of it without much hesitation.",TRUE
202477,25910,"After a few sessions, this one won me over. It makes sense why people keep returning to it, and it does a good job selling the simulation idea. It does enough well that I would point other people toward it.",TRUE
202478,705120,"After a few sessions, this one won me over. It works well when i want something low pressure, and solving things felt satisfying more often than frustrating. I would recommend it, especially if the tags already sound appealing to you.",TRUE
202479,555670,"This lands somewhere in the middle for me. It feels like a small project with real personality, and the pacing worked well for an adventure game, but the experience still loses momentum in places. I could still recommend it with the right expectations.",TRUE
202480,655080,"I can see why this game has a strong audience. It is easy to enjoy this at your own pace, and the pacing worked well for an adventure game. It is worth trying if this genre is already in your wheelhouse.",TRUE
202481,421710,"I can see why this game has a strong audience. It works well as a solo game, and it is easy to pick up for a short session. I would play more of it without much hesitation.",TRUE
202482,861720,"I enjoyed parts of it more than the whole package. The story kept me interested, and it has a clear identity instead of feeling generic, but the experience still loses momentum in places. There is enough here to keep it interesting, even if it is not an easy recommendation.",FALSE
202483,665620,"I ended up liking this more than I expected. It feels like a small project with real personality, and the combat stayed engaging for a long time. It does enough well that I would point other people toward it.",TRUE
202484,587100,"This is an easy game for me to recommend. Building out a character was satisfying, and it works well as a solo game. For the right player, this is a very easy recommendation.",TRUE
202485,310070,"Parts of it are interesting, but the overall experience felt weak. I could see some appeal because turn-based decisions gave the game more depth and this feels much better with friends, but the game still felt too uneven overall. I do not regret trying it, but I would not rush to recommend it.",FALSE
202486,648060,"I do not think this came together as well as it could have. I could see some appeal because it was easy to keep moving from one objective to the next and it is easy to enjoy this at your own pace, but the game still felt too uneven overall. There is something here, but I cannot honestly recommend it as it is.",FALSE
202487,704660,"After a few sessions, this one won me over. It is easy to pick up for a short session, and it feels like a small project with real personality. It does enough well that I would point other people toward it.",TRUE
202488,418070,"This is an easy game for me to recommend. It feels like a small project with real personality, and it has a clear identity instead of feeling generic. For the right player, this is a very easy recommendation.",TRUE
202489,591940,A decent game with some strengths and some obvious rough edges.,FALSE
202490,667880,"I can see why this game has a strong audience. It has a clear identity instead of feeling generic, and it is easy to pick up for a short session. I would play more of it without much hesitation.",TRUE
202491,321080,"I have mixed feelings about this game. The moment-to-moment gameplay felt sharp, and the combat stayed engaging for a long time, but the experience still loses momentum in places. Whether you like it probably depends on how much you enjoy this genre.",TRUE
202492,836690,"I enjoyed parts of it more than the whole package. The systems are detailed enough to stay interesting, and it works well when I want something low pressure, but the experience still loses momentum in places. I would call it a cautious recommendation at best.",TRUE
202493,619810,"I ended up liking this more than I expected. It works well when i want something low pressure, and it is easy to pick up for a short session. It is worth trying if this genre is already in your wheelhouse.",TRUE
202494,910660,"I had a good time with this one. It feels like a small project with real personality, and it has a clear identity instead of feeling generic. It does enough well that I would point other people toward it.",TRUE
202495,862920,"This is an easy game for me to recommend. It has a clear identity instead of feeling generic, and it has a light tone that makes it easy to keep going. It is worth trying if this genre is already in your wheelhouse.",TRUE
202496,761300,"I ended up liking this more than I expected. It is easy to enjoy this at your own pace, and the moment-to-moment gameplay felt sharp. I would recommend it, especially if the tags already sound appealing to you.",TRUE
202497,236970,"I can see what the game is aiming for, but the execution feels uneven. I could see some appeal because it was easy to keep moving from one objective to the next and the pacing worked well for an adventure game, but the game still felt too uneven overall. I would wait for a discount before suggesting it to anyone else.",FALSE
202498,544870,"This feels like a game with clear strengths and clear weaknesses. It was easy to keep moving from one objective to the next, and it feels like a small project with real personality, but the experience still loses momentum in places. Whether you like it probably depends on how much you enjoy this genre.",FALSE
202499,645420,"After a few sessions, this one won me over. It works well when i want something low pressure, and it is easy to pick up for a short session. It is worth trying if this genre is already in your wheelhouse.",TRUE
202500,673000,"I had a good time with this one. It has a clear identity instead of feeling generic, and the gunplay is the main reason I kept playing. I would recommend it, especially if the tags already sound appealing to you.",TRUE
202501,204060,"I enjoyed parts of it more than the whole package. Solving things felt satisfying more often than frustrating, and the pacing worked well for an adventure game, but the experience still loses momentum in places. There is enough here to keep it interesting, even if it is not an easy recommendation.",FALSE
202502,671740,"I had a good time with this one. The systems are detailed enough to stay interesting, and it has a clear identity instead of feeling generic. I would recommend it, especially if the tags already sound appealing to you.",TRUE
202503,786740,"I can see what the game is aiming for, but the execution feels uneven. I could see some appeal because it makes sense why people keep returning to it and matches stayed lively even after a few rounds, but the game still felt too uneven overall. There is something here, but I cannot honestly recommend it as it is.",FALSE
202504,347160,"After a few sessions, this one won me over. This feels much better with friends, and the shooting feels responsive enough to carry the game. I would recommend it, especially if the tags already sound appealing to you.",TRUE
202505,946780,"I had a good time with this one. The combat stayed engaging for a long time, and the pacing worked well for an adventure game. I would recommend it, especially if the tags already sound appealing to you.",TRUE
202506,307900,"This feels like a game with clear strengths and clear weaknesses. The pacing worked well for an adventure game, and I liked juggling the different systems, but the experience still loses momentum in places. I would call it a cautious recommendation at best.",FALSE
202507,529700,"This was a really solid surprise. The systems are detailed enough to stay interesting, and it does a good job selling the simulation idea. I would play more of it without much hesitation.",TRUE
202508,946610,"I ended up liking this more than I expected. Building out a character was satisfying, and it is easy to enjoy this at your own pace. I would play more of it without much hesitation.",TRUE
202509,298830,"I can see why this game has a strong audience. It was easy to keep moving from one objective to the next, and the story kept me interested. I would play more of it without much hesitation.",TRUE
202510,444530,"I ended up liking this more than I expected. It is easy to pick up for a short session, and it has a clear identity instead of feeling generic. It is worth trying if this genre is already in your wheelhouse.",TRUE
202511,992120,"After a few sessions, this one won me over. It feels like a small project with real personality, and it works well when I want something low pressure. I would play more of it without much hesitation.",TRUE
202512,248350,"After a few sessions, this one won me over. The world gives you plenty to do, and matches stayed lively even after a few rounds. I would recommend it, especially if the tags already sound appealing to you.",TRUE
202513,365500,"I can see why this game has a strong audience. It has a clear identity instead of feeling generic, and it feels like a small project with real personality. I would recommend it, especially if the tags already sound appealing to you.",TRUE
202514,321480,"I can see why this game has a strong audience. Solving things felt satisfying more often than frustrating, and the strategic layer kept me paying attention. I would recommend it, especially if the tags already sound appealing to you.",TRUE
202515,568200,"I ended up liking this more than I expected. It is easy to pick up for a short session, and it feels like a small project with real personality. I would recommend it, especially if the tags already sound appealing to you.",TRUE
202516,1053650,"This is an easy game for me to recommend. It works well as a solo game, and it feels like a small project with real personality. It does enough well that I would point other people toward it.",TRUE
202517,252050,"I can see what the game is aiming for, but the execution feels uneven. I could see some appeal because the systems are detailed enough to stay interesting and the building side gave me a reason to keep playing, but the game still felt too uneven overall. There is something here, but I cannot honestly recommend it as it is.",FALSE
202518,489110,"This is an easy game for me to recommend. The combat stayed engaging for a long time, and it feels like a small project with real personality. I would recommend it, especially if the tags already sound appealing to you.",TRUE
202519,296630,"I enjoyed parts of it more than the whole package. It makes sense why people keep returning to it, and it was easy to keep moving from one objective to the next, but the experience still loses momentum in places. I could still recommend it with the right expectations.",FALSE
202520,270450,"After a few sessions, this one won me over. The gunplay is the main reason i kept playing, and it works well when I want something low pressure. It is worth trying if this genre is already in your wheelhouse.",TRUE
202521,693400,"I do not think this came together as well as it could have. I could see some appeal because building out a character was satisfying and the strategic layer kept me paying attention, but the game still felt too uneven overall. I would only recommend it to someone who is already very into this niche.",FALSE
202522,1041130,"After a few sessions, this one won me over. The moment-to-moment gameplay felt sharp, and it has a clear identity instead of feeling generic. It does enough well that I would point other people toward it.",TRUE
202523,890750,"This was a really solid surprise. It does a good job selling the simulation idea, and the pacing worked well for an adventure game. It does enough well that I would point other people toward it.",TRUE
202524,466070,"I enjoyed parts of it more than the whole package. It is easy to pick up for a short session, and the strategic layer kept me paying attention, but the experience still loses momentum in places. It is not a must-play, but I can understand why some people enjoy it.",FALSE
202525,33570,"I have mixed feelings about this game. I had to think through each decision, and I liked juggling the different systems, but the experience still loses momentum in places. I could still recommend it with the right expectations.",FALSE
202526,529770,"After a few sessions, this one won me over. It has a clear identity instead of feeling generic, and it was easy to keep moving from one objective to the next. For the right player, this is a very easy recommendation.",TRUE
202527,913120,"After a few sessions, this one won me over. Building out a character was satisfying, and it has a clear identity instead of feeling generic. It does enough well that I would point other people toward it.",TRUE
202528,652700,"I can see why this game has a strong audience. It feels like a small project with real personality, and it was easy to keep moving from one objective to the next. It does enough well that I would point other people toward it.",TRUE
202529,645690,"This lands somewhere in the middle for me. The pacing worked well for an adventure game, and it was easy to keep moving from one objective to the next, but the experience still loses momentum in places. There is enough here to keep it interesting, even if it is not an easy recommendation.",FALSE
202530,334070,"It was fine overall, even if nothing about it really stood out to me.",TRUE
202531,759220,"This was a really solid surprise. It was easy to keep moving from one objective to the next, and the combat stayed engaging for a long time. I would play more of it without much hesitation.",TRUE
202532,603140,"I enjoyed parts of it more than the whole package. It feels like a small project with real personality, and the systems are detailed enough to stay interesting, but the experience still loses momentum in places. It is not a must-play, but I can understand why some people enjoy it.",FALSE
202533,650720,"This was not a terrible game, just a disappointing one for me. I could see some appeal because it works well as a solo game and the combat stayed engaging for a long time, but the game still felt too uneven overall. I would wait for a discount before suggesting it to anyone else.",FALSE
202534,836550,"I can see why this game has a strong audience. It was easy to keep moving from one objective to the next, and the strategic layer kept me paying attention. I would recommend it, especially if the tags already sound appealing to you.",TRUE
202535,433100,"After a few sessions, this one won me over. The mood is consistent from start to finish, and the pacing worked well for an adventure game. For the right player, this is a very easy recommendation.",TRUE
202536,485900,"I ended up liking this more than I expected. The management layer made the game easy to sink time into, and the building side gave me a reason to keep playing. I would recommend it, especially if the tags already sound appealing to you.",TRUE
202537,681670,"I wanted to like this more than I did. I could see some appeal because it has a clear identity instead of feeling generic and the moment-to-moment gameplay felt sharp, but the game still felt too uneven overall. I would wait for a discount before suggesting it to anyone else.",FALSE
202538,544420,"This feels like a game with clear strengths and clear weaknesses. It has a clear sense of what it wants to be, and I could understand the appeal after spending some time with it, but the experience still loses momentum in places. There is enough here to keep it interesting, even if it is not an easy recommendation.",TRUE
202539,792350,"This is an easy game for me to recommend. The combat stayed engaging for a long time, and movement feels better than I expected. I would play more of it without much hesitation.",TRUE
202540,330830,"This was a really solid surprise. It works well when i want something low pressure, and the mood is consistent from start to finish. It is worth trying if this genre is already in your wheelhouse.",TRUE
202541,286730,"There are some good ideas here, but it did not fully work for me. I could see some appeal because the moment-to-moment gameplay felt sharp and it does a good job selling the simulation idea, but the game still felt too uneven overall. There is something here, but I cannot honestly recommend it as it is.",FALSE
202542,746900,"This is an easy game for me to recommend. It has a clear identity instead of feeling generic, and it was easy to keep moving from one objective to the next. I would play more of it without much hesitation.",TRUE
202543,743450,"After a few sessions, this one won me over. It feels like a small project with real personality, and the story kept me interested. It is worth trying if this genre is already in your wheelhouse.",TRUE
202544,350600,"I can see why this game has a strong audience. The shooting feels responsive enough to carry the game, and the combat stayed engaging for a long time. I would recommend it, especially if the tags already sound appealing to you.",TRUE
202545,1039470,"I can see why this game has a strong audience. The combat stayed engaging for a long time, and resource management added real tension. It is worth trying if this genre is already in your wheelhouse.",TRUE
202546,341390,"I ended up liking this more than I expected. It has a clear identity instead of feeling generic, and the strategic layer kept me paying attention. It does enough well that I would point other people toward it.",TRUE
202547,286040,"This is an easy game for me to recommend. The combat stayed engaging for a long time, and the moment-to-moment gameplay felt sharp. I would recommend it, especially if the tags already sound appealing to you.",TRUE
202548,676840,"I ended up liking this more than I expected. It does a good job selling the simulation idea, and the gunplay is the main reason I kept playing. It does enough well that I would point other people toward it.",TRUE
202549,342300,"This was a really solid surprise. Movement feels better than i expected, and the gunplay is the main reason I kept playing. For the right player, this is a very easy recommendation.",TRUE
202550,718200,"After a few sessions, this one won me over. It has a clear identity instead of feeling generic, and it feels like a small project with real personality. I would recommend it, especially if the tags already sound appealing to you.",TRUE
202551,889730,"I ended up liking this more than I expected. It has a clear identity instead of feeling generic, and the strategic layer kept me paying attention. It does enough well that I would point other people toward it.",TRUE
202552,525740,"I ended up liking this more than I expected. It works well when i want something low pressure, and it is easy to pick up for a short session. I would play more of it without much hesitation.",TRUE
202553,904600,"This lands somewhere in the middle for me. It does a good job selling the simulation idea, and it feels like a small project with real personality, but the experience still loses momentum in places. There is enough here to keep it interesting, even if it is not an easy recommendation.",TRUE
202554,661650,"I ended up liking this more than I expected. The strategic layer kept me paying attention, and it has a clear identity instead of feeling generic. I would play more of it without much hesitation.",TRUE
202555,745890,"After a few sessions, this one won me over. It has a clear identity instead of feeling generic, and it is easy to pick up for a short session. It is worth trying if this genre is already in your wheelhouse.",TRUE
202556,1051840,"This is an easy game for me to recommend. The combat stayed engaging for a long time, and the mood is consistent from start to finish. For the right player, this is a very easy recommendation.",TRUE
202557,744720,"I wanted to like this more than I did. I could see some appeal because it does a good job selling the simulation idea and the progression system felt rewarding, but the game still felt too uneven overall. I would only recommend it to someone who is already very into this niche.",FALSE
202558,253860,"After a few sessions, this one won me over. It works well as a solo game, and it is easy to enjoy this at your own pace. I would play more of it without much hesitation.",TRUE
202559,484390,"This is an easy game for me to recommend. The moment-to-moment gameplay felt sharp, and the humor landed more often than not. It does enough well that I would point other people toward it.",TRUE
202560,405900,"I can see why this game has a strong audience. I had to think through each decision, and the strategic layer kept me paying attention. I would play more of it without much hesitation.",TRUE
202561,957080,"This lands somewhere in the middle for me. It does a good job selling the simulation idea, and the systems are detailed enough to stay interesting, but the experience still loses momentum in places. Whether you like it probably depends on how much you enjoy this genre.",FALSE
202562,336300,"This was a really solid surprise. I had to think through each decision, and the strategic layer kept me paying attention. It does enough well that I would point other people toward it.",TRUE
202563,523640,"This feels like a game with clear strengths and clear weaknesses. It builds tension well when you let it breathe, and it works well as a solo game, but the experience still loses momentum in places. I could still recommend it with the right expectations.",TRUE
202564,524940,"I had a good time with this one. Once the controls clicked, the platforming was fun, and it has a clear identity instead of feeling generic. It does enough well that I would point other people toward it.",TRUE
202565,328080,"This is an easy game for me to recommend. The freedom to approach things my own way helped a lot, and I liked having room to experiment. I would play more of it without much hesitation.",TRUE
202566,299160,"I can see why this game has a strong audience. The pacing worked well for an adventure game, and it works well when I want something low pressure. I would recommend it, especially if the tags already sound appealing to you.",TRUE
202567,250700,"This was a really solid surprise. The shooting feels responsive enough to carry the game, and the strategic layer kept me paying attention. For the right player, this is a very easy recommendation.",TRUE
202568,672030,"This was a really solid surprise. It is easy to enjoy this at your own pace, and it is easy to pick up for a short session. I would recommend it, especially if the tags already sound appealing to you.",TRUE
202569,530520,"There is a lot to like here, but also a few obvious issues. Exploring the world was the best part, and the combat stayed engaging for a long time, but the experience still loses momentum in places. I could still recommend it with the right expectations.",TRUE
202570,856560,"I can see what the game is aiming for, but the execution feels uneven. I could see some appeal because it was easy to keep moving from one objective to the next and it works well when I want something low pressure, but the game still felt too uneven overall. I do not regret trying it, but I would not rush to recommend it.",FALSE
202571,265380,"Not amazing and not terrible, just a fairly middle-of-the-road experience.",FALSE
202572,707320,"This lands somewhere in the middle for me. The writing was stronger than i expected, and movement feels better than I expected, but the experience still loses momentum in places. I could still recommend it with the right expectations.",TRUE
202573,979100,"I ended up liking this more than I expected. The systems are detailed enough to stay interesting, and it does a good job selling the simulation idea. It does enough well that I would point other people toward it.",TRUE
202574,612720,"I have mixed feelings about this game. I had to think through each decision, and it does a good job selling the simulation idea, but the experience still loses momentum in places. There is enough here to keep it interesting, even if it is not an easy recommendation.",FALSE
202575,1002920,"I enjoyed parts of it more than the whole package. The atmosphere carried a lot of the experience, and it builds tension well when you let it breathe, but the experience still loses momentum in places. Whether you like it probably depends on how much you enjoy this genre.",FALSE
202576,708450,"I can see why this game has a strong audience. It feels like a small project with real personality, and building out a character was satisfying. I would recommend it, especially if the tags already sound appealing to you.",TRUE
202577,749870,"There is a lot to like here, but also a few obvious issues. I had to think through each decision, and the strategic layer kept me paying attention, but the experience still loses momentum in places. I would call it a cautious recommendation at best.",FALSE
202578,1035270,"I wanted to like this more than I did. I could see some appeal because it was easy to keep moving from one objective to the next and solving things felt satisfying more often than frustrating, but the game still felt too uneven overall. It might work for other people, but it was not for me.",FALSE
202579,496490,"Not amazing and not terrible, just a fairly middle-of-the-road experience.",FALSE
202580,934830,"There is a lot to like here, but also a few obvious issues. It feels like a small project with real personality, and it has a clear identity instead of feeling generic, but the experience still loses momentum in places. There is enough here to keep it interesting, even if it is not an easy recommendation.",TRUE
202581,386280,"I can see what the game is aiming for, but the execution feels uneven. I could see some appeal because the pacing worked well for an adventure game and the moment-to-moment gameplay felt sharp, but the game still felt too uneven overall. I do not regret trying it, but I would not rush to recommend it.",FALSE
202582,2840,"I can see why this game has a strong audience. I had to think through each decision, and the systems are detailed enough to stay interesting. I would play more of it without much hesitation.",TRUE
202583,886960,"I enjoyed parts of it more than the whole package. The moment-to-moment gameplay felt sharp, and building out a character was satisfying, but the experience still loses momentum in places. I would call it a cautious recommendation at best.",FALSE
202584,723390,"I can see what the game is aiming for, but the execution feels uneven. I could see some appeal because exploring the world was the best part and it works well when I want something low pressure, but the game still felt too uneven overall. I would only recommend it to someone who is already very into this niche.",FALSE
202585,322580,"I have mixed feelings about this game. It has a clear identity instead of feeling generic, and it works well when I want something low pressure, but the experience still loses momentum in places. It is not a must-play, but I can understand why some people enjoy it.",TRUE
202586,617690,"I had a good time with this one. The pacing worked well for an adventure game, and it is easy to pick up for a short session. It does enough well that I would point other people toward it.",TRUE
202587,758220,"This was a really solid surprise. It has a clear identity instead of feeling generic, and building out a character was satisfying. It is worth trying if this genre is already in your wheelhouse.",TRUE
202588,614380,"This was a really solid surprise. It was easy to keep moving from one objective to the next, and the pacing worked well for an adventure game. It is worth trying if this genre is already in your wheelhouse.",TRUE
202589,513450,"I can see why this game has a strong audience. It feels like a small project with real personality, and it is easy to pick up for a short session. It does enough well that I would point other people toward it.",TRUE
202590,942060,"This was a really solid surprise. It is easy to enjoy this at your own pace, and the puzzle design was solid without feeling unfair. For the right player, this is a very easy recommendation.",TRUE
202591,308270,"After a few sessions, this one won me over. Matches stayed lively even after a few rounds, and the slower pace worked in its favor. It does enough well that I would point other people toward it.",TRUE
202592,499070,"I ended up liking this more than I expected. It does a good job selling the simulation idea, and it feels like a small project with real personality. It is worth trying if this genre is already in your wheelhouse.",TRUE
202593,343810,"After a few sessions, this one won me over. The atmosphere is one of its biggest strengths, and the atmosphere carried a lot of the experience. I would recommend it, especially if the tags already sound appealing to you.",TRUE
202594,749560,"After a few sessions, this one won me over. The shooting feels responsive enough to carry the game, and the combat stayed engaging for a long time. It does enough well that I would point other people toward it.",TRUE
202595,513590,"I can see what the game is aiming for, but the execution feels uneven. I could see some appeal because I had to think through each decision and it works well when I want something low pressure, but the game still felt too uneven overall. I do not regret trying it, but I would not rush to recommend it.",FALSE
202596,386290,"This is an easy game for me to recommend. The shooting feels responsive enough to carry the game, and once the controls clicked, the platforming was fun. I would recommend it, especially if the tags already sound appealing to you.",TRUE
202597,633440,"This was not a terrible game, just a disappointing one for me. I could see some appeal because once the controls clicked, the platforming was fun and it feels like a small project with real personality, but the game still felt too uneven overall. I do not regret trying it, but I would not rush to recommend it.",FALSE
202598,904600,"This lands somewhere in the middle for me. It has a clear identity instead of feeling generic, and I had to think through each decision, but the experience still loses momentum in places. There is enough here to keep it interesting, even if it is not an easy recommendation.",TRUE
202599,768060,"I have mixed feelings about this game. It has a clear identity instead of feeling generic, and it feels like a small project with real personality, but the experience still loses momentum in places. There is enough here to keep it interesting, even if it is not an easy recommendation.",FALSE
202600,789570,"I had a good time with this one. It feels like a small project with real personality, and building out a character was satisfying. I would play more of it without much hesitation.",TRUE
202601,428870,"This was a really solid surprise. It has a clear identity instead of feeling generic, and it was easy to keep moving from one objective to the next. For the right player, this is a very easy recommendation.",TRUE
202602,1001140,A decent game with some strengths and some obvious rough edges.,TRUE
202603,713590,"There are some good ideas here, but it did not fully work for me. I could see some appeal because it works well when I want something low pressure and it is easy to enjoy this at your own pace, but the game still felt too uneven overall. I would wait for a discount before suggesting it to anyone else.",FALSE
202604,605310,"I had a good time with this one. It was easy to keep moving from one objective to the next, and the pacing worked well for an adventure game. It does enough well that I would point other people toward it.",TRUE
202605,418030,"I ended up liking this more than I expected. It feels like a small project with real personality, and putting things together was genuinely satisfying. It is worth trying if this genre is already in your wheelhouse.",TRUE
202606,926810,"I enjoyed parts of it more than the whole package. The moment-to-moment gameplay felt sharp, and the combat stayed engaging for a long time, but the experience still loses momentum in places. There is enough here to keep it interesting, even if it is not an easy recommendation.",FALSE
202607,622220,"There is a lot to like here, but also a few obvious issues. The world gives you plenty to do, and it is easy to enjoy this at your own pace, but the experience still loses momentum in places. I would call it a cautious recommendation at best.",FALSE
202608,595130,"This was a really solid surprise. It works well when i want something low pressure, and the systems are detailed enough to stay interesting. It is worth trying if this genre is already in your wheelhouse.",TRUE
202609,497050,"There are some good ideas here, but it did not fully work for me. I could see some appeal because it has a clear identity instead of feeling generic and it works well when I want something low pressure, but the game still felt too uneven overall. There is something here, but I cannot honestly recommend it as it is.",FALSE
202610,340830,"I can see why this game has a strong audience. The progression system felt rewarding, and it has a clear identity instead of feeling generic. It is worth trying if this genre is already in your wheelhouse.",TRUE
202611,440340,"There is a lot to like here, but also a few obvious issues. It does a good job selling the simulation idea, and the gunplay is the main reason I kept playing, but the experience still loses momentum in places. I would call it a cautious recommendation at best.",FALSE
202612,433920,"After a few sessions, this one won me over. The progression system felt rewarding, and building out a character was satisfying. I would play more of it without much hesitation.",TRUE
202613,461360,"I ended up liking this more than I expected. The moment-to-moment gameplay felt sharp, and the combat stayed engaging for a long time. I would recommend it, especially if the tags already sound appealing to you.",TRUE
202614,224740,"It is a decent game, even if it never fully clicked for me. Survival pressure made the sessions memorable, and the strategic layer kept me paying attention, but the experience still loses momentum in places. I could still recommend it with the right expectations.",TRUE
202615,565910,"This is an easy game for me to recommend. The systems are detailed enough to stay interesting, and it does a good job selling the simulation idea. It does enough well that I would point other people toward it.",TRUE
202616,670430,"I have mixed feelings about this game. It has a clear identity instead of feeling generic, and it does a good job selling the simulation idea, but the experience still loses momentum in places. There is enough here to keep it interesting, even if it is not an easy recommendation.",TRUE
202617,772420,"I ended up liking this more than I expected. It works well when i want something low pressure, and it does a good job selling the simulation idea. It is worth trying if this genre is already in your wheelhouse.",TRUE
202618,203770,"I had a good time with this one. Building out a character was satisfying, and I had to think through each decision. It does enough well that I would point other people toward it.",TRUE
202619,588650,"I can see why this game has a strong audience. It is easy to enjoy this at your own pace, and it works well as a solo game. It does enough well that I would point other people toward it.",TRUE
202620,869620,"After a few sessions, this one won me over. It is easy to pick up for a short session, and the management layer made the game easy to sink time into. It does enough well that I would point other people toward it.",TRUE
202621,669410,"I had mixed feelings, but it was still interesting enough to finish a session or two.",TRUE
202622,544970,"After a few sessions, this one won me over. It feels like a small project with real personality, and it has a clear identity instead of feeling generic. For the right player, this is a very easy recommendation.",TRUE
202623,779590,"I can see why this game has a strong audience. The combat stayed engaging for a long time, and it was easy to keep moving from one objective to the next. It does enough well that I would point other people toward it.",TRUE
202624,521740,"After a few sessions, this one won me over. The strategic layer kept me paying attention, and I had to think through each decision. It does enough well that I would point other people toward it.",TRUE
202625,611670,"I have mixed feelings about this game. The writing was stronger than i expected, and the atmosphere is one of its biggest strengths, but the experience still loses momentum in places. It is not a must-play, but I can understand why some people enjoy it.",FALSE
202626,897100,"Parts of it are interesting, but the overall experience felt weak. I could see some appeal because it was easy to keep moving from one objective to the next and it feels like a small project with real personality, but the game still felt too uneven overall. I do not regret trying it, but I would not rush to recommend it.",FALSE
202627,730410,"I do not think this came together as well as it could have. I could see some appeal because the humor landed more often than not and it works well as a solo game, but the game still felt too uneven overall. There is something here, but I cannot honestly recommend it as it is.",FALSE
202628,626730,"It is a decent game, even if it never fully clicked for me. It has a clear identity instead of feeling generic, and it works well when I want something low pressure, but the experience still loses momentum in places. It is not a must-play, but I can understand why some people enjoy it.",FALSE
202629,485800,A decent game with some strengths and some obvious rough edges.,FALSE
202630,968950,"I enjoyed parts of it more than the whole package. The systems are detailed enough to stay interesting, and it does a good job selling the simulation idea, but the experience still loses momentum in places. Whether you like it probably depends on how much you enjoy this genre.",FALSE
202631,529580,"This was a really solid surprise. It was easy to keep moving from one objective to the next, and the pacing worked well for an adventure game. I would play more of it without much hesitation.",TRUE
202632,1063560,"This lands somewhere in the middle for me. It builds tension well when you let it breathe, and it has a clear identity instead of feeling generic, but the experience still loses momentum in places. It is not a must-play, but I can understand why some people enjoy it.",TRUE
202633,389510,"I have mixed feelings about this game. It feels like a small project with real personality, and the mood is consistent from start to finish, but the experience still loses momentum in places. Whether you like it probably depends on how much you enjoy this genre.",FALSE
202634,411830,"After a few sessions, this one won me over. It is easy to enjoy this at your own pace, and the writing was stronger than I expected. It is worth trying if this genre is already in your wheelhouse.",TRUE
202635,849390,"I do not think this came together as well as it could have. I could see some appeal because it feels like a small project with real personality and it has a clear identity instead of feeling generic, but the game still felt too uneven overall. I would only recommend it to someone who is already very into this niche.",FALSE
202636,888790,"This is an easy game for me to recommend. The systems are detailed enough to stay interesting, and the writing was stronger than I expected. It is worth trying if this genre is already in your wheelhouse.",TRUE
202637,270170,"This feels like a game with clear strengths and clear weaknesses. It feels like a small project with real personality, and it works well as a solo game, but the experience still loses momentum in places. Whether you like it probably depends on how much you enjoy this genre.",FALSE
202638,405240,"I ended up liking this more than I expected. The management layer made the game easy to sink time into, and the systems are detailed enough to stay interesting. For the right player, this is a very easy recommendation.",TRUE
202639,517400,"There are some good ideas here, but it did not fully work for me. I could see some appeal because it was easy to keep moving from one objective to the next and it has a clear identity instead of feeling generic, but the game still felt too uneven overall. I would wait for a discount before suggesting it to anyone else.",FALSE
202640,781810,"I had a good time with this one. The building side gave me a reason to keep playing, and the puzzle design was solid without feeling unfair. I would play more of it without much hesitation.",TRUE
202641,6420,"I can see why this game has a strong audience. The systems are detailed enough to stay interesting, and the atmosphere is one of its biggest strengths. I would play more of it without much hesitation.",TRUE
202642,22380,"I had a good time with this one. The moment-to-moment gameplay felt sharp, and the writing was stronger than I expected. I would play more of it without much hesitation.",TRUE
202643,876540,"I have mixed feelings about this game. It works well when i want something low pressure, and the moment-to-moment gameplay felt sharp, but the experience still loses momentum in places. I could still recommend it with the right expectations.",TRUE
202644,1015430,"This is an easy game for me to recommend. The pacing worked well for an adventure game, and the mood is consistent from start to finish. It does enough well that I would point other people toward it.",TRUE
202645,689830,"I had a good time with this one. The combat stayed engaging for a long time, and the moment-to-moment gameplay felt sharp. For the right player, this is a very easy recommendation.",TRUE
202646,1010740,"This was not a terrible game, just a disappointing one for me. I could see some appeal because the moment-to-moment gameplay felt sharp and it has a clear identity instead of feeling generic, but the game still felt too uneven overall. I do not regret trying it, but I would not rush to recommend it.",FALSE
202647,278550,"This is an easy game for me to recommend. It does a good job selling the simulation idea, and the management layer made the game easy to sink time into. For the right player, this is a very easy recommendation.",TRUE
202648,612300,"It was fine overall, even if nothing about it really stood out to me.",TRUE
202649,922320,"It is a decent game, even if it never fully clicked for me. It feels like a small project with real personality, and the pacing worked well for an adventure game, but the experience still loses momentum in places. Whether you like it probably depends on how much you enjoy this genre.",FALSE
202650,824070,"I have mixed feelings about this game. It feels like a small project with real personality, and building out a character was satisfying, but the experience still loses momentum in places. I would call it a cautious recommendation at best.",TRUE
202651,708510,"This was not a terrible game, just a disappointing one for me. I could see some appeal because it feels like a small project with real personality and the moment-to-moment gameplay felt sharp, but the game still felt too uneven overall. I would only recommend it to someone who is already very into this niche.",FALSE
202652,392720,"This was a really solid surprise. The combat stayed engaging for a long time, and it is easy to enjoy this at your own pace. It is worth trying if this genre is already in your wheelhouse.",TRUE
202653,259470,"I ended up liking this more than I expected. It feels like a small project with real personality, and the puzzle design was solid without feeling unfair. It does enough well that I would point other people toward it.",TRUE
202654,743130,"This feels average to me, though I can still see the appeal for the right player.",TRUE
202655,695650,"I can see why this game has a strong audience. The progression system felt rewarding, and the combat stayed engaging for a long time. It is worth trying if this genre is already in your wheelhouse.",TRUE
202656,271570,"It is a decent game, even if it never fully clicked for me. This feels much better with friends, and solving things felt satisfying more often than frustrating, but the experience still loses momentum in places. I could still recommend it with the right expectations.",FALSE
202657,298030,"This is an easy game for me to recommend. It makes sense why people keep returning to it, and I had to think through each decision. It does enough well that I would point other people toward it.",TRUE
202658,378570,"I have mixed feelings about this game. It has a clear identity instead of feeling generic, and it was easy to keep moving from one objective to the next, but the experience still loses momentum in places. I could still recommend it with the right expectations.",FALSE
202659,283060,"This was not a terrible game, just a disappointing one for me. I could see some appeal because it is easy to pick up for a short session and the pacing worked well for an adventure game, but the game still felt too uneven overall. I do not regret trying it, but I would not rush to recommend it.",FALSE
202660,333250,"This lands somewhere in the middle for me. The combat stayed engaging for a long time, and the moment-to-moment gameplay felt sharp, but the experience still loses momentum in places. I could still recommend it with the right expectations.",FALSE
202661,659860,"I had a good time with this one. The progression system felt rewarding, and turn-based decisions gave the game more depth. For the right player, this is a very easy recommendation.",TRUE
202662,724710,"I had a good time with this one. It has a clear identity instead of feeling generic, and the combat stayed engaging for a long time. I would play more of it without much hesitation.",TRUE
202663,433830,"I ended up liking this more than I expected. It feels like a small project with real personality, and the combat stayed engaging for a long time. I would recommend it, especially if the tags already sound appealing to you.",TRUE
202664,883100,"After a few sessions, this one won me over. It makes sense why people keep returning to it, and it has a clear identity instead of feeling generic. It is worth trying if this genre is already in your wheelhouse.",TRUE
202665,542650,"This lands somewhere in the middle for me. It feels like a small project with real personality, and the gunplay is the main reason I kept playing, but the experience still loses momentum in places. Whether you like it probably depends on how much you enjoy this genre.",FALSE
202666,448720,"I ended up liking this more than I expected. The combat stayed engaging for a long time, and movement feels better than I expected. It is worth trying if this genre is already in your wheelhouse.",TRUE
202667,477010,"I wanted to like this more than I did. I could see some appeal because solving things felt satisfying more often than frustrating and it feels like a small project with real personality, but the game still felt too uneven overall. It might work for other people, but it was not for me.",FALSE
202668,335330,"I had mixed feelings, but it was still interesting enough to finish a session or two.",TRUE
202669,508170,"This feels like a game with clear strengths and clear weaknesses. It feels like a small project with real personality, and matches stayed lively even after a few rounds, but the experience still loses momentum in places. I could still recommend it with the right expectations.",FALSE
202670,265830,"This feels like a game with clear strengths and clear weaknesses. It is easy to enjoy this at your own pace, and it builds tension well when you let it breathe, but the experience still loses momentum in places. There is enough here to keep it interesting, even if it is not an easy recommendation.",FALSE
202671,523610,"This lands somewhere in the middle for me. It feels like a small project with real personality, and the moment-to-moment gameplay felt sharp, but the experience still loses momentum in places. There is enough here to keep it interesting, even if it is not an easy recommendation.",TRUE
202672,848740,"There are some good ideas here, but it did not fully work for me. I could see some appeal because it feels like a small project with real personality and the moment-to-moment gameplay felt sharp, but the game still felt too uneven overall. It might work for other people, but it was not for me.",FALSE
202673,109600,"I had mixed feelings, but it was still interesting enough to finish a session or two.",TRUE
202674,985040,"This is an easy game for me to recommend. The shooting feels responsive enough to carry the game, and it has a clear identity instead of feeling generic. It does enough well that I would point other people toward it.",TRUE
202675,757190,"I can see why this game has a strong audience. It is easy to pick up for a short session, and the combat stayed engaging for a long time. I would recommend it, especially if the tags already sound appealing to you.",TRUE
202676,611640,"I can see why this game has a strong audience. It builds tension well when you let it breathe, and it feels like a small project with real personality. I would play more of it without much hesitation.",TRUE
202677,811870,"This is an easy game for me to recommend. Once the controls clicked, the platforming was fun, and it has a clear identity instead of feeling generic. It is worth trying if this genre is already in your wheelhouse.",TRUE
202678,726390,"I had a good time with this one. It is easy to pick up for a short session, and it works well as a solo game. For the right player, this is a very easy recommendation.",TRUE
202679,475070,"I ended up liking this more than I expected. The combat stayed engaging for a long time, and it has a clear identity instead of feeling generic. For the right player, this is a very easy recommendation.",TRUE
202680,818030,"It is a decent game, even if it never fully clicked for me. It has a clear identity instead of feeling generic, and the strategic layer kept me paying attention, but the experience still loses momentum in places. I would call it a cautious recommendation at best.",FALSE
202681,416790,"I had a good time with this one. The co-op side adds a lot of replay value, and it is easy to enjoy this at your own pace. It does enough well that I would point other people toward it.",TRUE
202682,263720,"After a few sessions, this one won me over. Matches stayed lively even after a few rounds, and the combat stayed engaging for a long time. It is worth trying if this genre is already in your wheelhouse.",TRUE
202683,388440,"There is a lot to like here, but also a few obvious issues. The puzzle design was solid without feeling unfair, and it has a clear identity instead of feeling generic, but the experience still loses momentum in places. I could still recommend it with the right expectations.",TRUE
202684,1021860,"I enjoyed parts of it more than the whole package. It works well when i want something low pressure, and solving things felt satisfying more often than frustrating, but the experience still loses momentum in places. It is not a must-play, but I can understand why some people enjoy it.",FALSE
202685,946170,"This was not a terrible game, just a disappointing one for me. I could see some appeal because it is easy to pick up for a short session and it works well when I want something low pressure, but the game still felt too uneven overall. I do not regret trying it, but I would not rush to recommend it.",FALSE
202686,548080,"There is a lot to like here, but also a few obvious issues. It is easy to pick up for a short session, and the systems are detailed enough to stay interesting, but the experience still loses momentum in places. Whether you like it probably depends on how much you enjoy this genre.",FALSE
202687,984360,"After a few sessions, this one won me over. It is easy to pick up for a short session, and the puzzle design was solid without feeling unfair. For the right player, this is a very easy recommendation.",TRUE
202688,270130,"This is an easy game for me to recommend. It is easy to pick up for a short session, and the story kept me interested. I would play more of it without much hesitation.",TRUE
202689,335770,"After a few sessions, this one won me over. The world gives you plenty to do, and building out a character was satisfying. I would play more of it without much hesitation.",TRUE
202690,512790,"This was a really solid surprise. It is easy to enjoy this at your own pace, and it was easy to keep moving from one objective to the next. I would play more of it without much hesitation.",TRUE
202691,821550,"This lands somewhere in the middle for me. It works well as a solo game, and it was easy to keep moving from one objective to the next, but the experience still loses momentum in places. It is not a must-play, but I can understand why some people enjoy it.",TRUE
202692,550870,"This is an easy game for me to recommend. It feels like a small project with real personality, and it works well when I want something low pressure. For the right player, this is a very easy recommendation.",TRUE
202693,903830,"I have mixed feelings about this game. It does a good job selling the simulation idea, and the strategic layer kept me paying attention, but the experience still loses momentum in places. I would call it a cautious recommendation at best.",FALSE
202694,754810,"This feels like a game with clear strengths and clear weaknesses. The systems are detailed enough to stay interesting, and it works well as a solo game, but the experience still loses momentum in places. It is not a must-play, but I can understand why some people enjoy it.",FALSE
202695,965470,"I had a good time with this one. The combat stayed engaging for a long time, and the moment-to-moment gameplay felt sharp. For the right player, this is a very easy recommendation.",TRUE
202696,340320,"This is an easy game for me to recommend. Building out a character was satisfying, and the pacing worked well for an adventure game. I would play more of it without much hesitation.",TRUE
202697,408410,"This is an easy game for me to recommend. The moment-to-moment gameplay felt sharp, and it works well as a solo game. It does enough well that I would point other people toward it.",TRUE
202698,718730,"This is an easy game for me to recommend. It works well when i want something low pressure, and the moment-to-moment gameplay felt sharp. It does enough well that I would point other people toward it.",TRUE
202699,744760,"It is a decent game, even if it never fully clicked for me. The moment-to-moment gameplay felt sharp, and the combat stayed engaging for a long time, but the experience still loses momentum in places. It is not a must-play, but I can understand why some people enjoy it.",TRUE
202700,757690,"I do not think this came together as well as it could have. I could see some appeal because it has a clear identity instead of feeling generic and it feels like a small project with real personality, but the game still felt too uneven overall. It might work for other people, but it was not for me.",FALSE
202701,485510,"After a few sessions, this one won me over. It works well as a solo game, and the moment-to-moment gameplay felt sharp. I would play more of it without much hesitation.",TRUE
202702,356370,"I have mixed feelings about this game. The moment-to-moment gameplay felt sharp, and it works well as a solo game, but the experience still loses momentum in places. There is enough here to keep it interesting, even if it is not an easy recommendation.",FALSE
202703,501410,"I ended up liking this more than I expected. It works well as a solo game, and the shooting feels responsive enough to carry the game. For the right player, this is a very easy recommendation.",TRUE
202704,511070,"I can see what the game is aiming for, but the execution feels uneven. I could see some appeal because I had to think through each decision and it works well when I want something low pressure, but the game still felt too uneven overall. There is something here, but I cannot honestly recommend it as it is.",FALSE
202705,504500,"This lands somewhere in the middle for me. The races stayed entertaining instead of repetitive, and it works well when I want something low pressure, but the experience still loses momentum in places. There is enough here to keep it interesting, even if it is not an easy recommendation.",TRUE
202706,555400,"This is an easy game for me to recommend. The combat stayed engaging for a long time, and the pacing worked well for an adventure game. It does enough well that I would point other people toward it.",TRUE
202707,709400,"I can see why this game has a strong audience. The moment-to-moment gameplay felt sharp, and the combat stayed engaging for a long time. It is worth trying if this genre is already in your wheelhouse.",TRUE
202708,738000,"I enjoyed parts of it more than the whole package. The progression system felt rewarding, and building out a character was satisfying, but the experience still loses momentum in places. I would call it a cautious recommendation at best.",FALSE
202709,793760,"I have mixed feelings about this game. The moment-to-moment gameplay felt sharp, and it has a clear identity instead of feeling generic, but the experience still loses momentum in places. I could still recommend it with the right expectations.",FALSE
202710,421660,"This was a really solid surprise. It was easy to keep moving from one objective to the next, and it works well when I want something low pressure. It does enough well that I would point other people toward it.",TRUE
202711,566940,"After a few sessions, this one won me over. It works well when i want something low pressure, and the puzzle design was solid without feeling unfair. I would play more of it without much hesitation.",TRUE
202712,397330,"I can see why this game has a strong audience. It was easy to keep moving from one objective to the next, and the moment-to-moment gameplay felt sharp. I would recommend it, especially if the tags already sound appealing to you.",TRUE
202713,494120,"I can see why this game has a strong audience. It works well when i want something low pressure, and it feels like a small project with real personality. For the right player, this is a very easy recommendation.",TRUE
202714,521100,"I enjoyed parts of it more than the whole package. The moment-to-moment gameplay felt sharp, and it has a clear identity instead of feeling generic, but the experience still loses momentum in places. I would call it a cautious recommendation at best.",FALSE
202715,620650,"This was a really solid surprise. Solving things felt satisfying more often than frustrating, and it feels like a small project with real personality. It is worth trying if this genre is already in your wheelhouse.",TRUE
202716,350200,"I do not think this came together as well as it could have. I could see some appeal because it was easy to keep moving from one objective to the next and the pacing worked well for an adventure game, but the game still felt too uneven overall. I would wait for a discount before suggesting it to anyone else.",FALSE
202717,782130,"This is an easy game for me to recommend. It has a clear identity instead of feeling generic, and the co-op side adds a lot of replay value. I would play more of it without much hesitation.",TRUE
202718,211010,"I ended up liking this more than I expected. It works well as a solo game, and the gunplay is the main reason I kept playing. I would recommend it, especially if the tags already sound appealing to you.",TRUE
202719,690240,"There is a lot to like here, but also a few obvious issues. It has a clear identity instead of feeling generic, and it works well as a solo game, but the experience still loses momentum in places. Whether you like it probably depends on how much you enjoy this genre.",TRUE
202720,416210,"After a few sessions, this one won me over. The strategic layer kept me paying attention, and I liked juggling the different systems. I would recommend it, especially if the tags already sound appealing to you.",TRUE
202721,33990,"Parts of it are interesting, but the overall experience felt weak. I could see some appeal because it works well as a solo game and it was easy to keep moving from one objective to the next, but the game still felt too uneven overall. I would wait for a discount before suggesting it to anyone else.",FALSE
202722,573750,"I can see what the game is aiming for, but the execution feels uneven. I could see some appeal because it works well when I want something low pressure and it does a good job selling the simulation idea, but the game still felt too uneven overall. It might work for other people, but it was not for me.",FALSE
202723,270790,"I can see why this game has a strong audience. The mood is consistent from start to finish, and I had to think through each decision. It does enough well that I would point other people toward it.",TRUE
202724,799110,"I had a good time with this one. Solving things felt satisfying more often than frustrating, and the puzzle design was solid without feeling unfair. I would play more of it without much hesitation.",TRUE
202725,878620,"This is an easy game for me to recommend. The systems are detailed enough to stay interesting, and matches stayed lively even after a few rounds. It is worth trying if this genre is already in your wheelhouse.",TRUE
202726,46570,"I wanted to like this more than I did. I could see some appeal because it has a clear identity instead of feeling generic and the strategic layer kept me paying attention, but the game still felt too uneven overall. It might work for other people, but it was not for me.",FALSE
202727,966590,"I had a good time with this one. The mood is consistent from start to finish, and it has a clear identity instead of feeling generic. It does enough well that I would point other people toward it.",TRUE
202728,897440,"I can see why this game has a strong audience. It feels like a small project with real personality, and the progression system felt rewarding. I would play more of it without much hesitation.",TRUE
202729,259170,"I had mixed feelings, but it was still interesting enough to finish a session or two.",FALSE
202730,349450,"I enjoyed parts of it more than the whole package. The strategic layer kept me paying attention, and it has a clear identity instead of feeling generic, but the experience still loses momentum in places. Whether you like it probably depends on how much you enjoy this genre.",FALSE
202731,650980,"Parts of it are interesting, but the overall experience felt weak. I could see some appeal because it is easy to pick up for a short session and it feels like a small project with real personality, but the game still felt too uneven overall. I would only recommend it to someone who is already very into this niche.",FALSE
202732,545570,"I can see why this game has a strong audience. The moment-to-moment gameplay felt sharp, and it has a clear identity instead of feeling generic. For the right player, this is a very easy recommendation.",TRUE
202733,695940,"This feels like a game with clear strengths and clear weaknesses. It is easy to pick up for a short session, and it was easy to keep moving from one objective to the next, but the experience still loses momentum in places. I would call it a cautious recommendation at best.",FALSE
202734,365330,"This feels like a game with clear strengths and clear weaknesses. It has a clear identity instead of feeling generic, and it feels like a small project with real personality, but the experience still loses momentum in places. I would call it a cautious recommendation at best.",FALSE
202735,506980,"I can see why this game has a strong audience. The strategic layer kept me paying attention, and the moment-to-moment gameplay felt sharp. It is worth trying if this genre is already in your wheelhouse.",TRUE
202736,547680,"After a few sessions, this one won me over. The building side gave me a reason to keep playing, and it feels like a small project with real personality. I would play more of it without much hesitation.",TRUE
202737,910320,"This was a really solid surprise. The progression system felt rewarding, and the systems are detailed enough to stay interesting. I would play more of it without much hesitation.",TRUE
202738,977270,"After a few sessions, this one won me over. It is easy to pick up for a short session, and it works well as a solo game. For the right player, this is a very easy recommendation.",TRUE
202739,598990,"This was a really solid surprise. I liked juggling the different systems, and I had to think through each decision. I would recommend it, especially if the tags already sound appealing to you.",TRUE
202740,435400,"This was a really solid surprise. It works well as a solo game, and it is easy to enjoy this at your own pace. It is worth trying if this genre is already in your wheelhouse.",TRUE
202741,326190,"This is an easy game for me to recommend. Solving things felt satisfying more often than frustrating, and it feels like a small project with real personality. I would recommend it, especially if the tags already sound appealing to you.",TRUE
202742,938390,"This was not a terrible game, just a disappointing one for me. I could see some appeal because the systems are detailed enough to stay interesting and it does a good job selling the simulation idea, but the game still felt too uneven overall. I do not regret trying it, but I would not rush to recommend it.",FALSE
202743,311820,"It is a decent game, even if it never fully clicked for me. The moment-to-moment gameplay felt sharp, and it has a clear identity instead of feeling generic, but the experience still loses momentum in places. Whether you like it probably depends on how much you enjoy this genre.",FALSE
202744,845270,"It is a decent game, even if it never fully clicked for me. The puzzle design was solid without feeling unfair, and it feels like a small project with real personality, but the experience still loses momentum in places. I would call it a cautious recommendation at best.",FALSE
202745,765880,"This feels like a game with clear strengths and clear weaknesses. It feels like a small project with real personality, and the atmosphere is one of its biggest strengths, but the experience still loses momentum in places. It is not a must-play, but I can understand why some people enjoy it.",FALSE
202746,434730,"There is a lot to like here, but also a few obvious issues. The co-op side adds a lot of replay value, and the atmosphere carried a lot of the experience, but the experience still loses momentum in places. There is enough here to keep it interesting, even if it is not an easy recommendation.",FALSE
202747,513360,"It was fine overall, even if nothing about it really stood out to me.",FALSE
202748,1020640,"This lands somewhere in the middle for me. It was easy to keep moving from one objective to the next, and it builds tension well when you let it breathe, but the experience still loses momentum in places. I could still recommend it with the right expectations.",FALSE
202749,451630,"This feels like a game with clear strengths and clear weaknesses. It has a clear identity instead of feeling generic, and the combat stayed engaging for a long time, but the experience still loses momentum in places. I could still recommend it with the right expectations.",FALSE
202750,622670,"This was a really solid surprise. Building out a character was satisfying, and it feels like a small project with real personality. I would recommend it, especially if the tags already sound appealing to you.",TRUE
202751,342480,"This feels like a game with clear strengths and clear weaknesses. Exploring the world was the best part, and survival pressure made the sessions memorable, but the experience still loses momentum in places. I would call it a cautious recommendation at best.",FALSE
202752,746350,"Not amazing and not terrible, just a fairly middle-of-the-road experience.",FALSE
202753,589870,"I ended up liking this more than I expected. I liked having room to experiment, and the freedom to approach things my own way helped a lot. It does enough well that I would point other people toward it.",TRUE
202754,217270,"I had a good time with this one. The moment-to-moment gameplay felt sharp, and the strategic layer kept me paying attention. It does enough well that I would point other people toward it.",TRUE
202755,502140,"This was not a terrible game, just a disappointing one for me. I could see some appeal because the progression system felt rewarding and building out a character was satisfying, but the game still felt too uneven overall. I would wait for a discount before suggesting it to anyone else.",FALSE
202756,226780,"It is a decent game, even if it never fully clicked for me. The races stayed entertaining instead of repetitive, and it makes sense why people keep returning to it, but the experience still loses momentum in places. I would call it a cautious recommendation at best.",FALSE
202757,713460,"This was a really solid surprise. It makes sense why people keep returning to it, and the systems are detailed enough to stay interesting. I would recommend it, especially if the tags already sound appealing to you.",TRUE
202758,854030,"This feels like a game with clear strengths and clear weaknesses. It has a clear identity instead of feeling generic, and the pacing worked well for an adventure game, but the experience still loses momentum in places. I would call it a cautious recommendation at best.",TRUE
202759,282050,"This is an easy game for me to recommend. The handling felt good after a short adjustment period, and it is easy to enjoy this at your own pace. For the right player, this is a very easy recommendation.",TRUE
202760,893180,"This is an easy game for me to recommend. Solving things felt satisfying more often than frustrating, and it is easy to enjoy this at your own pace. It does enough well that I would point other people toward it.",TRUE
202761,818380,"There are some good ideas here, but it did not fully work for me. I could see some appeal because the management layer made the game easy to sink time into and turn-based decisions gave the game more depth, but the game still felt too uneven overall. It might work for other people, but it was not for me.",FALSE
202762,768770,"I can see why this game has a strong audience. It feels like a small project with real personality, and it has a clear identity instead of feeling generic. For the right player, this is a very easy recommendation.",TRUE
202763,234370,"I do not think this came together as well as it could have. I could see some appeal because it feels like a small project with real personality and it was easy to keep moving from one objective to the next, but the game still felt too uneven overall. I do not regret trying it, but I would not rush to recommend it.",FALSE
202764,720240,"After a few sessions, this one won me over. The systems are detailed enough to stay interesting, and it does a good job selling the simulation idea. For the right player, this is a very easy recommendation.",TRUE
202765,571050,"Parts of it are interesting, but the overall experience felt weak. I could see some appeal because it feels like a small project with real personality and it does a good job selling the simulation idea, but the game still felt too uneven overall. There is something here, but I cannot honestly recommend it as it is.",FALSE
202766,891350,"This is an easy game for me to recommend. It has a clear identity instead of feeling generic, and it feels like a small project with real personality. It does enough well that I would point other people toward it.",TRUE
202767,293260,"This was a really solid surprise. Building out a character was satisfying, and matches stayed lively even after a few rounds. I would play more of it without much hesitation.",TRUE
202768,740280,"It is a decent game, even if it never fully clicked for me. Survival pressure made the sessions memorable, and the combat stayed engaging for a long time, but the experience still loses momentum in places. There is enough here to keep it interesting, even if it is not an easy recommendation.",FALSE
202769,756790,"I had a good time with this one. The puzzle design was solid without feeling unfair, and the mood is consistent from start to finish. It does enough well that I would point other people toward it.",TRUE
202770,906160,"After a few sessions, this one won me over. It is easy to enjoy this at your own pace, and the atmosphere is one of its biggest strengths. It does enough well that I would point other people toward it.",TRUE
202771,662390,"This was a really solid surprise. The pacing worked well for an adventure game, and it was easy to keep moving from one objective to the next. It does enough well that I would point other people toward it.",TRUE
202772,832520,"I ended up liking this more than I expected. It has a clear identity instead of feeling generic, and I had to think through each decision. For the right player, this is a very easy recommendation.",TRUE
202773,269690,"I ended up liking this more than I expected. It works well when i want something low pressure, and resource management added real tension. It does enough well that I would point other people toward it.",TRUE
202774,644560,"I can see why this game has a strong audience. It is easy to enjoy this at your own pace, and building out a character was satisfying. For the right player, this is a very easy recommendation.",TRUE
202775,365290,"It is a decent game, even if it never fully clicked for me. The puzzle design was solid without feeling unfair, and it has a clear identity instead of feeling generic, but the experience still loses momentum in places. There is enough here to keep it interesting, even if it is not an easy recommendation.",FALSE
202776,816080,"After a few sessions, this one won me over. The pacing worked well for an adventure game, and the progression system felt rewarding. It does enough well that I would point other people toward it.",TRUE
202777,831350,"I wanted to like this more than I did. I could see some appeal because the systems are detailed enough to stay interesting and it is easy to pick up for a short session, but the game still felt too uneven overall. I would wait for a discount before suggesting it to anyone else.",FALSE
202778,573130,"After a few sessions, this one won me over. It works well as a solo game, and the mood is consistent from start to finish. I would play more of it without much hesitation.",TRUE
202779,778700,"I ended up liking this more than I expected. It feels like a small project with real personality, and the atmosphere is one of its biggest strengths. I would play more of it without much hesitation.",TRUE
202780,688570,"This feels like a game with clear strengths and clear weaknesses. It is easy to enjoy this at your own pace, and it works well as a solo game, but the experience still loses momentum in places. I could still recommend it with the right expectations.",TRUE
202781,412770,"This is an easy game for me to recommend. It is easy to enjoy this at your own pace, and it makes sense why people keep returning to it. I would play more of it without much hesitation.",TRUE
202782,761280,"This was a really solid surprise. The moment-to-moment gameplay felt sharp, and the combat stayed engaging for a long time. It is worth trying if this genre is already in your wheelhouse.",TRUE
202783,695490,"There are some good ideas here, but it did not fully work for me. I could see some appeal because it feels like a small project with real personality and the systems are detailed enough to stay interesting, but the game still felt too uneven overall. There is something here, but I cannot honestly recommend it as it is.",FALSE
202784,1035750,"This is an easy game for me to recommend. The pacing worked well for an adventure game, and the puzzle design was solid without feeling unfair. I would play more of it without much hesitation.",TRUE
202785,449800,"After a few sessions, this one won me over. The pacing worked well for an adventure game, and it was easy to keep moving from one objective to the next. For the right player, this is a very easy recommendation.",TRUE
202786,791950,"I do not think this came together as well as it could have. I could see some appeal because survival pressure made the sessions memorable and the mood is consistent from start to finish, but the game still felt too uneven overall. I would wait for a discount before suggesting it to anyone else.",FALSE
202787,707560,"I can see why this game has a strong audience. The combat stayed engaging for a long time, and it feels like a small project with real personality. I would play more of it without much hesitation.",TRUE
202788,790860,"Not amazing and not terrible, just a fairly middle-of-the-road experience.",FALSE
202789,1036910,"It is a decent game, even if it never fully clicked for me. The puzzle design was solid without feeling unfair, and solving things felt satisfying more often than frustrating, but the experience still loses momentum in places. It is not a must-play, but I can understand why some people enjoy it.",FALSE
202790,497700,"I can see why this game has a strong audience. The systems are detailed enough to stay interesting, and solving things felt satisfying more often than frustrating. It is worth trying if this genre is already in your wheelhouse.",TRUE
202791,532260,"This feels like a game with clear strengths and clear weaknesses. It does a good job selling the simulation idea, and the systems are detailed enough to stay interesting, but the experience still loses momentum in places. I could still recommend it with the right expectations.",TRUE
202792,456740,"This was a really solid surprise. The puzzle design was solid without feeling unfair, and it feels like a small project with real personality. It does enough well that I would point other people toward it.",TRUE
202793,80000,"I can see what the game is aiming for, but the execution feels uneven. I could see some appeal because I had to think through each decision and the combat stayed engaging for a long time, but the game still felt too uneven overall. I would wait for a discount before suggesting it to anyone else.",FALSE
202794,635250,"There is a lot to like here, but also a few obvious issues. It works well as a solo game, and the progression system felt rewarding, but the experience still loses momentum in places. I would call it a cautious recommendation at best.",FALSE
202795,739730,"I enjoyed parts of it more than the whole package. The systems are detailed enough to stay interesting, and building out a character was satisfying, but the experience still loses momentum in places. There is enough here to keep it interesting, even if it is not an easy recommendation.",FALSE
202796,546200,"I can see why this game has a strong audience. It works well as a solo game, and it works well when I want something low pressure. It is worth trying if this genre is already in your wheelhouse.",TRUE
202797,485450,"I can see why this game has a strong audience. Solving things felt satisfying more often than frustrating, and the pacing worked well for an adventure game. I would play more of it without much hesitation.",TRUE
202798,934710,"I wanted to like this more than I did. I could see some appeal because the strategic layer kept me paying attention and the progression system felt rewarding, but the game still felt too uneven overall. There is something here, but I cannot honestly recommend it as it is.",FALSE
202799,399000,"This lands somewhere in the middle for me. It was easy to keep moving from one objective to the next, and the writing was stronger than I expected, but the experience still loses momentum in places. There is enough here to keep it interesting, even if it is not an easy recommendation.",FALSE
202800,514290,"Parts of it are interesting, but the overall experience felt weak. I could see some appeal because the management layer made the game easy to sink time into and it feels like a small project with real personality, but the game still felt too uneven overall. It might work for other people, but it was not for me.",FALSE
202801,1039350,"I ended up liking this more than I expected. Matches stayed lively even after a few rounds, and it has a clear identity instead of feeling generic. I would play more of it without much hesitation.",TRUE
202802,542310,"I have mixed feelings about this game. The writing was stronger than i expected, and matches stayed lively even after a few rounds, but the experience still loses momentum in places. I could still recommend it with the right expectations.",FALSE
202803,452410,"After a few sessions, this one won me over. The moment-to-moment gameplay felt sharp, and it feels like a small project with real personality. For the right player, this is a very easy recommendation.",TRUE
202804,453880,"I had mixed feelings, but it was still interesting enough to finish a session or two.",TRUE
202805,419700,"This is an easy game for me to recommend. It makes sense why people keep returning to it, and matches stayed lively even after a few rounds. I would play more of it without much hesitation.",TRUE
202806,410040,"There are some good ideas here, but it did not fully work for me. I could see some appeal because it has a clear identity instead of feeling generic and the moment-to-moment gameplay felt sharp, but the game still felt too uneven overall. I do not regret trying it, but I would not rush to recommend it.",FALSE
202807,869560,"I do not think this came together as well as it could have. I could see some appeal because the moment-to-moment gameplay felt sharp and it is easy to pick up for a short session, but the game still felt too uneven overall. It might work for other people, but it was not for me.",FALSE
202808,6420,"I had a good time with this one. It has a clear identity instead of feeling generic, and it is easy to enjoy this at your own pace. For the right player, this is a very easy recommendation.",TRUE
202809,799120,"There are some good ideas here, but it did not fully work for me. I could see some appeal because the combat stayed engaging for a long time and the systems are detailed enough to stay interesting, but the game still felt too uneven overall. It might work for other people, but it was not for me.",FALSE
202810,477740,"After a few sessions, this one won me over. The story kept me interested, and it was easy to keep moving from one objective to the next. I would play more of it without much hesitation.",TRUE
202811,915540,"This lands somewhere in the middle for me. The combat stayed engaging for a long time, and the shooting feels responsive enough to carry the game, but the experience still loses momentum in places. I could still recommend it with the right expectations.",FALSE
202812,592200,"This is an easy game for me to recommend. The progression system felt rewarding, and it builds tension well when you let it breathe. I would recommend it, especially if the tags already sound appealing to you.",TRUE
202813,362140,"I wanted to like this more than I did. I could see some appeal because it is easy to pick up for a short session and it feels like a small project with real personality, but the game still felt too uneven overall. I would only recommend it to someone who is already very into this niche.",FALSE
202814,588540,"I ended up liking this more than I expected. It feels like a small project with real personality, and it has a clear identity instead of feeling generic. I would recommend it, especially if the tags already sound appealing to you.",TRUE
202815,305700,"After a few sessions, this one won me over. It is easy to pick up for a short session, and it does a good job selling the simulation idea. It does enough well that I would point other people toward it.",TRUE
202816,594300,"After a few sessions, this one won me over. It has a clear identity instead of feeling generic, and it feels like a small project with real personality. For the right player, this is a very easy recommendation.",TRUE
202817,502570,"I can see why this game has a strong audience. It has a clear identity instead of feeling generic, and it feels like a small project with real personality. I would play more of it without much hesitation.",TRUE
202818,587390,"I do not think this came together as well as it could have. I could see some appeal because the moment-to-moment gameplay felt sharp and it feels like a small project with real personality, but the game still felt too uneven overall. It might work for other people, but it was not for me.",FALSE
202819,324650,"After a few sessions, this one won me over. The combat stayed engaging for a long time, and the moment-to-moment gameplay felt sharp. It is worth trying if this genre is already in your wheelhouse.",TRUE
202820,670440,"I wanted to like this more than I did. I could see some appeal because it works well when I want something low pressure and it feels like a small project with real personality, but the game still felt too uneven overall. I would only recommend it to someone who is already very into this niche.",FALSE
202821,810190,"I have mixed feelings about this game. It works well when i want something low pressure, and the combat stayed engaging for a long time, but the experience still loses momentum in places. Whether you like it probably depends on how much you enjoy this genre.",TRUE
202822,664120,"I wanted to like this more than I did. I could see some appeal because putting things together was genuinely satisfying and the freedom to approach things my own way helped a lot, but the game still felt too uneven overall. I would wait for a discount before suggesting it to anyone else.",FALSE
202823,553020,"After a few sessions, this one won me over. The mood is consistent from start to finish, and the gunplay is the main reason I kept playing. For the right player, this is a very easy recommendation.",TRUE
202824,666010,"After a few sessions, this one won me over. It has a clear identity instead of feeling generic, and it feels like a small project with real personality. I would play more of it without much hesitation.",TRUE
202825,721350,"I enjoyed parts of it more than the whole package. It feels like a small project with real personality, and the mood is consistent from start to finish, but the experience still loses momentum in places. There is enough here to keep it interesting, even if it is not an easy recommendation.",FALSE
202826,616330,"This feels average to me, though I can still see the appeal for the right player.",TRUE
202827,408930,"This is an easy game for me to recommend. It is easy to pick up for a short session, and it feels like a small project with real personality. It is worth trying if this genre is already in your wheelhouse.",TRUE
202828,896180,"I have mixed feelings about this game. It has a clear identity instead of feeling generic, and the systems are detailed enough to stay interesting, but the experience still loses momentum in places. I would call it a cautious recommendation at best.",FALSE
202829,938280,"This was a really solid surprise. The combat stayed engaging for a long time, and it was easy to keep moving from one objective to the next. For the right player, this is a very easy recommendation.",TRUE
202830,826460,"I have mixed feelings about this game. It was easy to keep moving from one objective to the next, and the atmosphere carried a lot of the experience, but the experience still loses momentum in places. I would call it a cautious recommendation at best.",TRUE
202831,809800,"This was not a terrible game, just a disappointing one for me. I could see some appeal because it is easy to pick up for a short session and it feels like a small project with real personality, but the game still felt too uneven overall. It might work for other people, but it was not for me.",FALSE
202832,516470,"This was a really solid surprise. It feels like a small project with real personality, and it has a clear identity instead of feeling generic. It is worth trying if this genre is already in your wheelhouse.",TRUE
202833,976960,"It is a decent game, even if it never fully clicked for me. It feels like a small project with real personality, and solving things felt satisfying more often than frustrating, but the experience still loses momentum in places. Whether you like it probably depends on how much you enjoy this genre.",FALSE
202834,507380,"I had a good time with this one. It feels like a small project with real personality, and it works well when I want something low pressure. It does enough well that I would point other people toward it.",TRUE
202835,634070,"There is a lot to like here, but also a few obvious issues. The shooting feels responsive enough to carry the game, and the gunplay is the main reason I kept playing, but the experience still loses momentum in places. Whether you like it probably depends on how much you enjoy this genre.",FALSE
202836,410390,"I have mixed feelings about this game. The combat stayed engaging for a long time, and the moment-to-moment gameplay felt sharp, but the experience still loses momentum in places. Whether you like it probably depends on how much you enjoy this genre.",FALSE
202837,302670,"I can see why this game has a strong audience. I liked having room to experiment, and the co-op side adds a lot of replay value. It is worth trying if this genre is already in your wheelhouse.",TRUE
202838,525240,"This feels like a game with clear strengths and clear weaknesses. It is easy to enjoy this at your own pace, and the writing was stronger than I expected, but the experience still loses momentum in places. There is enough here to keep it interesting, even if it is not an easy recommendation.",FALSE
202839,960150,"This was not a terrible game, just a disappointing one for me. I could see some appeal because it has a clear identity instead of feeling generic and it feels like a small project with real personality, but the game still felt too uneven overall. I would wait for a discount before suggesting it to anyone else.",FALSE
202840,434820,"It is a decent game, even if it never fully clicked for me. It feels like a small project with real personality, and solving things felt satisfying more often than frustrating, but the experience still loses momentum in places. Whether you like it probably depends on how much you enjoy this genre.",FALSE
202841,772430,"I ended up liking this more than I expected. The strategic layer kept me paying attention, and building out a character was satisfying. It does enough well that I would point other people toward it.",TRUE
202842,45300,"I can see why this game has a strong audience. It does a good job selling the simulation idea, and it is easy to enjoy this at your own pace. I would recommend it, especially if the tags already sound appealing to you.",TRUE
202843,513330,"This was not a terrible game, just a disappointing one for me. I could see some appeal because I liked juggling the different systems and the management layer made the game easy to sink time into, but the game still felt too uneven overall. I do not regret trying it, but I would not rush to recommend it.",FALSE
202844,705240,"This is an easy game for me to recommend. It works well as a solo game, and the moment-to-moment gameplay felt sharp. It is worth trying if this genre is already in your wheelhouse.",TRUE
202845,855850,"It was fine overall, even if nothing about it really stood out to me.",TRUE
202846,685690,"After a few sessions, this one won me over. It works well when i want something low pressure, and it is easy to pick up for a short session. For the right player, this is a very easy recommendation.",TRUE
202847,635670,"I can see why this game has a strong audience. It has a clear identity instead of feeling generic, and the writing was stronger than I expected. I would play more of it without much hesitation.",TRUE
202848,812860,"I do not think this came together as well as it could have. I could see some appeal because the moment-to-moment gameplay felt sharp and it works well as a solo game, but the game still felt too uneven overall. There is something here, but I cannot honestly recommend it as it is.",FALSE
202849,603100,"It is a decent game, even if it never fully clicked for me. It is easy to enjoy this at your own pace, and the moment-to-moment gameplay felt sharp, but the experience still loses momentum in places. I could still recommend it with the right expectations.",FALSE
202850,701720,"This was a really solid surprise. It feels like a small project with real personality, and survival pressure made the sessions memorable. It does enough well that I would point other people toward it.",TRUE
202851,293920,"This was not a terrible game, just a disappointing one for me. I could see some appeal because it feels like a small project with real personality and it works well when I want something low pressure, but the game still felt too uneven overall. I would wait for a discount before suggesting it to anyone else.",FALSE
202852,790390,"After a few sessions, this one won me over. It was easy to keep moving from one objective to the next, and it feels like a small project with real personality. It is worth trying if this genre is already in your wheelhouse.",TRUE
202853,384690,"I can see why this game has a strong audience. Once the controls clicked, the platforming was fun, and the moment-to-moment gameplay felt sharp. I would recommend it, especially if the tags already sound appealing to you.",TRUE
202854,598170,"There is a lot to like here, but also a few obvious issues. It works well when i want something low pressure, and it feels like a small project with real personality, but the experience still loses momentum in places. I would call it a cautious recommendation at best.",TRUE
202855,10460,"It is a decent game, even if it never fully clicked for me. The combat stayed engaging for a long time, and it works well as a solo game, but the experience still loses momentum in places. I would call it a cautious recommendation at best.",TRUE
202856,763400,"This was not a terrible game, just a disappointing one for me. I could see some appeal because movement feels better than I expected and the puzzle design was solid without feeling unfair, but the game still felt too uneven overall. I do not regret trying it, but I would not rush to recommend it.",FALSE
202857,841320,"After a few sessions, this one won me over. It feels like a small project with real personality, and it has a clear identity instead of feeling generic. I would play more of it without much hesitation.",TRUE
202858,407330,"I ended up liking this more than I expected. The story kept me interested, and the writing was stronger than I expected. I would recommend it, especially if the tags already sound appealing to you.",TRUE
202859,933290,"There is a lot to like here, but also a few obvious issues. Building out a character was satisfying, and it is easy to pick up for a short session, but the experience still loses momentum in places. There is enough here to keep it interesting, even if it is not an easy recommendation.",TRUE
202860,338290,"I ended up liking this more than I expected. It was easy to keep moving from one objective to the next, and it is easy to enjoy this at your own pace. It does enough well that I would point other people toward it.",TRUE
202861,890640,"I can see why this game has a strong audience. It is easy to pick up for a short session, and it is easy to enjoy this at your own pace. For the right player, this is a very easy recommendation.",TRUE
202862,686490,"I have mixed feelings about this game. It works well when i want something low pressure, and it has a clear identity instead of feeling generic, but the experience still loses momentum in places. Whether you like it probably depends on how much you enjoy this genre.",TRUE
202863,233110,"It is a decent game, even if it never fully clicked for me. It has a clear identity instead of feeling generic, and I had to think through each decision, but the experience still loses momentum in places. I could still recommend it with the right expectations.",TRUE
202864,920800,"This was a really solid surprise. It works well as a solo game, and the puzzle design was solid without feeling unfair. I would play more of it without much hesitation.",TRUE
202865,743350,"This feels like a game with clear strengths and clear weaknesses. The moment-to-moment gameplay felt sharp, and it makes sense why people keep returning to it, but the experience still loses momentum in places. It is not a must-play, but I can understand why some people enjoy it.",TRUE
202866,350330,"There is a lot to like here, but also a few obvious issues. It works well when i want something low pressure, and it is easy to pick up for a short session, but the experience still loses momentum in places. I would call it a cautious recommendation at best.",TRUE
202867,238430,"It is a decent game, even if it never fully clicked for me. The atmosphere carried a lot of the experience, and it was easy to keep moving from one objective to the next, but the experience still loses momentum in places. I could still recommend it with the right expectations.",FALSE
202868,619470,"This feels like a game with clear strengths and clear weaknesses. It has a clear identity instead of feeling generic, and the mood is consistent from start to finish, but the experience still loses momentum in places. There is enough here to keep it interesting, even if it is not an easy recommendation.",TRUE
202869,459350,"This was a really solid surprise. The combat stayed engaging for a long time, and the moment-to-moment gameplay felt sharp. It does enough well that I would point other people toward it.",TRUE
202870,385350,"I can see why this game has a strong audience. It has a clear identity instead of feeling generic, and I had to think through each decision. It does enough well that I would point other people toward it.",TRUE
202871,945440,"This feels average to me, though I can still see the appeal for the right player.",TRUE
202872,936180,"I can see why this game has a strong audience. The systems are detailed enough to stay interesting, and it is easy to enjoy this at your own pace. I would play more of it without much hesitation.",TRUE
202873,377140,"There are some good ideas here, but it did not fully work for me. I could see some appeal because it feels like a small project with real personality and it does a good job selling the simulation idea, but the game still felt too uneven overall. I would wait for a discount before suggesting it to anyone else.",FALSE
202874,640600,"I can see what the game is aiming for, but the execution feels uneven. I could see some appeal because the moment-to-moment gameplay felt sharp and the combat stayed engaging for a long time, but the game still felt too uneven overall. It might work for other people, but it was not for me.",FALSE
202875,835450,"I ended up liking this more than I expected. The moment-to-moment gameplay felt sharp, and it has a clear identity instead of feeling generic. For the right player, this is a very easy recommendation.",TRUE
202876,737690,"I can see why this game has a strong audience. The moment-to-moment gameplay felt sharp, and the combat stayed engaging for a long time. It is worth trying if this genre is already in your wheelhouse.",TRUE
202877,362940,"I ended up liking this more than I expected. It was easy to keep moving from one objective to the next, and the puzzle design was solid without feeling unfair. I would play more of it without much hesitation.",TRUE
202878,738470,"I can see why this game has a strong audience. It has a clear identity instead of feeling generic, and it feels like a small project with real personality. For the right player, this is a very easy recommendation.",TRUE
202879,713840,"I have mixed feelings about this game. I had to think through each decision, and the strategic layer kept me paying attention, but the experience still loses momentum in places. There is enough here to keep it interesting, even if it is not an easy recommendation.",TRUE
202880,4300,"I ended up liking this more than I expected. It has a clear identity instead of feeling generic, and the puzzle design was solid without feeling unfair. I would play more of it without much hesitation.",TRUE
202881,578470,"There is a lot to like here, but also a few obvious issues. The combat stayed engaging for a long time, and it has a clear identity instead of feeling generic, but the experience still loses momentum in places. There is enough here to keep it interesting, even if it is not an easy recommendation.",FALSE
202882,37220,"This was a really solid surprise. It is easy to pick up for a short session, and it does a good job selling the simulation idea. I would recommend it, especially if the tags already sound appealing to you.",TRUE
202883,1009100,"Parts of it are interesting, but the overall experience felt weak. I could see some appeal because the moment-to-moment gameplay felt sharp and the combat stayed engaging for a long time, but the game still felt too uneven overall. There is something here, but I cannot honestly recommend it as it is.",FALSE
202884,1011860,"I have mixed feelings about this game. It works well when i want something low pressure, and I had to think through each decision, but the experience still loses momentum in places. I could still recommend it with the right expectations.",FALSE
202885,888480,"This was a really solid surprise. The moment-to-moment gameplay felt sharp, and it feels like a small project with real personality. It is worth trying if this genre is already in your wheelhouse.",TRUE
202886,553000,"I wanted to like this more than I did. I could see some appeal because it is easy to enjoy this at your own pace and it was easy to keep moving from one objective to the next, but the game still felt too uneven overall. I would wait for a discount before suggesting it to anyone else.",FALSE
202887,598530,"I had mixed feelings, but it was still interesting enough to finish a session or two.",FALSE
202888,444580,"It is a decent game, even if it never fully clicked for me. The systems are detailed enough to stay interesting, and once the controls clicked, the platforming was fun, but the experience still loses momentum in places. It is not a must-play, but I can understand why some people enjoy it.",TRUE
202889,307340,"I had mixed feelings, but it was still interesting enough to finish a session or two.",TRUE
202890,429060,"I can see why this game has a strong audience. It works well when i want something low pressure, and it has a clear identity instead of feeling generic. It does enough well that I would point other people toward it.",TRUE
202891,719740,"I ended up liking this more than I expected. The combat stayed engaging for a long time, and it has a clear identity instead of feeling generic. I would play more of it without much hesitation.",TRUE
202892,739190,"I had a good time with this one. Solving things felt satisfying more often than frustrating, and the story kept me interested. I would recommend it, especially if the tags already sound appealing to you.",TRUE
202893,433100,"After a few sessions, this one won me over. The atmosphere is one of its biggest strengths, and the pacing worked well for an adventure game. I would recommend it, especially if the tags already sound appealing to you.",TRUE
202894,880180,"This feels average to me, though I can still see the appeal for the right player.",TRUE
202895,947530,"I can see why this game has a strong audience. The combat stayed engaging for a long time, and it works well when I want something low pressure. I would play more of it without much hesitation.",TRUE
202896,894790,"This is an easy game for me to recommend. It has a clear identity instead of feeling generic, and it is easy to pick up for a short session. It is worth trying if this genre is already in your wheelhouse.",TRUE
202897,871230,"This feels like a game with clear strengths and clear weaknesses. The moment-to-moment gameplay felt sharp, and it was easy to keep moving from one objective to the next, but the experience still loses momentum in places. I could still recommend it with the right expectations.",FALSE
202898,830710,"After a few sessions, this one won me over. The puzzle design was solid without feeling unfair, and the pacing worked well for an adventure game. For the right player, this is a very easy recommendation.",TRUE
202899,489940,"I have mixed feelings about this game. It is easy to enjoy this at your own pace, and matches stayed lively even after a few rounds, but the experience still loses momentum in places. There is enough here to keep it interesting, even if it is not an easy recommendation.",FALSE
202900,200550,"This lands somewhere in the middle for me. Building out a character was satisfying, and I liked juggling the different systems, but the experience still loses momentum in places. There is enough here to keep it interesting, even if it is not an easy recommendation.",TRUE
202901,517910,"This was a really solid surprise. It feels like a small project with real personality, and it works well as a solo game. I would play more of it without much hesitation.",TRUE
202902,9880,"This is an easy game for me to recommend. The progression system felt rewarding, and the pacing worked well for an adventure game. It is worth trying if this genre is already in your wheelhouse.",TRUE
202903,781000,"This was not a terrible game, just a disappointing one for me. I could see some appeal because it is easy to pick up for a short session and it has a clear identity instead of feeling generic, but the game still felt too uneven overall. I do not regret trying it, but I would not rush to recommend it.",FALSE
202904,951740,"This is an easy game for me to recommend. It is easy to enjoy this at your own pace, and it has a clear identity instead of feeling generic. For the right player, this is a very easy recommendation.",TRUE
202905,880370,"I can see why this game has a strong audience. It has a clear identity instead of feeling generic, and it feels like a small project with real personality. It is worth trying if this genre is already in your wheelhouse.",TRUE
202906,607890,"I ended up liking this more than I expected. Exploring the world was the best part, and the world gives you plenty to do. It does enough well that I would point other people toward it.",TRUE
202907,299400,"This is an easy game for me to recommend. The story kept me interested, and the atmosphere is one of its biggest strengths. I would recommend it, especially if the tags already sound appealing to you.",TRUE
202908,562570,"I had a good time with this one. It is easy to pick up for a short session, and it is easy to enjoy this at your own pace. For the right player, this is a very easy recommendation.",TRUE
202909,552570,"This feels like a game with clear strengths and clear weaknesses. The progression system felt rewarding, and it has a clear identity instead of feeling generic, but the experience still loses momentum in places. It is not a must-play, but I can understand why some people enjoy it.",FALSE
202910,745970,"I ended up liking this more than I expected. Matches stayed lively even after a few rounds, and the systems are detailed enough to stay interesting. I would recommend it, especially if the tags already sound appealing to you.",TRUE
202911,702790,"This is an easy game for me to recommend. Building out a character was satisfying, and the progression system felt rewarding. I would play more of it without much hesitation.",TRUE
202912,205100,"I can see why this game has a strong audience. It works well as a solo game, and the story kept me interested. I would recommend it, especially if the tags already sound appealing to you.",TRUE
202913,888040,"I ended up liking this more than I expected. I had to think through each decision, and the strategic layer kept me paying attention. For the right player, this is a very easy recommendation.",TRUE
202914,701880,"I ended up liking this more than I expected. It has a clear identity instead of feeling generic, and it feels like a small project with real personality. It is worth trying if this genre is already in your wheelhouse.",TRUE
202915,684930,"I enjoyed parts of it more than the whole package. It feels like a small project with real personality, and it is easy to pick up for a short session, but the experience still loses momentum in places. I would call it a cautious recommendation at best.",TRUE
202916,587440,"I can see why this game has a strong audience. The strategic layer kept me paying attention, and it does a good job selling the simulation idea. I would play more of it without much hesitation.",TRUE
202917,889450,"I can see why this game has a strong audience. It has a clear identity instead of feeling generic, and the moment-to-moment gameplay felt sharp. It does enough well that I would point other people toward it.",TRUE
202918,736710,"After a few sessions, this one won me over. Building out a character was satisfying, and it works well as a solo game. For the right player, this is a very easy recommendation.",TRUE
202919,251730,"This was a really solid surprise. The atmosphere is one of its biggest strengths, and the slower pace worked in its favor. It does enough well that I would point other people toward it.",TRUE
202920,418060,"I ended up liking this more than I expected. It is easy to enjoy this at your own pace, and the shooting feels responsive enough to carry the game. For the right player, this is a very easy recommendation.",TRUE
202921,217790,"This lands somewhere in the middle for me. The combat stayed engaging for a long time, and this feels much better with friends, but the experience still loses momentum in places. Whether you like it probably depends on how much you enjoy this genre.",FALSE
202922,441050,"This is an easy game for me to recommend. The combat stayed engaging for a long time, and the systems are detailed enough to stay interesting. For the right player, this is a very easy recommendation.",TRUE
202923,683670,"This was a really solid surprise. It is easy to pick up for a short session, and it works well when I want something low pressure. I would recommend it, especially if the tags already sound appealing to you.",TRUE
202924,336060,"This feels like a game with clear strengths and clear weaknesses. It is easy to enjoy this at your own pace, and it works well when I want something low pressure, but the experience still loses momentum in places. I could still recommend it with the right expectations.",FALSE
202925,748370,"This feels average to me, though I can still see the appeal for the right player.",TRUE
202926,4920,"This was a really solid surprise. I had to think through each decision, and the mood is consistent from start to finish. For the right player, this is a very easy recommendation.",TRUE
202927,506590,"This was a really solid surprise. It is easy to pick up for a short session, and it does a good job selling the simulation idea. I would recommend it, especially if the tags already sound appealing to you.",TRUE
202928,692190,"It is a decent game, even if it never fully clicked for me. It is easy to pick up for a short session, and solving things felt satisfying more often than frustrating, but the experience still loses momentum in places. I could still recommend it with the right expectations.",FALSE
202929,499370,"I can see why this game has a strong audience. The puzzle design was solid without feeling unfair, and it works well when I want something low pressure. It is worth trying if this genre is already in your wheelhouse.",TRUE
202930,1053730,"After a few sessions, this one won me over. The combat stayed engaging for a long time, and it is easy to enjoy this at your own pace. It is worth trying if this genre is already in your wheelhouse.",TRUE
202931,732400,"It was fine overall, even if nothing about it really stood out to me.",TRUE
202932,950160,"This is an easy game for me to recommend. It is easy to pick up for a short session, and it was easy to keep moving from one objective to the next. I would recommend it, especially if the tags already sound appealing to you.",TRUE
202933,1008740,"I had a good time with this one. The atmosphere is one of its biggest strengths, and the pacing worked well for an adventure game. It is worth trying if this genre is already in your wheelhouse.",TRUE
202934,534270,"I ended up liking this more than I expected. It is easy to pick up for a short session, and it works well when I want something low pressure. It does enough well that I would point other people toward it.",TRUE
202935,202200,"This feels like a game with clear strengths and clear weaknesses. The freedom to approach things my own way helped a lot, and the strategic layer kept me paying attention, but the experience still loses momentum in places. There is enough here to keep it interesting, even if it is not an easy recommendation.",FALSE
202936,658690,"After a few sessions, this one won me over. The writing was stronger than i expected, and the combat stayed engaging for a long time. For the right player, this is a very easy recommendation.",TRUE
202937,959920,"I can see why this game has a strong audience. It has a clear identity instead of feeling generic, and it feels like a small project with real personality. I would recommend it, especially if the tags already sound appealing to you.",TRUE
202938,378030,"This feels average to me, though I can still see the appeal for the right player.",TRUE
202939,313140,"This lands somewhere in the middle for me. The puzzle design was solid without feeling unfair, and the atmosphere carried a lot of the experience, but the experience still loses momentum in places. I would call it a cautious recommendation at best.",TRUE
202940,502520,"I had a good time with this one. It has a clear identity instead of feeling generic, and it feels like a small project with real personality. It is worth trying if this genre is already in your wheelhouse.",TRUE
202941,523940,"It was fine overall, even if nothing about it really stood out to me.",FALSE
202942,580520,"After a few sessions, this one won me over. It has a clear identity instead of feeling generic, and the pacing worked well for an adventure game. It is worth trying if this genre is already in your wheelhouse.",TRUE
202943,10110,"It is a decent game, even if it never fully clicked for me. It has a light tone that makes it easy to keep going, and the pacing worked well for an adventure game, but the experience still loses momentum in places. It is not a must-play, but I can understand why some people enjoy it.",FALSE
202944,400910,"This was a really solid surprise. It was easy to keep moving from one objective to the next, and it is easy to enjoy this at your own pace. I would recommend it, especially if the tags already sound appealing to you.",TRUE
202945,854190,"There are some good ideas here, but it did not fully work for me. I could see some appeal because the moment-to-moment gameplay felt sharp and the combat stayed engaging for a long time, but the game still felt too uneven overall. It might work for other people, but it was not for me.",FALSE
202946,905660,"I ended up liking this more than I expected. I had to think through each decision, and the pacing worked well for an adventure game. It does enough well that I would point other people toward it.",TRUE
202947,614700,"This was a really solid surprise. The shooting feels responsive enough to carry the game, and the combat stayed engaging for a long time. For the right player, this is a very easy recommendation.",TRUE
202948,35700,"This feels like a game with clear strengths and clear weaknesses. The moment-to-moment gameplay felt sharp, and matches stayed lively even after a few rounds, but the experience still loses momentum in places. Whether you like it probably depends on how much you enjoy this genre.",FALSE
202949,373640,"This was not a terrible game, just a disappointing one for me. I could see some appeal because it is easy to pick up for a short session and it feels like a small project with real personality, but the game still felt too uneven overall. I would wait for a discount before suggesting it to anyone else.",FALSE
202950,386140,"I had a good time with this one. The story kept me interested, and the progression system felt rewarding. For the right player, this is a very easy recommendation.",TRUE
202951,757670,"I can see what the game is aiming for, but the execution feels uneven. I could see some appeal because the combat stayed engaging for a long time and the moment-to-moment gameplay felt sharp, but the game still felt too uneven overall. I would only recommend it to someone who is already very into this niche.",FALSE
202952,600990,"I can see why this game has a strong audience. Solving things felt satisfying more often than frustrating, and the mood is consistent from start to finish. It does enough well that I would point other people toward it.",TRUE
202953,277890,"I can see why this game has a strong audience. It has a clear identity instead of feeling generic, and it is easy to enjoy this at your own pace. For the right player, this is a very easy recommendation.",TRUE
202954,338300,"After a few sessions, this one won me over. The pacing worked well for an adventure game, and it was easy to keep moving from one objective to the next. It is worth trying if this genre is already in your wheelhouse.",TRUE
202955,431460,"I can see why this game has a strong audience. It has a clear identity instead of feeling generic, and it feels like a small project with real personality. For the right player, this is a very easy recommendation.",TRUE
202956,850710,"This is an easy game for me to recommend. The combat stayed engaging for a long time, and the systems are detailed enough to stay interesting. I would play more of it without much hesitation.",TRUE
202957,749830,"After a few sessions, this one won me over. It is easy to enjoy this at your own pace, and the gunplay is the main reason I kept playing. I would play more of it without much hesitation.",TRUE
202958,226840,"I ended up liking this more than I expected. The mood is consistent from start to finish, and it was easy to keep moving from one objective to the next. I would recommend it, especially if the tags already sound appealing to you.",TRUE
202959,606300,"It is a decent game, even if it never fully clicked for me. Solving things felt satisfying more often than frustrating, and the puzzle design was solid without feeling unfair, but the experience still loses momentum in places. I would call it a cautious recommendation at best.",FALSE
202960,940780,"I have mixed feelings about this game. It is easy to pick up for a short session, and it is easy to enjoy this at your own pace, but the experience still loses momentum in places. There is enough here to keep it interesting, even if it is not an easy recommendation.",FALSE
202961,239430,A decent game with some strengths and some obvious rough edges.,FALSE
202962,403900,"This was not a terrible game, just a disappointing one for me. I could see some appeal because it has a clear identity instead of feeling generic and the moment-to-moment gameplay felt sharp, but the game still felt too uneven overall. I would only recommend it to someone who is already very into this niche.",FALSE
202963,1028490,"I enjoyed parts of it more than the whole package. The moment-to-moment gameplay felt sharp, and the pacing worked well for an adventure game, but the experience still loses momentum in places. It is not a must-play, but I can understand why some people enjoy it.",FALSE
202964,774891,"After a few sessions, this one won me over. The combat stayed engaging for a long time, and it feels like a small project with real personality. I would recommend it, especially if the tags already sound appealing to you.",TRUE
202965,63710,"I can see why this game has a strong audience. It has a clear identity instead of feeling generic, and the moment-to-moment gameplay felt sharp. It does enough well that I would point other people toward it.",TRUE
202966,686950,"I ended up liking this more than I expected. It does a good job selling the simulation idea, and it works well when I want something low pressure. I would recommend it, especially if the tags already sound appealing to you.",TRUE
202967,910200,"I have mixed feelings about this game. It feels like a small project with real personality, and I had to think through each decision, but the experience still loses momentum in places. I could still recommend it with the right expectations.",TRUE
202968,954350,"It is a decent game, even if it never fully clicked for me. The core loop stayed reasonably engaging, and it does a respectable job with its main idea, but the experience still loses momentum in places. Whether you like it probably depends on how much you enjoy this genre.",TRUE
202969,890820,"Parts of it are interesting, but the overall experience felt weak. I could see some appeal because the moment-to-moment gameplay felt sharp and building out a character was satisfying, but the game still felt too uneven overall. It might work for other people, but it was not for me.",FALSE
202970,913110,"I can see why this game has a strong audience. It has a clear identity instead of feeling generic, and it does a good job selling the simulation idea. It does enough well that I would point other people toward it.",TRUE
202971,944630,"I ended up liking this more than I expected. The puzzle design was solid without feeling unfair, and I had to think through each decision. It is worth trying if this genre is already in your wheelhouse.",TRUE
202972,477750,"I had a good time with this one. The strategic layer kept me paying attention, and it does a good job selling the simulation idea. It does enough well that I would point other people toward it.",TRUE
202973,987000,"I ended up liking this more than I expected. It works well as a solo game, and the combat stayed engaging for a long time. For the right player, this is a very easy recommendation.",TRUE
202974,569140,"This is an easy game for me to recommend. The pacing worked well for an adventure game, and it is easy to pick up for a short session. I would recommend it, especially if the tags already sound appealing to you.",TRUE
202975,529420,"Not amazing and not terrible, just a fairly middle-of-the-road experience.",TRUE
202976,28000,"I can see why this game has a strong audience. The gunplay is the main reason i kept playing, and the combat stayed engaging for a long time. I would play more of it without much hesitation.",TRUE
202977,561480,"This was a really solid surprise. Solving things felt satisfying more often than frustrating, and the atmosphere is one of its biggest strengths. I would play more of it without much hesitation.",TRUE
202978,862570,"After a few sessions, this one won me over. It works well when i want something low pressure, and it feels like a small project with real personality. It is worth trying if this genre is already in your wheelhouse.",TRUE
202979,337320,"This is an easy game for me to recommend. It works well as a solo game, and it is easy to enjoy this at your own pace. I would play more of it without much hesitation.",TRUE
202980,863270,"This is an easy game for me to recommend. It was easy to keep moving from one objective to the next, and the moment-to-moment gameplay felt sharp. It does enough well that I would point other people toward it.",TRUE
202981,239430,"This was a really solid surprise. It is easy to enjoy this at your own pace, and the puzzle design was solid without feeling unfair. It does enough well that I would point other people toward it.",TRUE
202982,976010,"This is an easy game for me to recommend. It has a light tone that makes it easy to keep going, and it is easy to pick up for a short session. It does enough well that I would point other people toward it.",TRUE
202983,781950,"After a few sessions, this one won me over. It is easy to pick up for a short session, and it works well when I want something low pressure. I would recommend it, especially if the tags already sound appealing to you.",TRUE
202984,304580,"It is a decent game, even if it never fully clicked for me. The world gives you plenty to do, and it makes sense why people keep returning to it, but the experience still loses momentum in places. Whether you like it probably depends on how much you enjoy this genre.",TRUE
202985,48190,"This is an easy game for me to recommend. The combat stayed engaging for a long time, and exploring the world was the best part. For the right player, this is a very easy recommendation.",TRUE
202986,720060,"I can see why this game has a strong audience. I had to think through each decision, and the strategic layer kept me paying attention. It is worth trying if this genre is already in your wheelhouse.",TRUE
202987,386100,"This is an easy game for me to recommend. Building out a character was satisfying, and the combat stayed engaging for a long time. For the right player, this is a very easy recommendation.",TRUE
202988,800180,"This was a really solid surprise. It was easy to keep moving from one objective to the next, and it works well when I want something low pressure. I would play more of it without much hesitation.",TRUE
202989,223100,"This was a really solid surprise. It makes sense why people keep returning to it, and resource management added real tension. For the right player, this is a very easy recommendation.",TRUE
202990,20,"This is an easy game for me to recommend. The combat stayed engaging for a long time, and this feels much better with friends. It is worth trying if this genre is already in your wheelhouse.",TRUE
202991,38130,"This feels average to me, though I can still see the appeal for the right player.",TRUE
202992,355280,"After a few sessions, this one won me over. It feels like a small project with real personality, and the puzzle design was solid without feeling unfair. I would play more of it without much hesitation.",TRUE
202993,848350,"I can see why this game has a strong audience. It is easy to enjoy this at your own pace, and the humor landed more often than not. It is worth trying if this genre is already in your wheelhouse.",TRUE
202994,608870,"I can see why this game has a strong audience. The pacing worked well for an adventure game, and the mood is consistent from start to finish. For the right player, this is a very easy recommendation.",TRUE
202995,450740,"I ended up liking this more than I expected. The atmosphere is one of its biggest strengths, and it feels like a small project with real personality. I would recommend it, especially if the tags already sound appealing to you.",TRUE
202996,395620,"I can see why this game has a strong audience. Building out a character was satisfying, and solving things felt satisfying more often than frustrating. It does enough well that I would point other people toward it.",TRUE
202997,3960,"This feels like a game with clear strengths and clear weaknesses. I had to think through each decision, and the strategic layer kept me paying attention, but the experience still loses momentum in places. There is enough here to keep it interesting, even if it is not an easy recommendation.",TRUE
202998,669340,"I ended up liking this more than I expected. It feels like a small project with real personality, and the moment-to-moment gameplay felt sharp. It does enough well that I would point other people toward it.",TRUE
202999,914170,"I enjoyed parts of it more than the whole package. The pacing worked well for an adventure game, and the progression system felt rewarding, but the experience still loses momentum in places. It is not a must-play, but I can understand why some people enjoy it.",FALSE
203000,921690,"This feels like a game with clear strengths and clear weaknesses. The combat stayed engaging for a long time, and it is easy to pick up for a short session, but the experience still loses momentum in places. Whether you like it probably depends on how much you enjoy this genre.",TRUE
203001,656300,"I had mixed feelings, but it was still interesting enough to finish a session or two.",FALSE
203002,745510,"I had a good time with this one. It works well when i want something low pressure, and it feels like a small project with real personality. It is worth trying if this genre is already in your wheelhouse.",TRUE
203003,371010,"I had a good time with this one. It is easy to enjoy this at your own pace, and it has a clear identity instead of feeling generic. It does enough well that I would point other people toward it.",TRUE
203004,956280,"I have mixed feelings about this game. The combat stayed engaging for a long time, and it was easy to keep moving from one objective to the next, but the experience still loses momentum in places. It is not a must-play, but I can understand why some people enjoy it.",FALSE
203005,425230,"Not amazing and not terrible, just a fairly middle-of-the-road experience.",TRUE
203006,7010,"This is an easy game for me to recommend. It is easy to enjoy this at your own pace, and the shooting feels responsive enough to carry the game. It does enough well that I would point other people toward it.",TRUE
203007,607680,"I have mixed feelings about this game. It works well when i want something low pressure, and it is easy to pick up for a short session, but the experience still loses momentum in places. There is enough here to keep it interesting, even if it is not an easy recommendation.",FALSE
203008,384950,"I have mixed feelings about this game. Crafting gave the loop some momentum, and the progression system felt rewarding, but the experience still loses momentum in places. It is not a must-play, but I can understand why some people enjoy it.",TRUE
203009,980880,"I ended up liking this more than I expected. Solving things felt satisfying more often than frustrating, and the strategic layer kept me paying attention. I would recommend it, especially if the tags already sound appealing to you.",TRUE
203010,779300,"I had mixed feelings, but it was still interesting enough to finish a session or two.",TRUE
203011,535410,"I ended up liking this more than I expected. I had to think through each decision, and the strategic layer kept me paying attention. It does enough well that I would point other people toward it.",TRUE
203012,50510,"After a few sessions, this one won me over. The combat stayed engaging for a long time, and the moment-to-moment gameplay felt sharp. It is worth trying if this genre is already in your wheelhouse.",TRUE
203013,1020830,"This was a really solid surprise. The progression system felt rewarding, and it feels like a small project with real personality. I would play more of it without much hesitation.",TRUE
203014,707300,"I ended up liking this more than I expected. The moment-to-moment gameplay felt sharp, and it works well as a solo game. It does enough well that I would point other people toward it.",TRUE
203015,409490,"I enjoyed parts of it more than the whole package. Survival pressure made the sessions memorable, and resource management added real tension, but the experience still loses momentum in places. It is not a must-play, but I can understand why some people enjoy it.",FALSE
203016,588110,"After a few sessions, this one won me over. The gunplay is the main reason i kept playing, and the story kept me interested. For the right player, this is a very easy recommendation.",TRUE
203017,457530,"I ended up liking this more than I expected. It is easy to pick up for a short session, and it has a clear identity instead of feeling generic. It does enough well that I would point other people toward it.",TRUE
203018,1003850,"There is a lot to like here, but also a few obvious issues. The progression system felt rewarding, and the combat stayed engaging for a long time, but the experience still loses momentum in places. I could still recommend it with the right expectations.",TRUE
203019,690550,"This is an easy game for me to recommend. The moment-to-moment gameplay felt sharp, and it has a clear identity instead of feeling generic. I would recommend it, especially if the tags already sound appealing to you.",TRUE
203020,816930,"I can see what the game is aiming for, but the execution feels uneven. I could see some appeal because it feels like a small project with real personality and the moment-to-moment gameplay felt sharp, but the game still felt too uneven overall. I do not regret trying it, but I would not rush to recommend it.",FALSE
203021,461940,"I do not think this came together as well as it could have. I could see some appeal because the mood is consistent from start to finish and the freedom to approach things my own way helped a lot, but the game still felt too uneven overall. I would only recommend it to someone who is already very into this niche.",FALSE
203022,271900,"This is an easy game for me to recommend. It has a clear identity instead of feeling generic, and it works well when I want something low pressure. It does enough well that I would point other people toward it.",TRUE
203023,530290,"I ended up liking this more than I expected. Once the controls clicked, the platforming was fun, and it was easy to keep moving from one objective to the next. For the right player, this is a very easy recommendation.",TRUE
203024,887900,"I can see why this game has a strong audience. It is easy to pick up for a short session, and movement feels better than I expected. It does enough well that I would point other people toward it.",TRUE
203025,801280,"This was not a terrible game, just a disappointing one for me. I could see some appeal because it has a clear identity instead of feeling generic and it is easy to pick up for a short session, but the game still felt too uneven overall. There is something here, but I cannot honestly recommend it as it is.",FALSE
203026,456760,"This is an easy game for me to recommend. The moment-to-moment gameplay felt sharp, and the combat stayed engaging for a long time. I would recommend it, especially if the tags already sound appealing to you.",TRUE
203027,780850,"After a few sessions, this one won me over. It is easy to pick up for a short session, and it works well when I want something low pressure. For the right player, this is a very easy recommendation.",TRUE
203028,729060,"After a few sessions, this one won me over. The combat stayed engaging for a long time, and it works well as a solo game. I would play more of it without much hesitation.",TRUE
203029,601520,"After a few sessions, this one won me over. It feels like a small project with real personality, and the combat stayed engaging for a long time. I would recommend it, especially if the tags already sound appealing to you.",TRUE
203030,521130,"This is an easy game for me to recommend. It works well when i want something low pressure, and solving things felt satisfying more often than frustrating. I would play more of it without much hesitation.",TRUE
203031,934070,"I had a good time with this one. It feels like a small project with real personality, and it works well when I want something low pressure. It is worth trying if this genre is already in your wheelhouse.",TRUE
203032,787840,"This lands somewhere in the middle for me. Building out a character was satisfying, and the systems are detailed enough to stay interesting, but the experience still loses momentum in places. I could still recommend it with the right expectations.",FALSE
203033,417060,"After a few sessions, this one won me over. It has a clear identity instead of feeling generic, and it feels like a small project with real personality. I would play more of it without much hesitation.",TRUE
203034,778590,"It is a decent game, even if it never fully clicked for me. It has a clear identity instead of feeling generic, and it feels like a small project with real personality, but the experience still loses momentum in places. I could still recommend it with the right expectations.",TRUE
203035,676440,"I ended up liking this more than I expected. It has a clear identity instead of feeling generic, and the gunplay is the main reason I kept playing. It is worth trying if this genre is already in your wheelhouse.",TRUE
203036,440,"I had a good time with this one. Crafting gave the loop some momentum, and I liked unlocking better tools and options over time. It does enough well that I would point other people toward it.",TRUE
203037,1006850,"This was a really solid surprise. I could understand the appeal after spending some time with it, and it has a clear sense of what it wants to be. I would recommend it, especially if the tags already sound appealing to you.",TRUE
203038,904810,"This was a really solid surprise. It was easy to keep moving from one objective to the next, and it has a clear identity instead of feeling generic. I would play more of it without much hesitation.",TRUE
203039,98200,"Not amazing and not terrible, just a fairly middle-of-the-road experience.",TRUE
203040,361100,"After a few sessions, this one won me over. The combat stayed engaging for a long time, and it has a clear identity instead of feeling generic. I would recommend it, especially if the tags already sound appealing to you.",TRUE
203041,798960,"I enjoyed parts of it more than the whole package. The mood is consistent from start to finish, and it is easy to enjoy this at your own pace, but the experience still loses momentum in places. There is enough here to keep it interesting, even if it is not an easy recommendation.",FALSE
203042,972620,"I can see what the game is aiming for, but the execution feels uneven. I could see some appeal because it works well when I want something low pressure and it is easy to pick up for a short session, but the game still felt too uneven overall. There is something here, but I cannot honestly recommend it as it is.",FALSE
203043,282680,"I ended up liking this more than I expected. Turn-based decisions gave the game more depth, and it has a clear identity instead of feeling generic. It does enough well that I would point other people toward it.",TRUE
203044,797420,"Parts of it are interesting, but the overall experience felt weak. I could see some appeal because the handling felt good after a short adjustment period and it works well when I want something low pressure, but the game still felt too uneven overall. It might work for other people, but it was not for me.",FALSE
203045,266490,"I ended up liking this more than I expected. It works well when i want something low pressure, and it feels like a small project with real personality. For the right player, this is a very easy recommendation.",TRUE
203046,716010,"I ended up liking this more than I expected. It has a clear identity instead of feeling generic, and I had to think through each decision. For the right player, this is a very easy recommendation.",TRUE
203047,214870,"I have mixed feelings about this game. It works well as a solo game, and the shooting feels responsive enough to carry the game, but the experience still loses momentum in places. I would call it a cautious recommendation at best.",FALSE
203048,223280,"This is an easy game for me to recommend. It has a clear identity instead of feeling generic, and it is easy to pick up for a short session. For the right player, this is a very easy recommendation.",TRUE
203049,608990,"I have mixed feelings about this game. The shooting feels responsive enough to carry the game, and survival pressure made the sessions memorable, but the experience still loses momentum in places. I could still recommend it with the right expectations.",TRUE
203050,630310,"After a few sessions, this one won me over. It was easy to keep moving from one objective to the next, and it feels like a small project with real personality. For the right player, this is a very easy recommendation.",TRUE
203051,563910,"I have mixed feelings about this game. It is easy to pick up for a short session, and it was easy to keep moving from one objective to the next, but the experience still loses momentum in places. It is not a must-play, but I can understand why some people enjoy it.",TRUE
203052,644670,"This is an easy game for me to recommend. The systems are detailed enough to stay interesting, and the moment-to-moment gameplay felt sharp. I would recommend it, especially if the tags already sound appealing to you.",TRUE
203053,418950,"I had a good time with this one. The atmosphere is one of its biggest strengths, and it builds tension well when you let it breathe. It is worth trying if this genre is already in your wheelhouse.",TRUE
203054,814610,"This was a really solid surprise. The atmosphere carried a lot of the experience, and it builds tension well when you let it breathe. I would recommend it, especially if the tags already sound appealing to you.",TRUE
203055,6910,"I ended up liking this more than I expected. The writing was stronger than i expected, and building out a character was satisfying. I would play more of it without much hesitation.",TRUE
203056,740350,"This was a really solid surprise. It has a clear identity instead of feeling generic, and the pacing worked well for an adventure game. I would play more of it without much hesitation.",TRUE
203057,395250,A decent game with some strengths and some obvious rough edges.,TRUE
203058,674230,"I had a good time with this one. It was easy to keep moving from one objective to the next, and the pacing worked well for an adventure game. I would play more of it without much hesitation.",TRUE
203059,859170,"There are some good ideas here, but it did not fully work for me. I could see some appeal because survival pressure made the sessions memorable and the moment-to-moment gameplay felt sharp, but the game still felt too uneven overall. It might work for other people, but it was not for me.",FALSE
203060,2100,"After a few sessions, this one won me over. It is easy to enjoy this at your own pace, and the combat stayed engaging for a long time. For the right player, this is a very easy recommendation.",TRUE
203061,587620,"I can see why this game has a strong audience. The combat stayed engaging for a long time, and building out a character was satisfying. It is worth trying if this genre is already in your wheelhouse.",TRUE
203062,919240,"I ended up liking this more than I expected. It works well when i want something low pressure, and it is easy to pick up for a short session. It does enough well that I would point other people toward it.",TRUE
203063,820790,"I ended up liking this more than I expected. It builds tension well when you let it breathe, and the atmosphere carried a lot of the experience. I would play more of it without much hesitation.",TRUE
203064,841790,"I have mixed feelings about this game. The atmosphere carried a lot of the experience, and the mood is consistent from start to finish, but the experience still loses momentum in places. Whether you like it probably depends on how much you enjoy this genre.",FALSE
203065,360720,"It is a decent game, even if it never fully clicked for me. It feels like a small project with real personality, and it has a clear identity instead of feeling generic, but the experience still loses momentum in places. I would call it a cautious recommendation at best.",TRUE
203066,648550,"This is an easy game for me to recommend. The moment-to-moment gameplay felt sharp, and it has a clear identity instead of feeling generic. For the right player, this is a very easy recommendation.",TRUE
203067,666590,"This was a really solid surprise. The combat stayed engaging for a long time, and this feels much better with friends. For the right player, this is a very easy recommendation.",TRUE
203068,887740,"I have mixed feelings about this game. The progression system felt rewarding, and the systems are detailed enough to stay interesting, but the experience still loses momentum in places. There is enough here to keep it interesting, even if it is not an easy recommendation.",TRUE
203069,978380,"I had a good time with this one. It has a clear identity instead of feeling generic, and the moment-to-moment gameplay felt sharp. For the right player, this is a very easy recommendation.",TRUE
203070,452570,"I ended up liking this more than I expected. The combat stayed engaging for a long time, and the story kept me interested. I would recommend it, especially if the tags already sound appealing to you.",TRUE
203071,908150,"This was a really solid surprise. The shooting feels responsive enough to carry the game, and the moment-to-moment gameplay felt sharp. I would recommend it, especially if the tags already sound appealing to you.",TRUE
203072,444430,"There is a lot to like here, but also a few obvious issues. It is easy to pick up for a short session, and it works well when I want something low pressure, but the experience still loses momentum in places. I would call it a cautious recommendation at best.",FALSE
203073,623580,"I can see what the game is aiming for, but the execution feels uneven. I could see some appeal because it has a clear identity instead of feeling generic and it works well when I want something low pressure, but the game still felt too uneven overall. I do not regret trying it, but I would not rush to recommend it.",FALSE
203074,1001450,"I have mixed feelings about this game. It feels like a small project with real personality, and the pacing worked well for an adventure game, but the experience still loses momentum in places. I would call it a cautious recommendation at best.",TRUE
203075,370590,"I had a good time with this one. It makes sense why people keep returning to it, and the combat stayed engaging for a long time. I would play more of it without much hesitation.",TRUE
203076,365810,"I ended up liking this more than I expected. The systems are detailed enough to stay interesting, and the pacing worked well for an adventure game. It is worth trying if this genre is already in your wheelhouse.",TRUE
203077,218660,"I can see why this game has a strong audience. The pacing worked well for an adventure game, and the combat stayed engaging for a long time. For the right player, this is a very easy recommendation.",TRUE
203078,551750,"I have mixed feelings about this game. Survival pressure made the sessions memorable, and the gunplay is the main reason I kept playing, but the experience still loses momentum in places. I could still recommend it with the right expectations.",FALSE
203079,510280,"I can see why this game has a strong audience. Once the controls clicked, the platforming was fun, and movement feels better than I expected. I would recommend it, especially if the tags already sound appealing to you.",TRUE
203080,541410,"I ended up liking this more than I expected. Once the controls clicked, the platforming was fun, and the puzzle design was solid without feeling unfair. I would recommend it, especially if the tags already sound appealing to you.",TRUE
203081,974180,"I ended up liking this more than I expected. The progression system felt rewarding, and building out a character was satisfying. It is worth trying if this genre is already in your wheelhouse.",TRUE
203082,945460,"I had a good time with this one. The building side gave me a reason to keep playing, and it feels like a small project with real personality. For the right player, this is a very easy recommendation.",TRUE
203083,610730,"This feels like a game with clear strengths and clear weaknesses. The moment-to-moment gameplay felt sharp, and it has a clear identity instead of feeling generic, but the experience still loses momentum in places. I would call it a cautious recommendation at best.",FALSE
203084,816830,"I ended up liking this more than I expected. It is easy to pick up for a short session, and it works well when I want something low pressure. I would recommend it, especially if the tags already sound appealing to you.",TRUE
203085,947530,"This feels like a game with clear strengths and clear weaknesses. It works well when i want something low pressure, and the progression system felt rewarding, but the experience still loses momentum in places. It is not a must-play, but I can understand why some people enjoy it.",FALSE
203086,883630,A decent game with some strengths and some obvious rough edges.,TRUE
203087,367350,"This was a really solid surprise. Movement feels better than i expected, and it has a clear identity instead of feeling generic. For the right player, this is a very easy recommendation.",TRUE
203088,501120,"I had mixed feelings, but it was still interesting enough to finish a session or two.",TRUE
203089,708930,"I can see what the game is aiming for, but the execution feels uneven. I could see some appeal because the systems are detailed enough to stay interesting and it is easy to pick up for a short session, but the game still felt too uneven overall. I would only recommend it to someone who is already very into this niche.",FALSE
203090,546050,"This was a really solid surprise. It works well as a solo game, and matches stayed lively even after a few rounds. For the right player, this is a very easy recommendation.",TRUE
203091,667510,"I have mixed feelings about this game. The pacing worked well for an adventure game, and the combat stayed engaging for a long time, but the experience still loses momentum in places. I could still recommend it with the right expectations.",TRUE
203092,335790,"I had a good time with this one. It feels like a small project with real personality, and the progression system felt rewarding. I would play more of it without much hesitation.",TRUE
203093,354290,"I can see why this game has a strong audience. Matches stayed lively even after a few rounds, and it makes sense why people keep returning to it. For the right player, this is a very easy recommendation.",TRUE
203094,529410,"This is an easy game for me to recommend. It works well when i want something low pressure, and it is easy to pick up for a short session. I would recommend it, especially if the tags already sound appealing to you.",TRUE
203095,417980,"I ended up liking this more than I expected. The combat stayed engaging for a long time, and it feels like a small project with real personality. I would recommend it, especially if the tags already sound appealing to you.",TRUE
203096,574520,"I enjoyed parts of it more than the whole package. The co-op side adds a lot of replay value, and it feels like a small project with real personality, but the experience still loses momentum in places. Whether you like it probably depends on how much you enjoy this genre.",TRUE
203097,836300,"This was a really solid surprise. It works well when i want something low pressure, and it has a clear identity instead of feeling generic. I would recommend it, especially if the tags already sound appealing to you.",TRUE
203098,324420,"There is a lot to like here, but also a few obvious issues. It feels like a small project with real personality, and turn-based decisions gave the game more depth, but the experience still loses momentum in places. It is not a must-play, but I can understand why some people enjoy it.",TRUE
203099,246900,"After a few sessions, this one won me over. The co-op side adds a lot of replay value, and matches stayed lively even after a few rounds. I would recommend it, especially if the tags already sound appealing to you.",TRUE
203100,438820,"It is a decent game, even if it never fully clicked for me. The puzzle design was solid without feeling unfair, and the moment-to-moment gameplay felt sharp, but the experience still loses momentum in places. I would call it a cautious recommendation at best.",FALSE
203101,70300,"I can see why this game has a strong audience. Solving things felt satisfying more often than frustrating, and it has a clear identity instead of feeling generic. It does enough well that I would point other people toward it.",TRUE
203102,1043580,"I ended up liking this more than I expected. It feels like a small project with real personality, and it has a clear identity instead of feeling generic. It does enough well that I would point other people toward it.",TRUE
203103,839960,"This was a really solid surprise. It feels like a small project with real personality, and it has a clear identity instead of feeling generic. It is worth trying if this genre is already in your wheelhouse.",TRUE
203104,813020,"This was a really solid surprise. The pacing worked well for an adventure game, and the progression system felt rewarding. I would play more of it without much hesitation.",TRUE
203105,496070,"This was a really solid surprise. The combat stayed engaging for a long time, and the moment-to-moment gameplay felt sharp. For the right player, this is a very easy recommendation.",TRUE
203106,833980,"I had a good time with this one. It feels like a small project with real personality, and movement feels better than I expected. For the right player, this is a very easy recommendation.",TRUE
203107,277390,"I ended up liking this more than I expected. It feels like a small project with real personality, and it has a clear identity instead of feeling generic. I would recommend it, especially if the tags already sound appealing to you.",TRUE
203108,562260,"I ended up liking this more than I expected. It has a clear identity instead of feeling generic, and it feels like a small project with real personality. For the right player, this is a very easy recommendation.",TRUE
203109,560000,"I had a good time with this one. The humor landed more often than not, and it works well as a solo game. It does enough well that I would point other people toward it.",TRUE
203110,580630,"This was a really solid surprise. It feels like a small project with real personality, and it has a clear identity instead of feeling generic. I would play more of it without much hesitation.",TRUE
203111,588120,"I enjoyed parts of it more than the whole package. It makes sense why people keep returning to it, and it is easy to pick up for a short session, but the experience still loses momentum in places. I could still recommend it with the right expectations.",FALSE
203112,801700,"I ended up liking this more than I expected. It is easy to pick up for a short session, and it works well when I want something low pressure. I would play more of it without much hesitation.",TRUE
203113,832380,"This was a really solid surprise. The pacing worked well for an adventure game, and it feels like a small project with real personality. I would recommend it, especially if the tags already sound appealing to you.",TRUE
203114,452410,"There is a lot to like here, but also a few obvious issues. It has a clear identity instead of feeling generic, and once the controls clicked, the platforming was fun, but the experience still loses momentum in places. I could still recommend it with the right expectations.",FALSE
203115,690570,"I had a good time with this one. The handling felt good after a short adjustment period, and it has a clear identity instead of feeling generic. I would recommend it, especially if the tags already sound appealing to you.",TRUE
203116,263060,"I ended up liking this more than I expected. It is easy to enjoy this at your own pace, and it feels like a small project with real personality. It is worth trying if this genre is already in your wheelhouse.",TRUE
203117,669350,"This feels like a game with clear strengths and clear weaknesses. The combat stayed engaging for a long time, and the races stayed entertaining instead of repetitive, but the experience still loses momentum in places. Whether you like it probably depends on how much you enjoy this genre.",FALSE
203118,621070,"I enjoyed parts of it more than the whole package. It is easy to enjoy this at your own pace, and the building side gave me a reason to keep playing, but the experience still loses momentum in places. It is not a must-play, but I can understand why some people enjoy it.",TRUE
203119,221020,"This lands somewhere in the middle for me. It works well as a solo game, and I liked juggling the different systems, but the experience still loses momentum in places. There is enough here to keep it interesting, even if it is not an easy recommendation.",TRUE
203120,987740,"This was a really solid surprise. It has a clear identity instead of feeling generic, and it feels like a small project with real personality. I would play more of it without much hesitation.",TRUE
203121,201490,"I can see what the game is aiming for, but the execution feels uneven. I could see some appeal because it does a good job selling the simulation idea and the systems are detailed enough to stay interesting, but the game still felt too uneven overall. I do not regret trying it, but I would not rush to recommend it.",FALSE
203122,433670,"There are some good ideas here, but it did not fully work for me. I could see some appeal because the systems are detailed enough to stay interesting and it does a good job selling the simulation idea, but the game still felt too uneven overall. It might work for other people, but it was not for me.",FALSE
203123,595090,"This was a really solid surprise. It has a clear identity instead of feeling generic, and the co-op side adds a lot of replay value. For the right player, this is a very easy recommendation.",TRUE
203124,526470,"This lands somewhere in the middle for me. It feels like a small project with real personality, and it has a clear identity instead of feeling generic, but the experience still loses momentum in places. There is enough here to keep it interesting, even if it is not an easy recommendation.",FALSE
203125,761890,"I ended up liking this more than I expected. Building out a character was satisfying, and the moment-to-moment gameplay felt sharp. For the right player, this is a very easy recommendation.",TRUE
203126,320630,"I can see why this game has a strong audience. The pacing worked well for an adventure game, and it works well when I want something low pressure. I would play more of it without much hesitation.",TRUE
203127,328780,"I had a good time with this one. The puzzle design was solid without feeling unfair, and it feels like a small project with real personality. For the right player, this is a very easy recommendation.",TRUE
203128,406120,"There are some good ideas here, but it did not fully work for me. I could see some appeal because it works well when I want something low pressure and it has a clear identity instead of feeling generic, but the game still felt too uneven overall. I would only recommend it to someone who is already very into this niche.",FALSE
203129,694760,"After a few sessions, this one won me over. The moment-to-moment gameplay felt sharp, and the combat stayed engaging for a long time. It is worth trying if this genre is already in your wheelhouse.",TRUE
203130,497860,"I had mixed feelings, but it was still interesting enough to finish a session or two.",FALSE
203131,780080,"I can see why this game has a strong audience. The moment-to-moment gameplay felt sharp, and the systems are detailed enough to stay interesting. I would recommend it, especially if the tags already sound appealing to you.",TRUE
203132,581910,"I had a good time with this one. The moment-to-moment gameplay felt sharp, and it works well when I want something low pressure. I would recommend it, especially if the tags already sound appealing to you.",TRUE
203133,629410,"I had a good time with this one. The strategic layer kept me paying attention, and it works well when I want something low pressure. For the right player, this is a very easy recommendation.",TRUE
203134,860530,"I have mixed feelings about this game. It has a clear identity instead of feeling generic, and it is easy to pick up for a short session, but the experience still loses momentum in places. I would call it a cautious recommendation at best.",FALSE
203135,578060,"I ended up liking this more than I expected. The puzzle design was solid without feeling unfair, and solving things felt satisfying more often than frustrating. It does enough well that I would point other people toward it.",TRUE
203136,513990,"Parts of it are interesting, but the overall experience felt weak. I could see some appeal because the pacing worked well for an adventure game and the strategic layer kept me paying attention, but the game still felt too uneven overall. I do not regret trying it, but I would not rush to recommend it.",FALSE
203137,705260,"I wanted to like this more than I did. I could see some appeal because the puzzle design was solid without feeling unfair and it does a good job selling the simulation idea, but the game still felt too uneven overall. I would only recommend it to someone who is already very into this niche.",FALSE
203138,881230,"This is an easy game for me to recommend. The races stayed entertaining instead of repetitive, and it works well when I want something low pressure. I would play more of it without much hesitation.",TRUE
203139,1028760,"I can see why this game has a strong audience. The combat stayed engaging for a long time, and the moment-to-moment gameplay felt sharp. I would play more of it without much hesitation.",TRUE
203140,542220,"I ended up liking this more than I expected. The combat stayed engaging for a long time, and it works well when I want something low pressure. It is worth trying if this genre is already in your wheelhouse.",TRUE
203141,860650,"I can see why this game has a strong audience. The pacing worked well for an adventure game, and the mood is consistent from start to finish. I would play more of it without much hesitation.",TRUE
203142,718020,"This lands somewhere in the middle for me. It is easy to enjoy this at your own pace, and it has a clear identity instead of feeling generic, but the experience still loses momentum in places. Whether you like it probably depends on how much you enjoy this genre.",FALSE
203143,261700,"This is an easy game for me to recommend. Solving things felt satisfying more often than frustrating, and the puzzle design was solid without feeling unfair. It does enough well that I would point other people toward it.",TRUE
203144,1040490,"I ended up liking this more than I expected. The progression system felt rewarding, and it has a clear identity instead of feeling generic. I would recommend it, especially if the tags already sound appealing to you.",TRUE
203145,432250,"This lands somewhere in the middle for me. The puzzle design was solid without feeling unfair, and it does a good job selling the simulation idea, but the experience still loses momentum in places. It is not a must-play, but I can understand why some people enjoy it.",FALSE
203146,982450,"This feels like a game with clear strengths and clear weaknesses. It has a clear identity instead of feeling generic, and the systems are detailed enough to stay interesting, but the experience still loses momentum in places. It is not a must-play, but I can understand why some people enjoy it.",FALSE
203147,541230,"I ended up liking this more than I expected. Survival pressure made the sessions memorable, and putting things together was genuinely satisfying. I would play more of it without much hesitation.",TRUE
203148,317020,"I can see why this game has a strong audience. It works well when i want something low pressure, and it is easy to pick up for a short session. It is worth trying if this genre is already in your wheelhouse.",TRUE
203149,439250,"I ended up liking this more than I expected. The writing was stronger than i expected, and it works well as a solo game. It is worth trying if this genre is already in your wheelhouse.",TRUE
203150,842170,"I can see why this game has a strong audience. The shooting feels responsive enough to carry the game, and it is easy to enjoy this at your own pace. I would play more of it without much hesitation.",TRUE
203151,777050,"This lands somewhere in the middle for me. It was easy to keep moving from one objective to the next, and it works well when I want something low pressure, but the experience still loses momentum in places. I could still recommend it with the right expectations.",TRUE
203152,313010,"There is a lot to like here, but also a few obvious issues. The strategic layer kept me paying attention, and the management layer made the game easy to sink time into, but the experience still loses momentum in places. It is not a must-play, but I can understand why some people enjoy it.",TRUE
203153,251870,"This is an easy game for me to recommend. It works well as a solo game, and the pacing worked well for an adventure game. I would play more of it without much hesitation.",TRUE
203154,1041500,"I can see why this game has a strong audience. It is easy to pick up for a short session, and survival pressure made the sessions memorable. It is worth trying if this genre is already in your wheelhouse.",TRUE
203155,679030,"After a few sessions, this one won me over. The moment-to-moment gameplay felt sharp, and the combat stayed engaging for a long time. It is worth trying if this genre is already in your wheelhouse.",TRUE
203156,745370,"I have mixed feelings about this game. It has a clear identity instead of feeling generic, and movement feels better than I expected, but the experience still loses momentum in places. It is not a must-play, but I can understand why some people enjoy it.",TRUE
203157,229870,"I ended up liking this more than I expected. The moment-to-moment gameplay felt sharp, and matches stayed lively even after a few rounds. It is worth trying if this genre is already in your wheelhouse.",TRUE
203158,13530,"I can see why this game has a strong audience. The combat stayed engaging for a long time, and it is easy to enjoy this at your own pace. It is worth trying if this genre is already in your wheelhouse.",TRUE
203159,616660,"I have mixed feelings about this game. It feels like a small project with real personality, and it is easy to pick up for a short session, but the experience still loses momentum in places. It is not a must-play, but I can understand why some people enjoy it.",TRUE
203160,953170,"I enjoyed parts of it more than the whole package. It works well when i want something low pressure, and solving things felt satisfying more often than frustrating, but the experience still loses momentum in places. Whether you like it probably depends on how much you enjoy this genre.",FALSE
203161,876100,"I can see why this game has a strong audience. The combat stayed engaging for a long time, and it feels like a small project with real personality. I would recommend it, especially if the tags already sound appealing to you.",TRUE
203162,470310,"It is a decent game, even if it never fully clicked for me. The mood is consistent from start to finish, and the strategic layer kept me paying attention, but the experience still loses momentum in places. It is not a must-play, but I can understand why some people enjoy it.",FALSE
203163,420530,"After a few sessions, this one won me over. The atmosphere is one of its biggest strengths, and the story kept me interested. It is worth trying if this genre is already in your wheelhouse.",TRUE
203164,394550,"This was a really solid surprise. It has a clear identity instead of feeling generic, and movement feels better than I expected. It is worth trying if this genre is already in your wheelhouse.",TRUE
203165,454100,"I ended up liking this more than I expected. It was easy to keep moving from one objective to the next, and solving things felt satisfying more often than frustrating. It does enough well that I would point other people toward it.",TRUE
203166,313780,"This was a really solid surprise. The mood is consistent from start to finish, and the atmosphere is one of its biggest strengths. For the right player, this is a very easy recommendation.",TRUE
203167,549180,"This was a really solid surprise. I had to think through each decision, and the strategic layer kept me paying attention. For the right player, this is a very easy recommendation.",TRUE
203168,296850,"I enjoyed parts of it more than the whole package. It has a light tone that makes it easy to keep going, and it feels like a small project with real personality, but the experience still loses momentum in places. It is not a must-play, but I can understand why some people enjoy it.",FALSE
203169,645360,"I have mixed feelings about this game. It is easy to pick up for a short session, and movement feels better than I expected, but the experience still loses momentum in places. It is not a must-play, but I can understand why some people enjoy it.",TRUE
203170,477140,"This was not a terrible game, just a disappointing one for me. I could see some appeal because it was easy to keep moving from one objective to the next and resource management added real tension, but the game still felt too uneven overall. I do not regret trying it, but I would not rush to recommend it.",FALSE
203171,283820,"There is a lot to like here, but also a few obvious issues. The shooting feels responsive enough to carry the game, and the gunplay is the main reason I kept playing, but the experience still loses momentum in places. Whether you like it probably depends on how much you enjoy this genre.",FALSE
203172,697730,"This was not a terrible game, just a disappointing one for me. I could see some appeal because it works well when I want something low pressure and the moment-to-moment gameplay felt sharp, but the game still felt too uneven overall. There is something here, but I cannot honestly recommend it as it is.",FALSE
203173,722730,"I can see why this game has a strong audience. The mood is consistent from start to finish, and turn-based decisions gave the game more depth. I would play more of it without much hesitation.",TRUE
203174,1054650,"This was a really solid surprise. The mood is consistent from start to finish, and it is easy to enjoy this at your own pace. It is worth trying if this genre is already in your wheelhouse.",TRUE
203175,833670,"After a few sessions, this one won me over. It feels like a small project with real personality, and it was easy to keep moving from one objective to the next. It is worth trying if this genre is already in your wheelhouse.",TRUE
203176,455110,"This was a really solid surprise. The pacing worked well for an adventure game, and it feels like a small project with real personality. It is worth trying if this genre is already in your wheelhouse.",TRUE
203177,382050,"I had mixed feelings, but it was still interesting enough to finish a session or two.",TRUE
203178,357490,"I can see why this game has a strong audience. It has a light tone that makes it easy to keep going, and the humor landed more often than not. I would recommend it, especially if the tags already sound appealing to you.",TRUE
203179,465200,"This is an easy game for me to recommend. Movement feels better than i expected, and it makes sense why people keep returning to it. I would play more of it without much hesitation.",TRUE
203180,21090,"I ended up liking this more than I expected. The mood is consistent from start to finish, and the gunplay is the main reason I kept playing. For the right player, this is a very easy recommendation.",TRUE
203181,16040,"I can see why this game has a strong audience. It is easy to pick up for a short session, and the puzzle design was solid without feeling unfair. It is worth trying if this genre is already in your wheelhouse.",TRUE
203182,977300,"This was a really solid surprise. It is easy to enjoy this at your own pace, and the story kept me interested. I would recommend it, especially if the tags already sound appealing to you.",TRUE
203183,984540,"After a few sessions, this one won me over. It feels like a small project with real personality, and it has a clear identity instead of feeling generic. I would play more of it without much hesitation.",TRUE
203184,290770,"There is a lot to like here, but also a few obvious issues. The combat stayed engaging for a long time, and the story kept me interested, but the experience still loses momentum in places. There is enough here to keep it interesting, even if it is not an easy recommendation.",FALSE
203185,1010540,"It is a decent game, even if it never fully clicked for me. The pacing worked well for an adventure game, and it feels like a small project with real personality, but the experience still loses momentum in places. Whether you like it probably depends on how much you enjoy this genre.",TRUE
203186,689300,A decent game with some strengths and some obvious rough edges.,TRUE
203187,615080,"I ended up liking this more than I expected. It has a clear identity instead of feeling generic, and it is easy to pick up for a short session. It does enough well that I would point other people toward it.",TRUE
203188,448610,"After a few sessions, this one won me over. The combat stayed engaging for a long time, and the races stayed entertaining instead of repetitive. It does enough well that I would point other people toward it.",TRUE
203189,362030,"I had a good time with this one. The pacing worked well for an adventure game, and it works well when I want something low pressure. It is worth trying if this genre is already in your wheelhouse.",TRUE
203190,603220,"I can see why this game has a strong audience. It feels like a small project with real personality, and the combat stayed engaging for a long time. I would recommend it, especially if the tags already sound appealing to you.",TRUE
203191,486360,A decent game with some strengths and some obvious rough edges.,TRUE
203192,724740,"I ended up liking this more than I expected. The puzzle design was solid without feeling unfair, and the mood is consistent from start to finish. For the right player, this is a very easy recommendation.",TRUE
203193,912810,"This is an easy game for me to recommend. It has a clear identity instead of feeling generic, and it was easy to keep moving from one objective to the next. I would recommend it, especially if the tags already sound appealing to you.",TRUE
203194,818940,"After a few sessions, this one won me over. It has a clear identity instead of feeling generic, and it is easy to pick up for a short session. I would recommend it, especially if the tags already sound appealing to you.",TRUE
203195,394120,"This was not a terrible game, just a disappointing one for me. I could see some appeal because it feels like a small project with real personality and it has a clear identity instead of feeling generic, but the game still felt too uneven overall. There is something here, but I cannot honestly recommend it as it is.",FALSE
203196,690460,"I can see what the game is aiming for, but the execution feels uneven. I could see some appeal because the moment-to-moment gameplay felt sharp and the co-op side adds a lot of replay value, but the game still felt too uneven overall. It might work for other people, but it was not for me.",FALSE
203197,931830,"There is a lot to like here, but also a few obvious issues. It feels like a small project with real personality, and it has a clear identity instead of feeling generic, but the experience still loses momentum in places. Whether you like it probably depends on how much you enjoy this genre.",FALSE
203198,346250,"I ended up liking this more than I expected. It is easy to pick up for a short session, and it feels like a small project with real personality. For the right player, this is a very easy recommendation.",TRUE
203199,604000,"I had a good time with this one. The atmosphere carried a lot of the experience, and it was easy to keep moving from one objective to the next. For the right player, this is a very easy recommendation.",TRUE
203200,24640,"There is a lot to like here, but also a few obvious issues. The systems are detailed enough to stay interesting, and it does a good job selling the simulation idea, but the experience still loses momentum in places. There is enough here to keep it interesting, even if it is not an easy recommendation.",TRUE
203201,236730,"This lands somewhere in the middle for me. It makes sense why people keep returning to it, and it feels like a small project with real personality, but the experience still loses momentum in places. Whether you like it probably depends on how much you enjoy this genre.",FALSE
203202,827270,"Parts of it are interesting, but the overall experience felt weak. I could see some appeal because it feels like a small project with real personality and it has a clear identity instead of feeling generic, but the game still felt too uneven overall. There is something here, but I cannot honestly recommend it as it is.",FALSE
203203,37300,"This lands somewhere in the middle for me. I liked juggling the different systems, and the systems are detailed enough to stay interesting, but the experience still loses momentum in places. Whether you like it probably depends on how much you enjoy this genre.",TRUE
203204,435300,"I had a good time with this one. It is easy to pick up for a short session, and the pacing worked well for an adventure game. I would play more of it without much hesitation.",TRUE
203205,858420,"There is a lot to like here, but also a few obvious issues. It is easy to enjoy this at your own pace, and it works well as a solo game, but the experience still loses momentum in places. I could still recommend it with the right expectations.",TRUE
203206,586080,"This feels like a game with clear strengths and clear weaknesses. It was easy to keep moving from one objective to the next, and the moment-to-moment gameplay felt sharp, but the experience still loses momentum in places. There is enough here to keep it interesting, even if it is not an easy recommendation.",TRUE
203207,576840,"It is a decent game, even if it never fully clicked for me. The gunplay is the main reason i kept playing, and it works well when I want something low pressure, but the experience still loses momentum in places. It is not a must-play, but I can understand why some people enjoy it.",FALSE
203208,508290,"Not amazing and not terrible, just a fairly middle-of-the-road experience.",FALSE
203209,777220,"This was a really solid surprise. Building out a character was satisfying, and the progression system felt rewarding. It does enough well that I would point other people toward it.",TRUE
203210,948330,"This feels like a game with clear strengths and clear weaknesses. It feels like a small project with real personality, and building out a character was satisfying, but the experience still loses momentum in places. I would call it a cautious recommendation at best.",TRUE
203211,749520,"Not amazing and not terrible, just a fairly middle-of-the-road experience.",FALSE
203212,1018900,"I had a good time with this one. It has a clear identity instead of feeling generic, and it works well when I want something low pressure. It does enough well that I would point other people toward it.",TRUE
203213,779360,"I can see why this game has a strong audience. The strategic layer kept me paying attention, and the combat stayed engaging for a long time. For the right player, this is a very easy recommendation.",TRUE
203214,605040,"This lands somewhere in the middle for me. The combat stayed engaging for a long time, and it has a clear identity instead of feeling generic, but the experience still loses momentum in places. I could still recommend it with the right expectations.",FALSE
203215,661280,"This was a really solid surprise. It has a clear identity instead of feeling generic, and it works well as a solo game. I would play more of it without much hesitation.",TRUE
203216,205230,"I ended up liking this more than I expected. Once the controls clicked, the platforming was fun, and the humor landed more often than not. For the right player, this is a very easy recommendation.",TRUE
203217,227780,"I can see why this game has a strong audience. The atmosphere is one of its biggest strengths, and the mood is consistent from start to finish. I would recommend it, especially if the tags already sound appealing to you.",TRUE
203218,975980,"I had mixed feelings, but it was still interesting enough to finish a session or two.",TRUE
203219,212050,"I ended up liking this more than I expected. It works well as a solo game, and it was easy to keep moving from one objective to the next. For the right player, this is a very easy recommendation.",TRUE
203220,626510,"I can see why this game has a strong audience. It has a light tone that makes it easy to keep going, and it works well as a solo game. For the right player, this is a very easy recommendation.",TRUE
203221,932980,"I had a good time with this one. I had to think through each decision, and it works well as a solo game. I would play more of it without much hesitation.",TRUE
203222,844930,"I can see why this game has a strong audience. It is easy to enjoy this at your own pace, and it works well as a solo game. For the right player, this is a very easy recommendation.",TRUE
203223,46270,"After a few sessions, this one won me over. The progression system felt rewarding, and it works well as a solo game. It does enough well that I would point other people toward it.",TRUE
203224,692830,"After a few sessions, this one won me over. It feels like a small project with real personality, and the pacing worked well for an adventure game. It does enough well that I would point other people toward it.",TRUE
203225,728050,"This was not a terrible game, just a disappointing one for me. I could see some appeal because the slower pace worked in its favor and turn-based decisions gave the game more depth, but the game still felt too uneven overall. It might work for other people, but it was not for me.",FALSE
203226,763410,"I ended up liking this more than I expected. The combat stayed engaging for a long time, and the moment-to-moment gameplay felt sharp. I would play more of it without much hesitation.",TRUE
203227,845460,"It is a decent game, even if it never fully clicked for me. It works well when i want something low pressure, and solving things felt satisfying more often than frustrating, but the experience still loses momentum in places. Whether you like it probably depends on how much you enjoy this genre.",FALSE
203228,840230,"This is an easy game for me to recommend. It feels like a small project with real personality, and it works well as a solo game. It does enough well that I would point other people toward it.",TRUE
203229,765210,"After a few sessions, this one won me over. It has a clear identity instead of feeling generic, and it does a good job selling the simulation idea. I would play more of it without much hesitation.",TRUE
203230,330460,"This lands somewhere in the middle for me. The combat stayed engaging for a long time, and the systems are detailed enough to stay interesting, but the experience still loses momentum in places. I would call it a cautious recommendation at best.",FALSE
203231,288160,"I ended up liking this more than I expected. It is easy to pick up for a short session, and solving things felt satisfying more often than frustrating. It is worth trying if this genre is already in your wheelhouse.",TRUE
203232,860820,"I had a good time with this one. It works well when i want something low pressure, and it is easy to pick up for a short session. I would play more of it without much hesitation.",TRUE
203233,1025270,"It is a decent game, even if it never fully clicked for me. The combat stayed engaging for a long time, and the moment-to-moment gameplay felt sharp, but the experience still loses momentum in places. Whether you like it probably depends on how much you enjoy this genre.",TRUE
203234,904950,"There are some good ideas here, but it did not fully work for me. I could see some appeal because it has a clear identity instead of feeling generic and it is easy to pick up for a short session, but the game still felt too uneven overall. I would wait for a discount before suggesting it to anyone else.",FALSE
203235,1053730,"This is an easy game for me to recommend. This feels much better with friends, and the atmosphere is one of its biggest strengths. I would recommend it, especially if the tags already sound appealing to you.",TRUE
203236,355530,"It is a decent game, even if it never fully clicked for me. Building out a character was satisfying, and the story kept me interested, but the experience still loses momentum in places. I could still recommend it with the right expectations.",FALSE
203237,254960,"It was fine overall, even if nothing about it really stood out to me.",TRUE
203238,654250,"I can see what the game is aiming for, but the execution feels uneven. I could see some appeal because it has a clear identity instead of feeling generic and it does a good job selling the simulation idea, but the game still felt too uneven overall. There is something here, but I cannot honestly recommend it as it is.",FALSE
203239,225080,"I ended up liking this more than I expected. It was easy to keep moving from one objective to the next, and the puzzle design was solid without feeling unfair. For the right player, this is a very easy recommendation.",TRUE
203240,906680,"This feels average to me, though I can still see the appeal for the right player.",FALSE
203241,710550,"I had a good time with this one. It feels like a small project with real personality, and it has a clear identity instead of feeling generic. I would play more of it without much hesitation.",TRUE
203242,879100,"This feels like a game with clear strengths and clear weaknesses. The combat stayed engaging for a long time, and the moment-to-moment gameplay felt sharp, but the experience still loses momentum in places. It is not a must-play, but I can understand why some people enjoy it.",FALSE
203243,328710,"I had a good time with this one. Resource management added real tension, and it has a clear identity instead of feeling generic. I would recommend it, especially if the tags already sound appealing to you.",TRUE
203244,372560,"I ended up liking this more than I expected. It was easy to keep moving from one objective to the next, and the pacing worked well for an adventure game. I would play more of it without much hesitation.",TRUE
203245,55100,"There is a lot to like here, but also a few obvious issues. The shooting feels responsive enough to carry the game, and exploring the world was the best part, but the experience still loses momentum in places. Whether you like it probably depends on how much you enjoy this genre.",FALSE
203246,492850,"There is a lot to like here, but also a few obvious issues. It is easy to pick up for a short session, and I had to think through each decision, but the experience still loses momentum in places. I would call it a cautious recommendation at best.",TRUE
203247,778080,"After a few sessions, this one won me over. The pacing worked well for an adventure game, and once the controls clicked, the platforming was fun. It is worth trying if this genre is already in your wheelhouse.",TRUE
203248,750920,"I ended up liking this more than I expected. The writing was stronger than i expected, and the pacing worked well for an adventure game. For the right player, this is a very easy recommendation.",TRUE
203249,611350,"I had a good time with this one. The co-op side adds a lot of replay value, and the moment-to-moment gameplay felt sharp. It is worth trying if this genre is already in your wheelhouse.",TRUE
203250,1035890,"I ended up liking this more than I expected. The puzzle design was solid without feeling unfair, and it works well when I want something low pressure. I would play more of it without much hesitation.",TRUE
203251,351060,"There are some good ideas here, but it did not fully work for me. I could see some appeal because the pacing worked well for an adventure game and it has a clear identity instead of feeling generic, but the game still felt too uneven overall. It might work for other people, but it was not for me.",FALSE
203252,659480,"After a few sessions, this one won me over. The combat stayed engaging for a long time, and it is easy to enjoy this at your own pace. For the right player, this is a very easy recommendation.",TRUE
203253,21010,"I ended up liking this more than I expected. The pacing worked well for an adventure game, and the moment-to-moment gameplay felt sharp. For the right player, this is a very easy recommendation.",TRUE
203254,598350,"This is an easy game for me to recommend. The story kept me interested, and it has a clear identity instead of feeling generic. I would play more of it without much hesitation.",TRUE
203255,565490,"Parts of it are interesting, but the overall experience felt weak. I could see some appeal because it feels like a small project with real personality and the combat stayed engaging for a long time, but the game still felt too uneven overall. I would only recommend it to someone who is already very into this niche.",FALSE
203256,301120,"This was a really solid surprise. The management layer made the game easy to sink time into, and the strategic layer kept me paying attention. I would play more of it without much hesitation.",TRUE
203257,408250,"I have mixed feelings about this game. Matches stayed lively even after a few rounds, and exploring the world was the best part, but the experience still loses momentum in places. I would call it a cautious recommendation at best.",TRUE
203258,323720,"This feels like a game with clear strengths and clear weaknesses. It makes sense why people keep returning to it, and the story kept me interested, but the experience still loses momentum in places. Whether you like it probably depends on how much you enjoy this genre.",FALSE
203259,456690,"This was a really solid surprise. It was easy to keep moving from one objective to the next, and the strategic layer kept me paying attention. I would play more of it without much hesitation.",TRUE
203260,410120,"After a few sessions, this one won me over. The puzzle design was solid without feeling unfair, and the pacing worked well for an adventure game. I would recommend it, especially if the tags already sound appealing to you.",TRUE
203261,364230,"I ended up liking this more than I expected. The puzzle design was solid without feeling unfair, and the combat stayed engaging for a long time. It is worth trying if this genre is already in your wheelhouse.",TRUE
203262,793410,"I ended up liking this more than I expected. Building out a character was satisfying, and it has a clear identity instead of feeling generic. I would recommend it, especially if the tags already sound appealing to you.",TRUE
203263,219990,"This is an easy game for me to recommend. The progression system felt rewarding, and building out a character was satisfying. For the right player, this is a very easy recommendation.",TRUE
203264,358210,"I had mixed feelings, but it was still interesting enough to finish a session or two.",TRUE
203265,762120,"I can see what the game is aiming for, but the execution feels uneven. I could see some appeal because it was easy to keep moving from one objective to the next and it is easy to pick up for a short session, but the game still felt too uneven overall. I would wait for a discount before suggesting it to anyone else.",FALSE
203266,716490,"This was a really solid surprise. The systems are detailed enough to stay interesting, and it feels like a small project with real personality. It does enough well that I would point other people toward it.",TRUE
203267,209060,"I can see why this game has a strong audience. The gunplay is the main reason i kept playing, and it has a light tone that makes it easy to keep going. I would play more of it without much hesitation.",TRUE
203268,696020,"I had a good time with this one. It was easy to keep moving from one objective to the next, and the pacing worked well for an adventure game. It is worth trying if this genre is already in your wheelhouse.",TRUE
203269,852390,"I had a good time with this one. Once the controls clicked, the platforming was fun, and solving things felt satisfying more often than frustrating. It is worth trying if this genre is already in your wheelhouse.",TRUE
203270,498340,"This was a really solid surprise. It has a clear identity instead of feeling generic, and crafting gave the loop some momentum. I would recommend it, especially if the tags already sound appealing to you.",TRUE
203271,200900,"This is an easy game for me to recommend. It works well as a solo game, and the writing was stronger than I expected. I would play more of it without much hesitation.",TRUE
203272,249190,"I do not think this came together as well as it could have. I could see some appeal because the combat stayed engaging for a long time and it has a clear identity instead of feeling generic, but the game still felt too uneven overall. It might work for other people, but it was not for me.",FALSE
203273,749710,"This was not a terrible game, just a disappointing one for me. I could see some appeal because the systems are detailed enough to stay interesting and it is easy to pick up for a short session, but the game still felt too uneven overall. I would only recommend it to someone who is already very into this niche.",FALSE
203274,207930,"I can see why this game has a strong audience. Building out a character was satisfying, and matches stayed lively even after a few rounds. It does enough well that I would point other people toward it.",TRUE
203275,622470,"Parts of it are interesting, but the overall experience felt weak. I could see some appeal because exploring the world was the best part and the moment-to-moment gameplay felt sharp, but the game still felt too uneven overall. I would only recommend it to someone who is already very into this niche.",FALSE
203276,316660,"This was a really solid surprise. The strategic layer kept me paying attention, and it works well when I want something low pressure. It does enough well that I would point other people toward it.",TRUE
203277,201210,"I can see why this game has a strong audience. I had to think through each decision, and it is easy to enjoy this at your own pace. It is worth trying if this genre is already in your wheelhouse.",TRUE
203278,700830,"I ended up liking this more than I expected. It feels like a small project with real personality, and it works well when I want something low pressure. It is worth trying if this genre is already in your wheelhouse.",TRUE
203279,416680,"This was a really solid surprise. I had to think through each decision, and it builds tension well when you let it breathe. I would recommend it, especially if the tags already sound appealing to you.",TRUE
203280,630080,"This is an easy game for me to recommend. It is easy to pick up for a short session, and it does a good job selling the simulation idea. I would play more of it without much hesitation.",TRUE
203281,254700,"I had a good time with this one. The shooting feels responsive enough to carry the game, and the combat stayed engaging for a long time. For the right player, this is a very easy recommendation.",TRUE
203282,206410,"Not amazing and not terrible, just a fairly middle-of-the-road experience.",FALSE
203283,872820,"It was fine overall, even if nothing about it really stood out to me.",FALSE
203284,448820,"This feels like a game with clear strengths and clear weaknesses. It was easy to keep moving from one objective to the next, and the pacing worked well for an adventure game, but the experience still loses momentum in places. I could still recommend it with the right expectations.",FALSE
203285,601640,"There is a lot to like here, but also a few obvious issues. It feels like a small project with real personality, and the combat stayed engaging for a long time, but the experience still loses momentum in places. I would call it a cautious recommendation at best.",FALSE
203286,620130,"I can see why this game has a strong audience. Survival pressure made the sessions memorable, and it is easy to enjoy this at your own pace. It is worth trying if this genre is already in your wheelhouse.",TRUE
203287,546650,"I enjoyed parts of it more than the whole package. It feels like a small project with real personality, and it has a clear identity instead of feeling generic, but the experience still loses momentum in places. I would call it a cautious recommendation at best.",FALSE
203288,543720,"This was a really solid surprise. The moment-to-moment gameplay felt sharp, and the combat stayed engaging for a long time. For the right player, this is a very easy recommendation.",TRUE
203289,245050,"I have mixed feelings about this game. The strategic layer kept me paying attention, and I had to think through each decision, but the experience still loses momentum in places. There is enough here to keep it interesting, even if it is not an easy recommendation.",TRUE
203290,520270,"This was a really solid surprise. It is easy to enjoy this at your own pace, and it works well as a solo game. For the right player, this is a very easy recommendation.",TRUE
203291,22610,"I ended up liking this more than I expected. The combat stayed engaging for a long time, and this feels much better with friends. I would play more of it without much hesitation.",TRUE
203292,705380,"I had a good time with this one. Putting things together was genuinely satisfying, and the combat stayed engaging for a long time. For the right player, this is a very easy recommendation.",TRUE
203293,328680,"This lands somewhere in the middle for me. It works well when i want something low pressure, and it is easy to enjoy this at your own pace, but the experience still loses momentum in places. It is not a must-play, but I can understand why some people enjoy it.",TRUE
203294,841340,"After a few sessions, this one won me over. Solving things felt satisfying more often than frustrating, and it has a clear identity instead of feeling generic. I would recommend it, especially if the tags already sound appealing to you.",TRUE
203295,771120,"This was not a terrible game, just a disappointing one for me. I could see some appeal because it works well as a solo game and it feels like a small project with real personality, but the game still felt too uneven overall. I would wait for a discount before suggesting it to anyone else.",FALSE
203296,266010,"I had a good time with this one. It works well when i want something low pressure, and the moment-to-moment gameplay felt sharp. For the right player, this is a very easy recommendation.",TRUE
203297,672590,"This is an easy game for me to recommend. The strategic layer kept me paying attention, and it feels like a small project with real personality. It is worth trying if this genre is already in your wheelhouse.",TRUE
203298,407330,"After a few sessions, this one won me over. The pacing worked well for an adventure game, and it works well as a solo game. I would play more of it without much hesitation.",TRUE
203299,627570,"This is an easy game for me to recommend. The combat stayed engaging for a long time, and it feels like a small project with real personality. For the right player, this is a very easy recommendation.",TRUE
203300,603340,"There are some good ideas here, but it did not fully work for me. I could see some appeal because the moment-to-moment gameplay felt sharp and it has a clear identity instead of feeling generic, but the game still felt too uneven overall. There is something here, but I cannot honestly recommend it as it is.",FALSE
203301,619430,"There are some good ideas here, but it did not fully work for me. I could see some appeal because it has a clear identity instead of feeling generic and I liked having room to experiment, but the game still felt too uneven overall. It might work for other people, but it was not for me.",FALSE
203302,832690,"This lands somewhere in the middle for me. Resource management added real tension, and the strategic layer kept me paying attention, but the experience still loses momentum in places. I would call it a cautious recommendation at best.",FALSE
203303,796980,"This was not a terrible game, just a disappointing one for me. I could see some appeal because the moment-to-moment gameplay felt sharp and solving things felt satisfying more often than frustrating, but the game still felt too uneven overall. I would only recommend it to someone who is already very into this niche.",FALSE
203304,666620,A decent game with some strengths and some obvious rough edges.,FALSE
203305,363610,"I can see what the game is aiming for, but the execution feels uneven. I could see some appeal because it works well as a solo game and it has a clear identity instead of feeling generic, but the game still felt too uneven overall. I do not regret trying it, but I would not rush to recommend it.",FALSE
203306,994610,"This was a really solid surprise. It works well when i want something low pressure, and it is easy to pick up for a short session. It does enough well that I would point other people toward it.",TRUE
203307,856490,"This was a really solid surprise. The systems are detailed enough to stay interesting, and it has a clear identity instead of feeling generic. It is worth trying if this genre is already in your wheelhouse.",TRUE
203308,568470,"This was a really solid surprise. It was easy to keep moving from one objective to the next, and the pacing worked well for an adventure game. For the right player, this is a very easy recommendation.",TRUE
203309,935880,"This is an easy game for me to recommend. It is easy to enjoy this at your own pace, and the atmosphere is one of its biggest strengths. I would recommend it, especially if the tags already sound appealing to you.",TRUE
203310,247080,"I can see why this game has a strong audience. The moment-to-moment gameplay felt sharp, and building out a character was satisfying. It does enough well that I would point other people toward it.",TRUE
203311,801500,"Parts of it are interesting, but the overall experience felt weak. I could see some appeal because it does a good job selling the simulation idea and it feels like a small project with real personality, but the game still felt too uneven overall. I would only recommend it to someone who is already very into this niche.",FALSE
203312,372820,"It is a decent game, even if it never fully clicked for me. The combat stayed engaging for a long time, and it has a clear identity instead of feeling generic, but the experience still loses momentum in places. It is not a must-play, but I can understand why some people enjoy it.",TRUE
203313,993750,"There are some good ideas here, but it did not fully work for me. I could see some appeal because the story kept me interested and building out a character was satisfying, but the game still felt too uneven overall. I do not regret trying it, but I would not rush to recommend it.",FALSE
203314,260230,"I ended up liking this more than I expected. The puzzle design was solid without feeling unfair, and the atmosphere is one of its biggest strengths. It does enough well that I would point other people toward it.",TRUE
203315,505080,"I enjoyed parts of it more than the whole package. The pacing worked well for an adventure game, and it was easy to keep moving from one objective to the next, but the experience still loses momentum in places. There is enough here to keep it interesting, even if it is not an easy recommendation.",FALSE
203316,757540,"I had a good time with this one. It does a good job selling the simulation idea, and it has a clear identity instead of feeling generic. I would play more of it without much hesitation.",TRUE
203317,46440,"I can see what the game is aiming for, but the execution feels uneven. I could see some appeal because matches stayed lively even after a few rounds and it is easy to enjoy this at your own pace, but the game still felt too uneven overall. I do not regret trying it, but I would not rush to recommend it.",FALSE
203318,375170,"This was a really solid surprise. It is easy to pick up for a short session, and the moment-to-moment gameplay felt sharp. I would play more of it without much hesitation.",TRUE
203319,752550,"This lands somewhere in the middle for me. It has a clear identity instead of feeling generic, and the moment-to-moment gameplay felt sharp, but the experience still loses momentum in places. I would call it a cautious recommendation at best.",FALSE
203320,649120,"This was a really solid surprise. It is easy to pick up for a short session, and it has a clear identity instead of feeling generic. It does enough well that I would point other people toward it.",TRUE
203321,645440,"This was not a terrible game, just a disappointing one for me. I could see some appeal because it is easy to pick up for a short session and it feels like a small project with real personality, but the game still felt too uneven overall. There is something here, but I cannot honestly recommend it as it is.",FALSE
203322,687510,"I had a good time with this one. The moment-to-moment gameplay felt sharp, and the combat stayed engaging for a long time. I would play more of it without much hesitation.",TRUE
203323,435420,A decent game with some strengths and some obvious rough edges.,FALSE
203324,459760,"I have mixed feelings about this game. Crafting gave the loop some momentum, and building out a character was satisfying, but the experience still loses momentum in places. It is not a must-play, but I can understand why some people enjoy it.",FALSE
203325,750960,"I can see why this game has a strong audience. It has a clear identity instead of feeling generic, and the atmosphere is one of its biggest strengths. For the right player, this is a very easy recommendation.",TRUE
203326,462100,"After a few sessions, this one won me over. The shooting feels responsive enough to carry the game, and the gunplay is the main reason I kept playing. It does enough well that I would point other people toward it.",TRUE
203327,508680,"It is a decent game, even if it never fully clicked for me. The systems are detailed enough to stay interesting, and it does a good job selling the simulation idea, but the experience still loses momentum in places. Whether you like it probably depends on how much you enjoy this genre.",FALSE
203328,282070,"I ended up liking this more than I expected. It is easy to enjoy this at your own pace, and resource management added real tension. I would play more of it without much hesitation.",TRUE
203329,368310,"I had a good time with this one. It has a clear identity instead of feeling generic, and it does a good job selling the simulation idea. It does enough well that I would point other people toward it.",TRUE
203330,989450,"I had a good time with this one. The pacing worked well for an adventure game, and it feels like a small project with real personality. I would play more of it without much hesitation.",TRUE
203331,882600,"I can see what the game is aiming for, but the execution feels uneven. I could see some appeal because it feels like a small project with real personality and it works well as a solo game, but the game still felt too uneven overall. I would only recommend it to someone who is already very into this niche.",FALSE
203332,743100,"This was a really solid surprise. The shooting feels responsive enough to carry the game, and it feels like a small project with real personality. I would play more of it without much hesitation.",TRUE
203333,914170,"This was a really solid surprise. The pacing worked well for an adventure game, and the progression system felt rewarding. It does enough well that I would point other people toward it.",TRUE
203334,717240,"I wanted to like this more than I did. I could see some appeal because the combat stayed engaging for a long time and the moment-to-moment gameplay felt sharp, but the game still felt too uneven overall. I would wait for a discount before suggesting it to anyone else.",FALSE
203335,708150,"This is an easy game for me to recommend. It works well when i want something low pressure, and the moment-to-moment gameplay felt sharp. It is worth trying if this genre is already in your wheelhouse.",TRUE
203336,287720,"After a few sessions, this one won me over. It is easy to pick up for a short session, and the pacing worked well for an adventure game. I would play more of it without much hesitation.",TRUE
203337,339500,"This lands somewhere in the middle for me. It works well when i want something low pressure, and it feels like a small project with real personality, but the experience still loses momentum in places. There is enough here to keep it interesting, even if it is not an easy recommendation.",TRUE
203338,293180,"I had a good time with this one. The shooting feels responsive enough to carry the game, and the atmosphere carried a lot of the experience. I would recommend it, especially if the tags already sound appealing to you.",TRUE
203339,822130,"This was not a terrible game, just a disappointing one for me. I could see some appeal because the pacing worked well for an adventure game and it has a clear identity instead of feeling generic, but the game still felt too uneven overall. I do not regret trying it, but I would not rush to recommend it.",FALSE
203340,730580,"I enjoyed parts of it more than the whole package. The moment-to-moment gameplay felt sharp, and the handling felt good after a short adjustment period, but the experience still loses momentum in places. I would call it a cautious recommendation at best.",FALSE
203341,520230,"I can see why this game has a strong audience. It has a clear identity instead of feeling generic, and the moment-to-moment gameplay felt sharp. For the right player, this is a very easy recommendation.",TRUE
203342,697550,"I had a good time with this one. It has a clear identity instead of feeling generic, and it is easy to enjoy this at your own pace. I would play more of it without much hesitation.",TRUE
203343,444580,"This lands somewhere in the middle for me. The atmosphere is one of its biggest strengths, and it works well when I want something low pressure, but the experience still loses momentum in places. There is enough here to keep it interesting, even if it is not an easy recommendation.",TRUE
203344,263940,"This was a really solid surprise. It does a good job selling the simulation idea, and the systems are detailed enough to stay interesting. It is worth trying if this genre is already in your wheelhouse.",TRUE
203345,521990,"I had a good time with this one. The combat stayed engaging for a long time, and it feels like a small project with real personality. It is worth trying if this genre is already in your wheelhouse.",TRUE
203346,1014280,"This was a really solid surprise. It is easy to enjoy this at your own pace, and it is easy to pick up for a short session. For the right player, this is a very easy recommendation.",TRUE
203347,458060,"I enjoyed parts of it more than the whole package. It works well when i want something low pressure, and it is easy to pick up for a short session, but the experience still loses momentum in places. It is not a must-play, but I can understand why some people enjoy it.",TRUE
203348,842130,"I enjoyed parts of it more than the whole package. It is easy to pick up for a short session, and it works well when I want something low pressure, but the experience still loses momentum in places. It is not a must-play, but I can understand why some people enjoy it.",TRUE
203349,544380,"I had a good time with this one. It feels like a small project with real personality, and the combat stayed engaging for a long time. It does enough well that I would point other people toward it.",TRUE
203350,573170,"This lands somewhere in the middle for me. It is easy to enjoy this at your own pace, and turn-based decisions gave the game more depth, but the experience still loses momentum in places. I could still recommend it with the right expectations.",FALSE
203351,289520,"I can see why this game has a strong audience. The slower pace worked in its favor, and turn-based decisions gave the game more depth. It is worth trying if this genre is already in your wheelhouse.",TRUE
203352,383840,"I had a good time with this one. The building side gave me a reason to keep playing, and it is easy to enjoy this at your own pace. For the right player, this is a very easy recommendation.",TRUE
203353,532690,"This is an easy game for me to recommend. It does a good job selling the simulation idea, and it was easy to keep moving from one objective to the next. I would play more of it without much hesitation.",TRUE
203354,520610,"This was a really solid surprise. I had to think through each decision, and the slower pace worked in its favor. It is worth trying if this genre is already in your wheelhouse.",TRUE
203355,395160,"This was a really solid surprise. It feels like a small project with real personality, and once the controls clicked, the platforming was fun. It does enough well that I would point other people toward it.",TRUE
203356,105420,"This lands somewhere in the middle for me. It is easy to enjoy this at your own pace, and movement feels better than I expected, but the experience still loses momentum in places. I could still recommend it with the right expectations.",FALSE
203357,380020,"I had a good time with this one. The progression system felt rewarding, and it is easy to enjoy this at your own pace. It does enough well that I would point other people toward it.",TRUE
203358,1056710,"I have mixed feelings about this game. It does a good job selling the simulation idea, and it is easy to enjoy this at your own pace, but the experience still loses momentum in places. I would call it a cautious recommendation at best.",FALSE
203359,324750,"There is a lot to like here, but also a few obvious issues. It does a good job selling the simulation idea, and the handling felt good after a short adjustment period, but the experience still loses momentum in places. It is not a must-play, but I can understand why some people enjoy it.",FALSE
203360,937140,"It is a decent game, even if it never fully clicked for me. Once the controls clicked, the platforming was fun, and movement feels better than I expected, but the experience still loses momentum in places. I would call it a cautious recommendation at best.",FALSE
203361,10130,"I had a good time with this one. The shooting feels responsive enough to carry the game, and it is easy to enjoy this at your own pace. For the right player, this is a very easy recommendation.",TRUE
203362,578610,"This was a really solid surprise. The moment-to-moment gameplay felt sharp, and it has a clear identity instead of feeling generic. For the right player, this is a very easy recommendation.",TRUE
203363,632840,"There is a lot to like here, but also a few obvious issues. It has a clear identity instead of feeling generic, and it feels like a small project with real personality, but the experience still loses momentum in places. I would call it a cautious recommendation at best.",TRUE
203364,1023320,"I can see why this game has a strong audience. It makes sense why people keep returning to it, and the combat stayed engaging for a long time. For the right player, this is a very easy recommendation.",TRUE
203365,694370,"This feels like a game with clear strengths and clear weaknesses. The pacing worked well for an adventure game, and the mood is consistent from start to finish, but the experience still loses momentum in places. It is not a must-play, but I can understand why some people enjoy it.",FALSE
203366,387010,"I had a good time with this one. It was easy to keep moving from one objective to the next, and the combat stayed engaging for a long time. For the right player, this is a very easy recommendation.",TRUE
203367,390340,"I can see what the game is aiming for, but the execution feels uneven. I could see some appeal because the atmosphere carried a lot of the experience and it works well as a solo game, but the game still felt too uneven overall. I do not regret trying it, but I would not rush to recommend it.",FALSE
203368,797410,"I enjoyed parts of it more than the whole package. It feels like a small project with real personality, and it has a light tone that makes it easy to keep going, but the experience still loses momentum in places. I could still recommend it with the right expectations.",TRUE
203369,427570,"I wanted to like this more than I did. I could see some appeal because it has a clear identity instead of feeling generic and the strategic layer kept me paying attention, but the game still felt too uneven overall. There is something here, but I cannot honestly recommend it as it is.",FALSE
203370,252270,"This lands somewhere in the middle for me. The humor landed more often than not, and it feels like a small project with real personality, but the experience still loses momentum in places. I could still recommend it with the right expectations.",FALSE
203371,758220,"I enjoyed parts of it more than the whole package. It was easy to keep moving from one objective to the next, and it has a clear identity instead of feeling generic, but the experience still loses momentum in places. Whether you like it probably depends on how much you enjoy this genre.",FALSE
203372,417750,"I had a good time with this one. The atmosphere carried a lot of the experience, and the puzzle design was solid without feeling unfair. It does enough well that I would point other people toward it.",TRUE
203373,731680,"There are some good ideas here, but it did not fully work for me. I could see some appeal because it has a clear identity instead of feeling generic and the progression system felt rewarding, but the game still felt too uneven overall. I would wait for a discount before suggesting it to anyone else.",FALSE
203374,471570,"After a few sessions, this one won me over. The mood is consistent from start to finish, and solving things felt satisfying more often than frustrating. I would recommend it, especially if the tags already sound appealing to you.",TRUE
203375,349530,"After a few sessions, this one won me over. It is easy to pick up for a short session, and it has a clear identity instead of feeling generic. For the right player, this is a very easy recommendation.",TRUE
203376,621970,"There are some good ideas here, but it did not fully work for me. I could see some appeal because the moment-to-moment gameplay felt sharp and it is easy to pick up for a short session, but the game still felt too uneven overall. I do not regret trying it, but I would not rush to recommend it.",FALSE
203377,656560,"This lands somewhere in the middle for me. It does a good job selling the simulation idea, and the systems are detailed enough to stay interesting, but the experience still loses momentum in places. Whether you like it probably depends on how much you enjoy this genre.",FALSE
203378,911220,"After a few sessions, this one won me over. The moment-to-moment gameplay felt sharp, and the progression system felt rewarding. I would play more of it without much hesitation.",TRUE
203379,723540,"I have mixed feelings about this game. The combat stayed engaging for a long time, and it feels like a small project with real personality, but the experience still loses momentum in places. Whether you like it probably depends on how much you enjoy this genre.",TRUE
203380,954010,"I ended up liking this more than I expected. It is easy to pick up for a short session, and matches stayed lively even after a few rounds. I would recommend it, especially if the tags already sound appealing to you.",TRUE
203381,459820,"I had a good time with this one. It works well when i want something low pressure, and it has a light tone that makes it easy to keep going. For the right player, this is a very easy recommendation.",TRUE
203382,639960,"I had a good time with this one. The systems are detailed enough to stay interesting, and it does a good job selling the simulation idea. I would recommend it, especially if the tags already sound appealing to you.",TRUE
203383,646820,"There is a lot to like here, but also a few obvious issues. The strategic layer kept me paying attention, and I had to think through each decision, but the experience still loses momentum in places. It is not a must-play, but I can understand why some people enjoy it.",FALSE
203384,425010,"I enjoyed parts of it more than the whole package. The combat stayed engaging for a long time, and the moment-to-moment gameplay felt sharp, but the experience still loses momentum in places. I would call it a cautious recommendation at best.",FALSE
203385,6510,"After a few sessions, this one won me over. The atmosphere is one of its biggest strengths, and the co-op side adds a lot of replay value. It is worth trying if this genre is already in your wheelhouse.",TRUE
203386,641780,A decent game with some strengths and some obvious rough edges.,TRUE
203387,478010,"I had a good time with this one. It works well when i want something low pressure, and it is easy to pick up for a short session. It is worth trying if this genre is already in your wheelhouse.",TRUE
203388,237870,"I enjoyed parts of it more than the whole package. It works well as a solo game, and exploring the world was the best part, but the experience still loses momentum in places. I would call it a cautious recommendation at best.",FALSE
203389,366800,"This lands somewhere in the middle for me. The pacing worked well for an adventure game, and it has a clear identity instead of feeling generic, but the experience still loses momentum in places. Whether you like it probably depends on how much you enjoy this genre.",FALSE
203390,546660,"This was not a terrible game, just a disappointing one for me. I could see some appeal because it was easy to keep moving from one objective to the next and the moment-to-moment gameplay felt sharp, but the game still felt too uneven overall. There is something here, but I cannot honestly recommend it as it is.",FALSE
203391,225640,"I can see why this game has a strong audience. Exploring the world was the best part, and building out a character was satisfying. It does enough well that I would point other people toward it.",TRUE
203392,847660,"I can see what the game is aiming for, but the execution feels uneven. I could see some appeal because the story kept me interested and it feels like a small project with real personality, but the game still felt too uneven overall. I would wait for a discount before suggesting it to anyone else.",FALSE
203393,750330,"After a few sessions, this one won me over. It has a clear identity instead of feeling generic, and it works well when I want something low pressure. I would play more of it without much hesitation.",TRUE
203394,701280,"I can see why this game has a strong audience. It makes sense why people keep returning to it, and it is easy to pick up for a short session. It is worth trying if this genre is already in your wheelhouse.",TRUE
203395,399430,"I ended up liking this more than I expected. The moment-to-moment gameplay felt sharp, and once the controls clicked, the platforming was fun. It is worth trying if this genre is already in your wheelhouse.",TRUE
203396,863430,"This was a really solid surprise. The writing was stronger than i expected, and it works well as a solo game. For the right player, this is a very easy recommendation.",TRUE
203397,942300,"I can see what the game is aiming for, but the execution feels uneven. I could see some appeal because it builds tension well when you let it breathe and the story kept me interested, but the game still felt too uneven overall. I would only recommend it to someone who is already very into this niche.",FALSE
203398,826460,"I have mixed feelings about this game. The atmosphere carried a lot of the experience, and it was easy to keep moving from one objective to the next, but the experience still loses momentum in places. It is not a must-play, but I can understand why some people enjoy it.",TRUE
203399,929140,"I ended up liking this more than I expected. It feels like a small project with real personality, and it works well when I want something low pressure. For the right player, this is a very easy recommendation.",TRUE
203400,543460,"It is a decent game, even if it never fully clicked for me. The world gives you plenty to do, and it works well as a solo game, but the experience still loses momentum in places. There is enough here to keep it interesting, even if it is not an easy recommendation.",TRUE
203401,557830,"This feels average to me, though I can still see the appeal for the right player.",TRUE
203402,950570,"I ended up liking this more than I expected. It works well when i want something low pressure, and the strategic layer kept me paying attention. I would play more of it without much hesitation.",TRUE
203403,416850,"This is an easy game for me to recommend. It is easy to pick up for a short session, and it has a clear identity instead of feeling generic. It is worth trying if this genre is already in your wheelhouse.",TRUE
203404,891350,"This is an easy game for me to recommend. The moment-to-moment gameplay felt sharp, and the pacing worked well for an adventure game. For the right player, this is a very easy recommendation.",TRUE
203405,1036870,"It was fine overall, even if nothing about it really stood out to me.",TRUE
203406,257790,"I ended up liking this more than I expected. Matches stayed lively even after a few rounds, and the combat stayed engaging for a long time. For the right player, this is a very easy recommendation.",TRUE
203407,337450,"After a few sessions, this one won me over. It has a clear identity instead of feeling generic, and once the controls clicked, the platforming was fun. For the right player, this is a very easy recommendation.",TRUE
203408,1033580,"After a few sessions, this one won me over. The atmosphere is one of its biggest strengths, and it is easy to enjoy this at your own pace. I would play more of it without much hesitation.",TRUE
203409,856370,"There is a lot to like here, but also a few obvious issues. It feels like a small project with real personality, and the progression system felt rewarding, but the experience still loses momentum in places. I could still recommend it with the right expectations.",FALSE
203410,333100,"It is a decent game, even if it never fully clicked for me. It does a good job selling the simulation idea, and the pacing worked well for an adventure game, but the experience still loses momentum in places. There is enough here to keep it interesting, even if it is not an easy recommendation.",TRUE
203411,841790,"I can see why this game has a strong audience. It builds tension well when you let it breathe, and the atmosphere carried a lot of the experience. It does enough well that I would point other people toward it.",TRUE
203412,362810,"After a few sessions, this one won me over. It feels like a small project with real personality, and matches stayed lively even after a few rounds. For the right player, this is a very easy recommendation.",TRUE
203413,386600,"It is a decent game, even if it never fully clicked for me. The moment-to-moment gameplay felt sharp, and once the controls clicked, the platforming was fun, but the experience still loses momentum in places. It is not a must-play, but I can understand why some people enjoy it.",FALSE
203414,323060,"I enjoyed parts of it more than the whole package. It has a clear identity instead of feeling generic, and I had to think through each decision, but the experience still loses momentum in places. It is not a must-play, but I can understand why some people enjoy it.",FALSE
203415,288840,"I had a good time with this one. The pacing worked well for an adventure game, and solving things felt satisfying more often than frustrating. I would play more of it without much hesitation.",TRUE
203416,710990,"There are some good ideas here, but it did not fully work for me. I could see some appeal because it is easy to pick up for a short session and it works well when I want something low pressure, but the game still felt too uneven overall. There is something here, but I cannot honestly recommend it as it is.",FALSE
203417,369060,"There are some good ideas here, but it did not fully work for me. I could see some appeal because the pacing worked well for an adventure game and it was easy to keep moving from one objective to the next, but the game still felt too uneven overall. There is something here, but I cannot honestly recommend it as it is.",FALSE
203418,867460,"I have mixed feelings about this game. The combat stayed engaging for a long time, and the pacing worked well for an adventure game, but the experience still loses momentum in places. I could still recommend it with the right expectations.",TRUE
203419,958480,"I had a good time with this one. The moment-to-moment gameplay felt sharp, and it builds tension well when you let it breathe. It does enough well that I would point other people toward it.",TRUE
203420,7610,"This is an easy game for me to recommend. The building side gave me a reason to keep playing, and the management layer made the game easy to sink time into. I would play more of it without much hesitation.",TRUE
203421,588710,"I ended up liking this more than I expected. It is easy to pick up for a short session, and it has a clear identity instead of feeling generic. I would recommend it, especially if the tags already sound appealing to you.",TRUE
203422,810230,"I can see why this game has a strong audience. The atmosphere carried a lot of the experience, and the pacing worked well for an adventure game. It does enough well that I would point other people toward it.",TRUE
203423,485560,"I had a good time with this one. The moment-to-moment gameplay felt sharp, and once the controls clicked, the platforming was fun. I would recommend it, especially if the tags already sound appealing to you.",TRUE
203424,734440,"I can see why this game has a strong audience. It has a clear identity instead of feeling generic, and building out a character was satisfying. It is worth trying if this genre is already in your wheelhouse.",TRUE
203425,1020520,"I can see why this game has a strong audience. The story kept me interested, and it is easy to enjoy this at your own pace. I would play more of it without much hesitation.",TRUE
203426,25500,"There is a lot to like here, but also a few obvious issues. It feels like a small project with real personality, and it does a good job selling the simulation idea, but the experience still loses momentum in places. I could still recommend it with the right expectations.",TRUE
203427,449210,"I can see why this game has a strong audience. Matches stayed lively even after a few rounds, and it has a clear identity instead of feeling generic. I would recommend it, especially if the tags already sound appealing to you.",TRUE
203428,487120,"I ended up liking this more than I expected. The pacing worked well for an adventure game, and I liked having room to experiment. I would play more of it without much hesitation.",TRUE
203429,664620,"I had mixed feelings, but it was still interesting enough to finish a session or two.",FALSE
203430,320670,"This was a really solid surprise. Solving things felt satisfying more often than frustrating, and it works well when I want something low pressure. It does enough well that I would point other people toward it.",TRUE
203431,377070,"Not amazing and not terrible, just a fairly middle-of-the-road experience.",TRUE
203432,558420,"After a few sessions, this one won me over. The writing was stronger than i expected, and solving things felt satisfying more often than frustrating. For the right player, this is a very easy recommendation.",TRUE
203433,417150,"I had a good time with this one. It was easy to keep moving from one objective to the next, and solving things felt satisfying more often than frustrating. It is worth trying if this genre is already in your wheelhouse.",TRUE
203434,761220,"There is a lot to like here, but also a few obvious issues. It has a clear identity instead of feeling generic, and it feels like a small project with real personality, but the experience still loses momentum in places. There is enough here to keep it interesting, even if it is not an easy recommendation.",FALSE
203435,724940,"I enjoyed parts of it more than the whole package. The systems are detailed enough to stay interesting, and it has a clear identity instead of feeling generic, but the experience still loses momentum in places. Whether you like it probably depends on how much you enjoy this genre.",FALSE
203436,684970,"This feels like a game with clear strengths and clear weaknesses. The progression system felt rewarding, and it was easy to keep moving from one objective to the next, but the experience still loses momentum in places. I would call it a cautious recommendation at best.",FALSE
203437,781800,"This lands somewhere in the middle for me. It has a clear identity instead of feeling generic, and it is easy to enjoy this at your own pace, but the experience still loses momentum in places. Whether you like it probably depends on how much you enjoy this genre.",TRUE
203438,737390,"I can see what the game is aiming for, but the execution feels uneven. I could see some appeal because the moment-to-moment gameplay felt sharp and it feels like a small project with real personality, but the game still felt too uneven overall. I would wait for a discount before suggesting it to anyone else.",FALSE
203439,451980,"I ended up liking this more than I expected. It works well when i want something low pressure, and the mood is consistent from start to finish. It is worth trying if this genre is already in your wheelhouse.",TRUE
203440,1030190,"This was a really solid surprise. It is easy to pick up for a short session, and it works well when I want something low pressure. It is worth trying if this genre is already in your wheelhouse.",TRUE
203441,649810,"I can see why this game has a strong audience. The world gives you plenty to do, and the systems are detailed enough to stay interesting. It is worth trying if this genre is already in your wheelhouse.",TRUE
203442,203510,"I can see why this game has a strong audience. It is easy to enjoy this at your own pace, and the combat stayed engaging for a long time. I would play more of it without much hesitation.",TRUE
203443,611850,"I ended up liking this more than I expected. It has a clear identity instead of feeling generic, and it feels like a small project with real personality. It is worth trying if this genre is already in your wheelhouse.",TRUE
203444,469990,"This was a really solid surprise. It is easy to enjoy this at your own pace, and it works well as a solo game. It is worth trying if this genre is already in your wheelhouse.",TRUE
203445,841120,"I had a good time with this one. It was easy to keep moving from one objective to the next, and it has a clear identity instead of feeling generic. I would recommend it, especially if the tags already sound appealing to you.",TRUE
203446,436270,"This was a really solid surprise. The slower pace worked in its favor, and I had to think through each decision. It does enough well that I would point other people toward it.",TRUE
203447,231720,"I wanted to like this more than I did. I could see some appeal because I had to think through each decision and it feels like a small project with real personality, but the game still felt too uneven overall. I do not regret trying it, but I would not rush to recommend it.",FALSE
203448,504300,"I ended up liking this more than I expected. Building out a character was satisfying, and it has a clear identity instead of feeling generic. It does enough well that I would point other people toward it.",TRUE
203449,848300,"This is an easy game for me to recommend. It is easy to pick up for a short session, and it is easy to enjoy this at your own pace. I would play more of it without much hesitation.",TRUE
203450,292930,"After a few sessions, this one won me over. It is easy to enjoy this at your own pace, and the atmosphere is one of its biggest strengths. I would recommend it, especially if the tags already sound appealing to you.",TRUE
203451,834530,"After a few sessions, this one won me over. The atmosphere is one of its biggest strengths, and the mood is consistent from start to finish. I would play more of it without much hesitation.",TRUE
203452,466050,"I ended up liking this more than I expected. The pacing worked well for an adventure game, and it is easy to pick up for a short session. I would play more of it without much hesitation.",TRUE
203453,660390,"This was not a terrible game, just a disappointing one for me. I could see some appeal because it has a clear identity instead of feeling generic and it feels like a small project with real personality, but the game still felt too uneven overall. I would wait for a discount before suggesting it to anyone else.",FALSE
203454,349530,"This lands somewhere in the middle for me. It is easy to pick up for a short session, and it feels like a small project with real personality, but the experience still loses momentum in places. I could still recommend it with the right expectations.",FALSE
203455,1030380,"I can see what the game is aiming for, but the execution feels uneven. I could see some appeal because it feels like a small project with real personality and it has a clear identity instead of feeling generic, but the game still felt too uneven overall. It might work for other people, but it was not for me.",FALSE
203456,827920,"I enjoyed parts of it more than the whole package. It works well when i want something low pressure, and it feels like a small project with real personality, but the experience still loses momentum in places. Whether you like it probably depends on how much you enjoy this genre.",FALSE
203457,935240,"There are some good ideas here, but it did not fully work for me. I could see some appeal because it has a clear identity instead of feeling generic and it works well when I want something low pressure, but the game still felt too uneven overall. There is something here, but I cannot honestly recommend it as it is.",FALSE
203458,650570,"This was a really solid surprise. It builds tension well when you let it breathe, and it has a clear identity instead of feeling generic. It does enough well that I would point other people toward it.",TRUE
203459,381940,"I have mixed feelings about this game. The moment-to-moment gameplay felt sharp, and the combat stayed engaging for a long time, but the experience still loses momentum in places. I would call it a cautious recommendation at best.",FALSE
203460,375320,"There is a lot to like here, but also a few obvious issues. Solving things felt satisfying more often than frustrating, and movement feels better than I expected, but the experience still loses momentum in places. I would call it a cautious recommendation at best.",FALSE
203461,484890,"I ended up liking this more than I expected. It feels like a small project with real personality, and the moment-to-moment gameplay felt sharp. I would recommend it, especially if the tags already sound appealing to you.",TRUE
203462,810630,"After a few sessions, this one won me over. It works well when i want something low pressure, and it feels like a small project with real personality. I would play more of it without much hesitation.",TRUE
203463,714080,"After a few sessions, this one won me over. This feels much better with friends, and the story kept me interested. I would recommend it, especially if the tags already sound appealing to you.",TRUE
203464,979740,"I can see why this game has a strong audience. It feels like a small project with real personality, and it was easy to keep moving from one objective to the next. For the right player, this is a very easy recommendation.",TRUE
203465,888810,"I do not think this came together as well as it could have. I could see some appeal because the pacing worked well for an adventure game and it is easy to enjoy this at your own pace, but the game still felt too uneven overall. It might work for other people, but it was not for me.",FALSE
203466,32440,"I had a good time with this one. Solving things felt satisfying more often than frustrating, and the puzzle design was solid without feeling unfair. It does enough well that I would point other people toward it.",TRUE
203467,61730,"I can see why this game has a strong audience. It works well when i want something low pressure, and this feels much better with friends. It does enough well that I would point other people toward it.",TRUE
203468,416040,"It is a decent game, even if it never fully clicked for me. The gunplay is the main reason i kept playing, and it has a clear identity instead of feeling generic, but the experience still loses momentum in places. There is enough here to keep it interesting, even if it is not an easy recommendation.",TRUE
203469,726070,"There are some good ideas here, but it did not fully work for me. I could see some appeal because it is easy to enjoy this at your own pace and it has a clear identity instead of feeling generic, but the game still felt too uneven overall. There is something here, but I cannot honestly recommend it as it is.",FALSE
203470,510550,"I wanted to like this more than I did. I could see some appeal because turn-based decisions gave the game more depth and the slower pace worked in its favor, but the game still felt too uneven overall. I would wait for a discount before suggesting it to anyone else.",FALSE
203471,772680,"This is an easy game for me to recommend. It works well when i want something low pressure, and it was easy to keep moving from one objective to the next. It does enough well that I would point other people toward it.",TRUE
203472,221640,"This was a really solid surprise. It works well when i want something low pressure, and it feels like a small project with real personality. It does enough well that I would point other people toward it.",TRUE
203473,45100,"This was a really solid surprise. The strategic layer kept me paying attention, and the management layer made the game easy to sink time into. It is worth trying if this genre is already in your wheelhouse.",TRUE
203474,884290,"It is a decent game, even if it never fully clicked for me. It is easy to pick up for a short session, and it has a clear identity instead of feeling generic, but the experience still loses momentum in places. There is enough here to keep it interesting, even if it is not an easy recommendation.",TRUE
203475,446550,"After a few sessions, this one won me over. Putting things together was genuinely satisfying, and it is easy to pick up for a short session. I would recommend it, especially if the tags already sound appealing to you.",TRUE
203476,212700,"Parts of it are interesting, but the overall experience felt weak. I could see some appeal because it feels like a small project with real personality and solving things felt satisfying more often than frustrating, but the game still felt too uneven overall. I do not regret trying it, but I would not rush to recommend it.",FALSE
203477,765610,"I can see why this game has a strong audience. It feels like a small project with real personality, and solving things felt satisfying more often than frustrating. It does enough well that I would point other people toward it.",TRUE
203478,496930,"This was a really solid surprise. It has a clear identity instead of feeling generic, and it feels like a small project with real personality. I would play more of it without much hesitation.",TRUE
203479,209540,"It is a decent game, even if it never fully clicked for me. The gunplay is the main reason i kept playing, and the systems are detailed enough to stay interesting, but the experience still loses momentum in places. Whether you like it probably depends on how much you enjoy this genre.",FALSE
203480,863900,"This was a really solid surprise. It feels like a small project with real personality, and it was easy to keep moving from one objective to the next. For the right player, this is a very easy recommendation.",TRUE
203481,450390,"This is an easy game for me to recommend. The combat stayed engaging for a long time, and matches stayed lively even after a few rounds. It does enough well that I would point other people toward it.",TRUE
203482,736840,"After a few sessions, this one won me over. It does a good job selling the simulation idea, and solving things felt satisfying more often than frustrating. It is worth trying if this genre is already in your wheelhouse.",TRUE
203483,730870,"I ended up liking this more than I expected. The combat stayed engaging for a long time, and the moment-to-moment gameplay felt sharp. It is worth trying if this genre is already in your wheelhouse.",TRUE
203484,99700,"I enjoyed parts of it more than the whole package. Movement feels better than i expected, and it is easy to pick up for a short session, but the experience still loses momentum in places. There is enough here to keep it interesting, even if it is not an easy recommendation.",FALSE
203485,893050,"I had mixed feelings, but it was still interesting enough to finish a session or two.",TRUE
203486,676700,"I can see why this game has a strong audience. I had to think through each decision, and it has a clear identity instead of feeling generic. It does enough well that I would point other people toward it.",TRUE
203487,752800,"I had a good time with this one. The pacing worked well for an adventure game, and turn-based decisions gave the game more depth. It is worth trying if this genre is already in your wheelhouse.",TRUE
203488,1027990,"I ended up liking this more than I expected. The humor landed more often than not, and the story kept me interested. For the right player, this is a very easy recommendation.",TRUE
203489,446470,"I do not think this came together as well as it could have. I could see some appeal because it does a good job selling the simulation idea and the systems are detailed enough to stay interesting, but the game still felt too uneven overall. I would wait for a discount before suggesting it to anyone else.",FALSE
203490,992790,"I had a good time with this one. It works well when i want something low pressure, and the moment-to-moment gameplay felt sharp. It is worth trying if this genre is already in your wheelhouse.",TRUE
203491,907020,"This lands somewhere in the middle for me. The combat stayed engaging for a long time, and the moment-to-moment gameplay felt sharp, but the experience still loses momentum in places. There is enough here to keep it interesting, even if it is not an easy recommendation.",FALSE
203492,339440,"This was a really solid surprise. The combat stayed engaging for a long time, and the moment-to-moment gameplay felt sharp. It does enough well that I would point other people toward it.",TRUE
203493,431960,"This is an easy game for me to recommend. It feels like a small project with real personality, and the moment-to-moment gameplay felt sharp. I would play more of it without much hesitation.",TRUE
203494,1027720,"It is a decent game, even if it never fully clicked for me. It works well as a solo game, and this feels much better with friends, but the experience still loses momentum in places. It is not a must-play, but I can understand why some people enjoy it.",FALSE
203495,737840,"This is an easy game for me to recommend. It does a good job selling the simulation idea, and the systems are detailed enough to stay interesting. I would play more of it without much hesitation.",TRUE
203496,358260,"I can see why this game has a strong audience. The combat stayed engaging for a long time, and the moment-to-moment gameplay felt sharp. I would recommend it, especially if the tags already sound appealing to you.",TRUE
203497,519550,"Parts of it are interesting, but the overall experience felt weak. I could see some appeal because the moment-to-moment gameplay felt sharp and the combat stayed engaging for a long time, but the game still felt too uneven overall. It might work for other people, but it was not for me.",FALSE
203498,877960,"I can see why this game has a strong audience. It was easy to keep moving from one objective to the next, and building out a character was satisfying. I would play more of it without much hesitation.",TRUE
203499,361680,"After a few sessions, this one won me over. It works well when i want something low pressure, and it feels like a small project with real personality. It is worth trying if this genre is already in your wheelhouse.",TRUE
203500,295610,"I can see what the game is aiming for, but the execution feels uneven. I could see some appeal because it was easy to keep moving from one objective to the next and the combat stayed engaging for a long time, but the game still felt too uneven overall. There is something here, but I cannot honestly recommend it as it is.",FALSE
203501,651660,"I have mixed feelings about this game. Building out a character was satisfying, and turn-based decisions gave the game more depth, but the experience still loses momentum in places. There is enough here to keep it interesting, even if it is not an easy recommendation.",FALSE
203502,286540,"After a few sessions, this one won me over. Solving things felt satisfying more often than frustrating, and it was easy to keep moving from one objective to the next. I would play more of it without much hesitation.",TRUE
203503,826430,"Parts of it are interesting, but the overall experience felt weak. I could see some appeal because the pacing worked well for an adventure game and it works well when I want something low pressure, but the game still felt too uneven overall. There is something here, but I cannot honestly recommend it as it is.",FALSE
203504,881130,"This was a really solid surprise. The handling felt good after a short adjustment period, and it is easy to pick up for a short session. For the right player, this is a very easy recommendation.",TRUE
203505,859170,"I do not think this came together as well as it could have. I could see some appeal because resource management added real tension and the combat stayed engaging for a long time, but the game still felt too uneven overall. It might work for other people, but it was not for me.",FALSE
203506,492290,"This is an easy game for me to recommend. The strategic layer kept me paying attention, and the progression system felt rewarding. I would play more of it without much hesitation.",TRUE
203507,355970,"I have mixed feelings about this game. The pacing worked well for an adventure game, and it works well when I want something low pressure, but the experience still loses momentum in places. I would call it a cautious recommendation at best.",FALSE
203508,520940,"Not amazing and not terrible, just a fairly middle-of-the-road experience.",TRUE
203509,301520,A decent game with some strengths and some obvious rough edges.,TRUE
203510,502910,"I can see what the game is aiming for, but the execution feels uneven. I could see some appeal because the moment-to-moment gameplay felt sharp and it feels like a small project with real personality, but the game still felt too uneven overall. It might work for other people, but it was not for me.",FALSE
203511,494700,"I can see why this game has a strong audience. It has a clear identity instead of feeling generic, and the moment-to-moment gameplay felt sharp. I would play more of it without much hesitation.",TRUE
203512,416320,"After a few sessions, this one won me over. The pacing worked well for an adventure game, and it works well when I want something low pressure. I would recommend it, especially if the tags already sound appealing to you.",TRUE
203513,342980,"It is a decent game, even if it never fully clicked for me. The world gives you plenty to do, and putting things together was genuinely satisfying, but the experience still loses momentum in places. I could still recommend it with the right expectations.",FALSE
203514,729390,"After a few sessions, this one won me over. This feels much better with friends, and it is easy to pick up for a short session. I would recommend it, especially if the tags already sound appealing to you.",TRUE
203515,206610,"This was not a terrible game, just a disappointing one for me. I could see some appeal because it is easy to pick up for a short session and it works well when I want something low pressure, but the game still felt too uneven overall. There is something here, but I cannot honestly recommend it as it is.",FALSE
203516,509850,"After a few sessions, this one won me over. It has a clear identity instead of feeling generic, and the handling felt good after a short adjustment period. It is worth trying if this genre is already in your wheelhouse.",TRUE
203517,747970,"This was a really solid surprise. The progression system felt rewarding, and building out a character was satisfying. It does enough well that I would point other people toward it.",TRUE
203518,415920,"I ended up liking this more than I expected. It feels like a small project with real personality, and the progression system felt rewarding. It is worth trying if this genre is already in your wheelhouse.",TRUE
203519,453960,"I can see why this game has a strong audience. Survival pressure made the sessions memorable, and the mood is consistent from start to finish. It does enough well that I would point other people toward it.",TRUE
203520,430960,"I can see why this game has a strong audience. The systems are detailed enough to stay interesting, and it does a good job selling the simulation idea. It does enough well that I would point other people toward it.",TRUE
203521,351490,"I had a good time with this one. It is easy to pick up for a short session, and it has a clear identity instead of feeling generic. For the right player, this is a very easy recommendation.",TRUE
203522,800720,"I ended up liking this more than I expected. The moment-to-moment gameplay felt sharp, and matches stayed lively even after a few rounds. I would play more of it without much hesitation.",TRUE
203523,1035800,"This is an easy game for me to recommend. It works well as a solo game, and building out a character was satisfying. It does enough well that I would point other people toward it.",TRUE
203524,406550,"This is an easy game for me to recommend. The mood is consistent from start to finish, and the story kept me interested. I would play more of it without much hesitation.",TRUE
203525,827640,"This is an easy game for me to recommend. It is easy to pick up for a short session, and it works well when I want something low pressure. For the right player, this is a very easy recommendation.",TRUE
203526,363460,"I ended up liking this more than I expected. The writing was stronger than i expected, and it does a good job selling the simulation idea. It does enough well that I would point other people toward it.",TRUE
203527,693190,"I can see what the game is aiming for, but the execution feels uneven. I could see some appeal because it is easy to pick up for a short session and it works well when I want something low pressure, but the game still felt too uneven overall. I do not regret trying it, but I would not rush to recommend it.",FALSE
203528,716490,"After a few sessions, this one won me over. The freedom to approach things my own way helped a lot, and the systems are detailed enough to stay interesting. It does enough well that I would point other people toward it.",TRUE
203529,839010,"It is a decent game, even if it never fully clicked for me. It feels like a small project with real personality, and the moment-to-moment gameplay felt sharp, but the experience still loses momentum in places. There is enough here to keep it interesting, even if it is not an easy recommendation.",FALSE
203530,296870,"After a few sessions, this one won me over. Movement feels better than i expected, and the pacing worked well for an adventure game. For the right player, this is a very easy recommendation.",TRUE
203531,635980,"I can see why this game has a strong audience. It feels like a small project with real personality, and the moment-to-moment gameplay felt sharp. It is worth trying if this genre is already in your wheelhouse.",TRUE
203532,719130,"This feels like a game with clear strengths and clear weaknesses. It works well when i want something low pressure, and it feels like a small project with real personality, but the experience still loses momentum in places. Whether you like it probably depends on how much you enjoy this genre.",FALSE
203533,300160,"I do not think this came together as well as it could have. I could see some appeal because it has a clear identity instead of feeling generic and I had to think through each decision, but the game still felt too uneven overall. I do not regret trying it, but I would not rush to recommend it.",FALSE
203534,940520,"I had a good time with this one. Solving things felt satisfying more often than frustrating, and it works well when I want something low pressure. It does enough well that I would point other people toward it.",TRUE
203535,648430,"I enjoyed parts of it more than the whole package. I had to think through each decision, and it makes sense why people keep returning to it, but the experience still loses momentum in places. Whether you like it probably depends on how much you enjoy this genre.",TRUE
203536,427930,"This feels like a game with clear strengths and clear weaknesses. The atmosphere carried a lot of the experience, and building out a character was satisfying, but the experience still loses momentum in places. Whether you like it probably depends on how much you enjoy this genre.",FALSE
203537,269590,"I do not think this came together as well as it could have. I could see some appeal because building out a character was satisfying and it feels like a small project with real personality, but the game still felt too uneven overall. I would wait for a discount before suggesting it to anyone else.",FALSE
203538,793480,"I had a good time with this one. It works well when i want something low pressure, and it has a clear identity instead of feeling generic. I would recommend it, especially if the tags already sound appealing to you.",TRUE
203539,493540,"This feels average to me, though I can still see the appeal for the right player.",FALSE
203540,492160,"It is a decent game, even if it never fully clicked for me. Exploring the world was the best part, and it works well as a solo game, but the experience still loses momentum in places. I could still recommend it with the right expectations.",TRUE
203541,1013350,"After a few sessions, this one won me over. The moment-to-moment gameplay felt sharp, and it is easy to pick up for a short session. It does enough well that I would point other people toward it.",TRUE
203542,451200,"This is an easy game for me to recommend. Once the controls clicked, the platforming was fun, and it feels like a small project with real personality. I would recommend it, especially if the tags already sound appealing to you.",TRUE
203543,275290,"I have mixed feelings about this game. The strategic layer kept me paying attention, and the mood is consistent from start to finish, but the experience still loses momentum in places. Whether you like it probably depends on how much you enjoy this genre.",FALSE
203544,1009690,"It is a decent game, even if it never fully clicked for me. Solving things felt satisfying more often than frustrating, and it has a clear identity instead of feeling generic, but the experience still loses momentum in places. It is not a must-play, but I can understand why some people enjoy it.",TRUE
203545,1006430,"I can see why this game has a strong audience. The moment-to-moment gameplay felt sharp, and the combat stayed engaging for a long time. It does enough well that I would point other people toward it.",TRUE
203546,364370,"I enjoyed parts of it more than the whole package. The moment-to-moment gameplay felt sharp, and the combat stayed engaging for a long time, but the experience still loses momentum in places. It is not a must-play, but I can understand why some people enjoy it.",FALSE
203547,853220,"I ended up liking this more than I expected. It has a clear identity instead of feeling generic, and the puzzle design was solid without feeling unfair. I would recommend it, especially if the tags already sound appealing to you.",TRUE
203548,755850,"I can see what the game is aiming for, but the execution feels uneven. I could see some appeal because it has a clear identity instead of feeling generic and the moment-to-moment gameplay felt sharp, but the game still felt too uneven overall. It might work for other people, but it was not for me.",FALSE
203549,424030,"After a few sessions, this one won me over. The combat stayed engaging for a long time, and the strategic layer kept me paying attention. It is worth trying if this genre is already in your wheelhouse.",TRUE
203550,613020,"There is a lot to like here, but also a few obvious issues. The combat stayed engaging for a long time, and it was easy to keep moving from one objective to the next, but the experience still loses momentum in places. It is not a must-play, but I can understand why some people enjoy it.",FALSE
203551,286790,"There are some good ideas here, but it did not fully work for me. I could see some appeal because the gunplay is the main reason I kept playing and the moment-to-moment gameplay felt sharp, but the game still felt too uneven overall. I do not regret trying it, but I would not rush to recommend it.",FALSE
203552,931090,"There is a lot to like here, but also a few obvious issues. It has a clear identity instead of feeling generic, and it feels like a small project with real personality, but the experience still loses momentum in places. I would call it a cautious recommendation at best.",FALSE
203553,421660,"There is a lot to like here, but also a few obvious issues. The pacing worked well for an adventure game, and it works well when I want something low pressure, but the experience still loses momentum in places. I would call it a cautious recommendation at best.",FALSE
203554,453320,"This was a really solid surprise. The writing was stronger than i expected, and it is easy to enjoy this at your own pace. I would recommend it, especially if the tags already sound appealing to you.",TRUE
203555,665160,"I had a good time with this one. It is easy to pick up for a short session, and the systems are detailed enough to stay interesting. It does enough well that I would point other people toward it.",TRUE
203556,892910,"I wanted to like this more than I did. I could see some appeal because it works well when I want something low pressure and the combat stayed engaging for a long time, but the game still felt too uneven overall. It might work for other people, but it was not for me.",FALSE
203557,555880,"I had a good time with this one. Building out a character was satisfying, and the combat stayed engaging for a long time. It does enough well that I would point other people toward it.",TRUE
203558,348460,"I enjoyed parts of it more than the whole package. The combat stayed engaging for a long time, and matches stayed lively even after a few rounds, but the experience still loses momentum in places. There is enough here to keep it interesting, even if it is not an easy recommendation.",TRUE
203559,395920,"This is an easy game for me to recommend. It works well when i want something low pressure, and it works well as a solo game. For the right player, this is a very easy recommendation.",TRUE
203560,616110,"After a few sessions, this one won me over. It works well as a solo game, and it is easy to enjoy this at your own pace. It does enough well that I would point other people toward it.",TRUE
203561,686630,"I ended up liking this more than I expected. It works well when i want something low pressure, and it is easy to pick up for a short session. It does enough well that I would point other people toward it.",TRUE
203562,813450,"This was a really solid surprise. It was easy to keep moving from one objective to the next, and the moment-to-moment gameplay felt sharp. I would play more of it without much hesitation.",TRUE
203563,353340,"I had a good time with this one. It has a clear identity instead of feeling generic, and the moment-to-moment gameplay felt sharp. For the right player, this is a very easy recommendation.",TRUE
203564,656200,"I do not think this came together as well as it could have. I could see some appeal because the strategic layer kept me paying attention and the systems are detailed enough to stay interesting, but the game still felt too uneven overall. It might work for other people, but it was not for me.",FALSE
203565,676730,"There is a lot to like here, but also a few obvious issues. It builds tension well when you let it breathe, and resource management added real tension, but the experience still loses momentum in places. Whether you like it probably depends on how much you enjoy this genre.",FALSE
203566,573550,"I can see why this game has a strong audience. The systems are detailed enough to stay interesting, and it does a good job selling the simulation idea. It does enough well that I would point other people toward it.",TRUE
203567,273890,"I can see what the game is aiming for, but the execution feels uneven. I could see some appeal because I liked juggling the different systems and the atmosphere is one of its biggest strengths, but the game still felt too uneven overall. I do not regret trying it, but I would not rush to recommend it.",FALSE
203568,792660,"I ended up liking this more than I expected. Turn-based decisions gave the game more depth, and I had to think through each decision. For the right player, this is a very easy recommendation.",TRUE
203569,871950,"I can see why this game has a strong audience. It does a good job selling the simulation idea, and it was easy to keep moving from one objective to the next. I would recommend it, especially if the tags already sound appealing to you.",TRUE
203570,824170,"After a few sessions, this one won me over. It makes sense why people keep returning to it, and it was easy to keep moving from one objective to the next. It does enough well that I would point other people toward it.",TRUE
203571,849350,"This was a really solid surprise. It feels like a small project with real personality, and it was easy to keep moving from one objective to the next. I would recommend it, especially if the tags already sound appealing to you.",TRUE
203572,394970,"I ended up liking this more than I expected. Once the controls clicked, the platforming was fun, and movement feels better than I expected. I would play more of it without much hesitation.",TRUE
203573,211780,"I ended up liking this more than I expected. It makes sense why people keep returning to it, and it works well as a solo game. It does enough well that I would point other people toward it.",TRUE
203574,931700,"I ended up liking this more than I expected. The shooting feels responsive enough to carry the game, and it has a clear identity instead of feeling generic. I would recommend it, especially if the tags already sound appealing to you.",TRUE
203575,982760,"I can see what the game is aiming for, but the execution feels uneven. I could see some appeal because the combat stayed engaging for a long time and survival pressure made the sessions memorable, but the game still felt too uneven overall. I would only recommend it to someone who is already very into this niche.",FALSE
203576,1013130,"I had a good time with this one. The strategic layer kept me paying attention, and it feels like a small project with real personality. It does enough well that I would point other people toward it.",TRUE
203577,497080,"It was fine overall, even if nothing about it really stood out to me.",TRUE
203578,800120,"I had a good time with this one. It feels like a small project with real personality, and it has a clear identity instead of feeling generic. It does enough well that I would point other people toward it.",TRUE
203579,979970,"After a few sessions, this one won me over. Solving things felt satisfying more often than frustrating, and it works well when I want something low pressure. I would play more of it without much hesitation.",TRUE
203580,775570,"I have mixed feelings about this game. It has a clear identity instead of feeling generic, and it feels like a small project with real personality, but the experience still loses momentum in places. It is not a must-play, but I can understand why some people enjoy it.",TRUE
203581,718530,"I ended up liking this more than I expected. The pacing worked well for an adventure game, and the combat stayed engaging for a long time. It does enough well that I would point other people toward it.",TRUE
203582,420440,"There is a lot to like here, but also a few obvious issues. It does a good job selling the simulation idea, and the systems are detailed enough to stay interesting, but the experience still loses momentum in places. Whether you like it probably depends on how much you enjoy this genre.",FALSE
203583,1004500,"This was a really solid surprise. It works well when i want something low pressure, and the strategic layer kept me paying attention. I would play more of it without much hesitation.",TRUE
203584,216260,"After a few sessions, this one won me over. Matches stayed lively even after a few rounds, and it has a clear identity instead of feeling generic. I would play more of it without much hesitation.",TRUE
203585,591940,"I had a good time with this one. It feels like a small project with real personality, and it has a clear identity instead of feeling generic. It is worth trying if this genre is already in your wheelhouse.",TRUE
203586,371700,"This was a really solid surprise. It works well when i want something low pressure, and the races stayed entertaining instead of repetitive. It is worth trying if this genre is already in your wheelhouse.",TRUE
203587,879510,"This was a really solid surprise. It was easy to keep moving from one objective to the next, and the humor landed more often than not. It does enough well that I would point other people toward it.",TRUE
203588,601120,"There are some good ideas here, but it did not fully work for me. I could see some appeal because solving things felt satisfying more often than frustrating and it has a clear identity instead of feeling generic, but the game still felt too uneven overall. It might work for other people, but it was not for me.",FALSE
203589,801760,"After a few sessions, this one won me over. It works well when i want something low pressure, and it makes sense why people keep returning to it. I would play more of it without much hesitation.",TRUE
203590,730290,"This feels average to me, though I can still see the appeal for the right player.",FALSE
203591,243780,"This feels like a game with clear strengths and clear weaknesses. It works well as a solo game, and it feels like a small project with real personality, but the experience still loses momentum in places. It is not a must-play, but I can understand why some people enjoy it.",FALSE
203592,804700,"I had a good time with this one. The story kept me interested, and the atmosphere carried a lot of the experience. I would recommend it, especially if the tags already sound appealing to you.",TRUE
203593,795510,"It was fine overall, even if nothing about it really stood out to me.",TRUE
203594,985500,"I can see why this game has a strong audience. It works well as a solo game, and the puzzle design was solid without feeling unfair. I would recommend it, especially if the tags already sound appealing to you.",TRUE
203595,873210,"Parts of it are interesting, but the overall experience felt weak. I could see some appeal because the moment-to-moment gameplay felt sharp and once the controls clicked, the platforming was fun, but the game still felt too uneven overall. There is something here, but I cannot honestly recommend it as it is.",FALSE
203596,92200,"This feels like a game with clear strengths and clear weaknesses. It feels like a small project with real personality, and the combat stayed engaging for a long time, but the experience still loses momentum in places. I could still recommend it with the right expectations.",FALSE
203597,910530,"I do not think this came together as well as it could have. I could see some appeal because the progression system felt rewarding and building out a character was satisfying, but the game still felt too uneven overall. It might work for other people, but it was not for me.",FALSE
203598,206690,"After a few sessions, this one won me over. It feels like a small project with real personality, and it has a clear identity instead of feeling generic. I would recommend it, especially if the tags already sound appealing to you.",TRUE
203599,749560,"I ended up liking this more than I expected. The shooting feels responsive enough to carry the game, and the combat stayed engaging for a long time. It does enough well that I would point other people toward it.",TRUE