app_id,name,release_date,game_genre,tags,summary,platform,categories,price,num_positive_review,num_negative_review,review_score_description,total_reviews,positive_ratio,metacritic_score,recommendations,is_free
6010,Indiana Jones® and the Fate of Atlantis™,08/07/09,Adventure,1990's | 2D | Action | Action-Adventure | Adventure | Atmospheric | Classic | Cult Classic | Funny | Great Soundtrack | Movie | Old School | Pixel Graphics | Point & Click | Puzzle | Remake | Retro | Singleplayer | Story Rich,The Man With The Hat Is Back In His Greatest Adventure Yet! 1939 - The eve of World War II. Nazi agents are about to get their hands on a weapon more dangerous than the atom bomb. Only Indy can stop them before they unleash the deadly secret that sank Atlantis.,windows | mac,Family Sharing | Single-player | Steam Cloud,4.79,1267.0,82.0,Very Positive,1349.0,0.939214233,,1205.0,False
63610,Riven: The Sequel to MYST,04/08/10,Adventure | Casual,1990's | Adventure | Atmospheric | Beautiful | Casual | Classic | Difficult | Exploration | FMV | First-Person | Great Soundtrack | Mystery | Nostalgia | Point & Click | Puzzle | Sci-fi | Singleplayer | Steampunk | Story Rich | Surreal,"Released in 1997 as the original sequel to Myst, one of the best-selling puzzle adventure games of all time. Prepare to enter a world &quot;torn asunder&quot; by timeless, unresolved conflicts -- a world of incomparable beauty, intrigue, and betrayal.",windows | mac,Family Sharing | Single-player,3.99,1134.0,141.0,Very Positive,1275.0,0.889411765,83.0,1179.0,False
206610,3SwitcheD,29/03/12,Casual | Indie,Casual | Indie | Match 3 | Puzzle | Singleplayer,"Be careful! This Game is addictive! You won´t find more challenges, more speed, more fun and more treasures anywhere in the known Universe!3SwitcheD™ combines classical Gameplay with fascinating new technologies. Find yourself in a new World arcade gaming.",windows | mac,Family Sharing | Single-player | Steam Cloud | Steam Trading Cards,6.99,252.0,362.0,Mixed,614.0,0.410423453,,132.0,False
235380,Blitzkrieg 3,02/06/17,Strategy,Competitive | Difficult | Early Access | Historical | Massively Multiplayer | Military | Multiplayer | PvP | RTS | Real Time Tactics | Real-Time | Real-Time with Pause | Realistic | Simulation | Singleplayer | Strategy | Tactical | Tanks | War | World War II,Blitzkrieg 3 is a WW2 RTS made for true admirers of strategic mastery! Challenge your tactical skills in historical campaigns and defeat powerful Neural Network AI in competitive matches.,windows | mac,Family Sharing | Single-player | Steam Achievements | Steam Trading Cards,7.19,3942.0,3279.0,Mixed,7221.0,0.545907769,68.0,5059.0,False
283490,IHF Handball Challenge 12,21/03/14,Sports,Sports,"With IHF Handball Challenge 12 users can experience the fascinating sport of handball on their PC. Up to five players can compete for national and international trophies in the TOYOTA Handball- Bundesliga, the Spanish Liga ASOBAL or the IHF World Cup.",windows,Co-op | Family Sharing | Multi-player | Single-player,2.09,53.0,29.0,Mixed,82.0,0.646341463,,,False
285010,Pixel Puzzles: UndeadZ,06/06/14,Action | Casual | Free To Play | Indie | Simulation | Strategy,Action | Casual | Free to Play | Gore | Indie | Puzzle | Simulation | Singleplayer | Strategy | Violent | Zombies,Pixel Puzzles: UndeadZ is a traditional style jigsaw puzzle game with top down shooter gameplay throw in to ruin your day and peaceful puzzling experience.,windows,Single-player | Steam Achievements | Steam Cloud | Steam Trading Cards,4.99,663.0,242.0,Mostly Positive,905.0,0.732596685,,152.0,False
318430,Squishy the Suicidal Pig,23/10/14,Adventure | Indie,2D | Adventure | Casual | Dark Humor | Difficult | Funny | Gore | Indie | Pixel Graphics | Platformer | Psychological Horror | Puzzle | Puzzle Platformer | Side Scroller | Singleplayer,"From the creators of Hero Siege, Squishy the Suicidal Pig is a puzzle platformer with a counterintuitive goal where you play as Squishy, a pig wearing a yellow sweater who's trying to reach his parents in animal heaven by completing his deal with the devil.You asked for a challenge, now you have it!",windows | mac,Family Sharing | Full controller support | Single-player | Steam Achievements | Steam Trading Cards,4.79,2835.0,554.0,Very Positive,3389.0,0.83652995,,2670.0,False
336210,Just Death,24/02/16,Action | Early Access | Indie,Action | Early Access | Indie,"Just Death is an “Open-World Sandbox Crime Game” set in procedurally generated cities. Just Death features an Online Open City mode, Vigilante, Bank Heist, and Gang War modes. Join in the development today!",windows,Family Sharing | Full controller support | Includes level editor | Multi-player | Single-player | Stats | Steam Achievements | Steam Cloud | Steam Leaderboards | Steam Trading Cards | Steam Workshop,11.39,15.0,18.0,Mixed,33.0,0.454545455,,,False
340320,Sinless + OST,16/12/15,Adventure | Indie | RPG,Adventure | Cyberpunk | Indie | Point & Click | RPG | Violent | Visual Novel,"&quot;Before we knew it, what we once knew as 'freedom' became nothing more but a faint and distant memory.&quot; Venture forth and discover the truth behind the seemingly perfect OmniCare society in Sinless: a unique point and click and visual novel hybrid, set in an original cyberpunk reality.",windows | mac,Family Sharing | Single-player | Steam Achievements | Steam Cloud | Steam Trading Cards,3.99,193.0,80.0,Mostly Positive,273.0,0.706959707,,165.0,False
377860,Mushihimesama,12/11/15,Action,2D | Action | Anime | Arcade | Bullet Hell | Classic | Difficult | Female Protagonist | Great Soundtrack | Local Co-Op | Score Attack | Shoot 'Em Up | Shooter | Singleplayer,"Battle huge &quot;Koju&quot; bugs in CAVE's beautiful fantasy shooter, Mushihimesama. Experience the thrill of bullet hell from the masters of the genre as you evade visually stunning shot patterns with thousands of bullets.",windows,Family Sharing | Full controller support | Multi-player | Remote Play Together | Remote Play on TV | Shared/Split Screen | Single-player | Steam Achievements | Steam Cloud | Steam Leaderboards | Steam Trading Cards,14.99,1293.0,43.0,Overwhelmingly Positive,1336.0,0.967814371,86.0,1225.0,False
403900,Clergy Splode,17/09/15,Action | Indie,Action | Arcade | Indie,"In the life of every Clergy Priest, there comes a moment when it turns out that there is no other solution than.... to just drop bombs everywhere and blow everything up... Clergy Splode is a fast paced, casual-arcade game.",windows,Family Sharing | Single-player | Steam Trading Cards,0.79,224.0,290.0,Mixed,514.0,0.435797665,,248.0,False
413350,Daydream Blue,25/01/17,Adventure | Casual | Indie,Adventure | Casual | Indie | VR,"Escape into a vibrant world of whimsy, wonder, and new friends.",windows,Cross-Platform Multiplayer | Family Sharing | Full controller support | Multi-player | Online PvP | PvP | Single-player | Steam Achievements | VR Only,3.99,0.0,2.0,2 user reviews,2.0,0.0,,,False
417060,UnSummoning: the Spectral Horde,21/12/15,Action | Casual | Indie,Action | Casual | Indie,"A nefarious necromancer summoned an army of vengeful spirits to wreak havoc upon the world. Unfortunately, they only wanted to wreak havoc upon HIM! Now he must undo what he has done by drawing upon the power of magic sigils to blast the ghouls back to the netherworld.",windows | mac | linux,Full controller support | Single-player | Steam Achievements | Steam Trading Cards,0.0,28.0,8.0,Mostly Positive,36.0,0.777777778,,,True
423900,Dinocide,21/01/16,Action | Adventure | Casual | Indie | RPG,2D | Action | Adventure | Atmospheric | Casual | Classic | Colorful | Dinosaurs | Family Friendly | Fantasy | Funny | Indie | Pixel Graphics | Platformer | RPG | Singleplayer,Dinocide is a classic NES inspired old-school single-player platformer in a prehistoric fantasy world. Dinocide tries to capture the drive and fun of that era and recreate it in a modern way!,windows | mac | linux,Family Sharing | Full controller support | Single-player | Steam Cloud | Steam Trading Cards,6.99,120.0,105.0,Mixed,225.0,0.533333333,51.0,,False
424030,War of Rights,03/12/18,Action | Early Access | Indie | Simulation | Strategy,Action | America | Early Access | FPS | First-Person | Gore | Historical | Indie | Massively Multiplayer | Mature | Military | Multiplayer | Realistic | Shooter | Simulation | Singleplayer | Strategy | Tactical | Violent | War,"War of Rights is a first person multiplayer game featuring massive 350 player battles with a focus on historical authenticity, teamplay and immersion. It is set during the perilous days of the American Civil War, in the Maryland Campaign of September, 1862.",windows,Co-op | Family Sharing | Multi-player | Online Co-op | Online PvP | Partial Controller Support | PvP | Steam Trading Cards,23.79,10749.0,1423.0,Very Positive,12172.0,0.883092343,,10696.0,False
431460,Midnight,28/01/16,Adventure | Casual | Indie,Adventure | Casual | Indie,"In this golf-like game your task is to guide a little square shaped fairy, Midnight. Use your mouse to launch Midnight, but watch out this world is full of danger.",windows | mac | linux,Family Sharing | Single-player,1.99,48.0,19.0,Mostly Positive,67.0,0.71641791,,,False
436860,Arctic alive,29/01/16,Action | Adventure | Indie | Simulation,Action | Adventure | Female Protagonist | Horror | Indie | Simulation | Survival | Survival Horror,Arctic alive - a simulator with elements of survival horror. The action takes place in Siberia on the research station &quot;Arctic&quot;. There was something in what is necessary to understand the player. The world is open for exploration.,windows | linux,Family Sharing | Single-player | Steam Trading Cards,1.59,36.0,33.0,Mixed,69.0,0.52173913,,,False
437000,GUILTY GEAR 2 -OVERTURE-,31/03/16,Action,Action | Action RTS | Anime | Controller | Difficult | Fighting | Great Soundtrack | Hack and Slash | Local Multiplayer | MOBA | RTS | Singleplayer | Story Rich | Strategy,"The ultimate melee action [GUILTY GEAR 2 -OVERTURE-] is now on Steam!! Pushing [Gameplay] and [Entertainment] to the extremes, with a splash of [Competitiveness] -- That's GUILTY GEAR 2 for you.",windows,Family Sharing | Full controller support | Multi-player | Online PvP | PvP | Remote Play Together | Shared/Split Screen | Shared/Split Screen PvP | Single-player | Steam Achievements | Steam Cloud | Steam Trading Cards,14.99,285.0,104.0,Mostly Positive,389.0,0.732647815,,307.0,False
444830,Concrete and Steel,27/05/16,Early Access | Indie | Simulation,Early Access | Indie | Sandbox | Simulation,"Concrete And Steel is a 3D sandbox for creative people to build structures using a huge range of objects and materials. Experience unlimited creativity with huge environments, rich customisation, co-operative multiplayer, modding support and more! The only limit is your imagination!",windows | mac | linux,Co-op | Cross-Platform Multiplayer | Family Sharing | Multi-player | Online Co-op | Online PvP | Partial Controller Support | PvP | Single-player,9.99,17.0,11.0,Mixed,28.0,0.607142857,,,False
463480,A Shooty Bit,20/02/17,Action | Indie,Action | Indie | Shoot 'Em Up,"Postsoviet shoot 'em up borne from and reflective of the listlessness that modern, hyperconnected society injects into our selves",windows,Family Sharing | Partial Controller Support | Single-player | Steam Achievements | Steam Leaderboards | Steam Trading Cards,1.59,23.0,11.0,Mixed,34.0,0.676470588,,,False
510110,New Yankee in King Arthur's Court 2,26/08/16,Casual | Simulation | Strategy,Casual | Simulation | Strategy,"Return to the days of magic, maidens, goblins and gold to help an unwitting knight and his feisty wife find the Fountain of Living Water! Only those players who figure out the quickest way through each level will win the gold!",windows,Family Sharing | Single-player,2.79,9.0,10.0,Mixed,19.0,0.473684211,,,False
513330,Party Tycoon,19/10/17,Early Access | Indie | Simulation | Strategy,Early Access | Great Soundtrack | Indie | Management | Pixel Graphics | Sexual Content | Simulation | Singleplayer | Strategy,"Manage your dream nightclub in Party Hard Tycoon, a business simulation game where you're tasked with throwing the most profitable party ever. It takes place in the same universe as tinyBuild's 2015 hit Party Hard.",windows,Family Sharing | Single-player | Steam Achievements | Steam Cloud | Steam Trading Cards,3.99,177.0,184.0,Mixed,361.0,0.490304709,,270.0,False
527520,Strike Force: Arctic Storm,21/09/16,Action | Indie,Action | FPS | Gore | Indie,"Strike Force: Arctic Storm is a small First-Person-Shooter game in the style of old, classic Delta Force games and a standalone add-on for Strike Force: Desert Thunder.Customize your loadout and join intense, large scale missions to prevent terrorist attacks.",windows,Family Sharing | Partial Controller Support | Single-player | Steam Achievements | Steam Cloud,1.59,1.0,11.0,Negative,12.0,0.083333333,,,False
562320,Locked In VR,01/12/16,Adventure | Gore | Indie | Violent,Adventure | Escape Room | Gore | Horror | Indie | VR | Violent,Locked In VR is an escape room type experience. The player must use his wits and senses to find his way out of the basement and uncover the terrible truth about his imprisonment.,windows,Family Sharing | Single-player | Steam Achievements | Tracked Controller Support | VR Only,4.79,32.0,8.0,Positive,40.0,0.8,,,False
598530,Naev,17/07/17,Action | Free To Play | Indie,2D | Action | Adventure | Exploration | Free to Play | Indie | Multiple Endings | Nonlinear | Open World | RPG | Retro | Sci-fi | Simulation | Singleplayer | Space | Space Sim | Story Rich | Top-Down | Trading | Tutorial,"Naev is a game about space exploration, trade and combat. Players travel the galaxy and earn money by trading, fighting and performing missions.",windows | linux,Single-player,0.0,153.0,41.0,Mostly Positive,194.0,0.788659794,,,True
610500,Willy-Nilly Knight,10/11/17,Adventure | Indie | RPG,Adventure | Atmospheric | Comedy | Early Access | Fantasy | Indie | Isometric | Party-Based RPG | RPG | Singleplayer | Tactical RPG | Turn-Based | Turn-Based Combat | Turn-Based Tactics,"Willy-Nilly Knight is the great story, based on the legend of King Arthur. Immerse yourself in a single-player, isometric, story-driven RPG with real-time gameplay and turn-based combat, set in the colorful fantasy universe. Will you find the power to save the world in the war of gods? Find your answer.",windows | mac,Family Sharing | Single-player | Steam Achievements | Steam Trading Cards,10.99,217.0,77.0,Mostly Positive,294.0,0.738095238,,263.0,False
613370,Upside-Down Dimensions,09/08/17,Action | Adventure | Early Access | Indie | RPG,3D Platformer | Action | Adventure | Early Access | Family Friendly | Fantasy | Female Protagonist | Hack and Slash | Indie | Ninja | Puzzle | Puzzle Platformer | RPG | Retro | Stealth | Swordplay,"Upside-Down Dimensions is a highly visual game that combines action, hack n slash, RPG, stealth, platform and puzzles to create a unique and amazing gameplay experience. Play as two characters separated into different dimensions. Flip between these worlds to stop the nefarious Dark Shogun.",windows | mac | linux,Co-op | Family Sharing | Multi-player | Partial Controller Support | PvP | Remote Play Together | Shared/Split Screen | Shared/Split Screen Co-op | Shared/Split Screen PvP | Single-player,11.99,2.0,2.0,4 user reviews,4.0,0.5,,,False
644550,篱笆庄秘闻 / Mysteries of Fence,27/07/17,Adventure | Casual | Indie | RPG | Simulation | Strategy,Adventure | Casual | Indie | RPG | Simulation | Strategy | Visual Novel,"This game records the unknown pain and struggles in the far eastern country, we hope our descendants won't forget these tragedies happened before.",windows,Family Sharing | Single-player | Steam Achievements,2.79,260.0,29.0,Very Positive,289.0,0.899653979,,275.0,False
654250,Catacombs 1: Demon War,12/07/17,Adventure | Indie | RPG,2D | Adventure | CRPG | Casual | Choices Matter | Difficult | Dungeon Crawler | Exploration | Great Soundtrack | Indie | Isometric | Party-Based RPG | RPG | RPGMaker | Replay Value | Short | Simulation | Story Rich | Strategy RPG | Turn-Based Combat,"Catacombs 1: Demon War is the first of a 3-chapter RPG/Adventure that puts you into the shoes of a brave young hero, building your strength to face long-buried secrets, deception and betrayal.",windows | mac,Family Sharing | Partial Controller Support | Single-player,1.99,16.0,14.0,Mixed,30.0,0.533333333,,,False
658510,Dark Eden Origin,17/08/17,Free To Play | Massively Multiplayer | RPG,Free to Play | Massively Multiplayer | RPG,"‘‘DARK EDEN ORIGIN’ is online MMPRPG game which is dealing with an endless battle between the human and the vampire at a highly developed industry society in the future. After the whole world has gone to sleep by the extinction of civilization, only two races has woken up. Enjoy the brutal battle between them.",windows,MMO | Multi-player | Online PvP | PvP,0.0,35.0,51.0,Mixed,86.0,0.406976744,,,True
665210,Hoop Shot VR,17/07/17,Casual | Indie | Simulation | Sports,Casual | Indie | Simulation | Sports | VR,"Experience Basket Ball from the comfort of your own room. Shoot hoops, score and challenge yourself all day long in this arcade styled game all in VR.",windows,Family Sharing | Single-player | Tracked Controller Support | VR Only,0.79,3.0,1.0,4 user reviews,4.0,0.75,,,False
674390,Bildo,25/07/17,Adventure | Indie,Adventure | Indie | Platformer,"Bildo is a 2D platform game in which the player plays the role of Bildo, a boy who saw his homeland consumed and ravaged by The Darkness, and decided to start a quest around the world in search for The Colors. Guided by The Keeper and he will begin his mission to beat The Darkness and restore the Light to Nibiru.",windows,Family Sharing | Single-player,4.79,12.0,4.0,Mostly Positive,16.0,0.75,,,False
690550,Pogo,21/12/18,Action | Indie,3D Platformer | Action | Difficult | Indie | Physics,Hold on tight it's time to bounce! Pogo is a goofy yet challenging 3D physics platformer that will make you laugh with joy and cry with frustration.,windows | mac | linux,Family Sharing | Partial Controller Support | Single-player,3.99,17.0,2.0,Positive,19.0,0.894736842,,,False
703090,冒险之路(Adventure Road),08/09/17,Free To Play | Indie | Massively Multiplayer | Strategy,Free to Play | Indie | Massively Multiplayer | Strategy,"A global service, real-time combat Strategy Role-Playing online games(SRPG).",windows,Cross-Platform Multiplayer | In-App Purchases | Multi-player | Online PvP | PvP,0.0,16.0,15.0,Mixed,31.0,0.516129032,,,True
709400,Low Desert Punk,28/09/17,Action | Casual | Indie | Racing,Action | Arcade | Casual | Difficult | Great Soundtrack | Indie | Minimalist | Psychedelic | Racing,A stoner trip in the desert on a 50s chevy pickup. A classical hardcore arcade game where you must to score fleeing and smashing enemies and cleaning your karma.,windows | mac,Family Sharing | Full controller support | Single-player | Steam Achievements | Steam Leaderboards,0.79,3.0,0.0,3 user reviews,3.0,1.0,,,False
734550,Wheel Riders Online OBT,27/12/17,Action | Free To Play | Massively Multiplayer | Racing,Action | Free to Play | Massively Multiplayer | Open World | Racing,"Wheel Riders Online - Survival Racing. You will build your own mode transportation using the parts in your garage and battle other players online! A very entertaining automobile building system is waiting for you, don't let your fantasy limit you; moreover, those constant improvements are adding to your abilities.",windows,Co-op | In-App Purchases | Multi-player | Online Co-op | Online PvP | Partial Controller Support | PvP | Steam Trading Cards,0.0,69.0,186.0,Mostly Negative,255.0,0.270588235,,,True
757040,Desert Golfing,18/12/17,Indie | Sports,Golf | Indie | Minimalist | Sports,Golfing across an endless desert.,windows | mac,Family Sharing | Single-player,1.69,85.0,1.0,Very Positive,86.0,0.988372093,,,False
768770,IndustrialVR - Hoover Dam,20/12/18,Indie | Simulation,Indie | Simulation | VR,Industrial VR takes the player inside complex industrial sites to get a first-hand look at how the sites function.,windows,Family Sharing | Single-player | Tracked Controller Support | VR Only,7.19,2.0,1.0,3 user reviews,3.0,0.666666667,,,False
786350,Shinobi Bad Buddies,28/11/18,Action | Indie,2D | Action | Competitive | Cute | Difficult | Fast-Paced | Funny | Great Soundtrack | Indie | Local Multiplayer | Ninja | Platformer,"Shinobi Bad Buddies will reveal the mischievous ninja in you, as you make your way through the story and the co-op missions or challenge your friends into a local battle!",windows,Co-op | Full controller support | Multi-player | PvP | Remote Play Together | Shared/Split Screen | Shared/Split Screen Co-op | Shared/Split Screen PvP | Single-player | Steam Cloud,0.0,22.0,2.0,Positive,24.0,0.916666667,,,True
798240,CRYEP,14/09/18,Action | Adventure | Indie | Massively Multiplayer,Action | Action Roguelike | Adventure | Arcade | Casual | Co-op | Competitive | Early Access | Family Friendly | Indie | Local Co-Op | Massively Multiplayer | Metroidvania | Multiplayer | Physics | Platformer | Puzzle Platformer | Roguelike | Roguelite | Side Scroller,"CRYEP is a hardcore two-dimensional action platformer that combines the genre of &quot;rogue&quot; and the mechanics of Contra. Actions take place in a parallel universe, year 3318. Go on an expedition and fight with alien enemies.",windows,Co-op | Family Sharing | Multi-player | Partial Controller Support | PvP | Remote Play Together | Shared/Split Screen Co-op | Shared/Split Screen PvP | Single-player | Steam Achievements,10.29,22.0,5.0,Positive,27.0,0.814814815,,,False
800180,Momoiro Closet,07/05/18,Adventure | Casual,Adventure | Anime | Casual | Choices Matter | Comedy | Cute | Dating Sim | Emotional | Female Protagonist | Mature | NSFW | Nudity | Romance | Sexual Content | Singleplayer | Story Rich | Visual Novel,"Momoiro Closet is a visual novel exploring the unlikely romance of an average joe and the student council president. Experience the otaku mecca of Akihabara firsthand as you court your anime-obsessed cosplayer schoolmate, through either a tender love story or a passionate tale of lust.",windows,Family Sharing | Partial Controller Support | Single-player | Steam Achievements | Steam Cloud | Steam Trading Cards,23.79,53.0,5.0,Very Positive,58.0,0.913793103,,,False
805950,Isolated,01/05/18,Action | Indie,2D | Action | Aliens | Indie | Platformer | Sci-fi | Side Scroller | Singleplayer | Space,"Isolated is an action-packed 2D side scrolling shooter in which you shoot, shoot and shoot ALIENS!",windows,Family Sharing | Single-player | Steam Achievements | Steam Cloud,4.79,1.0,0.0,1 user reviews,1.0,1.0,,,False
811870,Verlet Swing,18/09/18,Action | Indie,1980s | 3D Platformer | Action | Fast-Paced | First-Person | Great Soundtrack | Indie | Level Editor | Parkour | Physics | Platformer | Retro | Surreal,"Verlet Swing brings you energetic swinging in a world that would be best described as a fever dream. Swing fast, don't crash and reach the goal as fast as possible!",windows | mac,Family Sharing | Includes level editor | Partial Controller Support | Single-player | Steam Achievements | Steam Leaderboards | Steam Workshop,11.39,576.0,80.0,Very Positive,656.0,0.87804878,,294.0,False
836540,Viking Brothers 2,30/04/18,Adventure | Casual | Indie,Addictive | Adventure | Casual | Indie | Singleplayer | Strategy | Time Management | Vikings,"Join the Viking Brothers on an all-new, humor-filled adventure!",windows,Family Sharing | Single-player | Steam Achievements | Steam Cloud,5.19,35.0,5.0,Positive,40.0,0.875,,,False
844490,Rhombus Legends,24/09/18,Free To Play | Indie | Strategy,Free to Play | Indie | Strategy,"A unique spatial battle system for card games. Unite with friends for clan wars, explore the dungeons and search world map for Bosses. Magical power awaits you!",windows,Cross-Platform Multiplayer | In-App Purchases | Single-player | Steam Achievements,0.0,30.0,19.0,Mixed,49.0,0.612244898,,,True
861230,Arevoatl Seven Coins,07/06/18,Indie,Hidden Object | Indie,"Arevoatl Seven Coins is a first-person puzzle/hidden object game that takes place in an old estate. You receive a cryptic letter from your grandfather, when you come to him, you do not find him at home. Carefully study the letter and follow its clues. You need to collect objects and solve quests, passing room by room.",windows,Family Sharing | Single-player,2.89,19.0,3.0,Positive,22.0,0.863636364,,,False
864510,Scud Frenzy,08/06/18,Action | Indie,Action | Character Customization | Colorful | Fast-Paced | Indie | Platformer | Replay Value | Score Attack | Shoot 'Em Up | Shooter,"Scud Frenzy, the Biggest Game Show in the Cosmos, brings you a fast paced eight-directional shooter about destruction, chaos, rewards and high-scores.",windows,Family Sharing | Full controller support | Single-player | Steam Achievements | Steam Cloud,4.99,23.0,4.0,Positive,27.0,0.851851852,,,False
953920,Palace of the Azure Dragon,01/12/18,Action | Adventure | Casual | Early Access | Indie | Strategy,Action | Adventure | Casual | Early Access | Indie | Strategy | VR,This game focus on highlighting the immersive experience of virtual reality features. For the players to bring immersive &quot;strong interaction&quot; gaming experience.,windows,Family Sharing | Single-player | Steam Achievements | Tracked Controller Support | VR Only,3.99,5.0,0.0,5 user reviews,5.0,1.0,,,False
982760,Medieval Towns,15/03/19,Action | Adventure | Early Access | Indie | Massively Multiplayer,Action | Adventure | Base Building | Building | Co-op | Crafting | Early Access | First-Person | Indie | Massively Multiplayer | Medieval | Multiplayer | Nature | Open World | Open World Survival Craft | PvP | Realistic | Sandbox | Survival | Swordplay,"A multiplayer game in medieval setting about survival, diplomacy, building of towns and conquests. Try to survive in wild nature, gather resources, create or join guild, build town and fight for glory or resources!",windows,Co-op | Family Sharing | Multi-player | Online Co-op | Online PvP | PvP,11.39,10.0,13.0,Mixed,23.0,0.434782609,,,False
1019040,Smash team,05/02/19,Action | Massively Multiplayer,Action | Early Access | Gore | Massively Multiplayer | Multiplayer,Multiplayer arenas with different game modes.,windows,Family Sharing | Multi-player | Online PvP | PvP | Remote Play Together | Shared/Split Screen PvP | Single-player,0.79,6.0,5.0,Mixed,11.0,0.545454545,,,False
374950,ADventure Lib,04/08/15,Adventure | Indie,2D | Adventure | Cartoony | Controller | Fantasy | Funny | Indie | Linear | Moddable | Parody | Point & Click | Short | Story Rich,"The shuffle button has been hit. All the objects and characters have been mixed up! Randomness threatens to overrun the kingdom, and nothing is what it appears to be! It is up to you to defeat the fire-breathing [kitten], save your beloved [toilet], and find the [potato] of legend!",windows | mac | linux,Family Sharing | Partial Controller Support | Single-player | Steam Achievements | Steam Trading Cards | Steam Workshop,1.59,47.0,63.0,Mixed,110.0,0.427272727,,,False
854670,HEROES TRIALS,20/06/18,Action | Adventure | RPG,Action | Adventure | RPG,An intense and fast-paced adventure broken into several trials that can also be played as a shooter. Help siblings Elia and Zoel to become their homeland heroes.,windows | mac,Family Sharing | Full controller support | Single-player | Steam Achievements,4.79,5.0,0.0,5 user reviews,5.0,1.0,,,False
268340,High Strangeness,06/05/15,Action | Adventure | Indie | RPG,Action | Adventure | Indie | RPG | Retro,High Strangeness is a hybrid of 8 and 16 bit games - a 12 bit adventure. The game's core ability is to switch between 8 and 16 bit worlds and the player uses their generational differences to solve puzzles and explore the universe.,windows | mac | linux,Family Sharing | Partial Controller Support | Single-player | Steam Achievements | Steam Cloud | Steam Trading Cards,3.99,26.0,6.0,Positive,32.0,0.8125,,,False
625990,Welcome to Moreytown,05/05/17,Adventure | Indie | RPG,Adventure | Choose Your Own Adventure | Indie | Interactive Fiction | RPG | Text-Based,"Claw your way to the top of Moreytown, a furry slum for human-animal hybrids. Will you take down the gangs who rule the town, or take them over instead?",windows | mac | linux,Captions available | Family Sharing | Single-player | Steam Achievements | Steam Cloud,2.89,35.0,8.0,Positive,43.0,0.813953488,,,False
625830,BattleSky VR,19/01/18,Action | Early Access | Indie,Action | Arena Shooter | Co-op | Early Access | Indie | Multiplayer | VR,"BattleSky VR is a Multiplayer VR flying first-person shooter, bringing Overwatch style gameplay to the VR platform. Each player picks a Hero with vastly different size, powers and gameplay style to engage in fast-paced aerial combats against other players.",windows,Co-op | Family Sharing | Multi-player | Online PvP | PvP | Single-player | Tracked Controller Support | VR Only,10.29,25.0,3.0,Positive,28.0,0.892857143,,,False
560200,A Number's life,13/12/16,Casual | Indie,Casual | Indie | Puzzle,"A Number's life is a minimalistic yet surprisingly complex game based on moving, combining and dividing numbers. Meet these wonderful characters and test your skills through 80 fun and challenging levels. Create your own levels and share them with the community.",windows | mac,Family Sharing | Includes level editor | Single-player | Steam Achievements | Steam Workshop,2.79,6.0,2.0,8 user reviews,8.0,0.75,,,False
514090,Beautiful Japanese Scenery - Animated Jigsaws,15/09/16,Casual | Simulation,Casual | Puzzle | Simulation,"Animated Jigsaws is a jigsaw puzzle game with video instead of pictures. “Beautiful Japanese Scenery” contains moving images from Japanese famous places including Mt. Fuji, Kyoto, Tokyo, the Snow Monkeys in a natural hot spring and more!",windows | mac,Family Sharing | Single-player | Steam Achievements | Steam Trading Cards,6.99,212.0,32.0,Very Positive,244.0,0.868852459,,233.0,False
908310,The Call,08/08/18,Action | Adventure | Casual | Indie,3D | Action | Adventure | America | Atmospheric | Casual | Crime | Experimental | FPS | First-Person | Horror | Indie | Pixel Graphics | Puzzle | PvE | Shooter | Singleplayer | Stealth | Stylized | Violent,The Call is a horror puzzle game where you are in the role of an american police officer who gets a domestic disturbance call while late on patrol. Once you arrive things get a little bit unusual...,windows,Single-player | Steam Achievements,8.29,13.0,12.0,Mixed,25.0,0.52,,,False
500980,Endangered,10/01/19,Action | Adventure | Strategy,Action | Adventure | FPS | First-Person | Sci-fi | Strategy | Violent,Aliens are invading Earth and are taking out Earths military assets. Join them in the conquest of planet Earth.,windows,Multi-player | Online PvP | Partial Controller Support | PvP | Single-player,0.79,10.0,11.0,Mixed,21.0,0.476190476,,,False
576590,Puzzle Wishes,25/01/17,Casual | Nudity | Simulation,Anime | Casual | Dating Sim | Match 3 | Nudity | Puzzle | Simulation,Lucky you! You've found a genie who's going to help you find your 'soulmate'! Date seven cute girls by comboing and chaining puzzle pieces together in this dating sim. The puzzle mini-games actively scroll and will rely on your fast reflexes and thinking.,windows,Family Sharing | Single-player | Steam Trading Cards,2.89,14.0,15.0,Mixed,29.0,0.482758621,,,False
616750,1943 Deadly Desert,15/05/18,Indie | Strategy,2D | Atmospheric | Classic | Hex Grid | Historical | Indie | Isometric | Military | Replay Value | Strategy | Tactical | Turn-Based | Turn-Based Strategy | War | World War II,North Africa 1943. Lead your forces to victory in the most intense WW2 battle!,windows,Family Sharing | Multi-player | Online PvP | PvP | Single-player | Steam Achievements | Steam Cloud | Steam Trading Cards,7.19,60.0,31.0,Mixed,91.0,0.659340659,,,False
701890,Starzine,04/10/17,Action | Indie,Action | Arcade | Indie | Physics | Singleplayer,"As the remote-controlled exoplanet survey and reconnaissance drone SR-19 descends into the atmosphere of planet Xenos, it runs into trouble — and gets a little help. Starzine delivers fast-paced, 3D paddle-and-ball arcade action updated for the 21st century.",windows,Family Sharing | Full controller support | Single-player | Steam Achievements | Steam Cloud,7.19,3.0,0.0,3 user reviews,3.0,1.0,,,False
525300,Starship Annihilator,02/09/16,Action | Indie,Action | Indie | Shoot 'Em Up,"A classic style vertical scrolling-shooter. Includes 10 levels and 10 boss enemies. You will have several power-ups for weapon modification. Within each level, you will face different enemies, among which will vary from low to extreme levels of threat!",windows,Family Sharing | Partial Controller Support | Single-player | Steam Achievements | Steam Trading Cards,0.79,196.0,103.0,Mixed,299.0,0.655518395,,149.0,False
315840,Catacomb Kids,20/02/15,Action | Early Access | Indie | RPG,2D | Action | Action Roguelike | Difficult | Dungeon Crawler | Early Access | Indie | Local Co-Op | Perma Death | Pixel Graphics | Platformer | Procedural Generation | RPG | Roguelite,"Catacomb Kids is a brutal platformer roguelike that pits you against the deadly Catacombs aided only by magic, steel, and your quick reflexes. Traverse procedurally generated dungeons and hack, slash, burn, and blast your way through hordes of things that want to kill you.",windows | mac | linux,Co-op | Family Sharing | Full controller support | Multi-player | PvP | Remote Play Together | Shared/Split Screen | Shared/Split Screen Co-op | Shared/Split Screen PvP | Single-player,12.39,542.0,63.0,Very Positive,605.0,0.895867769,,514.0,False
268750,Magicite,09/06/14,Action | Adventure | Indie | RPG,2D | Action | Action Roguelike | Adventure | Co-op | Crafting | Difficult | Indie | Multiplayer | Online Co-Op | Perma Death | Pixel Graphics | Platformer | RPG | Roguelike | Roguelite | Sandbox | Side Scroller | Singleplayer | Survival,"Explore, craft, and survive in this Multiplayer RPG Platformer with permanent death! Featuring many Rogue-like elements, Magicite randomly generates each underground dungeon for you and your friends to delve deep into.",windows | mac | linux,Family Sharing | Multi-player | Single-player,7.19,6440.0,1113.0,Very Positive,7553.0,0.852641335,,5766.0,False
985280,The Trials of Olympus,13/12/18,Action | Adventure | Casual | Indie | Strategy,Action | Adventure | Casual | Indie | Match 3 | Strategy,"A thrilling match-3 game that tells the story of Angelo, a young god from Olympus. Banished to the mortal realm, Angelo must prove his worth to the Grecian king by building the most majestic palace. Play 79 thrilling match-3 levels in 5 unique worlds.",windows,Family Sharing | Single-player,4.99,9.0,7.0,Mixed,16.0,0.5625,,,False
555750,Masked Forces,23/11/16,Action | Indie,Action | Arena Shooter | Blood | FPS | First-Person | Gore | Indie | Military | Multiplayer | Nonlinear | PvP | Shooter | Singleplayer | Sniper,Masked Forces is an action-packed game where your main purpose is to eliminate your enemies using any means necessary. You have a great singleplayer campaign and multiple online game modes that you can use to show your might.,windows | mac,Cross-Platform Multiplayer | Family Sharing | Multi-player | Partial Controller Support | Single-player | Stats | Steam Achievements | Steam Leaderboards | Steam Trading Cards,0.79,311.0,154.0,Mixed,465.0,0.668817204,,400.0,False
873850,PASSAGE,14/11/18,Action | Adventure | Indie,Action | Adventure | Gore | Indie | Nudity | Pixel Graphics | Violent,"PASSAGE™ is medieval mayhem in a dark twisted world that's constantly changing. Grab hold of modern artillery, magical power-ups, and your trusty old axe in this adventure to rescue twin girls taken for a truly unholy sacrifice.",windows,Family Sharing | Full controller support | Single-player | Steam Achievements | Steam Cloud,4.79,4.0,5.0,9 user reviews,9.0,0.444444444,,,False
332790,Darkness Assault,06/02/15,Action | Gore | Indie | Violent,Action | Female Protagonist | Gore | Horror | Indie | Psychological Horror | Puzzle | Singleplayer | Survival | Survival Horror | Top-Down Shooter | Violent | Zombies,"The number of missing in the city increased. People talk about the experiments on human beings. And now, only you can figure out if it was true. Especially because you have no choice. Mysteriously, you find yourself in a terrible location 40 meters underground. Your name is Katrine, and you do not remember anything about your past.",windows,Family Sharing | Single-player | Steam Achievements | Steam Trading Cards,0.79,337.0,308.0,Mixed,645.0,0.52248062,,547.0,False
388970,iZBOT,01/09/15,Action | Indie,2D | 2D Platformer | Action | Arcade | Casual | Controller | Difficult | Fast-Paced | GameMaker | Pixel Graphics | Platformer | Precision Platformer | Retro | Robots | Sci-fi | Short | Side Scroller | Singleplayer | Time Attack | Unforgiving,"iZBOT is fast paced, double jumping, wall sliding, edge of your seat platformer that delivers delicious bite sized challenging platforming levels while always keeping you in the action.",windows,Family Sharing | Full controller support | Single-player | Stats | Steam Achievements | Steam Cloud | Steam Leaderboards | Steam Trading Cards,9.29,227.0,49.0,Very Positive,276.0,0.822463768,,218.0,False
586310,Gunman Taco Truck,28/01/17,Action | Indie | Strategy,2D | Action | Indie | Pixel Graphics | Post-apocalyptic | Strategy,"Gunman Taco Truck is an action-packed drive across the post-apocalypse United States to reach the safe haven of Winnipeg, Canada, where there are no taco trucks and your family’s taco business can thrive. Getting to the safe towns is hectic but your truck is armed with weapons that blast mutants into taco fillings.",windows | mac,Family Sharing | Single-player | Steam Achievements,2.09,219.0,45.0,Very Positive,264.0,0.829545455,,217.0,False
664650,Canadian Football 2017,26/07/17,Indie | Sports,Football (American) | Indie | Sports,"Fast, explosive offensive action, we have it all in our Canadian gridiron simulation title that brings to fans everything they love about how Canucks have been playing the game for more than 100 years. That means 12 players, 3 downs, 20 seconds, and no fair catch eh.",windows,Family Sharing | Multi-player | Partial Controller Support | PvP | Remote Play Together | Shared/Split Screen PvP | Single-player,2.89,27.0,15.0,Mixed,42.0,0.642857143,,,False
263360,3089 -- Futuristic Action RPG,10/01/14,Action | Indie | RPG,Action | FPS | First-Person | Futuristic | Indie | Open World | Pixel Graphics | Procedural Generation | RPG | Retro | Sci-fi | Shooter | Singleplayer,"3089 is a futuristic, procedurally generated, open-world action role-playing game. All terrain, enemies, weapons, items, quests &amp; more are uniquely generated. Will you obey your creator, the Overlord, or find your own path?",windows | mac | linux,Co-op | Family Sharing | Single-player | Steam Trading Cards,4.99,388.0,164.0,Mostly Positive,552.0,0.702898551,,306.0,False
887340,Owl Watch,12/11/18,Action | Adventure | Casual | Indie,Action | Adventure | Atmospheric | Casual | Colorful | Controller | Exploration | Fantasy | Great Soundtrack | Indie | Nature | Short | Singleplayer | Third Person | Walking Simulator,OWL WATCH is a short atmospheric adventure game where you travel around in different biomes. Awaken from your slumber as you venture out to seek ancient technology to aid you in a time of darkness.,windows,Family Sharing | Full controller support | Single-player | Steam Achievements,0.79,107.0,25.0,Very Positive,132.0,0.810606061,,,False
408760,Pro Cycling Manager 2016,16/06/16,Simulation | Sports,Cycling | Management | Multiplayer | Simulation | Singleplayer | Sports,Become the sports manager of a professional cycling team and take part in a great 2016 season that will let you travel the world in over 200 cycling events.,windows,Family Sharing | In-App Purchases | Multi-player | Single-player | Steam Achievements | Steam Cloud | Steam Trading Cards | Steam Workshop,14.99,261.0,132.0,Mixed,393.0,0.664122137,64.0,249.0,False
355570,ENIGMA : An Illusion Named Family,19/03/15,Adventure | Indie | RPG,2D | 2D Fighter | Action | Action RPG | Action-Adventure | Adventure | Anime | Atmospheric | Cartoon | Cartoony | Choose Your Own Adventure | Dark Humor | Dungeon Crawler | Horror | Indie | Interactive Fiction | RPG | RPGMaker | Top-Down | Visual Novel,"The hero of the game, Minhyuk, loses his father in an accident in his childhood. He spends his adolescence in guilt, while his siblings jump into a family feud over the inheritance.One day, an unexpected blackout takes place in the mansion, and Minhyuk has to overcome the strange and often fatal incidents to find out the truth behind.",windows,Family Sharing | Partial Controller Support | Single-player,3.99,26.0,1.0,Positive,27.0,0.962962963,,,False
362660,Blue Rose,23/04/15,Adventure | Indie | Simulation,Adventure | Anime | Female Protagonist | Indie | Otome | Simulation | Singleplayer | Visual Novel,"Lena is a Templar of the Blue Rose, her life dedicated to protecting her home and country. Pulled away from the front lines of the war, Lena finds herself trapped in a secluded, unknown village in the mountains. For the first time she will make her own decisions – and face the consequences.",windows | mac | linux,Family Sharing | Single-player | Steam Achievements | Steam Trading Cards,12.39,87.0,52.0,Mixed,139.0,0.625899281,,,False
517140,POLYCRUSHER,14/10/16,Action | Indie,4 Player Local | Action | Arcade | Cartoony | Co-op | Comedy | Controller | Indie | Local Co-Op | Local Multiplayer | Multiplayer | Shoot 'Em Up | Survival | Top-Down Shooter | Twin Stick Shooter,"Put your crayons aside and grab some friends, here comes POLYCRUSHER: The local-multiplayer-twin-stick-shooter for ultimate couch gaming. Survive angry mobs of lunatic creatures and ascend into the poly-olympus! The space-time-mango awaits you!",windows,Co-op | Family Sharing | Multi-player | Partial Controller Support | PvP | Remote Play Together | Shared/Split Screen | Shared/Split Screen Co-op | Shared/Split Screen PvP | Stats | Steam Achievements | Steam Leaderboards,6.99,12.0,10.0,Mixed,22.0,0.545454545,,,False
470490,RollerGirls From Beyond,08/09/16,Action | Adventure | Casual | Indie,Action | Adventure | Casual | Indie | VR,"RollerGirls from Beyond brings side scroller action into VR. Skate, Jump, Ride and Stomp your way to save the Cows of the planet Bovina from Dr Creepy and his Alien Army.",windows,Family Sharing | Full controller support | Single-player | Steam Trading Cards | VR Only,5.59,13.0,6.0,Mixed,19.0,0.684210526,,,False
340290,Dr.Green,02/01/15,Action | Indie,2D Platformer | Action | Indie | Pixel Graphics | Platformer | Puzzle Platformer | Retro,"Dr.Green is a 2D retro, arcade, action platformer, inspired by games like Megaman and Ninja Senki. Take control of the orphan Dr.Green, on his mission to save the forest and take revenge on the evil forces trying to destroy it.",windows,Family Sharing | Full controller support | Single-player,1.99,27.0,14.0,Mixed,41.0,0.658536585,,,False
849420,Professor Madhouse,04/06/18,Adventure | Casual | Indie,Action | Adventure | Atmospheric | Casual | Family Friendly | Great Soundtrack | Indie | Puzzle | Singleplayer,Professor Madhouse is an adventurous game of logic for young children.,windows | mac,Family Sharing | Single-player,1.69,4.0,8.0,Mostly Negative,12.0,0.333333333,,,False
230760,DIVO,01/02/13,Casual | Indie,Casual | Indie | Platformer,"DIVO - This is an unusual, bright and dynamic arcade game, where you control a hamster in a cyber wheel! Our hero must, within a limited time, reach the finishing point of the level while simultaneously avoiding collisions with enemies and collecting all sorts of bonuses, to successfully complete each level!",windows | linux,Family Sharing | Partial Controller Support | Single-player,3.99,9.0,16.0,Mostly Negative,25.0,0.36,,,False
1016330,Bot War,25/02/19,Action | Indie,Action | Artificial Intelligence | Atmospheric | Experimental | FPS | Fast-Paced | First-Person | Indie | Military | Moddable | Procedural Generation | Real-Time with Pause | Replay Value | Shooter | Singleplayer | Team-Based | Unforgiving | Violent,"Bot War takes place on a spherical planet that you can walk all the way around. The other soldiers are bots, controlled by AI. The game also has an experimental system for player controls, simulates tiredness from running, and has one shot kills.",windows | mac | linux,Family Sharing | Single-player,5.19,4.0,0.0,4 user reviews,4.0,1.0,,,False
649600,Swords and Sandals 2 Redux,29/06/17,RPG,2D | 2D Fighter | Adventure | Cartoon | Fighting | Gore | Hack and Slash | Indie | Medieval | Nostalgia | RPG | Rome | Singleplayer | Strategy RPG | Swordplay | Tactical RPG | Turn-Based | Turn-Based Combat | Turn-Based Strategy | Turn-Based Tactics,"The world's favourite gladiator game has returned, bigger and more action packed than ever. Swords and Sandals 2: Emperor's Reign, remastered with all new graphics, music and powerful new skills and awesome Arena Champions Pharoah King, John the Butcher and Ultra Flavlus",windows | mac,Family Sharing | Single-player,5.19,412.0,118.0,Mostly Positive,530.0,0.777358491,,501.0,False
764230,Shoujo City,05/01/18,Simulation,Anime | Character Customization | Cute | Dating Sim | Female Protagonist | LGBTQ+ | Romance | Simulation | Singleplayer,"Shoujo City is a dating simulator game, set in virtual 3D Tokyo and focused on anime and otaku culture.",windows | mac,Family Sharing | Single-player | Steam Achievements,7.19,236.0,30.0,Very Positive,266.0,0.887218045,,240.0,False
671620,Beast Battle Simulator,22/02/18,Action | Gore | Indie | Simulation | Sports | Strategy | Violent,Action | Casual | Comedy | Dinosaurs | Early Access | Funny | Gore | Indie | Medieval | Memes | Physics | Sandbox | Simulation | Singleplayer | Sports | Strategy | Violent | War,"Beast Battle Simulator is a physics based battle-simulation sandbox game featuring dinosaurs, animals, and humans. Kamikaze Zebras VS. T-Rex with laser guns, Lions VS. medieval knights; anything is possible! Watch as the beasts dismember and rip each other apart in gory detail!",windows,Family Sharing | Single-player,6.99,1009.0,154.0,Very Positive,1163.0,0.867583835,,1113.0,False
648880,Guano Gladiators,07/07/17,Action | Indie,Action | Competitive | Indie | Local Multiplayer | Party | Party Game | Sports,"The party game nobody asked for, but everybody needs. Guano Gladiators is a local multiplayer competitive brawler for 2-4 players! Assume the role of adorable creatures and attempt to poop on your friends to find out who reigns aerial excrement superiority.",windows | mac,Family Sharing | Full controller support | Multi-player | PvP | Remote Play Together | Shared/Split Screen | Shared/Split Screen PvP | Single-player | Steam Achievements,2.89,12.0,0.0,Positive,12.0,1.0,,,False
856310,Seul (Alone): The entrée,30/08/18,Adventure | Indie | RPG,Adventure | Choose Your Own Adventure | Dark | Gore | Horror | Indie | Multiple Endings | Mystery | Philosophical | Psychological Horror | RPG | Story Rich | Surreal | Text-Based | Thriller | Visual Novel,Seul. (Alone) is a text based choose your own adventure and philosophical thriller with horror elements. A subsistence where characters dwell. There are mysteries to solve and connections to unfold. Journey through here but remember you may not stay. Can you save Peggy?,windows,Family Sharing | Single-player,2.09,4.0,1.0,5 user reviews,5.0,0.8,,,False
427550,Tibetan Quest: Beyond the World's End,07/04/16,Adventure | Casual,2D | Adventure | Atmospheric | Casual | Family Friendly | Fantasy | Female Protagonist | Great Soundtrack | Hidden Object | Horror | Indie | Mystery | Point & Click | Puzzle | Singleplayer | Story Rich,Delve into a mystical world of Tibetan legends!,windows | mac | linux,Family Sharing | Single-player | Steam Achievements | Steam Cloud | Steam Trading Cards,6.99,150.0,80.0,Mixed,230.0,0.652173913,,117.0,False
816280,Amora,08/06/18,Casual | Indie,Casual | Indie | RPGMaker,"Amora is a pocket game about a vampire that wants to share her love to a human! However, being another specie. Amora Always gets in the way. Rather then give love, she transforms your dear passion in another vampire.",windows | mac,Family Sharing | Partial Controller Support | Single-player,1.69,11.0,3.0,Mostly Positive,14.0,0.785714286,,,False
319480,Odallus: The Dark Call,15/07/15,Action | Indie,2D | Action | Action-Adventure | Adventure | Dark Fantasy | Demons | Difficult | Exploration | Gore | Indie | Metroidvania | Pixel Graphics | Platformer | Retro | Side Scroller | Singleplayer,"The old gods have forgotten this land. No one could save our people when darkness started spreading and collecting human souls for its army. Odallus is a classic exploration/action game, inspired by Ghosts’n Goblins, Demon’s Crest and Castlevania.",windows,Family Sharing | Partial Controller Support | Single-player | Steam Achievements | Steam Trading Cards,6.99,1141.0,148.0,Very Positive,1289.0,0.885182312,80.0,800.0,False
313330,4x4 Dream Race,15/07/14,Racing,Racing,You drive a 4x4 monster truck in 4 different races!,windows,Family Sharing | Single-player,3.99,16.0,37.0,Mostly Negative,53.0,0.301886792,,,False
637060,Tiny Tales: Heart of the Forest,20/07/17,Adventure | Casual,2D | Adventure | Atmospheric | Casual | Family Friendly | Fantasy | Female Protagonist | Great Soundtrack | Hidden Object | Horror | Indie | Mystery | Point & Click | Puzzle | Singleplayer | Story Rich,Become the Hero of Brie!,windows | mac | linux,Family Sharing | Single-player | Steam Achievements | Steam Cloud | Steam Trading Cards,6.99,176.0,48.0,Mostly Positive,224.0,0.785714286,,144.0,False
287100,Chaos Domain,01/05/14,Action | Indie,Action | Co-op | Indie | Local Co-Op | Platformer | Sci-fi | Shooter | Side Scroller | Singleplayer,"Chaos Domain is a game about shooting bad people in the face. Apart from that, it is also a run and gun platformer, powered by Unreal Engine. The game is highly influenced by games from 8-bit and 16-bit era, including Contra/Probotector series, as well as titles like Abuse and Doom Troopers.",windows,Family Sharing | Full controller support | Multi-player | Remote Play Together | Shared/Split Screen | Single-player | Steam Achievements,6.99,256.0,572.0,Mostly Negative,828.0,0.309178744,,,False
377550,Unfair Jousting Fair,03/09/15,Casual | Indie | Sports,Casual | Indie | Local Multiplayer | Sports,"Beat your friends in a joust while you try to keep your balance on top of your unicycle! Compete in the ridiculous jousting tournament your mother never let you have. You can now practice your unicycle and lancing skills without fear of your video becoming viral, or breaking any bones for that matter.",windows,Family Sharing | Full controller support | Multi-player | PvP | Remote Play Together | Shared/Split Screen | Shared/Split Screen PvP | Single-player | Steam Achievements | Steam Trading Cards,3.99,20.0,5.0,Positive,25.0,0.8,,,False
666730,This Merchant Life,03/08/17,Indie | RPG | Strategy,Early Access | Fantasy | Indie | Interactive Fiction | Management | Medieval | Pixel Graphics | RPG | Singleplayer | Story Rich | Strategy | Strategy RPG | Trading,"This Merchant Life is a trading strategy game set in the troubled medieval kingdom of Peregrine. Turn a rickety wooden cart, two horses and a few coins into a thriving entrepreneurial triumph!",windows,Family Sharing | Single-player | Steam Achievements,5.99,130.0,45.0,Mostly Positive,175.0,0.742857143,,163.0,False
443880,Loot Rascals,07/03/17,Adventure | Indie | RPG,2D | Adventure | Card Game | Difficult | Hex Grid | Indie | Loot | RPG | Roguelike | Roguelite | Strategy,"Explore an outlandish outer space, gather Loot Cards, and fight your way to The Thing Below in this innovative and offbeat strategy roguelike.",windows,Family Sharing | Full controller support | Remote Play on TV | Single-player | Steam Achievements | Steam Leaderboards,10.99,140.0,62.0,Mixed,202.0,0.693069307,71.0,,False
362940,Courier of the Crypts,18/04/19,Adventure | Indie,2D | Adventure | Difficult | Dungeon Crawler | Indie | Pixel Graphics | Puzzle | Retro | Singleplayer,"Courier of the Crypts is a 2D puzzle adventure game where you have to survive as a Courier on his first errand to the ominous crypts. Main tool to achieve the mission is a Magic Torch which you use to illuminate your path, defend from darkness and solve puzzles - it must never run out!",windows,Family Sharing | Full controller support | Single-player | Steam Achievements | Steam Cloud | Steam Leaderboards | Steam Trading Cards,15.49,56.0,3.0,Very Positive,59.0,0.949152542,,,False
1004100,Chaos Caves,25/01/19,Action | Casual | Indie,2.5D | 2D | 2D Platformer | 4 Player Local | Action | Arcade | Arena Shooter | Cartoony | Casual | Controller | Destruction | Family Friendly | Funny | Indie | Local Multiplayer | Old School | Physics | Pixel Graphics | Platformer | Retro,"Chaos Caves is an all-action couch game where you blast each other with completely unreasonable weaponry. Games last about a minute, everyone gets a turn at the Nuke, and failure is just as funny as winning. Next time, grapple out of range!",windows,Co-op | Family Sharing | Full controller support | Multi-player | PvP | Remote Play Together | Shared/Split Screen | Shared/Split Screen Co-op | Shared/Split Screen PvP | Single-player,4.79,2.0,3.0,5 user reviews,5.0,0.4,,,False
498980,DUO,07/07/16,Action | Casual | Indie | Sports,Action | Casual | Indie | Sports | VR,DUO is an arcade game designed from the ground up for virtual reality. Now you can immerse yourself in a virtual world with a classic retro game.&quot;This could be Vive’s best brick breaker. Give it a go.&quot;,windows,Family Sharing | Single-player | Tracked Controller Support | VR Only,5.99,27.0,10.0,Mostly Positive,37.0,0.72972973,,,False
419090,Vector Strain,09/12/15,Action | Indie,Action | Arcade | Bullet Hell | Indie | Sci-fi | Shoot 'Em Up,Addictive fast-paced shoot-em-up with beautiful 3D graphics and an amazing soundtrack. 5 ships to choose from and 5 action-packed Stages.,windows,Family Sharing | Full controller support | Multi-player | Remote Play Together | Shared/Split Screen | Single-player | Steam Achievements | Steam Trading Cards,3.99,53.0,17.0,Mostly Positive,70.0,0.757142857,,,False
905450,NASCAR Heat 3,07/09/18,Racing,Automobile Sim | Driving | Local Multiplayer | Multiplayer | Racing | Simulation | Singleplayer | Sports,"There are more ways to race than ever before in NASCAR Heat 3! Jump into the enhanced Career Mode, build your own race team and compete in the Xtreme Dirt Tour. Prove that you're the best in the world in the new Online Tournaments feature. Plus, all your favorite modes are back and better than ever.",windows,Family Sharing | Multi-player | Online PvP | Partial Controller Support | PvP | Remote Play Together | Shared/Split Screen | Shared/Split Screen PvP | Single-player | Steam Achievements,30.99,394.0,124.0,Mostly Positive,518.0,0.760617761,,475.0,False
814210,搜索·迷城掠影/The phantom of the city,04/12/18,Adventure | Casual | Indie | Simulation,Adventure | Casual | Detective | Drama | FMV | Hidden Object | Indie | Mystery | Point & Click | Simulation,"This is a full motion video exploration narrative game.Game will bring you into someone's memory link, find the correct memory fragment by prompting, and piece together the story and truth behind the memory.Unknown secrets wait for your exploration, maybe everyone will have their own answer!",windows,Family Sharing | Single-player,1.69,10.0,11.0,Mixed,21.0,0.476190476,,,False
512900,Streets of Rogue,10/03/17,Action | Adventure | Indie | RPG,2D | Action | Action Roguelike | Adventure | Co-op | Funny | Gore | Great Soundtrack | Immersive Sim | Indie | Local Co-Op | Multiplayer | Online Co-Op | Pixel Graphics | Procedural Generation | RPG | Roguelike | Roguelite | Stealth | Violent,"Fight, sneak, and hack your way through randomly generated cities. It's like Nuclear Throne meets Deus Ex, mixed with the anarchy of GTA. Rogue-lite meets immersive sim, and goes completely insane.",windows | mac | linux,Co-op | Cross-Platform Multiplayer | Family Sharing | Full controller support | Includes level editor | LAN Co-op | LAN PvP | Multi-player | Online Co-op | Online PvP | PvP | Remote Play Together | Remote Play on Phone | Remote Play on TV | Remote Play on Tablet | Shared/Split Screen | Shared/Split Screen Co-op | Shared/Split Screen PvP | Single-player | Steam Achievements | Steam Cloud | Steam Trading Cards | Steam Workshop,10.99,20402.0,822.0,Overwhelmingly Positive,21224.0,0.96127026,,15834.0,False
1036840,Cat Defense,20/04/19,Indie | Strategy,Indie | Strategy,An army of the undead attacked the defenseless village of cute kittens,windows,Family Sharing | Single-player,0.79,9.0,6.0,Mixed,15.0,0.6,,,False
407830,Space Overlords,03/03/16,Action | Adventure | Indie,Action | Adventure | Indie | Local Multiplayer | Mechs | PvP | Robots | Third-Person Shooter,"After escaping imprisonment, begin a destructive rampage of galactic proportions to restore your honour and bring vengeance to those that betrayed you.",windows,Co-op | Family Sharing | Full controller support | Includes level editor | Multi-player | Remote Play Together | Shared/Split Screen | Single-player | Steam Achievements | Steam Trading Cards,5.59,9.0,22.0,Mostly Negative,31.0,0.290322581,,,False
678920,Symploke: Legend of Gustavo Bueno (Chapter 2),21/12/17,Adventure | Indie,Adventure | Comedy | Episodic | Indie | Philosophical | Point & Click | Political,Symploké: The Legend of Gustavo Bueno is a classic point and click adventure set in a Spanish university and inspired in one of the most influential contemporary philosophers in the world. Play Chapter 2 ONLY if you got through Chapter 1.,windows,Family Sharing | Single-player,1.69,14.0,2.0,Positive,16.0,0.875,,,False
11190,Sherlock Holmes versus Jack the Ripper,23/12/09,Adventure | RPG,Adventure | Crime | Detective | Historical | Investigation | Mystery | Point & Click | Puzzle | RPG | Singleplayer | Story Rich | Thriller,"Recognized as one of the best licenses in gaming and lauded by the press, Sherlock Holmes is back with an investigation that is sure to be the most horrifying of the series. The famous detective stands against the most dangerous serial killer England has ever known - Jack the Ripper.",windows,Family Sharing | Single-player | Steam Cloud,6.99,895.0,222.0,Very Positive,1117.0,0.801253357,73.0,983.0,False
658610,位面穿越者-三国传(A Bit Crosser-Three Kingdoms),25/07/17,RPG | Strategy,2D | Adventure | Anime | Cartoon | Casual | Comedy | Dark Humor | Fantasy | Female Protagonist | Funny | JRPG | Open World | Pixel Graphics | Puzzle | RPG | RPGMaker | Retro | Singleplayer | Strategy | Turn-Based Combat,"This is a RPG game of training multi heros , you could collect as many as forty generals to fight together , you would unlock more generals under attacking city and develop it ,Collect special weapons from special events。co-ordinate the different generals to beat the boss .",windows,Family Sharing | Single-player | Steam Achievements,1.69,29.0,68.0,Mostly Negative,97.0,0.298969072,,,False
892900,Emoto,26/09/18,Video Production,VR | Video Production,"Emoto uses VR devices to quickly create 3D animation, manipulate characters to make the performance more lifelike, use SDK tools to replace your own characters, scenes, props, special effects resources, and you can export your performance story into MP4 video, share and record!",windows,Includes Source SDK | Steam Workshop | Tracked Controller Support | VR Supported,0.0,6.0,3.0,9 user reviews,9.0,0.666666667,,,True
719100,Space Way,13/10/17,Casual | Indie,Casual | Indie,Dominate the space road and make the best score ! Space Way is a fast and fun game where the set is synchronized with music !,windows,Family Sharing | Single-player,0.79,18.0,15.0,Mixed,33.0,0.545454545,,,False
262510,CRIMSON ROOM® DECADE,09/06/16,Adventure | Indie,Adventure | Atmospheric | Escape Room | Horror | Indie,"”I've been here before...&quot; Jean-Jacques Gordot woke up to find himself trapped in a red room. A door that won't open, a hanging light bulb, scattered wine bottles. And for some reason, this room gives him a feeling of deja vu...",windows | mac,Family Sharing | Single-player | Steam Achievements,6.99,39.0,26.0,Mixed,65.0,0.6,,,False
1025710,Real Al's Humanity Academy,01/04/19,Action | Casual | Free To Play | Indie,Action | Casual | Free to Play | Indie | VR,"Real Al’s Humanity Academy combines wacky minigame action, a bizarre sense of humor, and the world’s most human robot to give you a VR party game unlike any other. There’s never been a better time to learn how to be human. Enroll today!",windows,Single-player | Tracked Controller Support | VR Only,0.0,30.0,3.0,Positive,33.0,0.909090909,,,True
251410,Dark Matter,17/10/13,Action | Indie,2.5D | Action | Female Protagonist | Horror | Indie | Metroidvania | Platformer | Sci-fi | Side Scroller | Singleplayer | Survival Horror,"Dark Matter is a 2.5D side-scrolling survival horror game, set in a derelict spaceship besieged by a sinister alien presence, and infested with deadly parasites. As the Ensign, you must explore fetid hallways and abandoned facilities, scavenging for parts and blueprints, expanding your arsenal to up to four deadly weapons and freely...",windows | mac | linux,Family Sharing | Full controller support | Single-player | Steam Achievements | Steam Cloud | Steam Trading Cards,6.99,109.0,145.0,Mixed,254.0,0.429133858,,190.0,False
622620,Nightmare Adventures: The Turning Thorn,17/04/17,Adventure | Casual,Adventure | Casual,What dark and powerful secrets are hidden within the A.R.C.A.N.E. agency's old research base? Kiera Vale returns to find out.,windows,Family Sharing | Single-player,5.19,14.0,4.0,Mostly Positive,18.0,0.777777778,,,False
677280,Sigi - A Fart for Melusina,22/12/17,Action | Casual | Indie,2D | 2D Platformer | Action | Anime | Arcade | Cartoony | Casual | Family Friendly | Funny | Great Soundtrack | Indie | Old School | Parody | Pixel Graphics | Platformer | Retro | Score Attack | Short | Side Scroller | Singleplayer,"Join Knight Sigi as he runs, jumps, and battles in a flatulent quest to save Melusina, the love of his life, in this light-hearted homage to the golden days of simple but fun classic action platformers.",windows,Family Sharing | Full controller support | Single-player | Steam Achievements | Steam Leaderboards,1.99,123.0,18.0,Very Positive,141.0,0.872340426,,,False
839520,The Legend of Evil,19/10/18,Action | Adventure | Indie | RPG | Strategy,2D | Action | Adventure | Indie | Pixel Graphics | RPG | Strategy,Destroy all of humanity in a hyper-tactical tower-offense game that takes no prisoners (especially if they are humans).,windows,Family Sharing | Full controller support | Single-player | Steam Achievements | Steam Cloud,5.99,13.0,6.0,Mixed,19.0,0.684210526,,,False
541190,Nodiatis,14/11/16,Adventure | Free To Play | Indie | Massively Multiplayer | RPG,Adventure | Free to Play | Indie | Massively Multiplayer | RPG,"A classical RPG in an MMO setting, Nodiatis is for gamers who appreciate retro gaming but still want the excitement of competitive play.",windows | mac,Co-op | Cross-Platform Multiplayer | In-App Purchases | MMO | Multi-player | Online Co-op | Online PvP | Partial Controller Support | PvP | Single-player,0.0,57.0,35.0,Mixed,92.0,0.619565217,,,True
339120,Fork Parker's Holiday Profit Hike,18/12/14,Action | Adventure | Free To Play | Indie,2D | Action | Adventure | Difficult | Free to Play | Funny | Great Soundtrack | Indie | Multiplayer | Parkour | Pixel Graphics | Platformer,"Against explosive firepower, bitter cold, and dizzying heights, Fork Parker must outwit a group of no-talent game developers in a deadly holiday promotional game. Also, it's free.",windows | mac,Family Sharing | Partial Controller Support | Single-player | Steam Achievements,0.0,570.0,117.0,Very Positive,687.0,0.829694323,,,True
972740,KOBOLD: Chapter I,14/11/18,Adventure,Adventure | Horror | Mystery | Survival | VR,KOBOLD is a new kind of horror experience that blurs the line between cinema and VR gaming. Step into the shoes of an urban explorer investigating the mysterious case of a missing boy. Pick up your flashlight and discover the secrets of an abandoned villa in the middle of a dark forest in Germany.,windows,Family Sharing | Single-player | Tracked Controller Support | VR Only,7.19,231.0,51.0,Very Positive,282.0,0.819148936,,257.0,False
240600,MotoGP™13,20/06/13,Racing | Simulation | Sports,Action | Bikes | Motorbike | Multiplayer | Racing | Simulation | Split Screen | Sports,"2013 Riders, teams and tracks; both simulation and accessible bike handling with scalable aids; photorealistic graphics with TV style interface; ingame voice over by official MotoGP™ commentators; first person elements such as the helmet view and 3D pits to put you in the rider’s shoes.",windows,Family Sharing | Full controller support | Multi-player | Single-player | Steam Achievements | Steam Cloud,6.99,789.0,207.0,Mostly Positive,996.0,0.792168675,,858.0,False
901020,Adventure Portal,31/10/18,Adventure | Early Access | Indie | RPG,2D | Adventure | Casual | Character Customization | Choose Your Own Adventure | Class-Based | Co-op | Early Access | Fantasy | Grid-Based Movement | Indie | Level Editor | Multiplayer | Party-Based RPG | PvP | RPG | Strategy | Tabletop | Top-Down | Turn-Based Tactics,Adventure Portal is a platform that allows players to connect and run their pen and paper role playing campaigns online!,windows,Co-op | Family Sharing | Multi-player | Online Co-op | Online PvP | PvP,3.99,2.0,0.0,2 user reviews,2.0,1.0,,,False
338810,Demise of Nations,08/08/17,Free To Play | Indie | Strategy,2D | 4X | Building | Casual | Early Access | Free to Play | Grand Strategy | Hex Grid | Historical | Horror | Indie | Local Multiplayer | Multiplayer | Rome | Singleplayer | Strategy | Tactical | Turn-Based | Turn-Based Strategy | War,Demise of Nations is a 4X turn-based grand strategy wargame covering the rise of Rome till the fall of modern civilization.,windows | mac | linux,Co-op | Cross-Platform Multiplayer | In-App Purchases | Includes level editor | Multi-player | Online Co-op | Online PvP | PvP | Remote Play Together | Shared/Split Screen | Shared/Split Screen Co-op | Shared/Split Screen PvP | Single-player | Stats | Steam Achievements | Steam Cloud | Steam Trading Cards,0.0,404.0,97.0,Very Positive,501.0,0.806387226,,,True
314520,Euro Fishing,02/11/15,Simulation | Sports,Action | Asynchronous Multiplayer | Atmospheric | Early Access | Exploration | First-Person | Fishing | Hunting | Multiplayer | Open World | Realistic | Relaxing | Replay Value | Simulation | Singleplayer | Sports | Tactical | Third Person | TrackIR | VR,"Euro Fishing immerses you deep into the adrenaline-packed action, fun and beauty of Europe’s most famous lakes. Master your rod, line and tactics, and refine your technique to become a top angler. This is the closest you can get to real fishing from the comfort of your own couch.",windows,Family Sharing | Full controller support | Multi-player | Remote Play on TV | Single-player | Steam Achievements | Steam Cloud | Steam Leaderboards,14.99,1152.0,623.0,Mixed,1775.0,0.649014085,,1455.0,False
567240,Drawn™: Trail of Shadows Collector's Edition,14/02/17,Adventure | Casual,Adventure | Casual | Hidden Object,Re-enter the enchanted world of Drawn in the highly anticipated third installment of the cinematic series!,windows,Family Sharing | Single-player | Steam Trading Cards,6.99,28.0,8.0,Mostly Positive,36.0,0.777777778,,,False
847950,Yakuza Kiss,19/06/18,Early Access | Indie,2D | Anime | Choices Matter | Crime | Dark | Drama | Early Access | Female Protagonist | Futuristic | Indie | Mature | Multiple Endings | Nudity | Otome | Romance | Sci-fi | Sexual Content | Story Rich | Violent | Visual Novel,Yakuza Kiss is a [GxB] adult visual novel for the feminine audience. Join Jeong Moon on her descent through Cyan City - a neon hell ruled by the criminal underworld. Forced to join the Yakuza she catches the eye of Yuki Yamaguchi. To survive she needs to face her deepest fears and darkest desires...,windows,Family Sharing | Single-player,7.19,34.0,9.0,Mostly Positive,43.0,0.790697674,,,False
776780,Copierre,23/01/18,RPG | Strategy,Anime | RPG | RPGMaker | Strategy | Tower Defense,Take control of these heroes defending the kingdom by fighting against the endless waves of enemies!,windows,Family Sharing | Full controller support | Single-player,3.99,9.0,0.0,9 user reviews,9.0,1.0,,,False
760860,TRANSCEND,01/12/17,Action | Adventure | Casual | Early Access | Indie | RPG,2D | 2D Fighter | Abstract | Action | Adventure | Assassin | Atmospheric | Blood | Casual | Choices Matter | Combat | Early Access | Fantasy | Gore | Indie | RPG | Singleplayer | Strategy | Strategy RPG | Violent,"In this unique 2D world, you will partake in the story of a &quot;Spirit Warrior&quot; who is seeking to become THE Greatest Warrior ever. In order for him to fulfill his destiny he will 'transcend' time, worlds and even dimensions, to test himself against the strongest warriors to ever live...",windows,Single-player,2.09,18.0,14.0,Mixed,32.0,0.5625,,,False
765160,Weable 2,05/02/18,Action | Casual | Indie,Action | Casual | Indie,"Weable 2 - this neon world, where you will face complex tests at dynamic levels.",windows,Family Sharing | Single-player,0.79,67.0,29.0,Mixed,96.0,0.697916667,,,False
371000,Cave Coaster,04/06/15,Casual | Indie,Casual | Indie,RUN! JUMP! DASH! Step into your cart and begin this exploring frenzy! Accelerate through these insanely fast rails while tap to avoid the obstacles!,windows,Family Sharing | Full controller support | Single-player | Steam Achievements | Steam Leaderboards | Steam Trading Cards,3.99,45.0,34.0,Mixed,79.0,0.569620253,,,False
820320,Word Typing Game,05/04/18,Casual | Indie,Action | Action-Adventure | Adventure | Arcade | Casual | Indie | Racing | Strategy | Survival | Typing,Word Typing Game : Test yourself how fast you write words? Test your writing skills. Dominate yourself on the keyboard. Challenge your friends.,windows,Family Sharing | Multi-player | Single-player,0.79,25.0,18.0,Mixed,43.0,0.581395349,,,False
750710,CRONEWORLD RPG ADVENTURE - 1,04/12/17,Indie | RPG,Adventure | Anime | Cute | Emotional | Family Friendly | Fantasy | Indie | Modern | RPG | Robots | Sci-fi | Steam Machine | Steampunk | Story Rich | Turn-Based | War,"CRONEWORLD is a fantasy-story telling rpg indie game. It is a game about humans fighting wizards with flying robot 'CRONES'. It's world has Eastern culture, Western culture, science fiction and magics.",windows,Family Sharing | Single-player,2.09,1.0,1.0,2 user reviews,2.0,0.5,,,False
396360,LocoSoccer,09/12/15,Indie | Sports | Strategy,2D | Anime | Arcade | Casual | Comedy | Football (Soccer) | Funny | Great Soundtrack | Indie | Pixel Graphics | Shoot 'Em Up | Singleplayer | Sports | Strategy,"LocoSoccer is a fun, crazy physics-based soccer game where you must do a lot of goals to win cups and accesories for your team. Your objective is easy: win all cups with your goals. How awesome is that?",windows | linux,Co-op | Family Sharing | Multi-player | Partial Controller Support | PvP | Remote Play Together | Shared/Split Screen | Shared/Split Screen Co-op | Shared/Split Screen PvP | Single-player | Steam Trading Cards,0.75,172.0,95.0,Mixed,267.0,0.644194757,,192.0,False
223750,DCS World Steam Edition,02/08/13,Free To Play | Simulation,Action | Co-op | FPS | First-Person | Flight | Free to Play | Massively Multiplayer | Military | Multiplayer | Open World | Realistic | Sandbox | Shooter | Simulation | Singleplayer | Strategy | Tanks | TrackIR | VR | War,Feel the excitement of flying the Su-25T &quot;Frogfoot&quot; attack jet and the TF-51D &quot;Mustang&quot; in the free-to-play Digital Combat Simulator World!,windows,Captions available | Co-op | Includes level editor | LAN Co-op | LAN PvP | Multi-player | Online Co-op | Online PvP | Partial Controller Support | PvP | Single-player | Tracked Controller Support | VR Support | VR Supported,0.0,29483.0,5151.0,Very Positive,34634.0,0.851273315,,645.0,True
655710,tick-hunter,13/07/17,Action | Indie,Action | Indie,Tik-hunter - first-person game with elements of horror.,windows,Family Sharing | Single-player | VR Supported,0.79,5.0,13.0,Mostly Negative,18.0,0.277777778,,,False
331120,Passing Pineview Forest,21/11/14,Action | Adventure | Indie,Action | Adventure | Atmospheric | Co-op | Crafting | FPS | First-Person | Free to Play | Funny | Horror | Indie | Multiplayer | Open World | Psychological Horror | Singleplayer | Survival | Survival Horror | VR | Walking Simulator | Zombies,Passing Pineview Forest is a free mini-prequel set in the universe of Pineview Drive. Behind the abandoned house on Pineview Drive lies ominous Pineview Forest...,windows,Single-player | VR Support,0.0,1109.0,581.0,Mixed,1690.0,0.656213018,,,True
786520,SAO Utils: Beta,14/03/18,Early Access | Utilities,Anime | Early Access | Indie | Software | Utilities | VR,"SAO Utils provides you a customizable Full-Dive 3D app launcher with varieties of themes, desktop widgets and powerful utilities.",windows,Steam Cloud | Steam Workshop,2.89,2590.0,363.0,Very Positive,2953.0,0.877074162,,2661.0,False
759840,Battle for Mountain Throne,04/09/18,Action | Adventure,Action | Adventure | Arena Shooter | Dragons | Fantasy | Indie | VR,Battle for Mountain Throne - virtual action game in world of fantasy,windows,Family Sharing | Single-player | Tracked Controller Support | VR Only,5.79,2.0,4.0,6 user reviews,6.0,0.333333333,,,False
311190,Super Panda Adventures,14/07/14,Action | Adventure | Indie,2D | Action | Adventure | Cute | Great Soundtrack | Indie | Metroidvania | Pixel Graphics | Platformer | RPG | Retro | Singleplayer,"In Super Panda Adventures, you play as the brave panda-knight Fu, who is about to finish his training to become the new guardian of the Princess. At the same day of the big celebration party, some uninvited Robots show up to conquer the planet and take the Princess away in their Space Ships!",windows,Family Sharing | Partial Controller Support | Single-player | Steam Cloud | Steam Trading Cards,3.99,870.0,58.0,Very Positive,928.0,0.9375,,710.0,False
787040,Perfect Heist,17/08/18,Action | Adventure | Casual | Indie | Strategy,3D | Action | Cartoon | Cartoony | Casual | Crime | Early Access | FPS | First-Person | Heist | Indie | Multiplayer | Outbreak Sim | Real Time Tactics | Shooter | Strategy | Stylized | Third Person | Third-Person Shooter | Turn-Based Strategy,"Perfect Heist is a round-based online game, where the robber team tries to execute a bank robbery without getting noticed, and the cop team tries to prevent it. Robbers hide in plain sight and try to slowly infiltrate the bank while the Cops try to figure out who is a normal customer, and who is a robber!",windows,Co-op | Family Sharing | LAN Co-op | LAN PvP | Multi-player | Online Co-op | Online PvP | Partial Controller Support | PvP | Single-player | Stats | Steam Achievements | Steam Leaderboards | Steam Trading Cards,3.99,355.0,136.0,Mostly Positive,491.0,0.723014257,,372.0,False
617680,Drunk-Fu: Wasted Masters,17/08/18,Action | Indie | Simulation | Sports,Action | Beat 'em up | Casual | Co-op | Fighting | Funny | Indie | Multiplayer | Simulation | Sports,"Drunk-Fu: Wasted Masters is a ludicrous physics based ragdoll brawler with over the top combat, online multiplayer and customizable characters.",windows | mac,Co-op | Family Sharing | Full controller support | Multi-player | Online Co-op | Online PvP | PvP | Remote Play Together | Shared/Split Screen | Shared/Split Screen Co-op | Shared/Split Screen PvP | Single-player | Steam Achievements | Steam Cloud | Steam Trading Cards,6.99,28.0,11.0,Mostly Positive,39.0,0.717948718,,,False
438940,XBlaze Lost: Memories,10/08/16,Adventure,Adventure | Anime | Cute | Female Protagonist | Singleplayer | Story Rich | Visual Novel,XBlaze Lost: Memories is a visual-novel game based in the BlazBlue universe and the sequel to XBlaze Code: Embryo!,windows,Family Sharing | Full controller support | Remote Play on TV | Single-player | Steam Achievements | Steam Cloud,14.99,39.0,8.0,Positive,47.0,0.829787234,,,False
533630,Fight Me Bro!,20/01/17,Action | Indie,2D Fighter | 2D Platformer | Action | Comedy | Indie | Local Multiplayer,Fight Me Bro! is a ridiculous fun filled multiplayer platforming beat down game. Grab a Bro and take turns in this relentless cat and mouse chase where only one of you can win!,windows,Family Sharing | Full controller support | Multi-player | Remote Play Together | Shared/Split Screen,1.69,4.0,0.0,4 user reviews,4.0,1.0,,,False
557830,My Pet Rock,23/01/17,Action | Indie,Action | Indie | Tower Defense,"My Pet Rock is a top down planet defense with rogue-lite, bullet-hell, and arcade elements. You are tasked with defending a rock against endless waves of miners and other hostile enemies, as well as fighting difficult bosses. Game play becomes increasingly harder and chaotic but more rewarding as you progress.",windows,Family Sharing | Single-player | Steam Achievements | Steam Trading Cards,1.99,27.0,9.0,Mostly Positive,36.0,0.75,,,False
931220,Beat,17/09/18,Action | Early Access | Free To Play,Action | Early Access | Free to Play,"Basically, the purpose of this game is to pass a level, and listen to the music. Pass a level, and try a harder one. Just use your mouse to choose, and use your spacebar to play, EASY!!! Everyone can play the music. Now, there are 11 different songs in the game, and there will be more. You can also upload your own song in the game.",windows,Single-player,0.0,31.0,21.0,Mixed,52.0,0.596153846,,,True
521670,Romance of the Three Kingdoms / 三國志,13/12/16,Strategy,Addictive | Alternate History | Diplomacy | Grand Strategy | Historical | Immersive Sim | Local Multiplayer | Military | Pixel Graphics | Replay Value | Resource Management | Retro | Simulation | Strategy | Tactical | Turn-Based Strategy | Turn-Based Tactics | War | Wargame,&quot;Romance of the Three Kingdoms&quot; was first released in 1985. It was the first historical simulation game released in Japan based on the Chinese classical literature &quot;Romance of the Three Kingdoms&quot;. Players become the leaders of their countries and strive to unite the land under their rule.,windows,Family Sharing | Single-player | Steam Cloud,9.99,23.0,6.0,Mostly Positive,29.0,0.793103448,,,False
1041270,Exogenesis ~Perils of Rebirth~,19/04/19,Action | Adventure | Casual | Early Access | Indie,Action | Adventure | Anime | Atmospheric | Casual | Choices Matter | Early Access | Gore | Great Soundtrack | Indie | Multiple Endings | Mystery | Point & Click | Post-apocalyptic | Puzzle | Sci-fi | Singleplayer | Story Rich | Violent | Visual Novel,"After losing his sister to a violent death, former treasure hunter Yu Sayashi learns about a mysterious relic that may bring her back. However, this mythical &quot;Ark&quot; may be more terrifying than he could ever imagine. Innocent lives are at stake. How far will he go to save his sister?",windows,Family Sharing | Single-player,23.79,9.0,4.0,Mixed,13.0,0.692307692,,,False
355490,Stratus: Battle For The Sky,02/12/16,Early Access | Indie | Strategy,Early Access | Indie | Strategy,Stratus: Battle for the sky is a fast paced RTS game set in a fantasy world of warring priests seeking to gain favor of the fickle Gods.,windows | mac | linux,Family Sharing | MMO | Multi-player | Single-player,11.99,21.0,17.0,Mixed,38.0,0.552631579,,,False
793150,Moe! Ninja Girls,26/02/19,Free To Play | Simulation,Anime | Cute | Dating Sim | Free to Play | Hentai | Ninja | Nudity | Psychological Horror | Sexual Content | Simulation | Visual Novel,You transfer to a school and start a new school life...all the while hiding you're a genius ninja.,windows,Cross-Platform Multiplayer | In-App Purchases | Multi-player | Online PvP | PvP | Single-player,0.0,226.0,80.0,Mostly Positive,306.0,0.738562092,,,True
639730,Murder In Tehran's Alleys 2016,08/06/17,Adventure,Adventure | Crime | Indie | Mystery | Point & Click,This is the story of the time when narcotics impair the brain; the time when a father’s hallucination becomes the dawn of his family’s demise by slicing them into pieces for a sin they have not committed; the time when revenge is the only reason to live.,windows,Family Sharing | Single-player,6.99,9.0,6.0,Mixed,15.0,0.6,,,False
375790,Build 'n Bump,22/07/15,Action | Casual | Indie,2D | 2D Fighter | 2D Platformer | 4 Player Local | Action | Arcade | Building | Casual | Family Friendly | Indie | Level Editor | Local Multiplayer | Moddable | Multiplayer | Old School | Pixel Graphics | Platformer | PvP | Robots | Sandbox,"Build 'n Bump is a local multiplayer, 2D head-stomping brawler where you build your own levels right before you play on them!",windows | mac | linux,Family Sharing | Includes level editor | LAN PvP | Multi-player | Partial Controller Support | PvP | Remote Play Together | Remote Play on Phone | Shared/Split Screen | Shared/Split Screen PvP | Steam Achievements | Steam Trading Cards,2.09,22.0,14.0,Mixed,36.0,0.611111111,,,False
847530,HyperBowl,20/07/18,Action | Casual | Indie | Sports,3D | Action | Arcade | Bowling | Casual | Indie | Sports,"Be the ball! Roll around the original six HyperBowl lanes and some new ones. Enjoy the scenery, but remember to head for the pins! Play 1-4 players in the original Arcade Mode or quick-play in single-player mode.",windows | mac,Family Sharing | Multi-player | PvP | Remote Play Together | Shared/Split Screen | Shared/Split Screen PvP | Single-player,2.0,56.0,7.0,Very Positive,63.0,0.888888889,,,False
382140,SKYHILL,06/10/15,Adventure | Indie | Simulation,2D | Action | Action Roguelike | Adventure | Atmospheric | Crafting | Difficult | Horror | Indie | Point & Click | Post-apocalyptic | RPG | Replay Value | Roguelike | Side Scroller | Simulation | Singleplayer | Survival | Turn-Based Combat | Zombies,"World War III is over, the world's infested with mutants and your supplies are running out. Fight your way down this damned hotel, from your penthouse on top to the first floor. Craft weapons, search for food and reach the exit. Otherwise you'll be torn apart, starve to death or maybe both...",windows | mac | linux,Family Sharing | Single-player | Steam Achievements | Steam Trading Cards,11.99,3818.0,1101.0,Mostly Positive,4919.0,0.776174019,63.0,3989.0,False
516500,Zissi's Island,28/08/16,Action | Indie,3D Platformer | Action | Funny | Indie | Open World,Zissi's Island is an open-world 3D platformer set on a tropical island with emphasis on exploration.,windows,Family Sharing | Partial Controller Support | Single-player | Steam Trading Cards,1.69,15.0,2.0,Positive,17.0,0.882352941,,,False
829760,Synthrally,30/07/18,Action | Casual | Indie | Sports,Action | Casual | Indie | Sports,"Synthrally is a local multiplayer arcade sports game with simple, fast-paced action. Choose from an array of selectable classes, map variants, and alternate play modes to mix things up and keep gameplay exciting!",windows,Full controller support | Multi-player | PvP | Remote Play Together | Shared/Split Screen | Shared/Split Screen PvP,3.99,7.0,1.0,8 user reviews,8.0,0.875,,,False
550450,Sparkle Unleashed,02/12/16,Action | Casual | Indie,2D | Action | Arcade | Atmospheric | Casual | Dark | Dark Fantasy | Indie | Match 3 | Puzzle | Singleplayer,"Sparkle Unleashed is a wonderfully polished casual action puzzle game. Match like colored orbs before they fall into the abyss, unlock earthshaking powerups, and conquer more than a 100 levels! Carve a path of light through an enchanting world of mystery and magic!",windows,Family Sharing | Full controller support | Remote Play on TV | Single-player | Steam Achievements | Steam Cloud | Steam Trading Cards,5.59,68.0,23.0,Mostly Positive,91.0,0.747252747,,,False
646180,Nightcrawler VR Bowling,15/06/17,Casual | Sports,Casual | Sports | VR,A bowling game for city slickers who like the night life vibes. Keeps track of your score adding extra points for strikes and spares. Reset at any time.,windows,Single-player | Tracked Controller Support | VR Only,1.69,7.0,4.0,Mixed,11.0,0.636363636,,,False
312650,Battlezone Gold Edition,11/05/17,Action,Action | Co-op | FPS | Multiplayer | Roguelike | Shooter | Singleplayer | Tanks | VR,Strap into the cockpit of the Cobra – the most powerful tank ever built – and experience first-person tank combat across neon-scarred sci-fi landscapes in an explosive campaign for 1-4 players – now playable with or without a VR device!,windows,Co-op | Family Sharing | Full controller support | Multi-player | Online Co-op | Online PvP | PvP | Remote Play on TV | Single-player | Steam Achievements | Steam Cloud | Steam Leaderboards | Steam Trading Cards | SteamVR Collectibles | VR Supported,29.99,331.0,92.0,Mostly Positive,423.0,0.78250591,,367.0,False
365770,Volume,18/08/15,Action | Indie,3D | Action | Atmospheric | Cinematic | Colorful | Cyberpunk | Difficult | Dystopian | Futuristic | Heist | Indie | Level Editor | Minimalist | Puzzle | Sci-fi | Singleplayer | Stealth | Story Rich | Third Person | Top-Down,Pure stealth action and infinite level creation from the award-winning studio behind Thomas Was Alone. Enter the Volume to halt Gisborne Industries' corruption and train the masses to rob from the rich. Features weekly content updates in curated Staff Picks section.,windows | mac,Family Sharing | Full controller support | Includes level editor | Remote Play on TV | Single-player | Steam Achievements | Steam Cloud | Steam Leaderboards | Steam Trading Cards,14.99,534.0,168.0,Mostly Positive,702.0,0.760683761,80.0,372.0,False
491040,Bot Vice,11/07/16,Action | Adventure | Indie,2D | Action | Action-Adventure | Arcade | Bullet Hell | Cute | Cyberpunk | Difficult | Female Protagonist | Funny | Parody | Pixel Graphics | Post-apocalyptic | Score Attack | Shoot 'Em Up | Shooter | Singleplayer | Third Person | Top-Down | Top-Down Shooter,"Show off your skills &amp; reflexes in this frantic gallery shooter action arcade, filled with bullets, bots and explosions! You play as Erin Saver, carrying out her personal vendetta against the criminal Wildbots.",windows,Family Sharing | Full controller support | Remote Play on TV | Single-player | Steam Achievements | Steam Cloud | Steam Leaderboards | Steam Trading Cards,9.99,1268.0,97.0,Very Positive,1365.0,0.928937729,,1251.0,False
603630,Rubber Ball VR,09/03/17,Casual | Early Access | Simulation | Sports,Casual | Early Access | Simulation | Sports | VR,"Rubber Ball VR is a virtual reality game where you can satisfy your need to throw cool trickshots, all without the mess of having to go and fetch your ball again.",windows,Single-player | Tracked Controller Support | VR Only,0.0,29.0,7.0,Positive,36.0,0.805555556,,,True
1010230,Bleep Bloop,31/01/19,Casual | Indie,Casual | Indie | Local Co-Op | Local Multiplayer | Puzzle,Meet Bleep and Bloop as they help each other overcome all the challenges that stand in their way. A light-hearted and playful puzzle game about working together.,windows,Co-op | Family Sharing | Multi-player | PvP | Remote Play Together | Remote Play on Phone | Remote Play on Tablet | Shared/Split Screen Co-op | Shared/Split Screen PvP | Single-player,2.99,45.0,6.0,Very Positive,51.0,0.882352941,,,False
633230,NARUTO TO BORUTO: SHINOBI STRIKER,30/08/18,Action,Action | Adventure | Anime | Character Customization | Co-op | Controller | Fighting | MMORPG | MOBA | Massively Multiplayer | Multiplayer | Ninja | Online Co-Op | Open World | PvP | RPG | Singleplayer | Strategy | Team-Based | Third Person,"Battle as a team of 4 to compete against other teams online! Graphically, SHINOBI STRIKER is also built from the ground up in a completely new graphic style. Lead your team and fight online to see who the best ninjas are!",windows,Co-op | Family Sharing | Multi-player | Online Co-op | Online PvP | Partial Controller Support | PvP | Single-player | Steam Achievements,39.99,46855.0,8701.0,Very Positive,55556.0,0.843383253,,41769.0,False
982050,Caracoland,14/12/18,Action | Adventure | Indie,Action | Adventure | Indie | Puzzle | Puzzle Platformer,Caracoland - The Quest for the Golden Shell,windows,Family Sharing | Partial Controller Support | Single-player | Steam Achievements,3.99,1.0,0.0,1 user reviews,1.0,1.0,,,False
292390,Realms of the Haunting,24/04/14,Action,1990's | Action | Adventure | Atmospheric | Classic | Cult Classic | Dark | FMV | FPS | First-Person | Horror | Point & Click | Retro | Shooter | Singleplayer,"Forged in the Beginning and protected by the Seven Seals, there lies a place where thought and creation intertwine. The center for all realms of existence, it is the balancing force between good and evil, man and spirit. A focal point for all energies, and the one element that has kept the consuming nature of darkness at bay... Until now.",windows,Family Sharing | Single-player,2.09,382.0,114.0,Mostly Positive,496.0,0.77016129,,167.0,False
331570,Wimp: Who Stole My Pants?,05/06/15,Action | Adventure | Casual | Indie,Action | Adventure | Casual | Indie | Platformer,Go to catch the bad thief! Just explore in the awesome world!,windows,Family Sharing | Full controller support | Single-player | Steam Achievements | Steam Leaderboards | Steam Trading Cards,2.79,41.0,9.0,Very Positive,50.0,0.82,,,False
283000,Strategic War in Europe,21/03/14,Indie | Strategy,Hex Grid | Historical | Indie | Strategy | Turn-Based | Turn-Based Strategy | War | Wargame | World War II,"Set during the events of WW2, Strategic War in Europe is a classic turn-based strategy game that combines a deep strategic layer with accessibility and ease-of-use.",windows,Co-op | Family Sharing | Multi-player | Remote Play Together | Shared/Split Screen | Single-player | Steam Achievements | Steam Cloud | Steam Trading Cards | Steam Workshop,10.99,84.0,102.0,Mixed,186.0,0.451612903,,,False
270070,The Girl and the Robot,17/08/16,Action | Adventure | Indie | RPG,Action | Adventure | Cute | Female Protagonist | Indie | Puzzle | RPG | Robots,The Girl and the Robot is a third person action/adventure game set in a fairy tale world where you take on the role of a young girl trying to escape from a castle ruled by an evil queen.,windows | mac | linux,Family Sharing | Partial Controller Support | Single-player,6.99,48.0,22.0,Mixed,70.0,0.685714286,58.0,,False
716330,VOID,31/10/17,Casual | Indie | Violent,Anime | Casual | Choices Matter | Indie | Multiple Endings | Singleplayer | Story Rich | Violent | Visual Novel,"VOID is a visual novel themed around espionage and revenge. You play as Arthur Woods, a man seeking revenge from the death of his loved one, forging himself into a deadly assassin. Along the way, you will meet people who may (or may not) be your allies, as you try to untangle the web of lies and intrique surrounding your girlfriends...",windows | mac | linux,Family Sharing | Single-player | Steam Achievements | Steam Trading Cards,8.29,28.0,9.0,Mostly Positive,37.0,0.756756757,,,False
771570,Zombie City,16/01/18,Action | Gore | Indie | RPG | Simulation | Strategy | Violent,Action | Gore | Indie | RPG | Simulation | Strategy | VR | Violent | Zombies,Are you ready for the zombie apocalypse? We've done the research and want to make sure you're prepared. Fought to the end. Requires the virtual reality headset.,windows,Family Sharing | Single-player | Steam Leaderboards | Tracked Controller Support | VR Only,2.89,20.0,6.0,Mostly Positive,26.0,0.769230769,,,False
694760,Sweaty Palms,06/11/17,Action | Early Access | Indie,Action | Early Access | Indie | VR,"Climb, swing, fly, and shoot in a visceral fast-paced VR multiplayer action arena. Fight like a superhero, die like one.",windows,Family Sharing | Multi-player | Online PvP | PvP | Tracked Controller Support | VR Only,7.19,11.0,1.0,Positive,12.0,0.916666667,,,False
732370,Juicy Realm,03/05/18,Action | Adventure | Casual | Indie | RPG,Action | Action Roguelike | Adventure | Cartoony | Casual | Co-op | Colorful | Cute | Indie | Local Co-Op | Local Multiplayer | Multiplayer | RPG | Roguelike | Roguelite | Shoot 'Em Up | Shooter | Singleplayer | Top-Down | Twin Stick Shooter,"Juicy Realm is a roguelike game in which players must square off against bizarre fruits all across the world. The line between the animal and the plant world has become blurred, and the food chain has been completely disrupted.",windows | mac,Co-op | Family Sharing | Full controller support | Multi-player | PvP | Remote Play Together | Shared/Split Screen | Shared/Split Screen Co-op | Shared/Split Screen PvP | Single-player | Steam Achievements | Steam Cloud,7.19,3150.0,440.0,Very Positive,3590.0,0.877437326,,3211.0,False
8790,GTR 2 FIA GT Racing Game,12/12/12,Racing | Simulation | Sports,Automobile Sim | Driving | Multiplayer | Racing | Simulation | Singleplayer | Sports,The Game That Revolutionized the Racing Genre.,windows,Family Sharing | Multi-player | Single-player,4.99,277.0,26.0,Very Positive,303.0,0.914191419,,231.0,False
990640,Numgeon,15/12/18,Adventure | Casual | Indie | RPG,2D | Action Roguelike | Adventure | Casual | Clicker | Dungeon Crawler | Family Friendly | Fantasy | Indie | Medieval | Minimalist | Perma Death | Pixel Graphics | RPG | Replay Value | Retro | Roguelike | Roguelite | Side Scroller | Singleplayer,"Numgeon is tiny, retro styled, highly-addictive and fast paced casual clicker RPG. Click your way through the darkest dungeons with your mighty heroes! Slay the monsters, collect gold and gain new upgrades as you progress.",windows,Family Sharing | Single-player | Steam Achievements,2.09,61.0,19.0,Mostly Positive,80.0,0.7625,,,False
502910,The Return Home Remastered,29/07/16,Action | Adventure | Casual | Indie,Action | Adventure | Casual | FPS | Indie,"A rabbit's house is being attacked by reptile menaces from another dimension. With advanced portal technology, they can achieve conquest of the entire planet! In retaliation, the rabbit has decided to gather carrots to exchange for weapons which may allow him to fend off this threat.",windows,Family Sharing | Single-player | Steam Cloud | Steam Trading Cards,0.79,59.0,78.0,Mixed,137.0,0.430656934,,,False
838270,Grandpa,28/09/18,Indie,First-Person | Gore | Horror | Indie | Survival Horror | Violent,*Early access game* Grandpa is a survival horror game. You woke up in a house you never knew. Strange things happen in the house. You have to find a way to survive and get out of the house.,windows,Family Sharing | Single-player | Steam Achievements,2.89,118.0,134.0,Mixed,252.0,0.468253968,,169.0,False
234350,Luxor 2 HD,13/05/13,Casual,Casual | Match 3 | Puzzle,"The much anticipated sequel to the #1 casual game of 2005, LUXOR 2 HD has been re-imagined and sets the new standard for action-puzzlers with dazzling new HD graphics &amp; effects.Luxor 2 HD still offers the addictive and easy-to-learn, yet difficult to master game play which made the award-winning Luxor franchise such a smash hit,...",windows,Family Sharing | Single-player,6.99,122.0,29.0,Very Positive,151.0,0.80794702,,,False
290260,Sokobond,21/07/14,Indie,2D | Abstract | Casual | Colorful | Controller | Cute | Difficult | Education | Family Friendly | Great Soundtrack | Indie | Logic | Minimalist | Puzzle | Relaxing | Science | Singleplayer | Sokoban | Strategy | Stylized,"Sokobond is an elegantly designed puzzle game about chemistry. It's logical, minimalist, and beautiful - crafted with love and science.",windows | mac,Family Sharing | Full controller support | Remote Play Together | Single-player | Steam Achievements | Steam Cloud,6.99,580.0,38.0,Very Positive,618.0,0.938511327,82.0,465.0,False
407620,Indie Game Battle,29/10/15,Action | Early Access | Indie,Action | Early Access | Fighting | Indie,"Indie Game Battle is a multiplayer fighting game for up to 8 players inspired by the Super Smash Bros series. However, IGB features indie characters instead!",windows,Co-op | Family Sharing | Full controller support | Multi-player | Shared/Split Screen | Single-player | Steam Achievements,3.99,72.0,106.0,Mixed,178.0,0.404494382,,,False
12510,Prison Tycoon 3™: Lockdown,29/01/08,Strategy,Simulation | Strategy,"Crack that Whip! Take reigns of a privately run prison. You are responsible for the care, custody, and control of individuals who have been arrested. Begin with a low security prison and build it up to a SuperMax. From construction to daily operations, you must protect society while turning a profit. It's time for lockdown.",windows,Family Sharing | Single-player,6.99,25.0,94.0,Mostly Negative,119.0,0.210084034,,115.0,False
820030,Picross Fairytale - nonogram: Red Riding Hood secret,19/06/18,Adventure | Casual | Indie,2D | Adventure | Board Game | Capitalism | Cartoony | Casual | Colorful | Cute | Family Friendly | Female Protagonist | Free to Play | Indie | Logic | Puzzle | PvE | Singleplayer | Solitaire | Tabletop | Turn-Based | Tutorial,200 biggest nonograms! Discover the magical world of Red Riding Hood!,windows,Family Sharing | In-App Purchases | Single-player | Steam Achievements | Steam Trading Cards,3.99,350.0,109.0,Mostly Positive,459.0,0.762527233,,213.0,False
758560,Versus World,30/01/18,Action | Early Access | Gore | Indie | Violent,Action | Cartoony | Early Access | First-Person | Free to Play | Funny | Gore | Indie | Shooter | Violent,"Welcome to Versus World! Shoot, stab, snipe, and 'splode your opponents to victory in this fast-paced multiplayer FPS. Here, the afterlife of a respawning immortal is seasoned by an up-down crouch.",windows,Multi-player | Online PvP | PvP | Single-player | Stats,0.0,83.0,11.0,Very Positive,94.0,0.882978723,,,True
31900,Nancy Drew®: The Creature of Kapu Cave,17/07/09,Adventure,2.5D | 2D | Adventure | Atmospheric | Based On A Novel | Casual | Classic | Cult Classic | Detective | Exploration | Family Friendly | Female Protagonist | Funny | Great Soundtrack | Linear | Mouse only | Point & Click | Puzzle | Remake | Story Rich,Team up with the Hardy Boys® and Track an Ancient Legend Through Hawaii!,windows,Family Sharing | Single-player,5.19,104.0,44.0,Mostly Positive,148.0,0.702702703,68.0,137.0,False
383180,Dead Island: Riptide Definitive Edition,31/05/16,Action,Action | Adventure | Co-op | Crafting | FPS | Female Protagonist | First-Person | Gore | Horror | Multiplayer | Nudity | Online Co-Op | Open World | Open World Survival Craft | RPG | Sexual Content | Singleplayer | Survival | Survival Horror | Zombies,"Welcome to the zombie apocalypse experience of a lifetime – more beautiful than ever. Caught in an epic zombie outbreak on the tropical island of Banoi, your only thought is: Survive!",windows | linux,Captions available | Co-op | Family Sharing | Full controller support | Multi-player | Online Co-op | Single-player | Stats | Steam Achievements | Steam Cloud | Steam Trading Cards,11.99,7681.0,3051.0,Mostly Positive,10732.0,0.715710026,,5269.0,False
526590,Boxing Saga,20/10/16,Action | Sports,Action | Boxing | Sports | VR,"WBO boxing punch force before naming authority The first domestic sports Title boxing game VR IP As a boxer, kept in the ring to beat the opponent, won the champion gold belt, and the endless battle in order to protect it.",windows,Family Sharing | Partial Controller Support | Single-player | Steam Achievements | Steam Leaderboards | Tracked Controller Support | VR Only,3.99,14.0,12.0,Mixed,26.0,0.538461538,,,False
937570,弾幕アマノジャク 〜 Impossible Spell Card.,01/04/19,Action | Indie,2D | Action | Anime | Bullet Hell | Cute | Difficult | Faith | Female Protagonist | Great Soundtrack | Indie | Shoot 'Em Up | Singleplayer,ルール無用の弾幕地獄週間！ 華麗に、ずる賢く、卑怯な手でしのぎきれ！,windows,Family Sharing | Partial Controller Support | Single-player | Steam Cloud,8.29,157.0,4.0,Very Positive,161.0,0.97515528,,148.0,False
486500,Spooky Heroes,23/06/16,Action | Adventure | Casual | Indie,Action | Adventure | Casual | Indie | Platformer,"Play as a knight who tries to unveil the mystery behind the spooky events occurring lately : Undead rising at night, hordes of goblins, orcs, tritons, elves, yetis and heretics suddenly becoming hostile, monstrous creatures blocking the path of travelers... Enroll new heroes on the way, each with their own powers and way to play.",windows | linux,Co-op | Family Sharing | Multi-player | Partial Controller Support | Remote Play Together | Shared/Split Screen | Shared/Split Screen Co-op | Single-player | Steam Achievements | Steam Trading Cards,3.99,23.0,17.0,Mixed,40.0,0.575,,,False
551650,The Bedtime Story,27/02/17,Adventure | Indie | Simulation,Adventure | Horror | Indie | Simulation,"It's almost 3 AM, dead time, with no teddy bear in sight. Is the house really this big? Or is it just the way the boogeyman's shadows creep through the halls... Teddy, where are you? Find out by playing The Bedtime Story.",windows,Family Sharing | Single-player | Steam Achievements,1.99,12.0,7.0,Mixed,19.0,0.631578947,,,False
771340,Kansei,14/09/18,Adventure | Indie,Adventure | Anime | Indie | Mystery | Visual Novel,A murder mystery visual novel. Use your psychic powers to uncover secrets and hunt down a murderer.,windows | mac | linux,Family Sharing | Single-player | Steam Achievements,6.19,13.0,1.0,Positive,14.0,0.928571429,,,False
301500,BOMB: Who let the dogfight?,29/07/15,Action | Adventure | Indie | Simulation,Action | Adventure | Arcade | Flight | Indie | Simulation | Singleplayer | Stylized | TrackIR,"Cool aircraft, big guns, dogfight thrill, single player, multi player, modding support, moustaches and ladies. You'll like it.",windows | mac | linux,Cross-Platform Multiplayer | Family Sharing | Includes level editor | Multi-player | Partial Controller Support | Single-player | Steam Cloud | Steam Trading Cards,5.59,49.0,28.0,Mixed,77.0,0.636363636,,,False
22230,Rock of Ages,07/09/11,Action | Indie | Racing | Strategy,Action | Bowling | Casual | Co-op | Comedy | Destruction | Funny | Historical | Indie | Local Multiplayer | Medieval | Multiplayer | Physics | Racing | Singleplayer | Split Screen | Strategy | Tower Defense,"A rock-solid combination of rock-rolling action, deep strategy, and captivating art and music from different ages of history, this is a game of crush or be crushed!",windows,Co-op | Family Sharing | Multi-player | Online PvP | Partial Controller Support | PvP | Shared/Split Screen | Shared/Split Screen PvP | Single-player | Steam Achievements | Steam Cloud | Steam Leaderboards | Steam Trading Cards,6.99,3391.0,299.0,Very Positive,3690.0,0.91897019,74.0,2992.0,False
735060,The Forbidden Arts,07/02/18,Action | Adventure | Indie,2.5D | 3D | Action | Action-Adventure | Adventure | Difficult | Exploration | Fantasy | Great Soundtrack | Indie | Magic | Platformer | Side Scroller | Singleplayer,"The Forbidden Arts is an old-school action adventure platformer with a focus on discovery and exploration. You play as Phoenix, a young boy who seeks to master the element of fire in a grand adventure of ancient magic.",windows,Family Sharing | Full controller support | Remote Play on TV | Single-player | Steam Achievements,10.29,30.0,9.0,Mostly Positive,39.0,0.769230769,,,False
270490,The Forest of Doom (Standalone),30/10/14,Adventure | Indie | RPG,Adventure | Based On A Novel | Choose Your Own Adventure | Fantasy | Indie | RPG | Singleplayer | Visual Novel,YOU are the hero in Forest of Doom! Explore the sinister Darkwood Forest in the digital Fighting Fantasy Standalone version of Ian Livingstone's classic RPG gamebook!,windows | mac | linux,Family Sharing | Single-player | Steam Achievements | Steam Cloud | Steam Trading Cards,3.99,237.0,56.0,Very Positive,293.0,0.80887372,,164.0,False
850330,best game eu,14/05/18,Casual,Casual | FPS | Free to Play | Psychological Horror,Addictive old school first person shooting meets mystery horror as you blast your way through a mysterious alien forest!,windows,Single-player,0.0,102.0,22.0,Very Positive,124.0,0.822580645,,,True
777550,King Battle,29/01/18,Action | Massively Multiplayer | RPG,Action | Massively Multiplayer | RPG,"R &amp; D team effort for several years, focusing on the show the beauty of fighting! Even strokes, floating, block, dizziness, tyrants body, crushing fighting spirit! Focus on multiplayer!",windows,Family Sharing | In-App Purchases | MMO | Multi-player | Online PvP | PvP | Single-player,7.19,2.0,3.0,5 user reviews,5.0,0.4,,,False
296590,Draconian Wars,28/08/14,Indie | Strategy,Card Game | Indie | Strategy,"Draconian Wars is the most strategic and challenging card game. Every card available; no additional purchases or microtransactions. Bring it all to the table. Take the challenge, command armies of zeppelins and robots or unleash the fury of the ancient dragons. The fate of Hyperborea lies in your hands.",windows,Family Sharing | Multi-player | Single-player | Steam Achievements | Steam Leaderboards | Steam Trading Cards,4.79,17.0,26.0,Mostly Negative,43.0,0.395348837,,,False
891710,Thanksgiving Day Mosaic,24/10/18,Casual,2D | Casual | Clicker | Colorful | Cute | Emotional | Family Friendly | Fantasy | Funny | Logic | Mahjong | Point & Click | Psychological Horror | Puzzle | PvE | Relaxing | Singleplayer | Solitaire,"Pick out a turkey, decorate the house and invite people over! Thanksgiving Day Mosaic has 120 patchwork-style puzzles for all the family!",windows | mac,Family Sharing | Single-player,3.99,18.0,2.0,Positive,20.0,0.9,,,False
721960,Deathmatch Soccer,11/07/18,Indie | Sports,Indie | Sports,"Deathmatch Soccer is fast paced soccer mixed with brutal bloody combat. During a match, the crowd will throw weapons onto the pitch to spice things up. The winner is the team who has scored the most goals... If they can survive until the final whistle.",windows,Full controller support | Multi-player | Online PvP | PvP | Remote Play Together | Shared/Split Screen | Shared/Split Screen PvP | Steam Cloud,2.89,19.0,3.0,Positive,22.0,0.863636364,,,False
461040,PICO PARK,27/04/16,Action | Casual | Indie,Action | Adventure | Casual | Co-op | Cute | Free to Play | Indie | Local Co-Op | Local Multiplayer | Multiplayer | Online Co-Op | Pixel Graphics | Psychological Horror | Puzzle | Puzzle Platformer | Sexual Content,PICO PARK:Classic Edition is a cooperative local multiplay action puzzle game for 2-10 players.,windows,Co-op | Full controller support | Multi-player | Remote Play Together | Remote Play on TV | Shared/Split Screen Co-op | Steam Trading Cards,3.99,1021.0,392.0,Mostly Positive,1413.0,0.722576079,,,False
501110,Mount Wingsuit,25/08/16,Action | Indie | Simulation | Sports,Action | Indie | Simulation | Sports | VR,"Welcome to Mount Wingsuit, where the thrill of hurtling down a mountain side in immersive VR with fast-paced arcade style gameplay will keep you in the zone for hours at a time.",windows,Family Sharing | Full controller support | Single-player | Steam Achievements | Steam Leaderboards | Tracked Controller Support | VR Supported,10.99,68.0,30.0,Mixed,98.0,0.693877551,,,False
606950,Army General,26/04/17,Strategy,Hex Grid | Indie | Strategy | Turn-Based | Turn-Based Combat | Turn-Based Strategy | Turn-Based Tactics | World War II,Army General is a turnbased strategy game that depicts the desert warfare in Northern Afrika and parts of the Mediterranean sea during World War II.,windows,Family Sharing | Single-player | Steam Achievements | Steam Trading Cards,15.49,31.0,24.0,Mixed,55.0,0.563636364,,,False
862490,Fantasy Raiders,25/07/18,Adventure | Casual | Early Access | Indie | RPG,Adventure | Casual | Cute | Dating Sim | Early Access | Indie | Puzzle | RPG | Roguelite,"In Fantasy Raiders, you'll fight against or cooperate with various factions which seek for treasures, collect precious treasures and become a famous explorer in the end. * Explore the uncharted places and discover the secrets of each regions! * Collect treasures, get rewards and decorate your own treasure house!",windows | mac,Family Sharing | Single-player | Steam Achievements,11.39,10.0,4.0,Mostly Positive,14.0,0.714285714,,,False
536800,FILE 9,30/09/16,Action | Adventure | Indie | Strategy,Action | Action-Adventure | Adventure | Indie | Singleplayer | Stealth | Strategy | VR,"FILE 9 built by Alfred Cypress, is one of the Sub Terminal Areas housing several areas within Terminal for Cypress training. Each designed with their own unique features, using everything from stealth, weapons, searching, and sometimes strategy to achieve objectives.",windows,Family Sharing | Single-player | Steam Achievements | Tracked Controller Support | VR Only,44.99,2.0,5.0,7 user reviews,7.0,0.285714286,,,False
943390,Pan Panda,11/10/18,Action | Casual,3D | Action | Anime | Cartoony | Casual | Collectathon | Colorful | Cute | Free to Play | Funny | Hack and Slash | Hacking | Indie | JRPG | Psychological Horror | Sexual Content | Singleplayer | Survival | Twin Stick Shooter | Violent,There are pandas. You rescue them and it's kinda like capture the flag I guess.,windows,Single-player,0.0,167.0,34.0,Very Positive,201.0,0.830845771,,,True
12470,Port Royale 2,16/06/09,Strategy,City Builder | Economy | Historical | Naval | Pirates | Singleplayer | Strategy | Trading,"The Caribbean in the 17th Century - Trade with over 60 towns, create your own production facilities, expand your trading empire and influence the development of the New World. As pirates and military fleets threaten your trade convoys, you'll need escort ships.",windows,Family Sharing | Single-player,2.99,417.0,176.0,Mostly Positive,593.0,0.703204047,75.0,553.0,False
1010670,Dungeon Dreams,20/02/19,RPG,Anime | City Builder | Dating Sim | Dungeon Crawler | Fantasy | JRPG | RPG | RPGMaker | Roguelite | Simulation,"Roguelike Romance JRPG. Customize your characters, take open-ended quests and write your own story in the town of Ecallia. A game with town building, dating and life sim elements, but also a randomly generated Dungeon with lots of companions and loot!",windows | mac,Family Sharing | Single-player,8.29,206.0,16.0,Very Positive,222.0,0.927927928,,197.0,False
2500,Shadowgrounds,08/05/06,Action,Action | Adventure | Aliens | Co-op | Combat | Dark | Gore | Horror | Indie | Isometric | Local Co-Op | Multiplayer | PvE | Sci-fi | Shoot 'Em Up | Shooter | Singleplayer | Top-Down | Top-Down Shooter | Twin Stick Shooter,"Shadowgrounds breathes fresh air into the action genre with explosive combat sequences, an innovative weapon upgrade system, and an intriguing storyline. The adrenaline-pumping, top-down gameplay and audiovisual fireworks set the scene for this new action experience which also includes single computer (split keyboard or joystick) co-op...",windows | mac,Family Sharing | Multi-player | Remote Play Together | Shared/Split Screen | Single-player | Steam Trading Cards,3.99,1254.0,286.0,Very Positive,1540.0,0.814285714,74.0,1173.0,False
342480,Gunscape,01/03/16,Action | Indie,Action | Adventure | Building | Co-op | Early Access | FPS | First-Person | Free to Play | Indie | Local Co-Op | Multiplayer | Open World | Pixel Graphics | Sandbox | Shooter | Singleplayer | Split Screen | Survival | Violent | Voxel,Gunscape provides easy-to-use tools based on a block-placement interface everybody's already familiar with to create all types of maps. Don't like building stuff? Then just blast your way through hordes of monsters or duel with other players!,windows | mac | linux,Co-op | Cross-Platform Multiplayer | Family Sharing | Includes level editor | Multi-player | Partial Controller Support | Remote Play Together | Shared/Split Screen | Single-player | Steam Achievements,0.0,836.0,420.0,Mixed,1256.0,0.665605096,,,True
614830,ViveSpray 2,27/12/17,Casual | Indie | Simulation,Casual | Indie | Simulation | VR,"ViveSpray is a realistic VR graffiti simulator available for HTC Vive, Oculus Rift and Windows Mixed Reality. Featuring detailed environments, realistic mechanics and range of features to improve your artwork whether you’re a seasoned pro or just looking to have fun.",windows,Family Sharing | Single-player | Tracked Controller Support | VR Only,5.99,27.0,9.0,Mostly Positive,36.0,0.75,,,False
851840,Strangers of the Power 2,21/05/18,Casual | Indie | RPG,Anime | Atmospheric | Casual | Choices Matter | Controller | Cute | Dungeon Crawler | Female Protagonist | Indie | JRPG | Linear | Magic | Medieval | Multiple Endings | RPG | RPGMaker | Replay Value | Sequel | Singleplayer | Turn-Based Combat,Strangers of the Power 2 is a sequel that seeks to improve and expand upon the formula of the original and help bring more of the same kind of a game that people got with the original.,windows | mac,Co-op | Family Sharing | Full controller support | Multi-player | Remote Play Together | Shared/Split Screen | Shared/Split Screen Co-op | Single-player | Steam Achievements | Steam Cloud,2.89,25.0,4.0,Positive,29.0,0.862068966,,,False
457820,Outrage,06/04/16,Adventure | Indie | RPG,Adventure | Cyberpunk | Indie | RPG | RPGMaker,Outrage is a short cyberpunk dungeon crawler. You manage a team of vigilantes and must undertake various missions in the city to strengthen your team and your cause in order to bring a powerful enemy to justice.,windows,Family Sharing | Partial Controller Support | Single-player | Steam Achievements | Steam Trading Cards,2.79,101.0,58.0,Mixed,159.0,0.635220126,,,False
482450,Nitroplus Blasterz: Heroines Infinite Duel,08/12/16,Action,2D | 2D Fighter | Action | Anime | Arcade | Cute | Dark | Female Protagonist | Fighting | Great Soundtrack | Mature | Memes | Multiplayer | Ninja | Nudity | Psychological Horror | PvP | Sexual Content | Singleplayer | Visual Novel,"The hit crossover 2D fighter finally makes its way to PC, updated to the latest arcade version for character balancing, added background animations and additional winning poses. It also includes all DLC from the console release, such as additional fighters Homura and Heart, in a single value package.",windows,Family Sharing | Multi-player | Online PvP | Partial Controller Support | PvP | Remote Play Together | Shared/Split Screen | Single-player | Steam Achievements | Steam Cloud | Steam Leaderboards | Steam Trading Cards,14.99,839.0,88.0,Very Positive,927.0,0.905070119,63.0,853.0,False
723350,Hell Shooter,21/09/18,Action | Indie,Action | Arcade | Arena Shooter | Demons | Difficult | FPS | Fast-Paced | Gore | Horror | Indie | Old School | Retro | Score Attack | Singleplayer | Violent,Hell Shooter is a old-school FPS game.,windows,Family Sharing | Single-player | Steam Achievements | Steam Leaderboards,0.79,86.0,19.0,Very Positive,105.0,0.819047619,,,False
594490,Deadly Hunter VR,19/06/17,Action | Adventure | RPG | Simulation | Sports | Strategy,Action | Adventure | Free to Play | RPG | Simulation | Sports | Strategy | VR,Deadly Hunter is an immersive first-person defense game designed exclusively for VR. You play as a renowned Orc hunter whose goal is to learn the enemy’s weaknesses and use the best-suited traps to blow their heads off!,windows,Co-op | Cross-Platform Multiplayer | Multi-player | Online Co-op | Single-player | Stats | Steam Achievements | Steam Cloud | Steam Leaderboards | Tracked Controller Support | VR Only,0.0,222.0,53.0,Very Positive,275.0,0.807272727,,,True
447020,Farming Simulator 17,24/10/16,Simulation,Agriculture | Automobile Sim | Co-op | Driving | Economy | Family Friendly | Farming Sim | First-Person | Great Soundtrack | Management | Moddable | Multiplayer | Online Co-Op | Open World | Realistic | Sandbox | Simulation | Singleplayer | Strategy | Third Person,"Take on the role of a modern farmer in Farming Simulator 17! Explore farming possibilities in a new North American environment. Drive over 250 farming vehicles and equipment from over 75 manufacturers, including new brands such as Challenger, Fendt, Valtra or Massey Ferguson.",windows | mac,Co-op | Cross-Platform Multiplayer | Family Sharing | Full controller support | Multi-player | Remote Play on TV | Single-player | Steam Achievements | Steam Cloud | Steam Trading Cards,15.99,22841.0,1605.0,Very Positive,24446.0,0.934345087,69.0,21792.0,False
627420,Sorgina: A Tale of Witches,30/05/17,Adventure | Indie,3D Platformer | Adventure | Family Friendly | Female Protagonist | Indie,A dark evil from the past broke free during the last council of witches. Help a young apprentice in her quest to lift a terrible curse off her sisters and dispel the shadows. Use your powers and wit to overcome every challenge in this family friendly 3D puzzle-platformer based on Basque mythology.,windows,Family Sharing | Partial Controller Support | Single-player | Steam Achievements | Steam Cloud | Steam Trading Cards,7.19,6.0,3.0,9 user reviews,9.0,0.666666667,,,False
468820,Titans of Space PLUS,23/05/16,Adventure | Indie | Simulation,Adventure | Early Access | Education | Indie | Science | Simulation | Space | VR,"Just how big is big? Journey through this holographic Solar System, and then squint your eyes in the intense light of a few of the largest known stars. Enjoy various accidentally-educational activities along the way. Great care has been taken to ensure a comfortable VR experience. VR optional.",windows,Captions available | Family Sharing | Single-player | Tracked Controller Support | VR Supported,5.59,178.0,12.0,Very Positive,190.0,0.936842105,,175.0,False
683890,Operation Sheep Defense,02/08/17,Indie | Strategy,Indie | Local Co-Op | Singleplayer | Strategy | Top-Down | Tower Defense,Operation Sheep Defense is a fast paced tower defense game. Featuring dynamic levels and intelligent enemy behavior. Shape the enemy path or defend maze-like levels. Levels are short and intense.,windows | mac | linux,Family Sharing | Full controller support | Includes level editor | Multi-player | Remote Play Together | Shared/Split Screen | Single-player | Steam Achievements | Steam Cloud,1.59,20.0,3.0,Positive,23.0,0.869565217,,,False
531860,Where's My What?,27/09/16,Casual | Indie,Casual | Hidden Object | Indie,"Where’s My What is a simple yet highly addictive game where you must identify and select a certain number of items on the screen before time runs out! While it sounds simple, it quickly becomes a dash against the clock as you pinpoint the right items in dozens of included categories.",windows,Family Sharing | Multi-player | Remote Play Together | Shared/Split Screen | Single-player | Steam Trading Cards,0.79,60.0,69.0,Mixed,129.0,0.465116279,,,False
705800,Astroe,29/09/17,Action | Indie,Action | Indie,"Multiplayer player 2D space battle. Collect gold, team up and take over the other team's satellites.",windows | linux,Co-op | Cross-Platform Multiplayer | Multi-player | Online Co-op | Online PvP | PvP,0.0,11.0,6.0,Mixed,17.0,0.647058824,,,True
591130,Bunny Madness Anarchy,31/08/17,Action | Gore | Indie | Violent,Action | Co-op | Competitive | Gore | Indie | Shooter | Third-Person Shooter | Violent,"Bunny Madness Anarchy is a fast-paced, competitive third person shooter. Set in a war-torn civilization of bipedal animals where the madness has taken over. Kill your enemies, rely on teamwork and survive the fight.",windows,Co-op | Family Sharing | Multi-player | Online Co-op | Online PvP | Partial Controller Support | PvP | Remote Play Together | Shared/Split Screen Co-op | Shared/Split Screen PvP | Single-player | Steam Achievements | Steam Cloud | Steam Trading Cards,14.99,4.0,3.0,7 user reviews,7.0,0.571428571,,,False
938600,Drift Stunt Racing 2019,26/09/18,Indie | Racing | Simulation | Sports,Indie | Racing | Simulation | Sports,Drift Stunt Racing 2019 places drivers into a thrilling drift racing experience. Compete on some of the most challenging and exhilarating drift stunt courses that will test even the best of drivers and push them to their limit!,windows,Family Sharing | Partial Controller Support | Single-player | Steam Achievements,3.99,15.0,9.0,Mixed,24.0,0.625,,,False
497480,GravPool,29/08/16,Casual | Indie | Sports,Casual | Indie | Sports | VR,"A simulation of the version of billiards that space pilgrims played during the starship migrations of the 2300s. Instead of aiming for pockets on a flat plane, you have six degrees of freedom with which to aim your shots. There are some new obstacles that make things a little more chaotic.",windows,Family Sharing | Multi-player | PvP | Remote Play Together | Shared/Split Screen | Shared/Split Screen PvP | Single-player | Stats | Steam Leaderboards | Tracked Controller Support | VR Only,2.79,1.0,0.0,1 user reviews,1.0,1.0,,,False
496190,Senza Peso,11/10/16,Adventure | Casual,Adventure | Casual | Free to Play | VR,"As a soul transitioning into the afterlife, Senza Peso shepherds you on a spiritual journey through a beautifully dark world of lost souls and redemption.",windows,Full controller support | Single-player | Tracked Controller Support | VR Only,0.0,290.0,20.0,Very Positive,310.0,0.935483871,,,True
601700,JETBROS,14/07/17,Action | Early Access | Indie,2D | Action | Early Access | Indie | Violent,"JETBROS, is a Jetpack-Action-Shooter-Game inspired by platform shooters of the 80s. Its easy to learn but hard to master !!!",windows | linux,Co-op | Family Sharing | Full controller support | Multi-player | Remote Play Together | Shared/Split Screen | Shared/Split Screen Co-op | Single-player | Steam Cloud,6.99,8.0,0.0,8 user reviews,8.0,1.0,,,False
751690,The Mammoth: A Cave Painting,22/11/17,Action | Adventure | Casual | Indie,Action | Adventure | Atmospheric | Casual | Dynamic Narration | Free to Play | Indie | Narration | Philosophical | Short | Story Rich,Tell the 5 million year story of the mammoth in 5 minutes.,windows | mac | linux,Full controller support | Single-player | Steam Achievements,0.0,929.0,82.0,Very Positive,1011.0,0.918892186,,,True
358090,D4: Dark Dreams Don’t Die -Season One-,05/06/15,Adventure | Casual | Indie,Adventure | Anime | Atmospheric | Cartoon | Casual | Cinematic | Comedy | Comic Book | Detective | Episodic | Funny | Great Soundtrack | Horror | Indie | Mystery | Point & Click | Quick-Time Events | Singleplayer | Story Rich | Time Travel,"This is the story of a man with a very strange fate. His name is David Young. Two years ago, his wife was murdered by an unknown assailant, and Young suffered a blow to the head that cost him his memory. His wife's final words: “Look for D.”",windows,Family Sharing | Full controller support | Remote Play on TV | Single-player | Steam Achievements | Steam Cloud | Steam Trading Cards,10.99,1566.0,382.0,Very Positive,1948.0,0.803901437,,1700.0,False
398960,Hoven the Sages Spinel,31/08/15,Adventure | Casual | Indie | RPG,Adventure | Casual | Fantasy | Indie | JRPG | Party-Based RPG | RPG | RPGMaker,"Welcome to the world of Hoven! Join Bradley and his friends on an adventure that transforms into an epic quest! Traverse dangerous dungeons and battle fearsome foes. Discover the truth about who you are and what you have to do to save the world from the evil sage, Maluma!",windows,Family Sharing | Full controller support | Single-player,1.59,19.0,9.0,Mixed,28.0,0.678571429,,,False
873490,不落城-Unconquered Castle,12/10/18,Casual | Indie | Strategy,Anime | Casual | Indie | Strategy | Visual Novel,A Visual Novel Game. The story which happens thousand years after that &quot;God's one day world&quot;. It's a story telling two brave girls who saved their city.,windows | mac,Family Sharing | Single-player,3.99,114.0,27.0,Very Positive,141.0,0.808510638,,106.0,False
971460,FPS Training,14/12/18,Action | Indie,3D | Action | Combat | Cyberpunk | Education | FPS | First-Person | Futuristic | Gun Customization | Indie | Military | Modern | PvE | Sci-fi | Shooter | Singleplayer | Sniper | Stylized | Surreal | Utilities,"FPS Training is a game designed to train your skills in FPS (First Person Shooter) games. The game includes a series of challenges that will train all of your skills, such as aiming, reflexes, recoil control and more!",windows,Family Sharing | Single-player | Steam Achievements | Steam Cloud,3.99,51.0,25.0,Mixed,76.0,0.671052632,,,False
941730,Firebase Defence,07/01/19,Action | Indie | Strategy,2D | Action | Base Building | Building | Difficult | GameMaker | Gore | Great Soundtrack | Indie | RTS | Real Time Tactics | Real-Time | Resource Management | Singleplayer | Strategy | Tactical | Top-Down | Tower Defense | Violent | War,"Firebase Defence is a new spin on the traditional tower defence gameplay. You have to defend yourself from the waves upon waves of incoming enemies. You are free to build, place and manage your available resources and units in any way you want. But failing to balance those will result in defeat!",windows,Family Sharing | Single-player,2.89,45.0,13.0,Mostly Positive,58.0,0.775862069,,,False
664160,Shn!p,14/07/17,Casual | Indie,Casual | Indie | Puzzle,An original puzzler with satisfying explosions.,windows | mac | linux,Family Sharing | Single-player,1.59,6.0,0.0,6 user reviews,6.0,1.0,,,False
277450,Imperial Glory,11/04/14,Strategy,Classic | Historical | Multiplayer | RTS | Singleplayer | Strategy | Turn-Based Strategy | War,"It is a time of war in Europe. Driven by new ideas of Enlightenment, the hearts of men and women across the continent are inflamed with dreams of freedom and glory. This is the moment for a military genius to forge himself a name to be remembered throughout all eternity. This is your moment.",windows,Family Sharing | Multi-player | Single-player,3.99,959.0,275.0,Mostly Positive,1234.0,0.777147488,69.0,1076.0,False
535700,3D Chess,06/12/16,Casual | Simulation | Sports | Strategy,2D Fighter | Anime | Board Game | Casual | Chess | Controller | Family Friendly | Horror | Logic | Multiplayer | Music | Psychological Horror | PvP | Simulation | Singleplayer | Sports | Strategy | Survival | Tabletop | War,A unique chess trip with exciting instant duels awaits you - test your mettle on the chessboard. Checkmate your opponent with only a few moves and solve challenging chess puzzles in amazing 3D worlds.,windows | mac | linux,Family Sharing | Multi-player | Online PvP | PvP | Remote Play Together | Shared/Split Screen | Single-player | Steam Achievements | Steam Cloud | Steam Trading Cards,6.99,90.0,60.0,Mixed,150.0,0.6,,114.0,False
632200,Kuro survival,21/06/17,Action | Adventure | Casual | Indie | Racing,2D | 2D Fighter | Action | Action-Adventure | Arena Shooter | Beat 'em up | Casual | Character Customization | Colorful | Fantasy | Female Protagonist | Hero Shooter | Pirates | Platformer | PvE | Racing | Shoot 'Em Up | Shooter | Side Scroller | Twin Stick Shooter,"In the game, we live as Kuro's life, a young ninja got a bad situation in the forest of monster. Kuro have to fight against a ton of monster to stay alive. With blade and shurikens, Kuro hope that he can come back to home soon. Together, help Kuro reunite with his waifu.",windows | mac,Family Sharing | Remote Play Together | Single-player | Steam Achievements | Steam Cloud | Steam Trading Cards,0.79,128.0,27.0,Very Positive,155.0,0.825806452,,124.0,False
461860,Tower Dwellers,23/08/16,Action | Indie | Strategy,Action | Indie | Strategy | Tower Defense,Tower Dwellers is a unit crafting tower defence that features lots of micromanagement and keeps the player engaged in the battle throughout the entire game.,windows,Family Sharing | Single-player | Steam Achievements | Steam Cloud | Steam Trading Cards,4.99,21.0,20.0,Mixed,41.0,0.512195122,,,False
461500,Omega Agent,04/05/16,Action | Indie,Action | Indie | VR,"Strap into your very own nuclear-powered jetpack and blast into the skies of Omega Island, a volcanic sea enclave converted to a vast, intricate super-spy training facility.",windows,Family Sharing | Full controller support | Single-player | Steam Cloud | VR Only,2.99,41.0,13.0,Mostly Positive,54.0,0.759259259,,,False
729640,BOMBFEST,31/01/19,Action | Casual | Indie,4 Player Local | Action | Casual | Great Soundtrack | Indie | Local Multiplayer | Multiplayer | Party,BOMBFEST is an explosive party game about blocks and bombs! It's like sumo wrestling with explosives!,windows | mac | linux,Family Sharing | Full controller support | Multi-player | PvP | Remote Play Together | Shared/Split Screen | Shared/Split Screen PvP | Single-player | Steam Achievements,15.49,28.0,0.0,Positive,28.0,1.0,,,False
719290,Prophecy I - The Viking Child,25/10/17,Action | Adventure,Action | Adventure | Vikings,"Cartoony side-scroller where you take the role of, as the title states, a viking child, in his quest to free his friends and family, held by the evil god Loki inside the Great Halls of Valhalla.",windows | mac | linux,Family Sharing | Partial Controller Support | Single-player,3.99,11.0,16.0,Mixed,27.0,0.407407407,,,False
994650,Space Struck Run,19/12/18,Action | Casual | Indie,Action | Casual | Indie,"Space Struck Run is a small game where you take control of Dectron The Cyborg, where you have to do your best to survive in outer space while the difficulty keeps rising.",windows,Family Sharing | Single-player,0.79,1.0,2.0,3 user reviews,3.0,0.333333333,,,False
496630,Empty Horizons,19/07/16,Indie | Simulation,2D | Anime | Casual | Cinematic | Drama | Emotional | Female Protagonist | Indie | LGBTQ+ | Linear | Multiple Endings | Nudity | Otome | Romance | Simulation | Singleplayer | Story Rich | Strategy | Text-Based | Visual Novel,"Following the sudden death of her father, Mireille Maiorano is sent to live with her uncle in France. Enter Lyon, a tactless, perverse Frenchman charged with escorting to Mireille to her new home. She hates him passionately, with everything she has... so why does he make her heart flutter?",windows | mac | linux,Family Sharing | Single-player | Steam Achievements | Steam Trading Cards,1.99,81.0,12.0,Very Positive,93.0,0.870967742,,,False
646010,Golem,29/05/18,Adventure | Indie,Adventure | Great Soundtrack | Indie | Point & Click | Puzzle,A heart-warming adventure about a young girl and a shape-shifting golem who must navigate the ruins of an ancient tower to solve its challenging puzzles and re-activate its long-dormant machines.,windows,Family Sharing | Partial Controller Support | Single-player | Steam Achievements | Steam Cloud,10.99,22.0,11.0,Mixed,33.0,0.666666667,75.0,,False
543940,Perso,20/04/17,Casual | Indie,Atmospheric | Casual | Indie | Puzzle,"Perso is an atmospheric puzzle game. Collecting relics within each level will slowly reveal what and where you are. You will be in control of at least five cubes, each with different abilities. Use them all to find your way.",windows | linux,Family Sharing | Single-player | Steam Achievements | Steam Cloud | Steam Trading Cards,3.99,4.0,1.0,5 user reviews,5.0,0.8,,,False
563610,VR Squash 2017,20/11/17,Simulation | Sports,Action | Casual | Simulation | Singleplayer | Sports | VR,"Real competitive squash experience in VR - feel hitting the ball with your virtual racket! Beat four increasingly difficult AI enemies in squash with your skills! The unique enemies will use different tactics to try to defeat you, difficulty is ranging from Sam the Slow to Chad the Champion! Are you up to the challenge?",windows,Family Sharing | Single-player | Steam Achievements | Steam Leaderboards | Tracked Controller Support | VR Only,14.49,2.0,1.0,3 user reviews,3.0,0.666666667,,,False
508180,Fly and Destroy,29/07/16,Action | Adventure | Casual | Indie | Strategy,Action | Adventure | Casual | Indie | Space | Strategy,"Fly and destroy is a space arcade unlike anything you've experienced before. It combines extremely fun game mechanics with breath taking visuals. The game itself has elements of almost every popular indie genre, but probably the most fitting would be the space bullet hell.",windows | mac | linux,Family Sharing | Full controller support | Single-player | Steam Achievements | Steam Cloud | Steam Trading Cards,4.99,171.0,121.0,Mixed,292.0,0.585616438,,131.0,False
368830,Adventure in the Tower of Flight,23/12/15,Action | Adventure | Indie,Action | Adventure | Indie | Pixel Graphics | Platformer | Retro,"Adventure in the Tower of Flight is a retro-styled platformer in which you fly instead of jump! You are Wing, a young adventurer. Wing must climb a seeming endless the tower and collect all five known relics held within to become the ruler of the known world.",windows | mac | linux,Family Sharing | Full controller support | Single-player | Steam Achievements | Steam Trading Cards,3.99,80.0,16.0,Very Positive,96.0,0.833333333,,,False
798330,Bacterium / 生命之旅,11/12/18,Action | Adventure | Indie | RPG | Simulation,Action | Adventure | Indie | Medical Sim | RPG | Simulation,"In the coming decades, a huge breakthrough in nano-medical technology will bring a new light to cure terminally ill patients. As a nano-robot operator, you will be involved in a battle between nanobots and diseases!",windows,Co-op | Family Sharing | Full controller support | Multi-player | Remote Play Together | Shared/Split Screen | Single-player | Steam Achievements | Steam Cloud,10.29,41.0,8.0,Positive,49.0,0.836734694,,,False
701370,Pop Pop Boom Boom VR,01/12/17,Action | Indie,Action | Indie | VR,You brought a bow to a bomb fight. Challenge: Survive.,windows,Family Sharing | Single-player | Tracked Controller Support | VR Only,5.19,1.0,1.0,2 user reviews,2.0,0.5,,,False
668890,Hiking Simulator 2017,25/08/17,Casual | Indie | Simulation,3D | Anime | Casual | Comedy | Cute | Dark Comedy | Exploration | Female Protagonist | First-Person | Funny | Horses | Memes | Nature | Parody | Psychological Horror | Relaxing | Simulation | Singleplayer | Snow | Walking Simulator,Experience nature like you have never seen it before as you take your hiking to the next level!,windows,Family Sharing | Single-player,0.79,31.0,37.0,Mixed,68.0,0.455882353,,,False
406920,Monsterland,14/12/15,Action | Adventure | Indie,2D | Action | Adventure | Arcade | Atmospheric | Dark | Difficult | Indie | Minimalist | Real-Time | Retro | Roguelike | Sci-fi | Shoot 'Em Up | Shooter | Singleplayer | Story Rich | Text-Based | Top-Down Shooter | Violent,"2D tile-based shooter in style of Doom 2 (1994), inside a story-driven campaign with scripted sequences.",windows,Captions available | Family Sharing | Single-player | Steam Achievements | Steam Cloud,0.79,36.0,3.0,Positive,39.0,0.923076923,,,False
355280,Brave Furries,14/03/17,Casual | Indie,Casual | Indie | Puzzle,The Furries Princess has been kidnapped! Help these hilariously cute creatures execute a rescue mission. You will need to explore the Evil Wizard's castle and solve his puzzles to succeed. Hours of mildly brain-teasing gameplay awaits!,windows | linux,Single-player | Steam Achievements | Steam Trading Cards,0.79,85.0,18.0,Very Positive,103.0,0.825242718,,,False
864810,NUMERIC,02/07/18,Action | Adventure | Casual | Indie | Simulation,Action | Adventure | Casual | Indie | Simulation,"After a long sleep, the Model &quot;98&quot; finds itself in an abandoned place away from the usual house. There is little left in the memory, in addition to the memory of old friends. Where are they? What happened, why is everything so empty and lonely around?",windows,Family Sharing | Full controller support | Single-player,1.69,25.0,9.0,Mostly Positive,34.0,0.735294118,,,False
531990,Egg Time,19/09/16,Action | Casual | Free To Play | Indie | Sports,Action | Casual | Free to Play | Indie | Sports | VR,"The game revolves around simple mechanics and physics. Catching eggs, defusing bombs, using “egg time” a variation of bullet time to catch even the most hard to catch eggs.",windows,Single-player | Steam Achievements | Tracked Controller Support | VR Only,0.0,56.0,7.0,Very Positive,63.0,0.888888889,,,True
39660,The Guild II - Pirates of the European Seas,24/06/10,Simulation | Strategy,Economy | Medieval | Pirates | RPG | Simulation | Singleplayer | Strategy,The first true life simulation series set in the fascinating medieval Europe! The Addon expands and transforms the game into an even greater experience by adding a huge area including the cities of &quot;The Hanse&quot; located at the shores of the European seas.,windows,Family Sharing | Single-player,8.99,178.0,69.0,Mostly Positive,247.0,0.720647773,63.0,203.0,False
937780,♞ The Tactics of War ♞,24/09/18,Action | Adventure | Casual | Indie | RPG | Simulation | Sports | Strategy,Action | Adventure | Atmospheric | Early Access | Fantasy | Funny | Horror | Indie | Medieval | PvE | RPG | RTS | Sandbox | Simulation | Strategy | Stylized | Survival Horror | Third Person | Tower Defense | War,"Become part of historical battles, take the lead and help your army defeat the enemy.",windows,Family Sharing | Single-player | Steam Achievements,5.79,4.0,13.0,Mostly Negative,17.0,0.235294118,,,False
686100,CanBoom VR,22/08/17,Casual | Indie,Casual | Indie | VR,'CanBoom VR' is the VR version of Android game 'CanBoom'. The target of User is to clear 100 stages and you meet more difficult obstacles and cans if you break stages.,windows,Family Sharing | Single-player | Tracked Controller Support | VR Only,5.59,0.0,3.0,3 user reviews,3.0,0.0,,,False
584760,Rayless,25/01/17,Indie | RPG | Strategy,Crafting | Indie | RPG | Replay Value | Strategy | Turn-Based Combat,Alternative fantasy world of Middle Ages. For hundreds of years humans and creatures had barely coexisted until strange highly contagious rage-inducing virus transformed creatures into bloodthirsty monsters. Most of humanity was wiped out. You are the leader of a small human settlement chosen to turn the tide of war around.,windows,Family Sharing | Single-player | Steam Trading Cards,1.69,9.0,5.0,Mixed,14.0,0.642857143,,,False
529870,Microgons,27/03/17,Strategy,Free to Play | Multiplayer | Strategy | Turn-Based | Turn-Based Combat,"Microgons is a 1v1 online competitive turn-based strategy game. Construct a team of polygonal monsters called Microgons, and strategically maneuver them across a board to engage them in combat against the opposing team. Don't be fooled by its lighthearted look, this is a hardcore game.",windows,Multi-player | Online PvP | PvP | Stats | Steam Achievements | Steam Trading Cards,0.0,55.0,11.0,Very Positive,66.0,0.833333333,,,True
567680,The Pasture,17/01/17,Casual | Indie | Nudity | Simulation,Casual | Indie | Nudity | Simulation,The Pasture gives you a truly innovative gameplay and experimental possibilities that will allow you to experience yourself as a different character – a member of mysterious modern art elite.,windows | mac,Family Sharing | Single-player | Steam Trading Cards,0.79,93.0,108.0,Mixed,201.0,0.462686567,,,False
675120,Crusader Crash,01/08/17,Action | Adventure | Indie,2D | Adventure | Difficult | Indie | Pixel Graphics | Platformer | Side Scroller | Singleplayer,"Inspired by great titles such as Ghosts 'n Goblins and Mega Man 2 comes Crusader Crash! A fast paced, challenging, side-scrolling game with retro art and soundtracks! Play through 8 vastly different stages each with their own boss that will put your skills to the test!",windows,Family Sharing | Full controller support | Single-player | Steam Achievements,2.79,7.0,1.0,8 user reviews,8.0,0.875,,,False
768310,Er-Spectro,28/12/17,Action | Indie,2D | Action | Arcade | Bullet Hell | Controller | Indie | Pixel Graphics | Shoot 'Em Up | Singleplayer,Defeat 7 bosses in this radial Shoot 'em up game to obtain full power of color spectre and defeat hidden evil.,windows,Family Sharing | Full controller support | Single-player | Steam Achievements | Steam Leaderboards,0.79,10.0,13.0,Mixed,23.0,0.434782609,,,False
399090,It's time to get out from the solar system,01/09/15,Action | Adventure | Casual | Indie | RPG,Action | Adventure | Arcade | Bullet Hell | Casual | Dark Humor | Dystopian | Flight | Gun Customization | Inventory Management | Management | RPG | Retro | Sci-fi | Shoot 'Em Up | Shooter | Space | Story Rich | Strategy | Top-Down Shooter,A game with a futuristic anti-utopian story — a hardcore space shooter with RPG elements.,windows | linux,Family Sharing | Partial Controller Support | Single-player | Steam Trading Cards,2.89,23.0,51.0,Mostly Negative,74.0,0.310810811,,,False
656260,APEX Tournament,09/02/18,Action | Early Access | Indie,Action | Early Access | Indie | VR,"Apex Tournament is the most fast-paced Team Death Match in VR. The primary method of movement is the Hyper Dash system, which turns your body into the controller - allowing movements at blazing speeds.",windows,Co-op | Cross-Platform Multiplayer | Family Sharing | Multi-player | Online Co-op | Online PvP | PvP | Tracked Controller Support | VR Supported,11.39,7.0,2.0,9 user reviews,9.0,0.777777778,,,False
366590,Prompt,06/07/15,Indie,Difficult | Indie | Platformer,"Prompt is a hardcore platformer. It is minimalist, it is retro, and it is very, very hard. Everything from the visual style to the design of every level has been coded with love, just for you.",windows | mac | linux,Family Sharing | Full controller support | Includes level editor | Single-player | Steam Achievements | Steam Cloud | Steam Workshop,3.99,45.0,4.0,Positive,49.0,0.918367347,,,False
32000,Raycatcher,17/04/09,Casual | Indie,Casual | Indie,"Raycatcher is an innovative new game that syncs gameplay to your favorite mp3s. Load in your entire music library and watch as the game morphs itself to match. The gameplay itself is easy to pick up, yet compelling. Rotate a cluster of colorful shapes to catch matching rays of light cast onto your screen.",windows,Family Sharing | Single-player,3.99,1.0,14.0,Negative,15.0,0.066666667,,,False
384330,PolyRace,24/03/16,Indie | Racing,Indie | Procedural Generation | Racing,Let's show off your racing skills! Hurtle through randomized tracks (using procedural algorithm) in this fast-paced futuristic racing game. Try and retry to reach your best race time. Challenge your friends in a 10min time attack or face the world in the race of the day.,windows | mac | linux,Family Sharing | Partial Controller Support | Single-player | Stats | Steam Achievements | Steam Cloud | Steam Leaderboards,4.79,40.0,21.0,Mixed,61.0,0.655737705,,,False
366350,ROGUS - Kingdom of The Lost Souls,30/06/15,Indie,Indie,"&quot;ROGUS - Kingdom of The Lost Souls&quot; is the first Run'Em'Up: A minimalist, yet, epic, beat'em'up where your skills will be put to the test as you jump, aim, dodge, shield and cast spells, all at the same time. Guide an insanely powerful wizard in his hardcore and infinite quest for love &amp; redemption.",windows,Family Sharing | Partial Controller Support | Single-player | Steam Achievements | Steam Cloud,3.99,14.0,20.0,Mixed,34.0,0.411764706,,,False
552130,Whiplash - Crash Valley,07/12/16,Adventure | Casual | Indie | Simulation,Adventure | Casual | Comedy | Funny | Indie | Open World | Physics | Sandbox | Simulation,Whiplash - Crash Valley. Super-premium-deluxe interactive Ragdoll simulation system.,windows,Family Sharing | Partial Controller Support | Single-player | Steam Achievements | Steam Trading Cards,3.99,121.0,143.0,Mixed,264.0,0.458333333,,238.0,False
959410,The Endless Empty,03/11/18,Adventure | Indie | RPG,2D | Abstract | Adventure | Atmospheric | Casual | Choices Matter | Colorful | Dark | Funny | Great Soundtrack | Indie | LGBTQ+ | Psychedelic | Psychological Horror | Puzzle | RPG | RPGMaker | Singleplayer | Story Rich | Surreal,A surreal post-life adventure,windows,Family Sharing | Single-player,2.89,193.0,9.0,Very Positive,202.0,0.955445545,,193.0,False
567210,Bunnyrama,19/12/16,Adventure | Casual | Indie | Strategy,2D | 2D Platformer | Adventure | Atmospheric | Cartoon | Cartoony | Casual | Controller | Cute | Fantasy | Funny | Indie | Magic | Parody | Platformer | Puzzle | Puzzle Platformer | Retro | Sokoban | Strategy,Bunnyrama is a puzzle adventure game where your goal is to lead the old man through the magical forest full of huge bunnies.,windows | mac | linux,Family Sharing | Full controller support | Single-player | Steam Achievements | Steam Cloud | Steam Trading Cards,1.99,53.0,11.0,Very Positive,64.0,0.828125,,,False
491210,LUMBERMANCER,28/06/16,Action | Adventure,Action | Adventure,You're a Lumbermancer! Use your dark lumber magic to summon logs to do your bidding. Control both the Lumbermancer and the logs simultaneously to fight the creatures of the woods and steal their mysterious lunches!SUMMON LOGS! FIGHT THE DEVIL! EAT A SANDWICH!U,windows,Family Sharing | Full controller support | Single-player,1.99,32.0,6.0,Positive,38.0,0.842105263,,,False
207230,ArcheBlade™,25/04/14,Action | Free To Play | Indie,Action | Adventure | Anime | Co-op | Fantasy | Female Protagonist | Fighting | Free to Play | Hack and Slash | Indie | MMORPG | MOBA | Massively Multiplayer | Multiplayer | Online Co-Op | PvP | RPG | Team-Based | Third Person | Third-Person Shooter,ArcheBlade is a free to play 3D multiplayer fighting game that captures the essence of combo-based fighting games combined with unique game modes. Play as one of many characters and master your skills to become the best fighter.,windows,Co-op | Multi-player | Stats | Steam Achievements | Steam Cloud | Steam Leaderboards | Steam Trading Cards,0.0,5608.0,2059.0,Mostly Positive,7667.0,0.731446459,,,True
738440,MazeQuest 2,26/12/18,Adventure | Indie | RPG | Strategy,Adventure | Casual | Cult Classic | Fantasy | Indie | Magic | RPG | Strategy | Turn-Based | Turn-Based Combat | Turn-Based Strategy | Turn-Based Tactics,"MazeQuest 2 is a mashup tribute to the great console RPGs of the 90's, with infinite replay, fun storylines and sidequests, fantastic beasts, dragons, trolls, and more!. Including party based combat, 50 learnable skills, 17 recruitable characters, and hundreds of randomly generated items!",windows,Family Sharing | Single-player,0.79,7.0,1.0,8 user reviews,8.0,0.875,,,False
1036950,Super Jigsaw Puzzle: Generations,04/04/19,Casual | Free To Play | Indie | Strategy,Atmospheric | Board Game | Casual | Crafting | Cute | Difficult | Family Friendly | Free to Play | Funny | GameMaker | Indie | Minimalist | Puzzle | Relaxing | Replay Value | Singleplayer | Solitaire | Stylized | Tabletop | Time Management,"If you like to make puzzles, Super Jigsaw Puzzle is your game. Enjoy its comfortable and intuitive interface and its relaxing music that will allow you to concentrate on the difficult task of solving these beautiful photos that pose a real challenge for lovers of puzzles.",windows,Single-player | Stats | Steam Achievements | Steam Cloud | Steam Leaderboards,0.0,911.0,44.0,Overwhelmingly Positive,955.0,0.953926702,,,True
715760,DOJAGI: The Korean Pottery,09/12/18,Simulation,Simulation | VR,&quot;DOJAGI&quot; in Korean means pottery. You can create pottery with your both hands in Virtual Reality led by DOJAGI.,windows,Family Sharing | Single-player | Steam Achievements | Steam Cloud | Steam Leaderboards | Tracked Controller Support | VR Only,23.79,15.0,6.0,Mostly Positive,21.0,0.714285714,,,False
911130,Puzzle Monarch: Vampires,09/08/18,Casual | Indie | Strategy,2D | Casual | Family Friendly | Indie | Puzzle | Relaxing | Replay Value | Simulation | Singleplayer | Strategy | Vampire,An ancient tomb has been uncovered and it's filled with hidden treasures. Solve 15 sets of ancient puzzles and unlock your way to the bottom of the tomb. Each set contains a three by three and six by six puzzle.,windows,Family Sharing | Single-player | Steam Achievements,4.99,17.0,23.0,Mixed,40.0,0.425,,,False
346160,Barter Empire,06/02/15,Adventure | Casual | Indie | RPG,Adventure | Casual | Indie | RPG | RPGMaker,"Classic RPG gameplay with a massive open world! Build your empire by buying land deeds, farming and questing. Go on dates, get married and adopt children. Cooking, crafting, fishing, alchemy, bartering, hunting, farming and trade systems.",windows,Family Sharing | Full controller support | Single-player,3.99,15.0,13.0,Mixed,28.0,0.535714286,,,False
711710,RedEyes 赤瞳之勋,09/08/18,Action | Adventure | Indie | RPG | Strategy,Action | Adventure | Anime | Indie | RPG | RPGMaker | Strategy,~ 一款精美的JRPG游戏，全手绘地图，kawaii的像素人物，炫酷的特效，精彩悠长的剧情，多元化战斗系统，回合制战斗，弹幕模式，arpg战斗和解密任务，开启你新世界的大门吧 ~,windows,Commentary available | Family Sharing | Partial Controller Support | Single-player | Steam Achievements | Steam Cloud,2.09,35.0,16.0,Mixed,51.0,0.68627451,,,False
711660,CHUCHEL,07/03/18,Adventure | Casual | Indie,2D | Adventure | Cartoon | Cartoony | Casual | Colorful | Comedy | Cute | Family Friendly | Funny | Hand-drawn | Indie | Interactive Fiction | Linear | Point & Click | Puzzle | Singleplayer | Story Rich | Stylized | Surreal,"CHUCHEL is a comedy adventure game from the creators of Machinarium, Botanicula and Samorost. Join the hairy hero Chuchel and his rival Kekel as they will be facing numerous puzzles and challenges in their quest to retrieve the precious cherry!",windows | mac,Family Sharing | Single-player | Steam Achievements | Steam Cloud | Steam Trading Cards,7.99,3023.0,579.0,Very Positive,3602.0,0.839255969,81.0,3049.0,False
695660,Saloon Showdown VR,10/10/17,Action | Early Access | Indie | Violent,Action | Early Access | Indie | Shooter | VR | Violent | Western,"Saloon Showdown VR is a virtual reality shooter based in the old west. Can you make your way through the town and stand toe to toe with the deadliest gun in west? Make use of cover, exploding barrels, moving carts &amp; your trusty old 6-shooter and return peace to this lawless town.",windows,Family Sharing | Single-player | Tracked Controller Support | VR Only,2.09,27.0,4.0,Positive,31.0,0.870967742,,,False
645790,Home Wars,13/06/17,Action | Indie | Strategy,Action | Action RTS | Atmospheric | Base Building | FPS | Funny | Grand Strategy | Military | RTS | Real Time Tactics | Resource Management | Sandbox | Shooter | Strategy | Tactical | Third-Person Shooter | Tower Defense | Turn-Based Strategy | War | Wargame,"Do you hate bugs and arachnids? Seeing them creeps you out? Would you like them to disappear off the face of the Earth? GOOD! This is the right game for you! In HW you’ll play as a General of a toy soldiers army, with the sole purpose of saving the owner’s house from the invasion of those damn Bugs.",windows,Family Sharing | Single-player | Steam Trading Cards,6.99,850.0,219.0,Mostly Positive,1069.0,0.795135641,,1028.0,False
957930,Intelligence: Underwater Kingdom,24/10/18,Casual | Indie,2D | Atmospheric | Card Game | Casual | Family Friendly | Fishing | Indie | Logic | Music | Puzzle | Relaxing | Simulation | Singleplayer | Tabletop | Underwater,Is a puzzle game in which you want to build an image (with the animals of the underwater Kingdom) so that the picture was like the original image. Move the tiles of the puzzle wisely to collect the correct order of the pieces of images.,windows,Family Sharing | Single-player | Steam Achievements,1.69,5.0,2.0,7 user reviews,7.0,0.714285714,,,False
859220,Sweeper Zero,23/08/18,Action | Adventure | Free To Play | Gore | Violent,Action | Adventure | Free to Play | Gore | VR | Violent,"They still come! Alien base is invaded by alien species. As the last hope of mankind, take up your arms, sweep them out !",windows,Single-player | Tracked Controller Support | VR Only,0.0,18.0,5.0,Mostly Positive,23.0,0.782608696,,,True
556850,Handy Dice,20/04/17,Early Access | Utilities,Early Access | Utilities,Handy Dice allows you to roll many kind of dice. They can be customized by you or even created by other users thanks to Steam Workshop. Also features many functions in order to fit to your needs.,windows,Stats | Steam Achievements | Steam Cloud | Steam Trading Cards | Steam Workshop,1.99,3.0,2.0,5 user reviews,5.0,0.6,,,False
703540,Algorithm,23/10/17,Casual | Indie,Casual | Difficult | Indie | Puzzle | Singleplayer,"Scientists have worked on their creation for many years. Long and laborious work created artificial intelligence which, according to its creators, will have to move heaven and earth. This artificial intelligence is you.",windows,Family Sharing | Single-player,0.79,14.0,10.0,Mixed,24.0,0.583333333,,,False
304240,Resident Evil / biohazard HD REMASTER,19/01/15,Action | Adventure,Action | Adventure | Atmospheric | Classic | Cult Classic | Difficult | Female Protagonist | Gore | Great Soundtrack | Horror | Puzzle | Remake | Shooter | Singleplayer | Story Rich | Survival | Survival Horror | Third Person | Third-Person Shooter | Zombies,The game that defined the survival-horror genre is back! Check out the remastered HD version of Resident Evil.,windows,Family Sharing | Full controller support | Single-player | Steam Achievements | Steam Cloud | Steam Leaderboards | Steam Trading Cards,15.99,22874.0,2033.0,Very Positive,24907.0,0.91837636,82.0,18536.0,False
611670,The Elder Scrolls V: Skyrim VR,02/04/18,RPG,Action | Adventure | Atmospheric | Character Customization | Dragons | Exploration | Fantasy | First-Person | Great Soundtrack | Magic | Memes | Moddable | Open World | RPG | Sexual Content | Singleplayer | Stealth | Story Rich | VR | Walking Simulator,"A true, full-length open-world game for VR has arrived from Bethesda Game Studios. Skyrim VR reimagines the complete epic fantasy masterpiece with an unparalleled sense of scale, depth, and immersion. Skyrim VR also includes all official add-ons.",windows,Family Sharing | Full controller support | Single-player | Steam Achievements | Steam Cloud | SteamVR Collectibles | Tracked Controller Support | VR Only | VR Support,39.99,8183.0,2702.0,Mostly Positive,10885.0,0.751768489,81.0,8069.0,False
566090,The Bard's Tale IV: Barrows Deep,18/09/18,RPG,Adventure | Atmospheric | Character Customization | Dungeon Crawler | Exploration | Fantasy | First-Person | Great Soundtrack | Party-Based RPG | Puzzle | RPG | Story Rich | Turn-Based | Turn-Based Combat | Turn-Based Strategy,"The Bard's Tale IV: Barrows Deep is the triumphant return of one of the most iconic RPG series of all-time. Delve into a tactically rich combat system that rewards creativity, solve puzzles to gain treasure and advantages, and discover a beautifully crafted world.",windows,Family Sharing | Single-player | Steam Achievements | Steam Cloud | Steam Trading Cards,27.99,991.0,481.0,Mixed,1472.0,0.673233696,,680.0,False
461520,Grizzly Valley,23/04/16,Action | Adventure | Indie,Action | Adventure | Horror | Indie | Multiplayer | Shooter | Stealth | Survival | Survival Horror,The Grizzly bear is one of the greatest wild animals in North America. The number of fatal human attacks is actually low. They do not naturally hunt people to eat. However...,windows,Family Sharing | Single-player | Steam Trading Cards,3.99,98.0,150.0,Mostly Negative,248.0,0.39516129,,207.0,False
503980,Detective Hank and the Golden Sneeze,29/07/16,Adventure | Indie,Adventure | Atmospheric | Casual | Choices Matter | Comedy | Crime | Detective | Funny | Great Soundtrack | Indie | Interactive Fiction | Multiple Endings | Mystery | Puzzle | Replay Value | Singleplayer | Steampunk | Story Rich | Touch-Friendly | Visual Novel,"When the Golden Sneeze is stolen from the Museum of Ancient History, it’s up to you, Detective Hank, to catch the thief. That will not be easy, as the culprit changes every new game. Puzzle your way through this steampunk themed, interactive whodunnit visual novel and bring the thief to justice!",windows | mac | linux,Family Sharing | Partial Controller Support | Single-player,3.99,11.0,3.0,Mostly Positive,14.0,0.785714286,,,False
346080,Astro Emporia,02/02/15,Casual | Indie | Strategy,Casual | Indie | Strategy,Astro Emporia is a CASUAL turn based randomised trading game where your objective is to make as much money in a limited amount of turns.,windows | mac | linux,Family Sharing | Single-player | Steam Trading Cards,0.79,44.0,46.0,Mixed,90.0,0.488888889,,,False
576540,Brother Wings,10/01/17,Action | Casual | Indie,2D | Action | Arcade | Casual | Choices Matter | Choose Your Own Adventure | Dungeon Crawler | Indie | Massively Multiplayer | Multiplayer | Online Co-Op | Pixel Graphics | Point & Click | Puzzle | Retro | Shoot 'Em Up | Shooter | Singleplayer | Survival,"Brother Wings is a shoot up jet fighter game with vertical scrolling. In this game the player can choose between controlling Marko or Guida, brothers and pilots. The game has two forms, infinity and time attack, both with several ships and types of villains to face.",windows,Family Sharing | Single-player | Steam Achievements | Steam Leaderboards | Steam Trading Cards | Steam Turn Notifications,0.79,110.0,50.0,Mixed,160.0,0.6875,,102.0,False
646310,ProjectM : Daydream,04/09/17,Adventure | Simulation,Adventure | Dating Sim | Sexual Content | Simulation | VR,"Experience a daydream like never before in VR. Experience skydiving, hang out at the beach, or just chat with a digital friend in the comfort of a virtual kitchen.",windows,Family Sharing | Single-player | Tracked Controller Support | VR Only,3.99,65.0,26.0,Mostly Positive,91.0,0.714285714,,,False
774321,STARBO,04/01/18,Action | Adventure | Indie,Abstract | Action | Adventure | Atmospheric | Casual | Dark | Exploration | First-Person | Gore | Great Soundtrack | Horror | Indie | Mystery | Psychological Horror | Puzzle | Robots | Singleplayer | Story Rich | Surreal | Violent,"STARBO tells you the story of a dead man's journey through a mysteriously blue world filled with strange messages and beings all trying to tell you a story, the story of Leo Cornell.",windows | mac | linux,Family Sharing | Full controller support | Single-player | Steam Achievements | Steam Cloud,4.79,68.0,44.0,Mixed,112.0,0.607142857,,,False
386090,Nandeyanen!? - The 1st Sûtra,22/07/15,Action | Indie,2D | Action | Anime | Arcade | Bullet Hell | Indie | Shoot 'Em Up,"Nandeyanen!? – The 1st Sûtra is a horizontal 2D shoot’em up that introduces gameplay mechanics such as bullet counter and blast pods. The player takes the role of Tenguman, a long-nosed goblin who wakes up after a thousand year sleep to see the world overrun by an army of mythical pranksters.",windows,Family Sharing | Full controller support | Single-player,1.59,19.0,8.0,Mostly Positive,27.0,0.703703704,,,False
268910,Cuphead,29/09/17,Acción | Indie,2D | Action | Bullet Hell | Cartoon | Cartoony | Co-op | Colorful | Difficult | Funny | Great Soundtrack | Hand-drawn | Indie | Local Co-Op | Multiplayer | Platformer | Retro | Shoot 'Em Up | Side Scroller | Singleplayer | Souls-like,"Cuphead is a classic run and gun action game heavily focused on boss battles. Inspired by cartoons of the 1930s, the visuals and audio are painstakingly created with the same techniques of the era, i.e. traditional hand drawn cel animation, watercolor backgrounds, and original jazz recordings.",windows | mac,Compat. total con control | Cooperativos | Cooperativos en pantalla dividida/compartida | Logros de Steam | Multijugador | Pantalla dividida/compartida | Préstamo familiar | Remote Play Together | Remote Play para TV | Remote Play para móviles | Remote Play para tabletas | Steam Cloud | Tarjetas de Steam | Un jugador,14.99,164606.0,6274.0,Overwhelmingly Positive,170880.0,0.963284176,88.0,152290.0,False
22100,Mount & Blade,03/11/08,Indie | RPG,Action | Action RPG | Adventure | Character Customization | Fantasy | First-Person | Historical | Indie | Medieval | Moddable | Multiplayer | Open World | RPG | Replay Value | Sandbox | Simulation | Singleplayer | Strategy | Third Person | War,"Calradia is a land at war, offering great riches and even greater dangers to adventurers and mercenaries that flock to shed their blood on its soil. With courage and a strong sword, an unknown stranger can make a name as a warrior. Free-form sand-box gameplay.",windows,Family Sharing | Includes level editor | Single-player | Steam Trading Cards,7.99,5814.0,478.0,Very Positive,6292.0,0.924030515,72.0,5008.0,False
586710,Witches' Legacy: Slumbering Darkness Collector's Edition,08/02/17,Adventure | Casual,Adventure | Casual | Hidden Object,The legacy of the witches continues when Lynn and her husband are lured into a trap by a mysterious sorcerer…,windows,Family Sharing | Single-player,6.99,7.0,3.0,Mostly Positive,10.0,0.7,,,False
454200,Neon Hardcorps,30/05/16,Action | Indie,Action | Indie | Pixel Graphics | Top-Down,"Neon Hardcorps is a fast paced top down action shooter, inspired by games such as Contra, Metal Slug, Super Turrican, Cybernator, Realm and Doom Troopers.",windows,Family Sharing | Single-player | Steam Trading Cards,0.79,146.0,155.0,Mixed,301.0,0.485049834,,,False
466900,Hide & Spook: The Haunted Alchemist,28/10/16,Action,Action | Asymmetric VR | VR,"Hide &amp; Spook is a party game for 3 players for the HTC Vive!The Alchemist wears the headset, while the two Ghosts take a controller each and sneak around the room trying to extinguish the candles!The Alchemist tries to catch them by staring at them and thus dispelling them from this earthly dimension, returning them back from where...",windows,Multi-player | PvP | Remote Play Together | Shared/Split Screen PvP | Tracked Controller Support | VR Only,0.0,40.0,3.0,Positive,43.0,0.930232558,,,True
