app_id,name,price,genres,tags,platforms,positive_review_ratio,num_reviews
100000,Game_0,48.33,Action,Competitive|Multiplayer,Linux,0.95,55916
100001,Game_1,48.16,Sports|Simulation,Story Rich|Co-op|Multiplayer|Competitive,Mac,0.67,32913
100002,Game_2,28.05,Adventure,Open World|Co-op|Story Rich|Singleplayer,Linux|Mac|Windows,0.87,68691
100003,Game_3,4.27,Simulation,Story Rich|Multiplayer|Open World,Mac|Linux|Windows,0.82,79780
100004,Game_4,5.3,Adventure|Strategy|RPG,Co-op|Multiplayer|Singleplayer,Windows,0.73,25051
100005,Game_5,59.75,Strategy|Sports|Simulation,Co-op|Story Rich,Mac|Windows|Linux,0.87,57954
100006,Game_6,15.94,Sports|Action|Adventure,Open World|Co-op|Multiplayer|Singleplayer,Mac,0.61,55957
100007,Game_7,42.65,Strategy|Action|Sports,Competitive|Story Rich,Linux|Mac,0.85,5644
100008,Game_8,51.26,Simulation|Adventure|RPG,Multiplayer|Singleplayer|Story Rich|Competitive,Mac,0.73,67267
100009,Game_9,38.91,Strategy,Story Rich|Open World|Multiplayer,Mac|Linux,0.72,23616
100010,Game_10,18.14,Sports|Action,Competitive|Story Rich|Singleplayer|Multiplayer,Linux|Windows,0.76,31602
100011,Game_11,38.31,RPG,Open World|Multiplayer|Co-op|Competitive,Linux|Mac,0.82,33358
100012,Game_12,14.85,Simulation|Strategy,Open World|Singleplayer|Co-op|Competitive,Windows|Mac,0.69,64449
100013,Game_13,6.26,Indie|Adventure,Co-op|Singleplayer,Windows|Linux|Mac,0.9,59517
100014,Game_14,27.77,Strategy|Action,Singleplayer|Story Rich|Open World,Windows,0.9,80692
100015,Game_15,11.43,Simulation|Action|Indie,Competitive|Story Rich,Linux|Mac|Windows,0.66,12499
100016,Game_16,36.08,Strategy|Simulation|RPG,Multiplayer|Open World|Co-op|Story Rich,Linux,0.76,11409
100017,Game_17,3.79,Strategy,Open World|Story Rich|Multiplayer,Linux|Windows,0.75,88730
100018,Game_18,9.35,Adventure|Indie|Simulation,Competitive|Multiplayer|Co-op|Story Rich,Windows|Linux,0.93,37196
100019,Game_19,38.44,Indie|Adventure,Multiplayer|Co-op|Story Rich|Open World,Windows,0.84,59885
100020,Game_20,18.26,Action|RPG,Open World|Competitive|Singleplayer,Windows|Linux|Mac,0.74,34351
100021,Game_21,49.4,Simulation,Multiplayer|Singleplayer,Mac,0.76,22056
100022,Game_22,52.93,Adventure|Indie|RPG,Singleplayer|Co-op|Competitive,Mac,0.77,60585
100023,Game_23,25.29,Action|Adventure,Story Rich|Competitive|Multiplayer,Windows|Mac|Linux,0.69,23482
100024,Game_24,0.24,RPG|Action|Simulation,Multiplayer|Competitive,Linux|Windows|Mac,0.73,16316
100025,Game_25,5.13,Action|Sports|RPG,Story Rich|Open World|Singleplayer,Windows|Linux,0.83,86110
100026,Game_26,7.58,RPG|Sports|Indie,Competitive|Multiplayer|Co-op,Mac|Windows|Linux,0.71,39055
100027,Game_27,47.64,Simulation|Strategy,Co-op|Multiplayer|Story Rich,Windows|Linux,0.8,51255
100028,Game_28,17.76,Simulation|Adventure,Competitive|Open World,Windows|Linux|Mac,0.97,10825
100029,Game_29,34.23,Indie,Multiplayer|Competitive,Windows,0.91,63774
100030,Game_30,58.17,Adventure,Multiplayer|Open World|Singleplayer|Competitive,Mac|Windows|Linux,0.69,63296
100031,Game_31,1.99,Simulation|Action,Singleplayer|Co-op|Multiplayer|Competitive,Mac,0.68,19863
100032,Game_32,52.57,Indie,Open World|Story Rich,Windows|Mac|Linux,0.6,50374
100033,Game_33,52.85,Action|Simulation|Sports,Singleplayer|Co-op|Story Rich|Competitive,Linux|Mac|Windows,0.68,65831
100034,Game_34,8.23,Indie,Multiplayer|Open World,Mac|Windows,0.88,23137
100035,Game_35,46.22,Action|RPG,Story Rich|Competitive,Mac|Linux|Windows,0.78,6729
100036,Game_36,44.56,Action|Sports|Indie,Open World|Co-op|Multiplayer,Windows|Mac,0.77,9373
100037,Game_37,16.36,Action|Adventure|Indie,Open World|Co-op|Competitive,Windows|Mac|Linux,0.76,30101
100038,Game_38,37.32,RPG,Singleplayer|Open World|Story Rich,Mac,0.75,89555
100039,Game_39,35.07,Sports,Competitive|Story Rich,Mac,0.96,71438
100040,Game_40,44.3,Indie|RPG,Competitive|Co-op|Open World|Multiplayer,Mac|Windows,0.73,93552
100041,Game_41,16.08,RPG|Simulation|Strategy,Story Rich|Multiplayer,Linux|Windows,0.76,4105
100042,Game_42,28.92,Strategy,Competitive|Story Rich,Windows|Mac|Linux,0.64,61624
100043,Game_43,59.34,Adventure|Strategy,Competitive|Multiplayer|Story Rich,Windows|Linux,0.74,53724
100044,Game_44,35.09,Sports,Multiplayer|Story Rich|Open World|Competitive,Windows,0.9,97485
100045,Game_45,9.16,RPG,Competitive|Co-op|Singleplayer,Windows|Mac|Linux,0.73,35821
100046,Game_46,46.24,Adventure,Multiplayer|Open World|Competitive,Mac|Linux|Windows,0.76,32689
100047,Game_47,25.09,Action,Singleplayer|Co-op,Windows|Mac|Linux,0.75,72741
100048,Game_48,27.1,RPG|Simulation,Story Rich|Co-op,Linux|Windows|Mac,0.71,25301
100049,Game_49,4.65,Action|Indie|Adventure,Competitive|Story Rich,Windows|Linux,0.68,31706
100050,Game_50,19.9,RPG|Action|Indie,Singleplayer|Story Rich|Open World|Co-op,Mac,0.66,12232
100051,Game_51,15.3,RPG|Simulation,Co-op|Open World,Mac,0.84,69072
100052,Game_52,12.8,Adventure|Simulation,Open World|Singleplayer,Linux,0.81,31355
100053,Game_53,4.43,Strategy|Sports,Singleplayer|Story Rich,Windows|Linux,0.86,58889
100054,Game_54,37.83,Strategy|Simulation,Singleplayer|Co-op|Multiplayer,Windows|Mac,0.85,24281
100055,Game_55,47.22,RPG|Indie,Multiplayer|Competitive|Co-op|Story Rich,Mac,0.88,33480
100056,Game_56,49.47,Strategy,Competitive|Co-op|Singleplayer,Mac|Linux,0.78,23387
100057,Game_57,3.9,Simulation|Adventure|Indie,Open World|Story Rich,Windows|Linux,0.92,17166
100058,Game_58,21.4,Adventure|RPG,Singleplayer|Open World,Windows,0.74,5452
100059,Game_59,19.38,Adventure|Action,Co-op|Story Rich|Competitive|Open World,Windows|Mac,0.83,97065
100060,Game_60,57.17,Strategy,Competitive|Story Rich|Singleplayer,Windows|Linux,0.65,26092
100061,Game_61,12.99,Adventure,Story Rich|Open World|Competitive|Multiplayer,Mac,0.69,28414
100062,Game_62,2.98,RPG|Adventure|Sports,Open World|Competitive,Windows|Mac,0.94,47441
100063,Game_63,13.63,Simulation|Action,Open World|Multiplayer|Story Rich,Windows|Mac,0.87,55809
100064,Game_64,13.77,Indie,Singleplayer|Multiplayer|Competitive,Mac|Windows,0.72,90317
100065,Game_65,42.91,Sports|Indie,Competitive|Open World|Story Rich,Linux|Mac,0.73,73231
100066,Game_66,55.79,Adventure,Competitive|Story Rich|Singleplayer,Linux|Mac,0.65,87424
100067,Game_67,13.6,Strategy|Action|Sports,Competitive|Singleplayer|Multiplayer|Co-op,Windows|Mac|Linux,0.95,87535
100068,Game_68,55.02,Sports|Simulation,Story Rich|Open World,Mac|Linux,0.73,33085
100069,Game_69,13.72,Strategy|RPG|Indie,Co-op|Multiplayer,Mac,0.7,51283
100070,Game_70,35.92,RPG|Simulation,Singleplayer|Multiplayer|Competitive,Windows|Linux,0.88,66868
100071,Game_71,40.62,RPG|Simulation|Indie,Open World|Multiplayer|Competitive,Mac|Windows|Linux,0.83,94621
100072,Game_72,54.73,RPG|Simulation|Sports,Open World|Co-op|Story Rich,Mac|Linux,0.62,28659
100073,Game_73,47.26,RPG|Simulation|Indie,Singleplayer|Story Rich|Competitive,Linux|Windows,0.6,1053
100074,Game_74,9.73,RPG|Sports|Strategy,Competitive|Story Rich,Windows,0.92,4907
100075,Game_75,45.55,RPG,Singleplayer|Competitive|Open World,Mac,0.98,88600
100076,Game_76,40.36,RPG|Strategy,Multiplayer|Competitive,Mac,0.87,45444
100077,Game_77,58.14,Indie|Adventure|Simulation,Competitive|Co-op|Multiplayer|Singleplayer,Linux,0.65,43287
100078,Game_78,33.82,RPG|Adventure,Multiplayer|Open World,Windows|Linux|Mac,0.91,50715
100079,Game_79,47.86,Action|Strategy,Open World|Co-op|Story Rich|Competitive,Linux,0.9,36237
100080,Game_80,18.89,Action|Simulation,Story Rich|Open World,Mac|Windows,0.88,17394
100081,Game_81,28.95,Action|Adventure,Singleplayer|Co-op|Multiplayer|Competitive,Mac|Windows,0.71,42675
100082,Game_82,26.85,Indie|Sports,Multiplayer|Singleplayer,Linux|Mac,0.75,4191
100083,Game_83,5.54,Indie,Multiplayer|Co-op|Competitive|Singleplayer,Mac|Linux,0.93,9593
100084,Game_84,12.92,Adventure|Strategy|Indie,Story Rich|Co-op|Multiplayer,Linux,0.91,80489
100085,Game_85,8.27,Indie,Co-op|Singleplayer,Mac|Linux,0.89,77406
100086,Game_86,41.54,Action,Competitive|Singleplayer|Open World|Story Rich,Mac,0.98,68598
100087,Game_87,55.61,RPG|Sports,Open World|Singleplayer|Co-op|Multiplayer,Linux|Mac,0.6,13050
100088,Game_88,39.25,Simulation,Story Rich|Co-op|Open World,Windows|Linux|Mac,0.9,45239
100089,Game_89,56.99,Strategy|RPG,Open World|Story Rich|Competitive,Mac|Linux|Windows,0.83,48698
100090,Game_90,47.48,Sports|Strategy,Singleplayer|Story Rich,Mac,0.86,19813
100091,Game_91,7.52,Adventure|Strategy|Action,Story Rich|Multiplayer,Linux,0.62,76645
100092,Game_92,37.57,Adventure|Simulation|Strategy,Multiplayer|Competitive,Mac|Linux|Windows,0.79,72901
100093,Game_93,2.76,RPG|Strategy,Singleplayer|Competitive|Multiplayer,Mac|Windows|Linux,0.91,61170
100094,Game_94,30.99,Sports,Open World|Singleplayer|Co-op,Linux,0.7,34287
100095,Game_95,47.05,Indie|Sports,Open World|Co-op|Competitive|Story Rich,Linux|Windows,0.73,9660
100096,Game_96,41.59,Simulation,Singleplayer|Story Rich|Competitive,Linux|Windows|Mac,0.67,12288
100097,Game_97,2.99,Action|Strategy,Multiplayer|Competitive,Mac,0.61,71076
100098,Game_98,54.29,Adventure,Co-op|Story Rich|Open World,Mac|Linux,0.83,20776
100099,Game_99,6.92,Simulation,Singleplayer|Competitive|Story Rich|Co-op,Mac|Linux,0.88,75510
100100,Game_100,12.79,Indie|RPG|Simulation,Open World|Singleplayer|Multiplayer|Competitive,Windows,0.82,63996
100101,Game_101,33.71,RPG|Sports|Indie,Competitive|Open World,Linux|Mac|Windows,0.62,95640
100102,Game_102,56.91,Sports,Co-op|Story Rich,Linux,0.95,79751
100103,Game_103,31.37,Action|Indie|Simulation,Singleplayer|Open World,Mac|Windows,0.96,14466
100104,Game_104,17.94,Simulation|RPG,Story Rich|Multiplayer|Co-op,Linux|Windows,0.73,98479
100105,Game_105,35.22,Adventure,Open World|Singleplayer|Multiplayer,Windows|Linux|Mac,0.7,66809
100106,Game_106,36.69,RPG|Strategy|Simulation,Open World|Multiplayer|Singleplayer,Windows|Linux|Mac,0.98,47376
100107,Game_107,35.96,Sports|Action|Indie,Open World|Singleplayer|Co-op|Multiplayer,Linux|Mac,0.97,58993
100108,Game_108,5.79,Indie,Open World|Singleplayer|Co-op|Multiplayer,Windows|Mac|Linux,0.6,69099
100109,Game_109,29.65,Indie|Action,Co-op|Competitive|Open World|Story Rich,Mac|Windows|Linux,0.76,77998
100110,Game_110,5.29,Sports|Indie|Simulation,Competitive|Story Rich,Mac|Linux|Windows,0.86,30781
100111,Game_111,24.88,Adventure,Singleplayer|Co-op|Open World,Windows|Mac,0.91,18746
100112,Game_112,21.89,Sports,Competitive|Story Rich|Singleplayer,Windows|Linux,0.66,16581
100113,Game_113,43.15,Sports,Multiplayer|Singleplayer|Open World,Linux,0.79,31020
100114,Game_114,12.55,Adventure|Simulation|Indie,Open World|Multiplayer|Competitive,Linux,0.79,685
100115,Game_115,38.95,Adventure|RPG,Open World|Competitive,Mac|Linux,0.89,77145
100116,Game_116,27.62,Simulation,Singleplayer|Multiplayer,Mac,0.96,68599
100117,Game_117,34.5,RPG|Adventure|Action,Co-op|Competitive,Linux,0.65,95515
100118,Game_118,2.68,RPG|Strategy|Simulation,Multiplayer|Singleplayer,Mac,0.9,44399
100119,Game_119,3.56,Strategy,Competitive|Story Rich,Windows|Mac,0.7,63524
100120,Game_120,40.78,Simulation|RPG,Story Rich|Co-op|Multiplayer,Windows|Mac,0.85,18563
100121,Game_121,15.04,Strategy|RPG|Indie,Open World|Competitive|Co-op,Linux|Windows|Mac,0.88,19038
100122,Game_122,11.33,Simulation|Action|Indie,Singleplayer|Co-op,Windows,0.95,74849
100123,Game_123,11.9,Adventure,Open World|Singleplayer,Windows|Linux,0.69,2191
100124,Game_124,6.7,Action,Singleplayer|Multiplayer,Windows|Mac|Linux,0.77,15357
100125,Game_125,49.31,Strategy|RPG,Open World|Multiplayer,Windows|Mac,0.93,22719
100126,Game_126,39.16,Strategy|Indie,Competitive|Co-op|Singleplayer,Windows|Linux|Mac,0.77,605
100127,Game_127,11.04,Strategy|Action|Simulation,Multiplayer|Story Rich,Linux,0.65,29899
100128,Game_128,39.81,Sports,Story Rich|Open World|Multiplayer,Linux|Windows,0.85,25971
100129,Game_129,11.99,Sports|Strategy,Singleplayer|Co-op,Mac|Linux|Windows,0.88,66733
100130,Game_130,20.09,Adventure|Strategy|Simulation,Story Rich|Co-op|Multiplayer|Open World,Linux|Mac|Windows,0.74,69711
100131,Game_131,31.18,Indie|Simulation|Action,Multiplayer|Competitive|Open World|Story Rich,Windows|Linux,0.98,53576
100132,Game_132,2.38,Adventure|Action|Indie,Co-op|Multiplayer|Competitive,Mac|Linux|Windows,0.77,21647
100133,Game_133,48.17,Sports,Co-op|Story Rich,Linux|Windows|Mac,0.86,81853
100134,Game_134,22.77,Indie,Singleplayer|Story Rich|Multiplayer,Windows,0.83,91986
100135,Game_135,59.48,Strategy,Singleplayer|Story Rich|Multiplayer|Co-op,Windows|Linux,0.78,29342
100136,Game_136,33.9,Adventure,Competitive|Story Rich,Windows|Linux|Mac,0.96,61560
100137,Game_137,53.71,Action|Simulation|RPG,Co-op|Story Rich|Multiplayer,Linux,0.76,25589
100138,Game_138,6.83,Simulation,Open World|Story Rich|Multiplayer|Competitive,Mac|Windows|Linux,0.82,25302
100139,Game_139,8.58,Simulation,Singleplayer|Open World|Competitive|Story Rich,Windows|Mac|Linux,0.73,38546
100140,Game_140,48.3,Strategy|Sports|RPG,Open World|Story Rich,Linux,0.64,54251
100141,Game_141,57.91,Adventure|Sports,Open World|Story Rich,Mac,0.62,43027
100142,Game_142,57.47,Adventure|Sports|RPG,Story Rich|Singleplayer,Linux|Windows|Mac,0.95,75497
100143,Game_143,51.64,RPG,Story Rich|Competitive|Multiplayer,Mac|Linux|Windows,0.95,88368
100144,Game_144,29.73,Sports|Indie,Open World|Story Rich|Multiplayer|Competitive,Windows,0.97,22408
100145,Game_145,20.31,Indie|Strategy|Adventure,Singleplayer|Multiplayer|Story Rich|Open World,Mac|Windows,0.96,75526
100146,Game_146,39.86,Simulation,Co-op|Singleplayer,Linux|Windows|Mac,0.85,92950
100147,Game_147,48.62,Sports|RPG,Competitive|Singleplayer|Co-op,Linux|Mac,0.93,81014
100148,Game_148,27.93,Action|RPG,Co-op|Singleplayer,Windows|Linux,0.88,50935
100149,Game_149,16.52,Sports|Simulation,Singleplayer|Open World|Multiplayer|Co-op,Mac|Windows|Linux,0.93,74083
100150,Game_150,1.02,Sports|Adventure,Story Rich|Open World,Windows,0.66,89887
100151,Game_151,40.72,Strategy|Sports|RPG,Singleplayer|Co-op|Open World|Multiplayer,Mac,0.94,95701
100152,Game_152,19.48,Indie|RPG,Multiplayer|Competitive|Story Rich|Co-op,Windows,0.6,60651
100153,Game_153,16.39,Strategy|Sports,Open World|Competitive,Mac|Linux,0.76,33124
100154,Game_154,19.91,Simulation|Sports|Indie,Co-op|Singleplayer|Open World,Mac|Linux,0.64,95992
100155,Game_155,31.32,Adventure,Multiplayer|Co-op,Windows,0.63,36932
100156,Game_156,25.11,Indie,Story Rich|Multiplayer|Co-op,Mac|Windows,0.67,97399
100157,Game_157,43.94,Strategy|Adventure,Co-op|Singleplayer|Open World|Story Rich,Windows|Linux|Mac,0.76,55907
100158,Game_158,48.91,Strategy|Simulation,Story Rich|Open World|Co-op,Mac|Windows,0.78,18406
100159,Game_159,34.27,Strategy|Action,Singleplayer|Competitive|Multiplayer,Linux|Windows|Mac,0.61,73125
100160,Game_160,15.72,Adventure|Action|Strategy,Story Rich|Multiplayer|Singleplayer,Mac|Linux,0.91,47608
100161,Game_161,49.12,Adventure,Competitive|Story Rich|Co-op|Singleplayer,Linux|Mac|Windows,0.81,55023
100162,Game_162,3.27,Adventure|Indie|RPG,Multiplayer|Competitive|Story Rich,Windows|Linux,0.85,2065
100163,Game_163,40.48,Indie|Sports|RPG,Competitive|Multiplayer,Mac|Linux,0.93,72187
100164,Game_164,51.56,RPG|Simulation,Competitive|Open World|Singleplayer|Multiplayer,Linux,0.68,27607
100165,Game_165,43.42,Strategy|Adventure,Singleplayer|Co-op|Competitive,Mac|Windows|Linux,0.74,63655
100166,Game_166,5.09,Strategy,Singleplayer|Story Rich,Linux,0.68,92022
100167,Game_167,11.49,Indie|Simulation|Sports,Multiplayer|Singleplayer|Open World,Windows,0.75,55424
100168,Game_168,29.52,Simulation|Adventure|Strategy,Open World|Story Rich|Singleplayer,Mac|Windows,0.78,89909
100169,Game_169,56.0,Action|RPG,Open World|Story Rich|Co-op,Mac|Windows|Linux,0.83,39670
100170,Game_170,10.99,Sports|Simulation|Action,Story Rich|Open World,Mac|Linux,0.88,9742
100171,Game_171,50.61,Action,Open World|Singleplayer|Multiplayer,Linux|Windows|Mac,0.92,29903
100172,Game_172,56.56,Action|Adventure,Singleplayer|Multiplayer|Story Rich|Open World,Linux,0.86,42860
100173,Game_173,18.21,Adventure|Strategy,Singleplayer|Story Rich,Linux|Windows|Mac,0.91,24868
100174,Game_174,39.15,Adventure,Multiplayer|Open World,Linux|Mac,0.71,85675
100175,Game_175,18.97,Adventure|Sports,Co-op|Story Rich|Singleplayer,Windows|Linux,0.71,60161
100176,Game_176,44.08,Simulation|Adventure|Indie,Singleplayer|Co-op|Open World|Story Rich,Windows|Linux,0.77,31037
100177,Game_177,2.31,Indie,Co-op|Story Rich,Linux|Mac|Windows,0.69,42204
100178,Game_178,25.94,Simulation,Co-op|Open World,Mac|Linux,0.96,56231
100179,Game_179,9.75,Simulation,Open World|Multiplayer|Co-op,Linux,0.65,76258
100180,Game_180,48.44,Action|Indie|Adventure,Singleplayer|Multiplayer|Open World|Co-op,Linux|Mac,0.75,69607
100181,Game_181,52.61,Indie|Action,Co-op|Multiplayer|Story Rich|Open World,Windows|Linux,0.83,46644
100182,Game_182,39.84,RPG,Competitive|Open World|Co-op,Mac|Windows|Linux,0.86,32662
100183,Game_183,59.05,Action,Competitive|Open World|Singleplayer,Mac,0.94,9812
100184,Game_184,26.55,Simulation|Sports,Co-op|Multiplayer|Story Rich,Windows,0.68,34106
100185,Game_185,40.37,Simulation|Indie,Singleplayer|Open World,Windows|Mac,0.7,81824
100186,Game_186,42.21,Sports|Strategy|RPG,Co-op|Competitive|Open World|Multiplayer,Windows,0.66,36850
100187,Game_187,45.2,Adventure|RPG|Indie,Singleplayer|Competitive,Linux|Windows,0.69,36362
100188,Game_188,15.31,Simulation,Open World|Story Rich|Multiplayer|Competitive,Windows|Mac|Linux,0.89,6584
100189,Game_189,9.66,Indie|RPG,Story Rich|Co-op,Windows|Linux|Mac,0.77,99947
100190,Game_190,16.62,Simulation|Action,Competitive|Story Rich,Linux|Mac,0.83,95636
100191,Game_191,4.09,Adventure|RPG,Multiplayer|Story Rich,Mac|Windows|Linux,0.78,50163
100192,Game_192,50.44,Adventure|Action,Singleplayer|Competitive,Linux|Mac,0.66,52291
100193,Game_193,48.5,Action,Singleplayer|Co-op|Multiplayer|Story Rich,Mac|Linux,0.93,83504
100194,Game_194,54.14,Sports,Co-op|Multiplayer|Singleplayer|Competitive,Linux|Windows,0.65,50011
100195,Game_195,22.86,Sports,Co-op|Singleplayer|Competitive|Open World,Linux|Mac,0.71,31380
100196,Game_196,59.16,Indie,Open World|Multiplayer,Windows|Linux|Mac,0.77,41289
100197,Game_197,59.72,Adventure,Competitive|Multiplayer|Story Rich,Windows|Linux|Mac,0.74,18065
100198,Game_198,57.06,Simulation|RPG|Sports,Story Rich|Competitive,Linux|Mac,0.77,3135
100199,Game_199,46.06,Strategy,Story Rich|Competitive|Singleplayer|Multiplayer,Linux|Mac|Windows,0.81,8919
100200,Game_200,4.63,Action|Indie|Sports,Co-op|Open World,Linux,0.94,97168
100201,Game_201,7.06,RPG|Action,Multiplayer|Open World|Singleplayer,Mac,0.97,29840
100202,Game_202,54.02,Adventure,Open World|Co-op|Story Rich|Multiplayer,Linux,0.74,15503
100203,Game_203,56.29,Sports,Singleplayer|Co-op|Open World,Mac,0.69,6740
100204,Game_204,35.32,Action,Multiplayer|Competitive|Co-op,Mac|Windows|Linux,0.89,76480
100205,Game_205,0.64,Simulation|Strategy|RPG,Competitive|Open World,Linux|Mac,0.89,43405
100206,Game_206,55.24,Indie|Adventure,Story Rich|Open World|Competitive|Singleplayer,Linux|Windows|Mac,0.94,9924
100207,Game_207,32.32,RPG|Indie|Adventure,Open World|Singleplayer|Competitive,Mac|Windows,0.73,4436
100208,Game_208,5.0,Adventure|Sports|Simulation,Multiplayer|Story Rich|Co-op,Mac|Windows|Linux,0.88,1071
100209,Game_209,33.94,Indie|RPG|Adventure,Open World|Co-op|Story Rich|Multiplayer,Windows,0.77,20503
100210,Game_210,41.93,Simulation|Adventure|Sports,Story Rich|Competitive,Windows,0.83,43663
100211,Game_211,22.6,Simulation|RPG,Story Rich|Open World,Windows|Mac,0.71,49516
100212,Game_212,26.3,Action|Simulation|Adventure,Singleplayer|Story Rich|Co-op|Multiplayer,Windows,0.79,45570
100213,Game_213,42.37,RPG,Multiplayer|Competitive|Open World,Linux,0.82,64666
100214,Game_214,24.43,Action,Co-op|Open World,Linux|Windows|Mac,0.95,40324
100215,Game_215,42.34,Strategy|Sports|Indie,Co-op|Open World|Competitive|Story Rich,Linux,0.96,39212
100216,Game_216,27.8,Sports|Strategy,Story Rich|Multiplayer,Linux|Windows|Mac,0.69,52278
100217,Game_217,10.71,RPG|Adventure|Indie,Open World|Story Rich,Linux|Mac|Windows,0.88,83483
100218,Game_218,10.61,Adventure|Strategy,Open World|Competitive,Windows|Linux,0.64,12733
100219,Game_219,28.03,Adventure|RPG|Simulation,Co-op|Open World,Mac,0.63,32261
100220,Game_220,3.13,Adventure|Sports|Strategy,Singleplayer|Open World,Windows,0.83,99312
100221,Game_221,55.27,Action,Story Rich|Open World|Multiplayer|Competitive,Mac,0.87,83772
100222,Game_222,53.86,RPG|Strategy|Action,Open World|Co-op|Multiplayer|Story Rich,Mac|Windows|Linux,0.62,3751
100223,Game_223,14.67,Indie,Competitive|Singleplayer|Story Rich|Co-op,Windows,0.74,96552
100224,Game_224,9.67,Sports|Adventure|Simulation,Open World|Competitive,Mac|Windows|Linux,0.88,704
100225,Game_225,37.54,Action,Open World|Co-op|Multiplayer|Singleplayer,Windows|Linux|Mac,0.71,95548
100226,Game_226,18.35,Action|Adventure,Multiplayer|Story Rich,Linux,0.93,24698
100227,Game_227,4.61,Adventure|Indie|RPG,Competitive|Multiplayer,Mac|Windows|Linux,0.86,80020
100228,Game_228,49.22,RPG|Strategy|Adventure,Co-op|Competitive,Mac|Linux,0.94,59590
100229,Game_229,55.92,Strategy,Story Rich|Open World|Singleplayer,Linux,0.85,62979
100230,Game_230,0.49,Simulation|Sports|RPG,Competitive|Co-op,Windows|Linux|Mac,0.84,51805
100231,Game_231,9.63,Adventure|Sports|Indie,Multiplayer|Story Rich,Mac,0.68,39703
100232,Game_232,12.99,RPG|Sports|Adventure,Singleplayer|Open World,Linux|Windows|Mac,0.69,45819
100233,Game_233,34.71,Adventure|Simulation,Open World|Singleplayer|Competitive|Co-op,Mac,0.96,27456
100234,Game_234,50.36,Action,Competitive|Open World,Linux|Windows|Mac,0.61,19118
100235,Game_235,21.72,Sports|Strategy|Simulation,Open World|Competitive,Mac,0.82,35456
100236,Game_236,39.46,Adventure|Indie|Simulation,Competitive|Story Rich,Windows|Linux|Mac,0.64,73839
100237,Game_237,18.02,Sports|Strategy|RPG,Story Rich|Co-op,Windows|Linux|Mac,0.96,16542
100238,Game_238,17.85,Simulation|Action|Strategy,Singleplayer|Competitive|Story Rich|Multiplayer,Windows|Mac,0.89,4205
100239,Game_239,1.75,Action|Strategy|Adventure,Competitive|Multiplayer|Co-op,Linux,0.77,73402
100240,Game_240,27.42,Simulation,Story Rich|Open World,Windows,0.9,79902
100241,Game_241,7.11,RPG,Co-op|Singleplayer|Open World,Windows,0.72,63389
100242,Game_242,43.5,Indie,Open World|Singleplayer|Co-op,Mac,0.96,44937
100243,Game_243,15.28,Adventure,Co-op|Story Rich,Windows|Linux|Mac,0.89,46282
100244,Game_244,0.88,RPG|Simulation|Action,Competitive|Multiplayer|Singleplayer|Open World,Mac|Linux,0.66,89233
100245,Game_245,33.06,Strategy,Story Rich|Open World|Multiplayer,Windows|Mac|Linux,0.72,5552
100246,Game_246,50.36,Action|RPG|Sports,Multiplayer|Open World|Story Rich,Windows,0.91,98377
100247,Game_247,20.49,Adventure|Strategy,Multiplayer|Singleplayer|Open World|Competitive,Mac|Windows,0.6,27695
100248,Game_248,37.73,Indie|Strategy,Singleplayer|Multiplayer|Competitive,Mac|Linux,0.7,68565
100249,Game_249,52.43,Adventure,Singleplayer|Story Rich|Open World,Linux|Mac|Windows,0.64,84765
100250,Game_250,49.8,Simulation|Strategy|RPG,Singleplayer|Open World|Story Rich|Co-op,Windows|Mac,0.87,82491
100251,Game_251,35.55,Sports|RPG,Singleplayer|Story Rich|Open World|Competitive,Windows|Mac|Linux,0.76,30727
100252,Game_252,50.03,Adventure|Sports,Open World|Competitive|Co-op,Linux|Windows,0.67,22237
100253,Game_253,14.88,Indie|Action|Simulation,Singleplayer|Multiplayer|Competitive,Linux,0.71,36446
100254,Game_254,54.97,Adventure,Open World|Story Rich,Windows|Mac,0.62,87504
100255,Game_255,54.48,Strategy|Indie|Action,Multiplayer|Singleplayer|Story Rich,Windows|Linux|Mac,0.89,13018
100256,Game_256,3.19,Indie|Simulation,Co-op|Singleplayer|Competitive,Linux,0.66,51174
100257,Game_257,32.05,Adventure|Sports,Co-op|Competitive|Open World|Singleplayer,Windows|Mac,0.7,3512
100258,Game_258,53.03,Action,Competitive|Singleplayer|Story Rich,Mac|Linux|Windows,0.66,72848
100259,Game_259,27.6,Sports|RPG|Action,Open World|Co-op,Linux|Mac,0.74,56950
100260,Game_260,12.45,Indie,Story Rich|Multiplayer|Singleplayer,Windows|Linux,0.91,25963
100261,Game_261,24.98,Indie,Multiplayer|Competitive,Mac|Linux|Windows,0.66,15837
100262,Game_262,53.76,Adventure|Simulation,Competitive|Story Rich|Multiplayer,Linux|Windows,0.96,73674
100263,Game_263,14.07,Adventure|Sports,Multiplayer|Open World|Singleplayer|Competitive,Mac|Windows,0.92,21534
100264,Game_264,12.66,Sports|Adventure|Strategy,Open World|Co-op,Windows,0.85,71848
100265,Game_265,30.74,Adventure|Strategy|Action,Multiplayer|Open World|Competitive|Singleplayer,Windows|Linux,0.79,72162
100266,Game_266,37.99,RPG|Action|Simulation,Story Rich|Multiplayer,Windows|Mac,0.95,25978
100267,Game_267,43.18,Sports,Story Rich|Open World|Competitive,Windows|Mac,0.9,38539
100268,Game_268,10.24,RPG|Adventure|Simulation,Singleplayer|Multiplayer|Co-op,Linux|Windows,0.87,23107
100269,Game_269,52.41,Strategy|Simulation,Co-op|Multiplayer,Windows|Mac,0.65,28267
100270,Game_270,56.93,Simulation,Singleplayer|Multiplayer|Open World|Story Rich,Mac,0.85,16090
100271,Game_271,12.85,Indie,Co-op|Open World|Competitive|Singleplayer,Mac|Windows,0.65,52033
100272,Game_272,30.89,Indie|Strategy,Multiplayer|Singleplayer,Linux|Mac|Windows,0.96,33310
100273,Game_273,24.01,Indie,Story Rich|Singleplayer|Open World,Mac|Windows|Linux,0.89,98103
100274,Game_274,16.37,Sports,Story Rich|Competitive,Linux|Mac,0.69,60696
100275,Game_275,59.81,Action|Indie|Sports,Singleplayer|Story Rich,Windows,0.68,1231
100276,Game_276,46.52,Simulation,Story Rich|Singleplayer,Windows|Mac|Linux,0.85,95972
100277,Game_277,26.51,RPG|Simulation,Open World|Story Rich,Linux,0.92,59568
100278,Game_278,54.77,Indie|RPG|Sports,Open World|Co-op,Windows,0.91,80962
100279,Game_279,52.16,Indie|RPG|Strategy,Singleplayer|Co-op|Open World|Competitive,Mac,0.62,28497
100280,Game_280,57.37,Adventure,Co-op|Competitive|Open World,Windows,0.69,41432
100281,Game_281,21.04,Action|Indie,Story Rich|Competitive,Windows,0.88,48976
100282,Game_282,49.34,Adventure|Strategy|Sports,Competitive|Singleplayer|Story Rich|Multiplayer,Mac|Windows|Linux,0.66,94039
100283,Game_283,20.96,Indie,Open World|Co-op|Competitive|Multiplayer,Windows|Mac|Linux,0.66,5659
100284,Game_284,58.62,RPG,Competitive|Singleplayer|Multiplayer|Open World,Mac|Windows,0.66,6916
100285,Game_285,45.08,Indie|Sports|Simulation,Open World|Competitive,Windows|Mac,0.88,76507
100286,Game_286,27.09,Adventure|RPG|Action,Open World|Co-op|Singleplayer,Windows|Linux,0.89,82895
100287,Game_287,55.04,Indie|Adventure|RPG,Story Rich|Open World,Mac|Linux|Windows,0.68,51652
100288,Game_288,9.92,Adventure,Co-op|Competitive|Story Rich|Open World,Mac|Linux,0.61,10478
100289,Game_289,52.73,Sports|Strategy|RPG,Story Rich|Multiplayer|Open World,Windows,0.71,98099
100290,Game_290,51.52,Adventure|Strategy,Competitive|Singleplayer|Open World|Story Rich,Mac|Windows,0.75,24466
100291,Game_291,11.61,Action|Adventure|Indie,Co-op|Multiplayer|Singleplayer,Mac|Windows|Linux,0.71,90110
100292,Game_292,48.16,Indie|RPG|Simulation,Multiplayer|Open World|Competitive,Windows|Mac,0.62,37434
100293,Game_293,52.35,RPG|Adventure,Singleplayer|Story Rich|Multiplayer,Windows,0.93,73161
100294,Game_294,24.38,Simulation|Indie|Action,Multiplayer|Open World,Linux|Mac,0.71,69943
100295,Game_295,11.48,Simulation|Sports,Open World|Singleplayer,Linux|Mac,0.87,92257
100296,Game_296,0.48,RPG|Action|Indie,Open World|Multiplayer|Singleplayer,Windows|Linux|Mac,0.81,81710
100297,Game_297,41.37,RPG|Strategy|Action,Co-op|Competitive,Linux,0.88,43504
100298,Game_298,33.63,Adventure|Indie,Competitive|Multiplayer|Story Rich,Mac|Windows|Linux,0.91,21160
100299,Game_299,45.86,Strategy|Simulation|RPG,Open World|Singleplayer,Windows|Linux,0.76,99382
100300,Game_300,41.89,Strategy|Indie,Singleplayer|Co-op|Competitive,Linux|Mac|Windows,0.74,10865
100301,Game_301,9.15,Strategy|Indie|Action,Competitive|Singleplayer|Multiplayer|Co-op,Linux,0.72,12148
100302,Game_302,51.18,Indie|Action,Multiplayer|Singleplayer|Story Rich|Open World,Windows|Linux|Mac,0.82,27490
100303,Game_303,58.15,Adventure,Competitive|Open World|Multiplayer|Story Rich,Windows|Linux,0.63,31103
100304,Game_304,1.49,Indie,Open World|Competitive|Story Rich|Singleplayer,Windows|Linux,0.89,90456
100305,Game_305,11.53,Strategy,Co-op|Singleplayer|Competitive|Multiplayer,Linux|Mac,0.83,61734
100306,Game_306,40.48,Simulation,Singleplayer|Open World|Multiplayer,Windows,0.96,34598
100307,Game_307,54.38,Adventure|Indie|Sports,Singleplayer|Story Rich|Open World|Co-op,Linux,0.67,4474
100308,Game_308,30.99,Strategy,Singleplayer|Competitive|Story Rich|Co-op,Linux,0.68,40675
100309,Game_309,51.14,Indie,Multiplayer|Co-op,Mac|Windows,0.97,82768
100310,Game_310,47.4,Adventure,Co-op|Open World|Singleplayer,Windows|Linux,0.74,87948
100311,Game_311,6.43,Strategy|RPG|Indie,Co-op|Story Rich|Competitive,Linux|Mac|Windows,0.77,3540
100312,Game_312,26.43,RPG|Sports,Open World|Story Rich,Windows|Linux,0.88,38516
100313,Game_313,45.85,Indie|Sports,Open World|Story Rich|Singleplayer,Linux|Windows,0.65,53457
100314,Game_314,12.87,Strategy|RPG|Indie,Story Rich|Co-op|Multiplayer,Mac|Windows|Linux,0.77,16338
100315,Game_315,5.41,Simulation|RPG,Multiplayer|Singleplayer,Linux|Windows|Mac,0.89,7124
100316,Game_316,23.39,Strategy|Simulation,Open World|Story Rich,Linux,0.76,71227
100317,Game_317,9.92,Indie,Singleplayer|Co-op|Multiplayer,Windows|Mac,0.96,87254
100318,Game_318,3.15,Simulation|Strategy,Singleplayer|Competitive|Story Rich,Mac|Windows|Linux,0.68,89075
100319,Game_319,25.61,Strategy,Multiplayer|Open World|Co-op|Competitive,Linux|Windows,0.88,31368
100320,Game_320,30.17,Indie|RPG|Strategy,Competitive|Multiplayer,Linux,0.86,21459
100321,Game_321,10.73,Adventure,Competitive|Singleplayer|Story Rich,Windows|Linux|Mac,0.74,98129
100322,Game_322,3.89,Indie|Adventure,Co-op|Multiplayer|Competitive|Singleplayer,Linux|Windows,0.92,35933
100323,Game_323,53.88,Simulation,Multiplayer|Story Rich|Open World|Co-op,Mac,0.63,50897
100324,Game_324,18.64,Action|Strategy,Co-op|Story Rich,Windows|Linux,0.64,59922
100325,Game_325,52.71,Action|RPG|Simulation,Co-op|Open World,Mac,0.81,32349
100326,Game_326,34.93,Simulation|Adventure|Sports,Open World|Story Rich,Windows|Mac,0.86,33464
100327,Game_327,11.42,Simulation|Sports,Multiplayer|Co-op|Competitive,Windows|Mac|Linux,0.8,64779
100328,Game_328,58.72,Simulation,Story Rich|Singleplayer|Open World|Co-op,Mac|Linux,0.97,38957
100329,Game_329,31.42,Simulation,Story Rich|Open World|Competitive|Multiplayer,Mac,0.63,7066
100330,Game_330,27.91,Sports|Strategy|Adventure,Open World|Co-op|Competitive,Windows|Linux|Mac,0.68,15638
100331,Game_331,45.28,Sports|Strategy,Co-op|Competitive|Multiplayer,Linux,0.67,31827
100332,Game_332,32.53,Indie|Adventure,Multiplayer|Competitive|Open World,Mac,0.73,3502
100333,Game_333,41.52,Sports|Strategy,Multiplayer|Story Rich|Co-op|Singleplayer,Linux|Mac|Windows,0.81,15088
100334,Game_334,50.32,Strategy,Multiplayer|Open World,Mac,0.93,98753
100335,Game_335,19.9,Sports|Adventure|RPG,Co-op|Open World|Singleplayer,Linux|Windows|Mac,0.9,92565
100336,Game_336,40.08,Action|Sports|Indie,Singleplayer|Co-op|Multiplayer,Windows|Mac|Linux,0.78,91618
100337,Game_337,9.99,Simulation|Strategy,Multiplayer|Story Rich|Singleplayer,Mac,0.72,23289
100338,Game_338,59.1,Adventure|Action,Singleplayer|Co-op|Story Rich|Multiplayer,Mac|Linux,0.88,56031
100339,Game_339,40.59,RPG|Strategy,Co-op|Story Rich|Competitive|Open World,Mac,0.9,39636
100340,Game_340,24.96,RPG|Action|Adventure,Open World|Co-op,Linux|Mac,0.66,21227
100341,Game_341,7.93,Action,Singleplayer|Competitive|Open World|Story Rich,Mac|Windows|Linux,0.91,74248
100342,Game_342,34.89,RPG|Simulation|Indie,Singleplayer|Multiplayer|Competitive|Co-op,Mac|Windows|Linux,0.77,42542
100343,Game_343,28.87,Indie,Open World|Co-op|Competitive|Multiplayer,Linux|Windows,0.82,85710
100344,Game_344,49.42,Simulation|Adventure|Action,Multiplayer|Story Rich|Co-op,Linux|Windows,0.97,96745
100345,Game_345,39.87,Adventure|Simulation|Sports,Co-op|Multiplayer,Linux|Mac|Windows,0.97,58752
100346,Game_346,5.76,RPG,Multiplayer|Singleplayer,Windows,0.87,38440
100347,Game_347,28.95,Strategy|Sports,Multiplayer|Competitive,Linux|Windows,0.78,1961
100348,Game_348,18.21,Strategy|Indie,Open World|Singleplayer|Multiplayer|Story Rich,Mac|Linux,0.93,90839
100349,Game_349,23.41,Sports,Co-op|Multiplayer|Open World,Windows|Mac,0.87,51675
100350,Game_350,47.02,Indie,Story Rich|Co-op|Singleplayer,Linux,0.85,37383
100351,Game_351,27.81,Sports|Indie,Singleplayer|Open World,Linux|Mac|Windows,0.72,43420
100352,Game_352,15.36,Adventure|Strategy,Co-op|Singleplayer|Competitive|Open World,Linux|Windows|Mac,0.92,25644
100353,Game_353,23.28,Action|Simulation,Competitive|Co-op,Windows|Mac|Linux,0.62,22564
100354,Game_354,52.71,RPG,Multiplayer|Singleplayer|Co-op|Story Rich,Linux|Windows,0.74,47734
100355,Game_355,40.91,Indie|Sports,Story Rich|Open World|Competitive|Co-op,Mac,0.73,20802
100356,Game_356,17.67,Action|Adventure|Sports,Co-op|Competitive|Story Rich|Singleplayer,Mac,0.66,95541
100357,Game_357,57.18,Simulation|Action,Story Rich|Open World|Multiplayer,Mac,0.69,58901
100358,Game_358,42.2,Action|Simulation|RPG,Multiplayer|Open World|Story Rich,Mac|Windows,0.78,89712
100359,Game_359,45.44,Strategy,Co-op|Competitive|Story Rich,Mac|Windows|Linux,0.95,5996
100360,Game_360,40.42,RPG|Adventure|Simulation,Singleplayer|Story Rich,Windows|Mac,0.73,27470
100361,Game_361,21.06,Adventure|Strategy,Open World|Multiplayer|Co-op,Mac,0.75,18148
100362,Game_362,49.76,Simulation,Open World|Story Rich,Linux|Mac,0.89,28857
100363,Game_363,6.59,Action|Indie,Story Rich|Co-op|Open World|Singleplayer,Mac|Windows,0.89,96962
100364,Game_364,47.04,Indie|Strategy,Open World|Multiplayer|Co-op,Mac|Linux,0.86,76904
100365,Game_365,51.08,Indie,Singleplayer|Co-op,Mac|Windows|Linux,0.97,5605
100366,Game_366,57.76,Sports|Adventure|Simulation,Open World|Singleplayer,Linux,0.62,76166
100367,Game_367,35.65,Simulation|Strategy|RPG,Singleplayer|Story Rich,Windows|Mac|Linux,0.74,64853
100368,Game_368,36.88,Simulation|RPG,Co-op|Story Rich|Multiplayer,Mac|Linux,0.97,93734
100369,Game_369,13.88,Simulation,Story Rich|Multiplayer|Co-op|Open World,Linux,0.7,14333
100370,Game_370,55.63,Adventure,Singleplayer|Open World|Competitive|Story Rich,Windows,0.98,49018
100371,Game_371,45.76,Indie|Simulation|Strategy,Multiplayer|Singleplayer,Linux,0.82,94538
100372,Game_372,2.34,Sports|Simulation|Adventure,Open World|Competitive|Story Rich|Co-op,Linux|Mac,0.68,77672
100373,Game_373,59.34,RPG,Co-op|Story Rich|Singleplayer|Open World,Windows|Mac,0.9,68106
100374,Game_374,58.92,Simulation|Strategy,Open World|Story Rich|Competitive,Mac|Linux|Windows,0.66,90100
100375,Game_375,7.9,Simulation|Strategy|Action,Story Rich|Singleplayer|Co-op|Multiplayer,Linux|Windows,0.62,51127
100376,Game_376,38.22,Adventure|Indie|Action,Singleplayer|Multiplayer|Open World,Windows|Mac,0.62,9523
100377,Game_377,57.01,Indie|Simulation|RPG,Story Rich|Multiplayer,Windows,0.7,37084
100378,Game_378,15.37,Action|RPG|Simulation,Story Rich|Competitive|Multiplayer,Mac|Windows,0.92,95065
100379,Game_379,8.01,Strategy|Indie|Adventure,Multiplayer|Co-op|Open World|Story Rich,Linux|Windows|Mac,0.81,36870
100380,Game_380,6.44,Sports,Open World|Multiplayer,Linux|Windows,0.81,3411
100381,Game_381,27.63,RPG|Action,Singleplayer|Story Rich|Competitive|Open World,Linux|Windows|Mac,0.83,35640
100382,Game_382,6.17,Simulation,Singleplayer|Multiplayer|Story Rich,Linux,0.7,10701
100383,Game_383,56.04,Strategy|Sports|Simulation,Multiplayer|Open World|Competitive,Linux|Windows|Mac,0.97,97573
100384,Game_384,48.9,Action,Multiplayer|Singleplayer|Competitive|Open World,Windows|Linux|Mac,0.77,40549
100385,Game_385,1.49,Sports|Adventure,Open World|Competitive,Windows|Mac|Linux,0.88,44895
100386,Game_386,50.8,Sports,Co-op|Multiplayer|Story Rich,Windows|Mac,0.63,34426
100387,Game_387,41.39,Adventure|Strategy|RPG,Open World|Competitive|Co-op|Singleplayer,Mac|Windows|Linux,0.92,97308
100388,Game_388,45.33,Sports|Simulation,Singleplayer|Story Rich|Multiplayer,Windows|Mac,0.79,67265
100389,Game_389,37.77,Sports,Multiplayer|Open World,Linux,0.71,92533
100390,Game_390,56.49,Simulation|RPG|Strategy,Singleplayer|Multiplayer,Windows|Mac|Linux,0.65,51190
100391,Game_391,54.53,Simulation|Action|Indie,Story Rich|Open World,Windows|Mac,0.78,44983
100392,Game_392,4.15,Sports,Open World|Multiplayer,Windows|Linux|Mac,0.77,49968
100393,Game_393,24.01,Simulation|Indie,Competitive|Co-op|Open World|Story Rich,Mac|Windows|Linux,0.81,76986
100394,Game_394,29.15,Indie|Strategy|Adventure,Co-op|Competitive|Singleplayer,Windows|Linux,0.96,53532
100395,Game_395,21.4,RPG,Multiplayer|Singleplayer|Co-op,Linux|Windows,0.83,59226
100396,Game_396,35.49,Action,Multiplayer|Open World|Competitive|Singleplayer,Linux,0.66,5594
100397,Game_397,22.45,RPG,Multiplayer|Co-op|Singleplayer,Windows,0.82,88819
100398,Game_398,54.58,Adventure,Story Rich|Co-op,Mac|Windows|Linux,0.77,98323
100399,Game_399,29.41,RPG|Simulation,Open World|Co-op|Story Rich|Singleplayer,Mac,0.78,14972
100400,Game_400,6.49,Sports|Strategy|Action,Competitive|Open World,Mac,0.87,52089
100401,Game_401,32.49,Sports|Action|Indie,Story Rich|Open World|Multiplayer|Singleplayer,Mac|Linux|Windows,0.64,85111
100402,Game_402,43.9,RPG|Adventure|Indie,Competitive|Open World|Story Rich,Linux,0.92,24015
100403,Game_403,1.48,RPG|Sports|Strategy,Competitive|Multiplayer|Co-op|Story Rich,Linux|Windows|Mac,0.65,55209
100404,Game_404,30.42,Simulation|Strategy|Sports,Competitive|Co-op|Open World,Linux,0.7,58480
100405,Game_405,55.34,Action|RPG,Multiplayer|Competitive,Linux|Mac,0.94,82693
100406,Game_406,5.64,Indie|Strategy,Multiplayer|Competitive|Singleplayer|Story Rich,Linux|Mac|Windows,0.68,4243
100407,Game_407,18.8,Simulation|RPG,Open World|Competitive|Singleplayer,Windows|Linux|Mac,0.85,29942
100408,Game_408,21.42,Strategy,Story Rich|Open World,Linux,0.83,66103
100409,Game_409,11.01,Indie|Adventure|Simulation,Singleplayer|Story Rich|Multiplayer|Competitive,Mac|Linux,0.97,12332
100410,Game_410,58.91,Strategy,Open World|Co-op|Competitive,Linux|Mac,0.88,26455
100411,Game_411,45.77,Sports|Simulation,Singleplayer|Co-op|Story Rich,Mac|Linux|Windows,0.74,8288
100412,Game_412,55.99,Strategy|Sports|RPG,Story Rich|Co-op|Competitive,Windows,0.98,29231
100413,Game_413,21.26,Sports|RPG|Indie,Co-op|Multiplayer|Story Rich,Linux,0.83,82495
100414,Game_414,50.19,Strategy,Singleplayer|Open World,Mac|Windows,0.78,35614
100415,Game_415,15.04,Indie,Singleplayer|Story Rich,Linux|Windows,0.94,99887
100416,Game_416,11.39,Sports|RPG,Competitive|Open World|Co-op,Windows|Mac,0.76,37558
100417,Game_417,31.96,Action|RPG,Open World|Co-op|Competitive,Mac|Linux|Windows,0.85,89411
100418,Game_418,50.45,Indie|Action|Strategy,Multiplayer|Competitive,Windows|Mac|Linux,0.81,42136
100419,Game_419,6.33,Adventure|Sports,Multiplayer|Story Rich|Competitive|Singleplayer,Mac|Windows|Linux,0.95,81475
100420,Game_420,55.94,Simulation|Adventure,Story Rich|Singleplayer|Co-op,Linux|Windows,0.76,67048
100421,Game_421,44.41,Strategy|Action|Indie,Co-op|Multiplayer,Windows|Mac,0.66,5857
100422,Game_422,7.08,Action|Adventure,Co-op|Open World|Story Rich,Linux,0.65,57466
100423,Game_423,49.28,Adventure,Multiplayer|Co-op,Windows,0.85,74231
100424,Game_424,59.32,Strategy|Simulation,Multiplayer|Story Rich|Co-op,Windows,0.97,53825
100425,Game_425,42.22,Indie|Sports|Simulation,Open World|Competitive|Story Rich,Linux,0.7,25608
100426,Game_426,10.69,Indie,Co-op|Competitive|Story Rich|Multiplayer,Linux|Mac|Windows,0.97,19546
100427,Game_427,46.25,Indie|Action,Co-op|Open World|Story Rich,Windows,0.89,69399
100428,Game_428,18.45,Adventure|Indie|Strategy,Competitive|Multiplayer|Co-op,Windows|Linux|Mac,0.85,96941
100429,Game_429,41.7,Sports|Adventure|Simulation,Competitive|Open World|Story Rich,Windows|Linux|Mac,0.89,34517
100430,Game_430,33.86,Action|Indie|Sports,Singleplayer|Competitive|Story Rich,Windows|Mac,0.69,23280
100431,Game_431,52.63,Adventure|Sports|Simulation,Story Rich|Competitive|Multiplayer,Mac|Linux,0.95,95878
100432,Game_432,37.21,Action|RPG|Simulation,Open World|Multiplayer|Singleplayer,Windows|Mac,0.74,28675
100433,Game_433,19.91,RPG|Action,Open World|Co-op,Mac|Windows,0.87,72539
100434,Game_434,3.21,Indie|Strategy,Multiplayer|Co-op|Competitive,Mac|Linux|Windows,0.85,39569
100435,Game_435,40.88,Simulation,Story Rich|Competitive|Co-op,Linux|Mac,0.67,72179
100436,Game_436,29.26,Indie|Strategy|Action,Story Rich|Open World,Linux|Windows|Mac,0.77,96122
100437,Game_437,7.34,RPG,Co-op|Open World|Multiplayer|Singleplayer,Mac,0.93,5873
100438,Game_438,35.34,Sports|Strategy,Singleplayer|Multiplayer|Open World,Windows,0.72,80723
100439,Game_439,27.41,Strategy|RPG|Sports,Multiplayer|Co-op|Competitive,Mac|Linux|Windows,0.77,70102
100440,Game_440,42.72,Strategy,Story Rich|Singleplayer|Multiplayer,Linux,0.93,9189
100441,Game_441,3.07,RPG|Action,Open World|Multiplayer|Co-op|Story Rich,Windows|Linux,0.87,92222
100442,Game_442,32.45,Action|Sports,Story Rich|Multiplayer,Mac|Windows,0.66,24502
100443,Game_443,37.19,Simulation,Multiplayer|Competitive|Singleplayer,Mac|Windows,0.86,7689
100444,Game_444,36.92,Action|RPG,Co-op|Story Rich,Windows|Mac,0.61,59068
100445,Game_445,9.1,Simulation|Adventure,Story Rich|Open World,Windows,0.8,52887
100446,Game_446,7.7,Action|Simulation|Adventure,Open World|Competitive,Linux|Windows|Mac,0.61,36620
100447,Game_447,45.33,Simulation,Competitive|Co-op|Singleplayer,Linux,0.79,84379
100448,Game_448,50.53,Simulation,Co-op|Open World|Story Rich,Mac,0.84,41668
100449,Game_449,19.35,Action|Indie,Co-op|Story Rich|Multiplayer|Competitive,Linux|Mac,0.77,39477
100450,Game_450,22.33,Indie|RPG,Multiplayer|Competitive|Co-op|Story Rich,Mac|Windows,0.81,12085
100451,Game_451,20.47,Simulation|Sports|Indie,Open World|Competitive,Windows,0.89,29445
100452,Game_452,37.38,Simulation,Story Rich|Singleplayer|Competitive|Multiplayer,Windows|Linux,0.66,90702
100453,Game_453,4.71,RPG|Strategy,Story Rich|Competitive|Co-op,Linux|Windows,0.73,8245
100454,Game_454,36.69,RPG,Co-op|Singleplayer|Multiplayer|Competitive,Mac,0.71,60186
100455,Game_455,9.81,Simulation|Adventure,Multiplayer|Singleplayer,Linux|Mac,0.82,26468
100456,Game_456,3.76,Adventure,Multiplayer|Competitive,Windows,0.96,87300
100457,Game_457,45.58,Action|Simulation,Open World|Co-op,Windows,0.88,87254
100458,Game_458,49.23,Indie|RPG|Strategy,Multiplayer|Singleplayer|Co-op,Mac,0.92,62505
100459,Game_459,17.14,Strategy|Sports,Multiplayer|Singleplayer|Open World|Competitive,Windows|Linux,0.71,16085
100460,Game_460,52.16,Strategy|Indie|RPG,Open World|Singleplayer,Windows,0.85,85469
100461,Game_461,22.12,Sports|RPG|Indie,Competitive|Open World|Co-op|Multiplayer,Linux,0.78,13154
100462,Game_462,2.06,Sports|Strategy,Story Rich|Co-op|Open World,Linux|Windows,0.75,37983
100463,Game_463,33.12,RPG|Action,Singleplayer|Competitive|Open World,Mac,0.74,40654
100464,Game_464,53.99,Strategy,Competitive|Story Rich,Linux|Windows,0.84,30408
100465,Game_465,13.51,Indie,Competitive|Co-op|Singleplayer|Multiplayer,Linux|Mac,0.83,16749
100466,Game_466,0.97,Sports|Indie,Co-op|Competitive|Singleplayer|Multiplayer,Mac|Windows|Linux,0.6,46491
100467,Game_467,53.26,Indie|Action|Simulation,Competitive|Singleplayer,Linux|Windows|Mac,0.72,92422
100468,Game_468,57.19,Simulation|Sports|RPG,Multiplayer|Singleplayer|Story Rich,Windows,0.91,84916
100469,Game_469,8.66,Indie|RPG|Strategy,Co-op|Competitive,Windows|Mac,0.72,11475
100470,Game_470,42.31,Indie|Action|Simulation,Multiplayer|Story Rich,Mac|Windows,0.68,28970
100471,Game_471,56.25,Adventure|Indie,Competitive|Open World|Singleplayer|Story Rich,Linux|Windows,0.93,11435
100472,Game_472,9.03,RPG|Strategy,Competitive|Singleplayer|Co-op,Windows|Mac|Linux,0.77,45008
100473,Game_473,38.25,Strategy|RPG,Multiplayer|Singleplayer|Co-op,Mac|Linux,0.7,50375
100474,Game_474,58.17,Adventure,Multiplayer|Singleplayer,Linux,0.64,97816
100475,Game_475,50.99,Adventure|Sports,Multiplayer|Competitive|Singleplayer|Co-op,Linux,0.79,19649
100476,Game_476,50.5,Indie|Simulation|RPG,Story Rich|Competitive|Co-op|Multiplayer,Linux|Windows,0.77,81807
100477,Game_477,54.79,Indie,Multiplayer|Story Rich,Windows,0.64,54981
100478,Game_478,5.58,Indie|Sports,Story Rich|Multiplayer|Co-op|Open World,Mac|Windows,0.63,76475
100479,Game_479,44.15,RPG|Adventure,Singleplayer|Open World|Story Rich|Co-op,Linux|Mac,0.8,66150
100480,Game_480,33.11,Action|Adventure,Co-op|Multiplayer|Open World|Story Rich,Mac|Windows,0.76,54362
100481,Game_481,3.33,Sports,Co-op|Singleplayer,Linux|Mac|Windows,0.91,71454
100482,Game_482,59.37,Sports,Competitive|Co-op,Mac|Windows,0.97,72246
100483,Game_483,27.25,Action|Simulation,Co-op|Open World,Windows|Mac,0.92,17670
100484,Game_484,12.97,Adventure|Sports|Indie,Co-op|Story Rich,Windows|Mac|Linux,0.79,59421
100485,Game_485,5.54,Indie,Multiplayer|Singleplayer,Windows|Linux|Mac,0.69,36515
100486,Game_486,14.47,Action|Sports|Strategy,Open World|Multiplayer|Singleplayer,Mac,0.79,28500
100487,Game_487,56.8,Strategy|Indie,Open World|Story Rich,Mac|Linux|Windows,0.95,57590
100488,Game_488,47.25,Sports,Co-op|Competitive|Multiplayer,Windows|Mac|Linux,0.76,55341
100489,Game_489,30.35,Sports,Competitive|Co-op|Story Rich|Open World,Mac,0.76,47640
100490,Game_490,56.88,Action|Indie|Sports,Multiplayer|Story Rich|Singleplayer,Windows|Linux|Mac,0.71,70921
100491,Game_491,26.91,Indie,Story Rich|Competitive|Singleplayer,Mac|Linux|Windows,0.77,23017
100492,Game_492,1.85,Indie|Strategy|Action,Singleplayer|Story Rich,Linux|Windows,0.97,410
100493,Game_493,22.39,RPG|Indie|Sports,Competitive|Singleplayer|Co-op,Linux|Windows|Mac,0.62,90419
100494,Game_494,6.78,Sports|Simulation,Co-op|Story Rich|Multiplayer|Singleplayer,Mac|Linux|Windows,0.89,28043
100495,Game_495,23.23,Simulation|Sports|Indie,Multiplayer|Singleplayer|Competitive,Windows,0.86,92591
100496,Game_496,3.26,Simulation,Co-op|Open World|Multiplayer|Singleplayer,Mac|Windows,0.97,16957
100497,Game_497,48.99,Sports|RPG,Singleplayer|Multiplayer,Linux|Windows,0.71,85492
100498,Game_498,43.66,Strategy,Open World|Multiplayer|Story Rich|Singleplayer,Mac,0.94,97574
100499,Game_499,56.56,Indie|Sports,Open World|Story Rich,Mac|Windows,0.94,51802
100500,Game_500,26.5,Strategy|Indie,Competitive|Co-op|Singleplayer|Story Rich,Mac|Windows|Linux,0.67,69317
100501,Game_501,34.01,RPG|Adventure,Multiplayer|Singleplayer|Competitive|Story Rich,Linux|Mac|Windows,0.65,9151
100502,Game_502,24.83,Action|Adventure|Indie,Co-op|Competitive|Open World,Windows,0.92,66526
100503,Game_503,45.24,RPG|Indie|Action,Open World|Co-op|Competitive|Singleplayer,Mac|Windows,0.8,76952
100504,Game_504,30.78,RPG|Action,Co-op|Competitive|Singleplayer,Linux,0.7,9877
100505,Game_505,33.68,Strategy,Co-op|Competitive,Mac,0.61,55415
100506,Game_506,28.93,Simulation|Adventure|Action,Co-op|Multiplayer|Competitive,Windows|Linux|Mac,0.85,58996
100507,Game_507,12.52,Adventure|Strategy,Open World|Co-op|Competitive,Mac|Linux|Windows,0.96,66471
100508,Game_508,58.7,Simulation|Action|Adventure,Co-op|Competitive|Open World|Multiplayer,Windows|Linux|Mac,0.93,6429
100509,Game_509,12.64,Sports|Action|Strategy,Singleplayer|Competitive,Linux|Windows|Mac,0.94,82491
100510,Game_510,37.91,Strategy|Indie,Singleplayer|Co-op|Multiplayer,Mac|Linux,0.95,77199
100511,Game_511,5.56,Sports|Action|Simulation,Story Rich|Multiplayer,Windows|Linux,0.81,12137
100512,Game_512,27.36,RPG|Action|Simulation,Co-op|Singleplayer|Story Rich|Open World,Windows|Mac,0.77,44240
100513,Game_513,10.26,Sports|RPG,Multiplayer|Story Rich|Singleplayer,Windows|Linux|Mac,0.8,10288
100514,Game_514,19.71,Simulation,Open World|Multiplayer|Singleplayer|Co-op,Linux|Mac|Windows,0.8,24292
100515,Game_515,0.12,Adventure|RPG,Singleplayer|Competitive,Linux|Mac|Windows,0.76,48466
100516,Game_516,42.59,Indie|Action|RPG,Multiplayer|Open World|Co-op,Windows|Linux|Mac,0.77,87409
100517,Game_517,59.61,Strategy|RPG|Indie,Story Rich|Singleplayer|Co-op|Multiplayer,Linux,0.94,59681
100518,Game_518,7.57,RPG,Multiplayer|Singleplayer,Windows|Linux|Mac,0.77,95470
100519,Game_519,9.43,Action|Adventure,Multiplayer|Open World|Story Rich|Co-op,Mac|Linux,0.96,2168
100520,Game_520,7.42,RPG|Adventure|Indie,Multiplayer|Co-op|Open World|Competitive,Windows,0.86,56614
100521,Game_521,57.15,Strategy|Adventure|Action,Open World|Co-op|Competitive|Story Rich,Mac|Linux,0.71,39314
100522,Game_522,25.77,Indie,Co-op|Multiplayer|Singleplayer|Open World,Linux|Windows,0.81,11117
100523,Game_523,39.41,Action|Simulation|Sports,Co-op|Story Rich|Competitive|Open World,Linux|Windows,0.67,40479
100524,Game_524,28.68,Action|RPG|Simulation,Co-op|Multiplayer|Story Rich|Competitive,Linux|Windows,0.9,43463
100525,Game_525,17.88,Sports,Competitive|Open World,Mac,0.66,96947
100526,Game_526,30.02,Sports|Action,Competitive|Open World,Linux,0.68,39883
100527,Game_527,1.29,Indie|Action|Simulation,Multiplayer|Co-op,Linux|Mac|Windows,0.61,27342
100528,Game_528,24.76,Adventure|Simulation,Story Rich|Multiplayer,Linux|Windows|Mac,0.73,56595
100529,Game_529,47.59,Adventure|Indie,Singleplayer|Co-op,Mac,0.88,89039
100530,Game_530,48.03,Sports|Indie,Story Rich|Singleplayer|Co-op|Open World,Windows|Mac,0.74,26392
100531,Game_531,24.67,Action,Open World|Competitive|Co-op,Mac|Linux|Windows,0.89,63946
100532,Game_532,23.51,RPG|Sports|Simulation,Multiplayer|Open World,Linux|Mac|Windows,0.72,59941
100533,Game_533,52.75,Indie|RPG|Sports,Story Rich|Singleplayer,Windows|Linux,0.78,70549
100534,Game_534,9.51,Strategy,Competitive|Co-op|Open World,Linux,0.97,86591
100535,Game_535,38.02,Action,Story Rich|Multiplayer|Competitive,Linux,0.85,67497
100536,Game_536,19.47,Indie,Multiplayer|Open World,Linux|Mac,0.74,9366
100537,Game_537,46.6,Action,Open World|Multiplayer,Windows,0.64,66672
100538,Game_538,57.14,RPG,Co-op|Multiplayer|Competitive|Singleplayer,Mac|Linux|Windows,0.89,78470
100539,Game_539,41.68,Action,Co-op|Singleplayer|Competitive|Open World,Windows|Mac|Linux,0.63,75462
100540,Game_540,5.1,Adventure,Co-op|Open World,Windows,0.75,19532
100541,Game_541,38.38,Adventure|Action,Story Rich|Open World,Windows|Mac|Linux,0.76,63585
100542,Game_542,34.27,Adventure,Multiplayer|Co-op|Story Rich,Mac,0.67,35092
100543,Game_543,17.6,Simulation|Adventure|Sports,Story Rich|Open World|Singleplayer|Co-op,Mac|Linux,0.91,23545
100544,Game_544,29.56,Simulation,Competitive|Open World|Story Rich|Singleplayer,Mac,0.9,15157
100545,Game_545,5.8,Simulation|Sports,Multiplayer|Story Rich|Co-op,Windows,0.63,45911
100546,Game_546,52.48,Simulation|Sports,Co-op|Multiplayer|Singleplayer,Windows|Mac|Linux,0.79,89287
100547,Game_547,57.85,RPG|Action,Competitive|Open World,Mac|Windows|Linux,0.64,54887
100548,Game_548,31.71,RPG,Multiplayer|Story Rich|Competitive,Linux|Mac|Windows,0.78,14497
100549,Game_549,48.9,Adventure|Sports|Indie,Multiplayer|Story Rich,Windows,0.87,2167
100550,Game_550,49.16,Adventure|Simulation,Open World|Story Rich|Co-op|Multiplayer,Mac,0.71,70433
100551,Game_551,25.07,Strategy|Action|Sports,Multiplayer|Co-op|Story Rich|Singleplayer,Linux,0.85,99357
100552,Game_552,25.42,Simulation,Competitive|Multiplayer|Co-op,Mac|Linux,0.72,17510
100553,Game_553,39.24,Adventure|Simulation|Action,Multiplayer|Competitive,Mac,0.63,19411
100554,Game_554,25.45,Indie,Competitive|Multiplayer|Open World,Windows|Linux|Mac,0.64,4269
100555,Game_555,38.07,RPG,Multiplayer|Co-op|Competitive|Singleplayer,Mac|Linux,0.9,43636
100556,Game_556,13.29,Strategy|Action|Sports,Story Rich|Multiplayer,Windows|Linux|Mac,0.72,19212
100557,Game_557,6.81,Action|RPG,Competitive|Open World|Singleplayer,Windows|Mac,0.87,1848
100558,Game_558,8.29,Strategy,Singleplayer|Co-op|Open World,Linux|Mac|Windows,0.61,67481
100559,Game_559,14.36,Simulation|Adventure|Strategy,Open World|Co-op|Competitive,Linux,0.94,30770
100560,Game_560,44.37,Strategy,Story Rich|Co-op,Linux,0.95,91346
100561,Game_561,49.62,Simulation|Sports|RPG,Multiplayer|Competitive|Story Rich,Mac,0.84,90873
100562,Game_562,58.13,Adventure,Singleplayer|Open World,Windows|Mac|Linux,0.95,91540
100563,Game_563,15.61,Action|Strategy|Indie,Co-op|Competitive|Multiplayer|Story Rich,Linux|Mac,0.78,53292
100564,Game_564,13.24,Simulation|Action|RPG,Multiplayer|Competitive,Mac,0.76,2098
100565,Game_565,34.66,Simulation|Strategy|Indie,Competitive|Co-op|Singleplayer,Mac|Linux,0.65,90776
100566,Game_566,20.45,Strategy,Story Rich|Co-op,Windows|Linux,0.93,66493
100567,Game_567,34.58,RPG,Co-op|Open World|Story Rich,Linux|Windows|Mac,0.79,64742
100568,Game_568,40.44,Action|Sports|Strategy,Open World|Multiplayer|Co-op|Singleplayer,Windows|Linux|Mac,0.95,43823
100569,Game_569,35.15,Adventure,Competitive|Open World,Windows|Linux,0.96,17355
100570,Game_570,26.2,Strategy,Competitive|Story Rich|Singleplayer|Co-op,Linux|Mac|Windows,0.73,78934
100571,Game_571,17.63,Action,Multiplayer|Competitive|Co-op,Windows,0.68,47754
100572,Game_572,7.33,Action|Sports,Co-op|Multiplayer|Competitive,Mac|Windows|Linux,0.94,24175
100573,Game_573,29.24,Adventure|Indie|RPG,Multiplayer|Co-op|Open World,Mac|Linux,0.63,62383
100574,Game_574,34.62,Strategy|RPG|Sports,Story Rich|Singleplayer|Multiplayer,Linux,0.8,27914
100575,Game_575,2.46,Indie|Sports|Strategy,Open World|Singleplayer|Multiplayer|Story Rich,Mac,0.67,81218
100576,Game_576,48.28,Adventure|RPG,Open World|Competitive|Singleplayer|Multiplayer,Linux|Windows|Mac,0.65,90705
100577,Game_577,6.88,Indie|Action,Story Rich|Singleplayer,Linux|Mac,0.78,64159
100578,Game_578,37.77,Action|Strategy|Simulation,Singleplayer|Co-op,Linux,0.63,45951
100579,Game_579,57.31,Action,Multiplayer|Co-op|Story Rich,Mac|Linux,0.8,3074
100580,Game_580,32.39,Sports|Simulation|RPG,Story Rich|Multiplayer|Competitive|Open World,Mac|Linux,0.63,36772
100581,Game_581,50.3,RPG|Action|Strategy,Competitive|Open World,Windows|Linux|Mac,0.81,73333
100582,Game_582,34.24,Action|Simulation|Indie,Singleplayer|Multiplayer|Co-op|Story Rich,Linux|Mac,0.87,14447
100583,Game_583,31.33,Sports|Action|Simulation,Multiplayer|Competitive,Mac|Linux|Windows,0.63,63480
100584,Game_584,45.67,Indie|Sports,Co-op|Singleplayer,Mac,0.75,21344
100585,Game_585,9.82,Strategy,Open World|Co-op|Singleplayer,Windows|Linux|Mac,0.62,65861
100586,Game_586,34.0,Adventure|Strategy|RPG,Multiplayer|Story Rich|Competitive,Linux,0.86,53569
100587,Game_587,41.33,Adventure|Action|Sports,Competitive|Open World,Linux|Mac,0.77,84292
100588,Game_588,57.4,Action,Competitive|Multiplayer|Singleplayer|Story Rich,Linux,0.71,80793
100589,Game_589,37.69,Sports,Story Rich|Singleplayer|Open World,Mac|Linux|Windows,0.95,50335
100590,Game_590,35.76,RPG|Strategy,Multiplayer|Singleplayer|Co-op,Mac,0.96,9017
100591,Game_591,40.37,Adventure,Story Rich|Multiplayer,Windows,0.89,95700
100592,Game_592,43.06,Action|Indie|Strategy,Story Rich|Open World|Singleplayer|Competitive,Linux|Windows|Mac,0.74,19825
100593,Game_593,45.81,Sports|Indie,Co-op|Story Rich|Singleplayer|Competitive,Linux,0.66,6596
100594,Game_594,55.7,Adventure|Action,Singleplayer|Co-op,Mac|Windows|Linux,0.8,71335
100595,Game_595,50.08,Action|RPG|Simulation,Multiplayer|Singleplayer|Co-op,Mac|Windows,0.75,19709
100596,Game_596,20.02,Adventure|Action,Open World|Singleplayer,Linux,0.92,47467
100597,Game_597,54.93,Simulation,Open World|Multiplayer,Windows|Mac,0.91,22154
100598,Game_598,59.74,Strategy|Adventure|Simulation,Story Rich|Competitive,Linux|Mac|Windows,0.8,15048
100599,Game_599,49.28,Simulation|Strategy|Adventure,Co-op|Competitive,Linux|Windows,0.94,60922
100600,Game_600,20.21,Strategy,Singleplayer|Competitive|Co-op|Open World,Linux|Windows,0.75,67484
100601,Game_601,15.9,Sports,Open World|Story Rich|Co-op,Mac,0.62,20931
100602,Game_602,11.3,Strategy|Adventure,Co-op|Multiplayer,Linux|Windows|Mac,0.74,13871
100603,Game_603,8.27,Action,Open World|Competitive|Story Rich,Windows,0.92,20051
100604,Game_604,35.99,Action|Indie|Adventure,Singleplayer|Story Rich,Windows,0.78,58785
100605,Game_605,50.67,Indie|Sports,Singleplayer|Story Rich|Competitive|Multiplayer,Mac|Linux,0.69,23036
100606,Game_606,48.51,Simulation,Singleplayer|Multiplayer,Mac,0.6,28401
100607,Game_607,29.55,Sports|Simulation,Co-op|Multiplayer|Singleplayer,Mac|Windows|Linux,0.74,84698
100608,Game_608,14.75,Strategy|Simulation,Competitive|Story Rich,Mac,0.71,51976
100609,Game_609,29.94,Indie|Action,Open World|Co-op|Story Rich,Linux|Windows,0.74,23704
100610,Game_610,41.53,Sports|Strategy|Simulation,Story Rich|Singleplayer|Open World|Competitive,Linux,0.84,17504
100611,Game_611,8.1,Action,Singleplayer|Co-op,Mac,0.83,80126
100612,Game_612,30.87,RPG|Strategy,Co-op|Competitive|Open World,Mac|Windows|Linux,0.69,60482
100613,Game_613,50.87,Simulation|Adventure,Co-op|Story Rich,Linux,0.88,17813
100614,Game_614,1.68,Sports|Adventure|RPG,Co-op|Singleplayer|Multiplayer|Open World,Windows|Mac|Linux,0.8,79926
100615,Game_615,42.41,Sports|Adventure,Story Rich|Co-op|Multiplayer|Competitive,Windows,0.83,63968
100616,Game_616,10.83,RPG,Story Rich|Singleplayer|Competitive,Linux|Mac|Windows,0.79,7846
100617,Game_617,54.98,Simulation|Action|Sports,Story Rich|Competitive|Multiplayer,Mac,0.9,83412
100618,Game_618,58.8,Adventure|Sports|Action,Multiplayer|Singleplayer|Co-op|Open World,Windows|Mac|Linux,0.77,69318
100619,Game_619,41.74,Adventure|Action,Open World|Multiplayer|Story Rich|Singleplayer,Mac|Linux|Windows,0.67,80752
100620,Game_620,40.36,Adventure,Open World|Story Rich|Co-op,Mac|Windows,0.79,18589
100621,Game_621,27.99,RPG|Indie,Co-op|Singleplayer,Linux|Windows,0.86,54676
100622,Game_622,2.49,Strategy|Indie|Sports,Co-op|Competitive|Story Rich|Singleplayer,Windows|Mac,0.92,18024
100623,Game_623,27.17,Strategy|Simulation|RPG,Co-op|Open World,Windows|Linux,0.97,97593
100624,Game_624,35.39,Sports|Indie,Co-op|Competitive|Multiplayer,Linux,0.7,99291
100625,Game_625,49.18,Action|Strategy,Story Rich|Multiplayer|Competitive,Mac|Windows,0.81,73328
100626,Game_626,21.51,Strategy|Simulation,Competitive|Co-op,Linux,0.77,45218
100627,Game_627,57.06,Simulation,Singleplayer|Competitive,Mac|Linux|Windows,0.64,78756
100628,Game_628,34.11,Strategy|Indie,Open World|Competitive,Linux|Windows|Mac,0.97,27394
100629,Game_629,35.36,Sports,Competitive|Multiplayer|Story Rich|Co-op,Linux|Windows|Mac,0.77,50506
100630,Game_630,31.79,Indie|RPG,Open World|Co-op|Story Rich,Windows|Linux,0.76,71003
100631,Game_631,14.95,Strategy|Adventure|Indie,Singleplayer|Multiplayer|Story Rich,Windows|Linux|Mac,0.64,16119
100632,Game_632,58.99,Indie,Singleplayer|Story Rich,Windows,0.8,70951
100633,Game_633,27.7,Strategy|Indie,Multiplayer|Singleplayer|Co-op,Linux,0.62,71071
100634,Game_634,25.61,Sports,Multiplayer|Singleplayer,Mac|Windows|Linux,0.85,25823
100635,Game_635,41.51,Action,Competitive|Singleplayer,Linux|Windows|Mac,0.81,88073
100636,Game_636,1.63,Action,Singleplayer|Co-op|Multiplayer|Open World,Linux|Windows,0.65,75651
100637,Game_637,34.35,RPG|Sports|Action,Story Rich|Co-op|Multiplayer|Competitive,Windows|Mac|Linux,0.72,30623
100638,Game_638,7.2,Sports|Adventure,Co-op|Competitive|Singleplayer,Linux|Windows,0.72,67657
100639,Game_639,56.86,Adventure|Simulation,Singleplayer|Co-op|Story Rich,Mac,0.61,86730
100640,Game_640,41.61,Action|Adventure,Multiplayer|Open World|Singleplayer|Competitive,Linux|Mac,0.68,82438
100641,Game_641,46.28,Sports,Co-op|Singleplayer|Open World,Windows,0.66,81702
100642,Game_642,26.38,RPG|Adventure,Singleplayer|Story Rich,Mac|Linux,0.96,64605
100643,Game_643,0.2,RPG,Singleplayer|Open World|Multiplayer,Mac,0.73,14585
100644,Game_644,1.92,Action,Singleplayer|Story Rich|Open World|Competitive,Mac|Linux,0.74,23006
100645,Game_645,19.64,Simulation,Co-op|Open World|Competitive|Multiplayer,Linux,0.8,29367
100646,Game_646,43.82,Simulation|Adventure,Open World|Competitive|Singleplayer,Linux|Mac,0.97,6553
100647,Game_647,18.48,Simulation|Action|Indie,Story Rich|Multiplayer|Singleplayer|Open World,Mac|Linux,0.84,91804
100648,Game_648,59.39,Strategy|Indie,Co-op|Competitive|Story Rich,Linux|Mac|Windows,0.95,21270
100649,Game_649,24.74,Strategy,Co-op|Competitive|Multiplayer|Open World,Windows,0.87,79702
100650,Game_650,43.64,Simulation|Adventure,Competitive|Co-op,Windows,0.62,79849
100651,Game_651,57.62,Adventure|Strategy|Simulation,Multiplayer|Open World|Singleplayer|Story Rich,Windows|Mac,0.63,65907
100652,Game_652,29.29,Indie|Strategy,Singleplayer|Competitive|Co-op|Multiplayer,Mac,0.81,6605
100653,Game_653,40.81,Simulation,Singleplayer|Open World|Co-op,Linux|Mac|Windows,0.67,82477
100654,Game_654,33.94,Adventure|Strategy|Action,Multiplayer|Open World|Singleplayer|Story Rich,Linux,0.68,43273
100655,Game_655,37.78,Adventure|Indie,Singleplayer|Multiplayer,Windows,0.76,33741
100656,Game_656,28.49,RPG|Indie,Open World|Multiplayer|Singleplayer,Mac|Linux,0.71,55817
100657,Game_657,49.74,Strategy,Story Rich|Co-op|Open World,Windows|Mac,0.71,11089
100658,Game_658,5.16,Indie|Action|Simulation,Singleplayer|Open World|Co-op|Story Rich,Mac|Windows|Linux,0.6,93917
100659,Game_659,3.5,Sports|RPG,Multiplayer|Story Rich|Singleplayer,Mac,0.81,76173
100660,Game_660,35.97,Sports,Multiplayer|Story Rich|Competitive,Mac,0.64,1613
100661,Game_661,1.74,Adventure,Competitive|Open World|Co-op|Multiplayer,Windows|Mac|Linux,0.64,63059
100662,Game_662,15.65,Indie|Strategy|Adventure,Story Rich|Co-op|Multiplayer,Mac|Linux|Windows,0.61,73757
100663,Game_663,10.57,Sports,Competitive|Singleplayer|Story Rich|Co-op,Mac|Windows|Linux,0.7,26913
100664,Game_664,11.82,RPG|Strategy|Simulation,Co-op|Story Rich|Multiplayer,Linux,0.73,1439
100665,Game_665,46.37,Strategy|Simulation|Sports,Competitive|Singleplayer|Story Rich,Windows|Linux|Mac,0.63,17791
100666,Game_666,59.07,RPG|Action,Story Rich|Co-op|Multiplayer,Mac|Linux,0.86,40160
100667,Game_667,7.18,Indie|Action,Open World|Multiplayer|Singleplayer,Windows|Linux,0.89,65819
100668,Game_668,5.86,RPG|Sports|Simulation,Competitive|Co-op|Open World|Story Rich,Windows,0.89,1815
100669,Game_669,4.63,RPG|Sports,Co-op|Multiplayer|Story Rich|Competitive,Linux|Mac|Windows,0.69,70098
100670,Game_670,44.81,Sports|Adventure|RPG,Open World|Singleplayer|Multiplayer|Story Rich,Windows,0.94,89113
100671,Game_671,30.82,Strategy,Story Rich|Open World|Competitive|Singleplayer,Windows|Mac,0.83,83234
100672,Game_672,55.97,Indie,Story Rich|Competitive|Open World,Mac|Linux|Windows,0.84,17610
100673,Game_673,27.27,RPG|Indie|Strategy,Story Rich|Singleplayer|Co-op,Windows|Mac,0.68,70145
100674,Game_674,27.03,RPG|Sports,Singleplayer|Co-op|Story Rich|Multiplayer,Linux,0.87,43512
100675,Game_675,10.86,Simulation|RPG|Strategy,Co-op|Multiplayer|Singleplayer|Competitive,Mac|Linux,0.75,36070
100676,Game_676,40.68,Adventure|Indie,Story Rich|Multiplayer|Co-op|Competitive,Mac|Windows,0.96,9606
100677,Game_677,21.07,Strategy|Simulation|Sports,Story Rich|Multiplayer|Open World,Windows|Mac|Linux,0.82,27764
100678,Game_678,47.04,Action|Indie|Sports,Co-op|Competitive,Mac|Windows|Linux,0.68,45061
100679,Game_679,53.38,Simulation|Action,Story Rich|Open World|Singleplayer|Competitive,Windows|Mac|Linux,0.66,76930
100680,Game_680,58.31,Sports|Action,Singleplayer|Co-op|Multiplayer|Competitive,Windows|Mac|Linux,0.74,71571
100681,Game_681,12.43,Sports,Story Rich|Competitive|Co-op,Mac,0.68,56743
100682,Game_682,55.48,Strategy,Story Rich|Co-op|Open World|Singleplayer,Linux,0.76,96554
100683,Game_683,15.87,Simulation|RPG|Action,Singleplayer|Open World|Story Rich,Windows,0.65,46365
100684,Game_684,15.95,RPG,Multiplayer|Open World|Story Rich,Windows,0.95,14612
100685,Game_685,17.73,Sports,Multiplayer|Open World|Singleplayer|Competitive,Windows|Linux|Mac,0.84,94805
100686,Game_686,30.42,Strategy,Singleplayer|Multiplayer|Competitive|Open World,Mac,0.62,93959
100687,Game_687,12.23,Adventure|Indie|Simulation,Competitive|Open World|Singleplayer,Mac,0.86,26133
100688,Game_688,32.92,Indie|RPG,Open World|Competitive,Linux,0.72,94241
100689,Game_689,3.31,Adventure|RPG,Story Rich|Open World,Mac|Linux|Windows,0.64,77488
100690,Game_690,12.2,Strategy|RPG,Story Rich|Competitive,Mac,0.69,81182
100691,Game_691,6.24,Action|RPG|Sports,Open World|Competitive,Windows,0.88,52609
100692,Game_692,15.86,RPG|Simulation,Multiplayer|Story Rich,Mac|Linux,0.89,56154
100693,Game_693,20.16,Simulation,Singleplayer|Story Rich|Open World|Multiplayer,Mac|Windows|Linux,0.74,98274
100694,Game_694,9.58,Adventure|Strategy,Story Rich|Co-op|Competitive,Windows|Linux|Mac,0.84,99534
100695,Game_695,50.96,Strategy|Adventure,Singleplayer|Story Rich|Open World|Co-op,Mac|Linux|Windows,0.8,90368
100696,Game_696,47.06,RPG|Sports,Co-op|Story Rich,Mac|Linux|Windows,0.68,93116
100697,Game_697,5.79,RPG|Simulation|Adventure,Open World|Story Rich|Singleplayer,Mac,0.65,92016
100698,Game_698,44.77,Action,Co-op|Competitive|Singleplayer|Multiplayer,Mac|Linux|Windows,0.79,90456
100699,Game_699,41.39,Action,Open World|Competitive|Multiplayer,Linux,0.67,11458
100700,Game_700,59.21,RPG|Indie,Multiplayer|Co-op|Singleplayer|Competitive,Windows|Linux,0.69,25609
100701,Game_701,33.27,Strategy,Co-op|Multiplayer|Competitive,Windows,0.83,19391
100702,Game_702,16.77,Simulation,Open World|Story Rich|Co-op|Competitive,Windows|Mac|Linux,0.9,70334
100703,Game_703,9.57,Sports|Indie|Simulation,Competitive|Co-op|Story Rich,Mac|Windows,0.77,54220
100704,Game_704,49.54,Indie|Sports|Simulation,Story Rich|Open World,Windows,0.96,26851
100705,Game_705,45.54,RPG|Strategy|Action,Singleplayer|Co-op|Multiplayer|Competitive,Windows,0.85,35225
100706,Game_706,40.42,Indie,Singleplayer|Co-op|Multiplayer|Open World,Windows|Mac,0.65,96785
100707,Game_707,48.03,RPG,Multiplayer|Open World|Co-op|Story Rich,Mac,0.82,13311
100708,Game_708,58.15,Strategy,Competitive|Multiplayer|Singleplayer,Linux,0.76,43398
100709,Game_709,8.14,Action|Indie|Simulation,Open World|Competitive|Singleplayer|Story Rich,Linux|Mac|Windows,0.77,96966
100710,Game_710,32.26,Indie|Sports|RPG,Singleplayer|Competitive|Co-op|Multiplayer,Windows|Linux,0.82,97940
100711,Game_711,37.79,Sports,Singleplayer|Open World|Multiplayer,Windows|Linux,0.88,68608
100712,Game_712,47.55,Simulation,Co-op|Singleplayer|Open World,Linux,0.64,27490
100713,Game_713,50.31,RPG,Multiplayer|Co-op|Singleplayer,Mac|Linux,0.82,82537
100714,Game_714,9.59,Strategy|Indie|Adventure,Competitive|Co-op,Windows,0.7,12808
100715,Game_715,35.24,Indie,Multiplayer|Singleplayer,Linux|Windows|Mac,0.67,24250
100716,Game_716,48.54,Adventure|Strategy,Competitive|Singleplayer|Co-op|Multiplayer,Linux|Mac|Windows,0.93,13940
100717,Game_717,14.72,Simulation,Co-op|Story Rich|Multiplayer,Windows|Mac|Linux,0.65,41342
100718,Game_718,5.59,Action,Co-op|Story Rich|Open World|Competitive,Mac|Linux|Windows,0.88,87351
100719,Game_719,24.23,Adventure|RPG|Action,Story Rich|Singleplayer|Co-op,Mac,0.69,73449
100720,Game_720,41.49,Simulation|Action|Sports,Story Rich|Multiplayer|Open World,Mac|Windows,0.69,8126
100721,Game_721,42.0,Adventure|Strategy|Simulation,Story Rich|Competitive|Co-op,Mac|Linux,0.71,22124
100722,Game_722,44.16,Indie|Sports|Adventure,Open World|Story Rich|Competitive,Mac|Linux,0.76,60054
100723,Game_723,55.03,RPG|Adventure,Singleplayer|Co-op|Story Rich,Mac,0.92,13522
100724,Game_724,15.11,Sports|Action|Simulation,Singleplayer|Multiplayer|Competitive,Windows|Mac,0.72,30607
100725,Game_725,55.71,Adventure|Sports|Indie,Singleplayer|Open World|Story Rich|Competitive,Mac|Linux,0.81,48672
100726,Game_726,14.32,Adventure|RPG|Action,Story Rich|Co-op|Open World,Mac|Linux|Windows,0.87,79618
100727,Game_727,28.22,Strategy|Simulation|RPG,Co-op|Competitive|Singleplayer|Story Rich,Windows,0.78,26279
100728,Game_728,8.27,Adventure,Co-op|Competitive,Windows|Mac,0.66,56713
100729,Game_729,58.58,Action|Sports,Co-op|Multiplayer,Mac,0.97,87739
100730,Game_730,17.19,Indie|Simulation,Co-op|Multiplayer|Story Rich|Competitive,Linux,0.77,41675
100731,Game_731,55.06,Action|Sports|Indie,Story Rich|Open World|Co-op,Mac,0.66,69992
100732,Game_732,37.47,Action|Sports|Simulation,Singleplayer|Co-op,Linux,0.88,21607
100733,Game_733,23.28,RPG|Adventure|Sports,Multiplayer|Story Rich|Competitive,Mac|Linux,0.71,20217
100734,Game_734,47.9,Strategy|Indie|Adventure,Open World|Multiplayer,Windows|Linux|Mac,0.73,67240
100735,Game_735,25.47,Simulation|Action,Competitive|Singleplayer|Story Rich,Linux,0.71,77385
100736,Game_736,30.11,Indie,Multiplayer|Story Rich|Singleplayer|Open World,Windows|Linux,0.69,97773
100737,Game_737,53.18,Indie|Strategy,Story Rich|Multiplayer|Singleplayer|Open World,Linux|Mac|Windows,0.92,88183
100738,Game_738,18.0,RPG|Adventure|Strategy,Story Rich|Multiplayer|Open World,Windows|Mac,0.6,25712
100739,Game_739,30.91,Simulation|Strategy|Sports,Competitive|Story Rich|Singleplayer|Co-op,Windows|Mac,0.77,3426
100740,Game_740,30.01,Simulation|Strategy|Adventure,Singleplayer|Open World|Co-op|Story Rich,Windows|Mac|Linux,0.96,68391
100741,Game_741,59.07,Action|Simulation|Indie,Open World|Competitive|Co-op|Singleplayer,Linux|Windows|Mac,0.94,4301
100742,Game_742,59.5,RPG,Open World|Competitive|Co-op|Story Rich,Mac|Linux|Windows,0.76,90325
100743,Game_743,37.53,Simulation,Co-op|Open World|Competitive,Mac,0.65,2848
100744,Game_744,33.14,Action,Singleplayer|Open World|Competitive,Mac|Windows,0.63,18025
100745,Game_745,7.87,Indie|RPG,Co-op|Competitive|Singleplayer,Windows|Linux,0.95,45885
100746,Game_746,39.15,Simulation|Action,Open World|Multiplayer,Linux,0.65,92754
100747,Game_747,43.02,Strategy,Open World|Co-op|Competitive|Multiplayer,Windows,0.92,20146
100748,Game_748,41.88,Strategy,Story Rich|Co-op,Linux,0.95,2248
100749,Game_749,33.17,RPG,Story Rich|Open World,Mac|Windows,0.81,85396
100750,Game_750,39.82,Indie|Strategy|Action,Co-op|Multiplayer,Linux|Windows,0.61,57911
100751,Game_751,27.98,Strategy,Story Rich|Co-op|Competitive|Multiplayer,Mac|Linux|Windows,0.73,39930
100752,Game_752,10.56,Indie,Multiplayer|Co-op,Linux,0.92,51793
100753,Game_753,23.79,Action|Indie,Competitive|Co-op|Multiplayer,Windows,0.96,53112
100754,Game_754,57.21,Action|Sports|RPG,Story Rich|Singleplayer|Co-op,Windows|Mac|Linux,0.79,59316
100755,Game_755,20.03,Adventure,Singleplayer|Open World|Multiplayer,Mac,0.74,3654
100756,Game_756,17.32,Strategy|Indie|Simulation,Co-op|Competitive|Story Rich,Linux,0.7,43844
100757,Game_757,59.11,Sports|Simulation|RPG,Story Rich|Open World,Mac,0.77,42888
100758,Game_758,55.35,Sports,Multiplayer|Open World,Windows|Mac|Linux,0.66,17541
100759,Game_759,10.01,Strategy,Co-op|Singleplayer|Competitive,Mac|Windows,0.82,68313
100760,Game_760,56.9,Action|Simulation,Multiplayer|Competitive|Open World|Story Rich,Linux|Mac,0.83,16762
100761,Game_761,24.46,Sports|Strategy,Co-op|Story Rich|Open World,Windows|Mac,0.7,59289
100762,Game_762,19.68,Strategy|RPG|Action,Competitive|Story Rich|Co-op,Linux|Windows|Mac,0.79,62922
100763,Game_763,35.37,Action|RPG,Multiplayer|Story Rich|Competitive|Co-op,Linux,0.62,74275
100764,Game_764,10.07,Strategy|Simulation|Action,Co-op|Story Rich|Competitive,Mac|Windows|Linux,0.94,87490
100765,Game_765,22.09,RPG,Singleplayer|Story Rich|Open World|Co-op,Linux,0.61,90604
100766,Game_766,13.01,Indie|Strategy,Singleplayer|Story Rich|Competitive|Open World,Mac|Windows,0.77,42807
100767,Game_767,1.06,RPG,Story Rich|Co-op|Open World,Windows,0.84,16929
100768,Game_768,11.88,Indie,Co-op|Multiplayer|Singleplayer,Windows|Mac,0.68,81566
100769,Game_769,49.45,Simulation|Strategy,Story Rich|Co-op,Mac,0.81,72334
100770,Game_770,35.8,Indie|Strategy|RPG,Multiplayer|Story Rich|Singleplayer|Open World,Windows|Linux|Mac,0.76,7032
100771,Game_771,9.36,RPG,Multiplayer|Singleplayer,Mac|Linux|Windows,0.84,29802
100772,Game_772,51.67,Strategy|RPG|Simulation,Open World|Competitive|Singleplayer,Mac|Windows|Linux,0.95,27767
100773,Game_773,50.01,Sports|RPG,Multiplayer|Co-op|Story Rich,Linux|Windows|Mac,0.87,66931
100774,Game_774,6.37,Action,Story Rich|Competitive|Multiplayer|Open World,Linux,0.75,24638
100775,Game_775,26.68,Adventure|Indie|Strategy,Competitive|Singleplayer|Open World,Mac|Linux|Windows,0.71,70111
100776,Game_776,18.11,Action|Sports,Story Rich|Open World|Multiplayer,Windows,0.92,34879
100777,Game_777,11.76,Sports,Co-op|Competitive|Multiplayer,Linux|Windows,0.96,36452
100778,Game_778,47.98,Strategy,Story Rich|Co-op|Singleplayer|Multiplayer,Mac|Linux,0.9,22306
100779,Game_779,11.76,Simulation,Co-op|Open World|Singleplayer|Story Rich,Windows,0.67,99380
100780,Game_780,43.84,Adventure|Indie,Open World|Co-op|Singleplayer|Story Rich,Mac|Linux|Windows,0.71,71167
100781,Game_781,59.69,Action,Co-op|Multiplayer|Story Rich,Mac|Windows,0.62,25959
100782,Game_782,56.41,Strategy,Singleplayer|Multiplayer,Windows|Linux,0.87,73937
100783,Game_783,48.57,Action|Simulation,Singleplayer|Open World|Competitive|Multiplayer,Mac,0.8,45872
100784,Game_784,51.44,RPG,Story Rich|Co-op,Windows|Linux,0.65,10720
100785,Game_785,14.29,Strategy,Singleplayer|Open World|Multiplayer,Mac|Linux,0.84,45360
100786,Game_786,52.81,Sports|Simulation|Action,Story Rich|Competitive,Windows,0.76,56369
100787,Game_787,20.86,Action,Singleplayer|Co-op,Windows,0.69,59351
100788,Game_788,23.51,Adventure|Simulation,Singleplayer|Multiplayer|Competitive,Mac,0.63,69658
100789,Game_789,17.86,Action,Story Rich|Competitive|Open World,Linux,0.78,86088
100790,Game_790,46.8,Simulation|RPG,Competitive|Open World|Singleplayer,Windows|Mac|Linux,0.97,21673
100791,Game_791,51.23,Adventure,Story Rich|Open World|Singleplayer,Mac,0.62,17157
100792,Game_792,1.68,Simulation|Adventure,Open World|Co-op|Multiplayer|Story Rich,Mac,0.7,18738
100793,Game_793,46.36,Adventure,Multiplayer|Singleplayer|Competitive|Open World,Linux,0.71,81870
100794,Game_794,21.53,Simulation,Story Rich|Co-op|Singleplayer|Competitive,Linux,0.81,43519
100795,Game_795,6.25,RPG,Multiplayer|Competitive|Co-op,Mac|Windows,0.61,38007
100796,Game_796,33.86,Strategy,Singleplayer|Open World,Windows,0.73,13729
100797,Game_797,35.76,Adventure,Multiplayer|Singleplayer,Mac,0.75,4862
100798,Game_798,50.28,Adventure|Sports,Story Rich|Open World,Linux|Windows|Mac,0.63,77179
100799,Game_799,56.84,Simulation,Open World|Story Rich|Competitive,Linux|Mac|Windows,0.95,78649
100800,Game_800,13.12,Simulation|Adventure,Multiplayer|Competitive|Singleplayer,Mac|Linux|Windows,0.61,5816
100801,Game_801,36.91,Simulation|Strategy,Co-op|Singleplayer|Story Rich|Multiplayer,Linux,0.68,33864
100802,Game_802,48.73,Action|Adventure,Co-op|Story Rich|Competitive|Multiplayer,Linux|Windows,0.92,63638
100803,Game_803,6.4,Indie,Singleplayer|Open World,Windows,0.91,44381
100804,Game_804,29.77,Simulation|Indie,Open World|Story Rich,Linux|Windows,0.86,95794
100805,Game_805,5.4,Simulation|RPG,Open World|Multiplayer|Co-op|Story Rich,Windows|Linux|Mac,0.64,3195
100806,Game_806,11.39,Sports|RPG,Singleplayer|Open World,Mac,0.84,84377
100807,Game_807,7.27,Simulation|Sports|RPG,Competitive|Singleplayer|Multiplayer,Windows,0.73,50622
100808,Game_808,25.27,Indie,Competitive|Multiplayer|Singleplayer,Windows|Mac|Linux,0.98,99008
100809,Game_809,43.26,RPG|Simulation,Story Rich|Co-op|Multiplayer,Windows|Mac,0.67,79416
100810,Game_810,40.04,Indie,Story Rich|Multiplayer|Singleplayer|Competitive,Linux|Windows,0.94,71732
100811,Game_811,52.93,Adventure|Indie,Story Rich|Multiplayer,Windows|Linux|Mac,0.87,76979
100812,Game_812,56.7,Indie|Sports|RPG,Story Rich|Competitive|Co-op,Linux|Mac,0.97,13748
100813,Game_813,56.62,Strategy|Indie,Singleplayer|Open World|Competitive,Windows|Linux,0.75,88865
100814,Game_814,49.2,Indie|Adventure,Singleplayer|Story Rich|Open World|Co-op,Windows,0.91,87963
100815,Game_815,13.68,RPG,Singleplayer|Open World|Story Rich|Competitive,Windows|Mac|Linux,0.76,24186
100816,Game_816,24.09,Indie,Multiplayer|Open World,Windows|Mac,0.81,16148
100817,Game_817,32.03,Strategy,Singleplayer|Open World,Windows|Linux|Mac,0.76,70142
100818,Game_818,29.58,Indie|Simulation|Adventure,Story Rich|Multiplayer,Mac,0.94,20133
100819,Game_819,8.33,Sports|Action,Singleplayer|Open World|Multiplayer|Story Rich,Windows|Mac|Linux,0.6,62102
100820,Game_820,19.43,Adventure|Sports,Open World|Story Rich|Singleplayer,Mac|Linux,0.76,45714
100821,Game_821,50.25,Simulation|Indie,Singleplayer|Multiplayer,Linux|Mac|Windows,0.68,6309
100822,Game_822,55.9,Indie|Action|Sports,Story Rich|Singleplayer|Co-op|Multiplayer,Mac|Linux|Windows,0.83,83629
100823,Game_823,48.97,Adventure,Co-op|Open World|Story Rich|Competitive,Linux,0.81,10577
100824,Game_824,49.01,Simulation|Sports|Action,Multiplayer|Story Rich|Co-op,Mac|Linux,0.95,53774
100825,Game_825,16.08,Simulation|Strategy,Story Rich|Open World|Singleplayer,Linux|Mac|Windows,0.76,12146
100826,Game_826,59.7,Simulation|Action,Story Rich|Singleplayer|Open World,Mac|Linux,0.73,46402
100827,Game_827,33.61,Adventure|Indie|Sports,Co-op|Story Rich|Open World|Competitive,Linux|Windows|Mac,0.72,28770
100828,Game_828,13.21,Sports|Indie|Strategy,Multiplayer|Open World,Mac|Linux|Windows,0.93,29315
100829,Game_829,33.56,Action|Adventure,Multiplayer|Competitive,Linux,0.94,66133
100830,Game_830,29.95,RPG,Story Rich|Singleplayer,Mac,0.74,37573
100831,Game_831,44.62,Simulation|Indie|Action,Singleplayer|Co-op|Competitive,Windows|Linux|Mac,0.81,96735
100832,Game_832,23.05,Indie,Story Rich|Singleplayer,Mac|Windows|Linux,0.95,75227
100833,Game_833,39.21,Indie|Adventure|RPG,Singleplayer|Story Rich,Windows|Mac|Linux,0.93,52677
100834,Game_834,34.81,Sports|Simulation,Open World|Multiplayer|Competitive|Singleplayer,Linux,0.67,15808
100835,Game_835,59.23,Simulation|RPG,Co-op|Story Rich,Windows|Linux,0.62,74052
100836,Game_836,33.33,Action|Indie,Story Rich|Singleplayer|Multiplayer,Linux|Windows|Mac,0.88,82581
100837,Game_837,21.07,Strategy|Indie,Singleplayer|Multiplayer|Story Rich|Co-op,Mac|Linux|Windows,0.74,68914
100838,Game_838,46.59,Action,Open World|Competitive|Multiplayer|Story Rich,Windows,0.75,82788
100839,Game_839,59.87,RPG|Adventure|Simulation,Open World|Co-op|Singleplayer,Windows|Mac|Linux,0.88,18643
100840,Game_840,6.41,Sports,Multiplayer|Open World|Singleplayer|Story Rich,Windows|Mac,0.87,78463
100841,Game_841,0.47,Strategy|RPG,Competitive|Story Rich,Mac|Linux,0.69,40863
100842,Game_842,0.54,Adventure,Story Rich|Multiplayer|Competitive|Co-op,Linux,0.82,69240
100843,Game_843,32.88,Action,Open World|Competitive|Multiplayer|Co-op,Windows,0.62,44908
100844,Game_844,11.53,Strategy|Sports,Multiplayer|Competitive,Mac|Linux,0.71,75929
100845,Game_845,13.22,Adventure|Action,Competitive|Story Rich|Singleplayer|Open World,Mac|Windows|Linux,0.63,90323
100846,Game_846,48.74,Indie|Action|Simulation,Multiplayer|Open World,Windows|Linux,0.95,14218
100847,Game_847,2.03,Strategy|Action,Multiplayer|Singleplayer,Mac|Windows|Linux,0.61,32015
100848,Game_848,29.68,Action|Sports|Indie,Singleplayer|Story Rich,Linux|Windows|Mac,0.72,26071
100849,Game_849,41.34,Adventure,Competitive|Story Rich|Open World,Windows|Linux|Mac,0.81,59487
100850,Game_850,0.58,Sports|Adventure|RPG,Co-op|Multiplayer|Singleplayer|Open World,Mac|Windows|Linux,0.86,72098
100851,Game_851,6.4,Simulation|Adventure,Open World|Co-op,Mac|Linux,0.85,14310
100852,Game_852,55.61,Sports|RPG,Story Rich|Competitive,Linux|Mac,0.66,73150
100853,Game_853,27.67,Adventure|Strategy|RPG,Co-op|Competitive|Singleplayer|Open World,Linux|Mac|Windows,0.92,97178
100854,Game_854,14.46,RPG|Adventure|Action,Competitive|Multiplayer|Story Rich,Linux|Windows|Mac,0.87,50879
100855,Game_855,25.52,Action,Co-op|Story Rich|Competitive,Mac|Windows|Linux,0.71,867
100856,Game_856,28.72,RPG|Simulation,Competitive|Co-op,Mac|Windows,0.89,15943
100857,Game_857,29.65,Adventure|Sports,Open World|Competitive,Windows|Mac,0.96,53726
100858,Game_858,28.65,Indie|Sports|Adventure,Singleplayer|Co-op,Mac|Windows|Linux,0.77,40700
100859,Game_859,42.7,Adventure,Singleplayer|Co-op|Competitive|Open World,Windows|Mac|Linux,0.69,98335
100860,Game_860,15.88,Strategy|RPG,Multiplayer|Open World|Singleplayer,Linux,0.78,86773
100861,Game_861,24.63,Action|Adventure|Indie,Co-op|Singleplayer,Linux,0.95,80838
100862,Game_862,19.37,RPG|Action,Competitive|Story Rich|Singleplayer,Windows|Linux|Mac,0.74,32571
100863,Game_863,21.97,Strategy|Action|Sports,Story Rich|Singleplayer|Open World|Multiplayer,Mac,0.95,16193
100864,Game_864,29.32,Strategy|Adventure,Co-op|Competitive|Open World,Windows|Mac,0.63,58945
100865,Game_865,29.06,Indie,Story Rich|Open World,Linux,0.61,46814
100866,Game_866,34.2,RPG|Strategy,Competitive|Multiplayer|Co-op|Story Rich,Linux,0.81,69262
100867,Game_867,24.23,Sports|Indie,Multiplayer|Competitive,Linux|Windows,0.92,64033
100868,Game_868,43.73,Indie|Sports|Strategy,Open World|Co-op|Story Rich|Multiplayer,Linux|Mac|Windows,0.71,60375
100869,Game_869,9.01,Adventure,Co-op|Multiplayer,Windows|Linux|Mac,0.82,46026
100870,Game_870,33.37,Action|Simulation|Strategy,Co-op|Open World,Windows|Linux|Mac,0.78,97745
100871,Game_871,23.85,Adventure,Multiplayer|Open World,Linux|Windows|Mac,0.67,23086
100872,Game_872,44.96,Action|Indie|Adventure,Open World|Multiplayer|Story Rich|Co-op,Windows|Linux|Mac,0.67,38631
100873,Game_873,28.67,RPG,Open World|Singleplayer|Co-op,Windows,0.82,63175
100874,Game_874,28.95,Simulation|Strategy,Singleplayer|Open World|Co-op|Multiplayer,Windows|Mac|Linux,0.7,70793
100875,Game_875,27.73,Indie|Adventure,Open World|Multiplayer|Competitive|Singleplayer,Linux|Mac,0.81,29747
100876,Game_876,29.91,Simulation,Competitive|Singleplayer,Windows,0.97,44520
100877,Game_877,23.31,Sports|Adventure,Open World|Singleplayer|Competitive|Multiplayer,Windows,0.85,11015
100878,Game_878,0.83,Action,Singleplayer|Co-op|Story Rich|Competitive,Windows|Mac|Linux,0.89,68132
100879,Game_879,47.75,Sports|Strategy|RPG,Competitive|Open World,Windows,0.92,9139
100880,Game_880,51.69,RPG|Sports,Competitive|Open World,Mac,0.86,65182
100881,Game_881,21.5,Sports|Indie,Competitive|Open World|Multiplayer|Co-op,Linux,0.72,20719
100882,Game_882,27.36,Adventure,Singleplayer|Co-op|Story Rich|Open World,Windows|Linux|Mac,0.79,38712
100883,Game_883,14.57,RPG|Action,Multiplayer|Open World,Linux,0.66,45494
100884,Game_884,38.82,Adventure,Multiplayer|Co-op,Linux,0.63,40143
100885,Game_885,16.97,Simulation|RPG|Action,Story Rich|Singleplayer,Mac|Linux|Windows,0.84,8475
100886,Game_886,19.53,Strategy|Simulation,Co-op|Competitive|Singleplayer|Multiplayer,Linux|Windows,0.9,43858
100887,Game_887,38.29,RPG|Adventure|Sports,Story Rich|Open World|Singleplayer,Windows|Linux,0.98,50308
100888,Game_888,13.77,Simulation,Singleplayer|Competitive|Multiplayer|Open World,Mac,0.95,58570
100889,Game_889,58.12,Simulation|Indie|Action,Open World|Singleplayer|Co-op,Mac|Windows,0.7,82262
100890,Game_890,46.94,Indie|Simulation|Adventure,Open World|Multiplayer|Story Rich,Mac|Linux,0.95,84216
100891,Game_891,21.23,Action|Simulation|RPG,Open World|Singleplayer,Linux|Mac|Windows,0.91,75403
100892,Game_892,14.59,RPG,Singleplayer|Open World,Linux|Mac|Windows,0.87,83464
100893,Game_893,0.72,Adventure|Simulation|Strategy,Story Rich|Competitive,Windows|Linux|Mac,0.93,85877
100894,Game_894,4.27,Strategy|Indie|Action,Open World|Co-op,Mac|Linux,0.61,11246
100895,Game_895,54.18,Strategy|RPG,Story Rich|Open World|Multiplayer|Singleplayer,Mac|Linux|Windows,0.78,39935
100896,Game_896,12.42,Action,Multiplayer|Singleplayer,Windows|Mac,0.68,88608
100897,Game_897,12.19,Adventure|Indie|RPG,Open World|Competitive,Linux,0.89,4965
100898,Game_898,57.42,Simulation|Strategy|Action,Open World|Multiplayer,Mac|Windows,0.84,23345
100899,Game_899,30.98,Strategy|Simulation,Co-op|Open World|Singleplayer,Windows,0.61,96309
100900,Game_900,55.66,Strategy|Sports|Simulation,Singleplayer|Co-op,Windows|Mac|Linux,0.92,4769
100901,Game_901,18.16,Action|Strategy,Story Rich|Open World|Multiplayer,Linux,0.87,90783
100902,Game_902,7.83,Adventure|Simulation|Sports,Singleplayer|Story Rich|Co-op,Mac,0.84,43634
100903,Game_903,11.72,Strategy,Open World|Competitive,Mac|Windows|Linux,0.62,64300
100904,Game_904,55.89,Sports|RPG,Co-op|Multiplayer|Story Rich,Mac|Linux|Windows,0.69,96716
100905,Game_905,56.03,Simulation|RPG|Adventure,Singleplayer|Open World|Co-op,Mac,0.75,81640
100906,Game_906,16.72,Indie|Adventure|RPG,Story Rich|Open World,Linux,0.61,195
100907,Game_907,2.66,Simulation|Indie|Strategy,Singleplayer|Story Rich|Competitive,Linux,0.92,82741
100908,Game_908,51.36,RPG|Adventure,Multiplayer|Story Rich|Co-op,Linux|Mac|Windows,0.71,74386
100909,Game_909,54.72,Action|Indie,Open World|Multiplayer|Story Rich,Windows,0.72,88938
100910,Game_910,35.91,Sports|Action,Co-op|Multiplayer|Competitive|Story Rich,Linux,0.78,88857
100911,Game_911,28.97,Strategy|Simulation,Multiplayer|Open World,Windows,0.91,90737
100912,Game_912,54.21,Sports,Multiplayer|Co-op,Linux|Windows|Mac,0.66,24653
100913,Game_913,29.65,Simulation,Co-op|Open World|Singleplayer|Story Rich,Linux|Mac|Windows,0.79,33351
100914,Game_914,23.63,RPG|Action,Open World|Co-op,Windows|Mac,0.93,49372
100915,Game_915,28.75,Adventure|Sports|Action,Story Rich|Singleplayer|Multiplayer,Mac|Linux|Windows,0.76,88507
100916,Game_916,26.9,Sports,Multiplayer|Competitive|Open World|Co-op,Windows|Linux|Mac,0.66,16160
100917,Game_917,14.82,Sports|Simulation|Indie,Competitive|Story Rich|Open World|Co-op,Linux|Mac|Windows,0.75,73395
100918,Game_918,19.12,Indie|Simulation,Singleplayer|Story Rich|Competitive|Multiplayer,Windows|Linux,0.65,91057
100919,Game_919,53.57,Adventure|Simulation|Sports,Competitive|Singleplayer,Windows|Mac|Linux,0.91,57637
100920,Game_920,59.85,Simulation|Action,Competitive|Singleplayer,Mac|Linux,0.87,65629
100921,Game_921,47.05,Adventure|RPG|Indie,Singleplayer|Co-op|Open World|Story Rich,Mac|Linux,0.74,24629
100922,Game_922,36.14,Sports|Action|Indie,Competitive|Singleplayer|Story Rich|Multiplayer,Linux|Windows,0.7,24070
100923,Game_923,17.77,Strategy|Indie|Adventure,Competitive|Open World|Co-op|Story Rich,Windows|Mac,0.72,73906
100924,Game_924,43.49,Strategy|Adventure,Competitive|Co-op,Mac|Windows|Linux,0.76,88331
100925,Game_925,9.99,Simulation|Sports|Action,Competitive|Story Rich,Linux|Mac|Windows,0.73,26192
100926,Game_926,6.51,Action|Sports,Singleplayer|Multiplayer|Open World,Mac,0.96,19514
100927,Game_927,40.1,Simulation|Adventure|Indie,Competitive|Co-op|Open World,Mac,0.8,5132
100928,Game_928,38.55,Strategy,Competitive|Story Rich,Windows,0.88,37394
100929,Game_929,2.88,Indie|Action,Story Rich|Co-op,Windows|Mac,0.69,3431
100930,Game_930,5.47,Adventure|RPG,Singleplayer|Competitive,Linux,0.78,88138
100931,Game_931,38.5,Indie|Sports,Competitive|Singleplayer|Open World,Linux|Mac|Windows,0.92,35077
100932,Game_932,46.77,Indie,Open World|Singleplayer|Multiplayer|Co-op,Linux|Mac|Windows,0.84,74092
100933,Game_933,12.51,Action|Strategy,Multiplayer|Open World,Windows|Linux,0.91,97710
100934,Game_934,36.33,Action,Story Rich|Singleplayer|Co-op,Mac,0.9,65627
100935,Game_935,38.17,Action|Strategy|Adventure,Competitive|Open World|Singleplayer|Story Rich,Mac|Windows,0.66,50543
100936,Game_936,39.66,Strategy|Indie|Adventure,Co-op|Singleplayer|Story Rich|Competitive,Windows|Mac|Linux,0.76,52586
100937,Game_937,50.32,Strategy|Action,Singleplayer|Co-op,Linux|Mac|Windows,0.88,20573
100938,Game_938,27.41,Adventure,Story Rich|Open World,Linux,0.75,49557
100939,Game_939,28.54,Adventure,Multiplayer|Story Rich|Open World,Linux|Windows,0.65,19141
100940,Game_940,0.61,Strategy|Simulation,Singleplayer|Co-op|Competitive,Windows|Linux,0.68,67988
100941,Game_941,52.91,Adventure|Sports,Multiplayer|Co-op|Story Rich|Competitive,Linux|Mac,0.7,94259
100942,Game_942,40.96,Action,Story Rich|Singleplayer|Co-op|Open World,Mac|Linux|Windows,0.79,23719
100943,Game_943,37.41,Simulation,Competitive|Singleplayer|Story Rich,Windows|Linux,0.74,20818
100944,Game_944,7.9,Strategy,Co-op|Singleplayer|Competitive|Story Rich,Mac,0.87,14653
100945,Game_945,17.53,Action|Strategy,Multiplayer|Competitive|Story Rich|Open World,Linux|Windows|Mac,0.61,60723
100946,Game_946,55.74,Action|Adventure,Singleplayer|Story Rich|Multiplayer|Competitive,Windows,0.79,99116
100947,Game_947,31.53,Sports|Strategy,Singleplayer|Story Rich|Multiplayer,Linux,0.73,80901
100948,Game_948,4.48,Action|Adventure|Indie,Story Rich|Multiplayer,Mac|Linux|Windows,0.63,60669
100949,Game_949,20.08,Strategy,Multiplayer|Singleplayer,Windows|Linux,0.61,21256
100950,Game_950,30.23,Action,Multiplayer|Story Rich|Open World|Singleplayer,Windows,0.94,23469
100951,Game_951,16.05,Sports,Story Rich|Co-op,Linux|Windows,0.9,21311
100952,Game_952,19.07,Indie|Action,Competitive|Multiplayer|Co-op|Singleplayer,Linux|Windows,0.89,25598
100953,Game_953,41.41,Strategy,Competitive|Singleplayer,Windows|Linux|Mac,0.71,96525
100954,Game_954,57.98,Action|Simulation,Singleplayer|Story Rich,Linux|Windows,0.64,78522
100955,Game_955,25.84,Strategy|Sports|RPG,Multiplayer|Singleplayer,Mac|Windows|Linux,0.74,23562
100956,Game_956,28.54,Action|Strategy,Multiplayer|Singleplayer|Co-op|Competitive,Linux|Windows|Mac,0.66,8519
100957,Game_957,31.4,Adventure|Action,Competitive|Co-op|Story Rich|Multiplayer,Mac,0.72,43402
100958,Game_958,13.7,RPG|Action|Strategy,Singleplayer|Open World|Multiplayer|Story Rich,Mac|Linux,0.92,52353
100959,Game_959,12.44,Sports|Action|Simulation,Open World|Competitive,Mac,0.88,49422
100960,Game_960,7.99,Simulation,Multiplayer|Competitive|Open World|Story Rich,Linux,0.76,15870
100961,Game_961,52.67,Action,Co-op|Singleplayer|Competitive,Mac,0.91,45417
100962,Game_962,57.69,Simulation,Co-op|Story Rich|Multiplayer,Mac|Linux|Windows,0.81,70520
100963,Game_963,20.56,Indie,Co-op|Open World,Mac|Windows,0.91,37404
100964,Game_964,45.41,Action|Simulation,Singleplayer|Multiplayer,Windows|Linux|Mac,0.72,51727
100965,Game_965,53.96,Action,Singleplayer|Competitive,Windows|Mac|Linux,0.71,17433
100966,Game_966,35.34,Indie|Action|Sports,Singleplayer|Competitive,Linux|Mac,0.64,99312
100967,Game_967,55.15,Sports,Open World|Story Rich|Competitive|Co-op,Windows,0.71,66861
100968,Game_968,2.65,Action|Indie|RPG,Singleplayer|Co-op|Competitive|Open World,Linux,0.97,65526
100969,Game_969,50.07,Adventure|Sports|Strategy,Singleplayer|Story Rich|Open World,Windows|Mac|Linux,0.66,31641
100970,Game_970,2.59,Sports|Strategy|Adventure,Singleplayer|Open World|Story Rich|Multiplayer,Linux|Windows|Mac,0.67,20910
100971,Game_971,24.86,Adventure,Singleplayer|Multiplayer,Mac|Windows|Linux,0.74,94385
100972,Game_972,48.63,Indie,Open World|Competitive|Co-op|Singleplayer,Windows,0.95,90477
100973,Game_973,4.62,Simulation|Sports|RPG,Multiplayer|Competitive|Co-op,Mac,0.87,32969
100974,Game_974,55.54,Action|RPG,Co-op|Story Rich,Linux|Windows,0.8,3914
100975,Game_975,28.59,Simulation|Indie,Story Rich|Co-op|Open World,Linux|Mac,0.75,77750
100976,Game_976,4.97,Indie,Multiplayer|Singleplayer|Competitive|Story Rich,Linux,0.74,48097
100977,Game_977,20.01,Sports|Adventure|RPG,Competitive|Multiplayer,Mac,0.79,24233
100978,Game_978,49.53,Adventure,Competitive|Open World|Co-op,Windows|Mac|Linux,0.76,327
100979,Game_979,46.85,RPG,Singleplayer|Story Rich|Co-op,Linux|Windows|Mac,0.69,47604
100980,Game_980,48.49,RPG|Indie,Story Rich|Open World|Singleplayer|Multiplayer,Windows|Mac,0.82,66447
100981,Game_981,20.16,Simulation|Indie|RPG,Co-op|Story Rich|Competitive|Open World,Linux|Windows,0.79,10425
100982,Game_982,45.04,Simulation|Action,Singleplayer|Competitive,Linux|Windows,0.74,36332
100983,Game_983,37.02,RPG|Action,Co-op|Competitive|Singleplayer,Mac,0.97,7355
100984,Game_984,19.16,RPG|Adventure|Simulation,Singleplayer|Open World|Story Rich,Windows|Linux|Mac,0.68,68692
100985,Game_985,33.95,Indie|Simulation|Strategy,Competitive|Multiplayer|Co-op|Story Rich,Windows,0.78,12863
100986,Game_986,59.82,Indie|Sports|Simulation,Multiplayer|Singleplayer,Windows|Mac,0.78,43009
100987,Game_987,41.41,RPG,Story Rich|Multiplayer|Singleplayer|Competitive,Windows,0.91,99784
100988,Game_988,38.78,Adventure,Story Rich|Open World|Competitive|Singleplayer,Mac,0.67,18512
100989,Game_989,58.16,Sports,Singleplayer|Story Rich|Competitive|Multiplayer,Mac,0.96,98102
100990,Game_990,12.85,Adventure|Strategy,Multiplayer|Open World|Singleplayer,Linux,0.82,854
100991,Game_991,8.91,RPG|Sports,Multiplayer|Story Rich|Co-op|Competitive,Linux|Mac|Windows,0.66,87516
100992,Game_992,41.64,Adventure|Sports|RPG,Co-op|Singleplayer,Windows,0.9,78810
100993,Game_993,6.95,Strategy|RPG,Open World|Singleplayer,Linux|Mac|Windows,0.7,60472
100994,Game_994,55.46,RPG,Co-op|Multiplayer,Linux,0.79,53040
100995,Game_995,54.5,Action,Singleplayer|Multiplayer,Mac,0.68,72529
100996,Game_996,9.18,Indie|Sports,Singleplayer|Competitive|Story Rich,Mac|Linux,0.97,4583
100997,Game_997,21.35,Adventure|Action|Sports,Story Rich|Open World|Co-op,Linux|Windows|Mac,0.75,4139
100998,Game_998,14.87,Action|Simulation,Competitive|Co-op|Multiplayer,Mac,0.62,92535
100999,Game_999,40.57,RPG|Simulation,Story Rich|Multiplayer|Open World,Windows|Linux|Mac,0.91,36115
101000,Game_1000,45.65,Adventure|Strategy,Multiplayer|Singleplayer|Open World|Story Rich,Mac|Linux,0.73,19417
101001,Game_1001,28.9,Strategy|Action,Multiplayer|Co-op|Open World,Linux,0.92,3596
101002,Game_1002,1.72,Simulation|Sports|Action,Competitive|Singleplayer|Multiplayer,Windows,0.71,92815
101003,Game_1003,45.95,Strategy|RPG,Singleplayer|Story Rich,Mac|Linux,0.81,23277
101004,Game_1004,45.55,Action|Simulation|Indie,Story Rich|Co-op|Singleplayer,Mac,0.65,82903
101005,Game_1005,46.87,Indie|Strategy|Adventure,Multiplayer|Singleplayer|Co-op|Open World,Mac,0.73,29099
101006,Game_1006,57.88,Sports|Indie|Strategy,Singleplayer|Story Rich|Open World,Windows|Linux,0.92,76810
101007,Game_1007,36.27,Simulation|Adventure|Strategy,Co-op|Open World|Story Rich|Competitive,Linux|Mac|Windows,0.67,50820
101008,Game_1008,27.1,Sports|Simulation,Co-op|Open World,Windows|Mac,0.91,85292
101009,Game_1009,23.41,Sports|Strategy,Singleplayer|Story Rich,Mac|Linux,0.89,56438
101010,Game_1010,45.55,Adventure|Sports|Strategy,Co-op|Open World|Competitive,Windows|Mac,0.79,8346
101011,Game_1011,8.46,Adventure,Open World|Competitive,Linux,0.68,28067
101012,Game_1012,44.88,Indie|RPG|Strategy,Competitive|Multiplayer,Windows|Mac|Linux,0.85,43811
101013,Game_1013,38.56,Sports|Action|Adventure,Singleplayer|Competitive|Multiplayer|Co-op,Windows|Mac|Linux,0.6,65787
101014,Game_1014,46.75,Sports|Simulation|Action,Open World|Co-op,Linux|Mac|Windows,0.64,72098
101015,Game_1015,22.6,Strategy|Adventure|Sports,Open World|Story Rich|Co-op,Mac,0.65,44068
101016,Game_1016,50.75,Simulation|Adventure|Sports,Open World|Story Rich,Linux|Windows|Mac,0.78,78282
101017,Game_1017,27.25,Adventure|RPG,Story Rich|Co-op,Windows|Mac,0.87,15744
101018,Game_1018,3.5,Action,Multiplayer|Story Rich,Mac,0.71,44828
101019,Game_1019,14.83,Adventure,Story Rich|Singleplayer|Multiplayer|Co-op,Linux|Windows|Mac,0.89,39490
101020,Game_1020,20.74,Adventure|Sports|Simulation,Multiplayer|Singleplayer|Co-op|Open World,Windows|Mac,0.93,51719
101021,Game_1021,23.94,Strategy,Multiplayer|Co-op|Competitive|Singleplayer,Mac|Linux|Windows,0.66,75536
101022,Game_1022,33.1,RPG|Indie,Open World|Multiplayer,Mac|Linux,0.94,49546
101023,Game_1023,10.0,RPG|Action,Singleplayer|Co-op|Open World,Linux,0.65,57284
101024,Game_1024,2.46,Strategy,Competitive|Story Rich|Co-op|Open World,Windows|Linux|Mac,0.63,52808
101025,Game_1025,12.22,Simulation|Action,Story Rich|Multiplayer|Competitive,Mac|Windows|Linux,0.88,96561
101026,Game_1026,7.92,Adventure,Singleplayer|Competitive|Multiplayer|Open World,Windows|Linux,0.84,12853
101027,Game_1027,6.99,RPG|Adventure|Simulation,Multiplayer|Story Rich|Competitive|Co-op,Linux|Mac|Windows,0.72,8450
101028,Game_1028,33.32,RPG|Action,Multiplayer|Competitive|Open World,Linux,0.87,77319
101029,Game_1029,6.61,Action|Sports|Indie,Singleplayer|Story Rich|Competitive,Linux|Mac|Windows,0.88,30855
101030,Game_1030,22.99,Adventure,Story Rich|Singleplayer|Open World|Co-op,Windows|Mac,0.91,66118
101031,Game_1031,9.45,RPG|Simulation|Indie,Singleplayer|Competitive|Multiplayer,Mac,0.87,40360
101032,Game_1032,48.99,Sports|Simulation|Adventure,Multiplayer|Story Rich|Singleplayer|Competitive,Mac,0.97,88589
101033,Game_1033,1.57,Simulation|Adventure,Open World|Story Rich|Singleplayer|Multiplayer,Linux,0.63,46246
101034,Game_1034,27.93,Sports|Strategy,Competitive|Singleplayer|Multiplayer,Mac|Linux|Windows,0.98,2429
101035,Game_1035,53.24,Action|RPG,Multiplayer|Co-op|Story Rich|Competitive,Windows|Mac|Linux,0.63,97521
101036,Game_1036,11.65,Simulation|Indie,Competitive|Singleplayer|Multiplayer,Linux|Windows,0.92,58286
101037,Game_1037,38.05,Simulation|Sports,Singleplayer|Story Rich|Multiplayer,Linux,0.94,4717
101038,Game_1038,43.04,Strategy|Adventure|RPG,Singleplayer|Co-op|Story Rich|Open World,Mac,0.66,49938
101039,Game_1039,51.15,Simulation|Action|Strategy,Co-op|Open World,Mac,0.66,18569
101040,Game_1040,44.78,Sports|Strategy,Co-op|Open World|Multiplayer,Linux,0.73,86947
101041,Game_1041,42.14,Simulation|Strategy|Adventure,Open World|Singleplayer|Story Rich,Linux,0.77,55805
101042,Game_1042,18.03,Strategy|RPG|Adventure,Multiplayer|Story Rich|Competitive|Co-op,Linux|Mac|Windows,0.91,6064
101043,Game_1043,44.33,Adventure,Competitive|Co-op|Open World|Multiplayer,Windows|Linux|Mac,0.91,37896
101044,Game_1044,8.27,Adventure|Simulation,Multiplayer|Co-op|Open World,Linux,0.91,93094
101045,Game_1045,50.97,RPG|Indie,Multiplayer|Competitive|Open World,Windows|Mac,0.66,64911
101046,Game_1046,13.42,Indie|Adventure|Action,Singleplayer|Story Rich,Mac|Linux|Windows,0.72,95775
101047,Game_1047,31.48,Sports|Indie|RPG,Multiplayer|Story Rich|Open World|Singleplayer,Linux|Windows|Mac,0.9,67486
101048,Game_1048,28.65,RPG|Sports,Multiplayer|Open World|Co-op|Singleplayer,Windows,0.86,57893
101049,Game_1049,24.42,Sports|Indie|Adventure,Competitive|Open World,Linux|Windows|Mac,0.95,52210
101050,Game_1050,32.2,Simulation,Competitive|Co-op|Open World|Multiplayer,Mac|Windows|Linux,0.69,83876
101051,Game_1051,9.12,Sports,Competitive|Singleplayer|Open World,Mac|Linux|Windows,0.97,65048
101052,Game_1052,11.85,Indie|Adventure|Strategy,Multiplayer|Open World|Story Rich,Mac|Linux|Windows,0.77,27590
101053,Game_1053,54.1,Action,Competitive|Singleplayer,Mac,0.64,42811
101054,Game_1054,50.27,Adventure|Simulation,Singleplayer|Open World,Linux|Mac,0.71,62074
101055,Game_1055,1.12,Adventure|Simulation|Indie,Multiplayer|Story Rich|Singleplayer,Linux,0.61,78215
101056,Game_1056,17.21,Adventure|RPG,Co-op|Competitive,Windows|Linux,0.61,43600
101057,Game_1057,40.37,Adventure|RPG,Singleplayer|Multiplayer|Competitive|Open World,Mac,0.62,45238
101058,Game_1058,24.36,Strategy,Competitive|Multiplayer|Story Rich,Linux|Mac|Windows,0.94,15093
101059,Game_1059,31.28,Sports|Simulation,Competitive|Story Rich|Singleplayer,Linux|Mac,0.73,5280
101060,Game_1060,59.2,Sports|Adventure,Competitive|Open World|Story Rich|Multiplayer,Mac,0.78,63746
101061,Game_1061,31.3,Simulation,Competitive|Multiplayer|Co-op,Linux|Mac,0.96,32288
101062,Game_1062,1.13,Action|Simulation|Adventure,Co-op|Singleplayer,Mac,0.88,24562
101063,Game_1063,18.21,Action|Indie,Competitive|Multiplayer,Mac|Windows|Linux,0.79,49371
101064,Game_1064,31.03,Sports|Action,Open World|Multiplayer|Story Rich,Mac|Linux,0.62,44763
101065,Game_1065,3.82,Sports|RPG|Simulation,Singleplayer|Multiplayer|Competitive|Story Rich,Linux|Mac|Windows,0.71,99323
101066,Game_1066,3.71,Strategy|Sports,Open World|Co-op,Mac,0.65,27981
101067,Game_1067,46.06,Sports,Story Rich|Singleplayer|Co-op,Mac|Windows|Linux,0.92,90615
101068,Game_1068,3.62,RPG|Strategy|Action,Singleplayer|Story Rich,Windows|Linux,0.68,46054
101069,Game_1069,59.96,Simulation|Action|Adventure,Co-op|Singleplayer,Windows,0.75,29569
101070,Game_1070,7.48,RPG,Competitive|Co-op,Mac|Linux,0.88,69945
101071,Game_1071,36.24,Simulation,Open World|Story Rich|Co-op|Multiplayer,Windows|Linux,0.77,53627
101072,Game_1072,48.52,Sports|Indie|RPG,Open World|Singleplayer|Competitive,Linux|Windows,0.69,70661
101073,Game_1073,44.8,Simulation|RPG,Story Rich|Singleplayer|Competitive|Co-op,Windows|Mac,0.96,68777
101074,Game_1074,17.11,Indie|RPG|Action,Co-op|Multiplayer|Story Rich|Singleplayer,Mac|Linux,0.67,28986
101075,Game_1075,20.79,RPG,Competitive|Story Rich|Co-op,Mac|Linux,0.84,33248
101076,Game_1076,22.46,Indie,Multiplayer|Singleplayer|Competitive,Mac|Linux|Windows,0.66,99792
101077,Game_1077,23.58,Adventure|Strategy|Simulation,Open World|Co-op|Multiplayer,Windows|Linux|Mac,0.72,35703
101078,Game_1078,40.71,Strategy|RPG,Story Rich|Singleplayer,Windows|Linux,0.9,23266
101079,Game_1079,48.68,Indie|Adventure|RPG,Story Rich|Multiplayer|Singleplayer|Co-op,Windows|Linux|Mac,0.62,35301
101080,Game_1080,6.18,Adventure|Simulation|Strategy,Story Rich|Singleplayer|Competitive,Windows|Linux,0.95,35876
101081,Game_1081,27.23,Adventure|Simulation,Open World|Story Rich,Mac,0.7,23169
101082,Game_1082,47.14,Strategy|Adventure,Story Rich|Multiplayer,Linux|Mac,0.74,30526
101083,Game_1083,39.21,Indie|Simulation,Story Rich|Open World,Linux,0.87,16883
101084,Game_1084,6.92,Action,Story Rich|Open World|Competitive|Singleplayer,Mac|Windows,0.66,77853
101085,Game_1085,14.11,RPG,Multiplayer|Story Rich,Linux|Windows|Mac,0.91,27578
101086,Game_1086,33.18,Action|Indie|RPG,Singleplayer|Competitive|Multiplayer,Linux|Mac,0.97,77960
101087,Game_1087,54.82,Action,Story Rich|Open World|Multiplayer,Windows|Linux,0.64,99729
101088,Game_1088,45.52,RPG,Co-op|Story Rich|Multiplayer|Open World,Linux,0.64,63002
101089,Game_1089,8.35,Sports|Strategy|RPG,Open World|Story Rich,Linux|Mac|Windows,0.89,71293
101090,Game_1090,3.22,RPG|Adventure,Story Rich|Open World|Singleplayer|Co-op,Windows,0.85,48781
101091,Game_1091,41.47,RPG|Indie|Strategy,Singleplayer|Competitive|Co-op,Linux,0.69,34452
101092,Game_1092,43.55,Strategy|Indie,Competitive|Story Rich,Windows|Linux,0.96,64002
101093,Game_1093,58.78,RPG|Indie,Open World|Competitive|Singleplayer,Linux|Windows,0.88,7609
101094,Game_1094,41.34,Simulation,Singleplayer|Open World|Story Rich,Windows|Mac,0.76,59820
101095,Game_1095,34.76,Simulation|Strategy|Indie,Multiplayer|Co-op|Singleplayer|Open World,Linux|Windows|Mac,0.77,27940
101096,Game_1096,30.91,Adventure|Simulation|Indie,Multiplayer|Story Rich|Competitive|Co-op,Windows,0.74,95006
101097,Game_1097,18.29,Adventure,Open World|Competitive|Multiplayer,Mac|Windows,0.98,90027
101098,Game_1098,58.11,Action|RPG,Singleplayer|Multiplayer,Mac|Windows|Linux,0.81,59805
101099,Game_1099,47.49,Simulation|Adventure,Co-op|Singleplayer|Open World|Story Rich,Windows|Linux,0.83,95679
101100,Game_1100,58.65,Adventure,Open World|Singleplayer|Multiplayer|Story Rich,Mac,0.78,33266
101101,Game_1101,26.76,RPG|Adventure|Sports,Open World|Singleplayer|Competitive,Windows|Mac|Linux,0.84,10154
101102,Game_1102,5.22,RPG|Strategy|Action,Story Rich|Competitive,Mac|Windows|Linux,0.86,56257
101103,Game_1103,22.41,Action|Simulation,Competitive|Singleplayer,Linux|Mac|Windows,0.73,33984
101104,Game_1104,43.94,Sports|Action|Strategy,Open World|Story Rich|Competitive|Co-op,Linux,0.87,69486
101105,Game_1105,29.86,RPG,Singleplayer|Story Rich|Co-op,Mac,0.65,29425
101106,Game_1106,32.28,Sports,Story Rich|Competitive|Multiplayer,Linux|Mac,0.66,61238
101107,Game_1107,14.25,Indie,Multiplayer|Singleplayer|Story Rich,Windows|Mac,0.74,22577
101108,Game_1108,1.64,Strategy|Action|Simulation,Competitive|Co-op|Story Rich,Windows,0.92,9459
101109,Game_1109,34.82,RPG,Multiplayer|Story Rich,Windows,0.69,21267
101110,Game_1110,51.06,Adventure|Indie,Multiplayer|Story Rich|Open World,Mac|Windows|Linux,0.98,24743
101111,Game_1111,44.6,Action,Multiplayer|Open World|Story Rich|Singleplayer,Linux|Mac,0.96,50961
101112,Game_1112,12.47,Sports|Adventure,Singleplayer|Co-op|Story Rich,Linux|Mac|Windows,0.93,45113
101113,Game_1113,57.74,Adventure|Indie,Multiplayer|Competitive,Mac|Windows,0.73,57127
101114,Game_1114,45.01,Sports|RPG|Indie,Competitive|Multiplayer|Story Rich,Windows|Linux,0.86,12390
101115,Game_1115,5.54,Adventure|RPG|Strategy,Story Rich|Singleplayer,Mac|Windows|Linux,0.63,63050
101116,Game_1116,6.92,Strategy|Simulation|Sports,Singleplayer|Multiplayer|Competitive|Co-op,Mac|Windows,0.68,71190
101117,Game_1117,44.12,Simulation,Story Rich|Multiplayer|Singleplayer|Co-op,Windows|Linux|Mac,0.62,77576
101118,Game_1118,24.05,Action|Simulation,Story Rich|Singleplayer|Open World,Linux|Mac,0.95,67652
101119,Game_1119,19.44,Action|Adventure|Sports,Open World|Singleplayer|Competitive,Mac,0.68,38995
101120,Game_1120,56.51,Indie,Story Rich|Competitive|Co-op|Singleplayer,Mac|Linux,0.72,20590
101121,Game_1121,53.68,Adventure|Sports|Simulation,Competitive|Story Rich|Singleplayer,Windows|Linux|Mac,0.77,16719
101122,Game_1122,52.25,Adventure,Co-op|Story Rich,Windows|Mac|Linux,0.93,27164
101123,Game_1123,21.27,Adventure|Sports,Story Rich|Open World|Singleplayer,Windows|Linux|Mac,0.77,11109
101124,Game_1124,37.95,Indie|Simulation|Strategy,Story Rich|Multiplayer,Mac|Linux|Windows,0.78,13557
101125,Game_1125,40.37,RPG,Open World|Story Rich|Competitive,Linux|Mac|Windows,0.63,60491
101126,Game_1126,41.8,RPG|Indie,Competitive|Singleplayer|Open World,Windows|Mac|Linux,0.94,28280
101127,Game_1127,11.6,RPG|Action,Multiplayer|Story Rich|Singleplayer|Open World,Linux|Mac|Windows,0.73,34908
101128,Game_1128,53.99,Indie|Strategy,Singleplayer|Co-op|Multiplayer,Mac,0.95,92822
101129,Game_1129,18.86,Strategy|Sports,Co-op|Story Rich,Windows|Linux,0.83,98265
101130,Game_1130,56.91,Strategy|Adventure|RPG,Competitive|Multiplayer,Mac|Windows|Linux,0.95,41305
101131,Game_1131,22.43,Indie|RPG|Adventure,Co-op|Multiplayer|Singleplayer|Story Rich,Linux,0.83,47823
101132,Game_1132,2.4,Indie,Open World|Multiplayer|Singleplayer,Windows|Linux|Mac,0.72,96158
101133,Game_1133,34.1,RPG|Sports,Co-op|Multiplayer,Windows|Mac|Linux,0.66,99950
101134,Game_1134,21.31,Indie|Simulation|Sports,Multiplayer|Story Rich|Singleplayer|Co-op,Linux,0.64,38443
101135,Game_1135,43.24,Adventure|Strategy|Simulation,Singleplayer|Open World|Competitive|Multiplayer,Mac|Windows,0.66,88502
101136,Game_1136,14.8,RPG|Adventure,Story Rich|Multiplayer|Singleplayer,Mac|Linux|Windows,0.8,77475
101137,Game_1137,45.05,Simulation|Adventure,Singleplayer|Competitive|Open World,Linux|Mac|Windows,0.95,43866
101138,Game_1138,51.34,Indie|Action,Open World|Story Rich|Co-op|Singleplayer,Mac,0.76,5899
101139,Game_1139,40.36,Indie|Action|Strategy,Singleplayer|Open World|Story Rich|Competitive,Windows|Linux,0.8,44849
101140,Game_1140,18.64,Sports|Indie|RPG,Multiplayer|Singleplayer,Windows,0.63,50061
101141,Game_1141,22.46,Simulation|Action,Singleplayer|Co-op|Competitive|Story Rich,Mac|Windows,0.97,91676
101142,Game_1142,27.51,Adventure|Indie|Sports,Story Rich|Co-op,Windows|Linux|Mac,0.71,35552
101143,Game_1143,10.85,RPG|Adventure|Sports,Competitive|Singleplayer,Mac,0.9,79273
101144,Game_1144,5.89,Simulation,Competitive|Open World|Multiplayer,Linux,0.75,89139
101145,Game_1145,23.97,Strategy|Simulation,Open World|Story Rich,Windows|Linux,0.82,906
101146,Game_1146,49.14,Action|Indie|Simulation,Story Rich|Open World|Competitive|Co-op,Mac|Windows|Linux,0.8,55181
101147,Game_1147,0.21,RPG|Action|Simulation,Open World|Competitive,Windows,0.86,46095
101148,Game_1148,20.45,Action,Multiplayer|Open World,Windows|Mac,0.84,85345
101149,Game_1149,32.79,Adventure,Co-op|Singleplayer,Windows,0.68,91312
101150,Game_1150,18.88,Adventure|Simulation|Indie,Co-op|Multiplayer|Competitive|Story Rich,Windows,0.93,15636
101151,Game_1151,35.5,Adventure,Singleplayer|Multiplayer,Mac,0.63,78950
101152,Game_1152,53.25,Action|Indie,Open World|Competitive,Mac|Linux|Windows,0.95,84160
101153,Game_1153,1.75,Simulation|Action|RPG,Multiplayer|Singleplayer|Story Rich,Windows,0.91,31532
101154,Game_1154,55.65,Action|Adventure,Co-op|Singleplayer|Story Rich,Linux,0.74,11140
101155,Game_1155,49.64,Action|Adventure|Simulation,Multiplayer|Open World,Windows,0.77,64699
101156,Game_1156,33.17,Strategy|Adventure,Story Rich|Multiplayer|Competitive|Open World,Windows|Mac,0.86,14725
101157,Game_1157,55.78,Indie|Sports|Adventure,Multiplayer|Story Rich|Co-op,Mac|Linux,0.74,93133
101158,Game_1158,32.59,Sports|Action,Competitive|Open World|Story Rich,Linux|Mac,0.9,83792
101159,Game_1159,36.78,Indie,Multiplayer|Open World|Singleplayer,Linux|Windows|Mac,0.61,24909
101160,Game_1160,59.11,Sports|Indie|Action,Competitive|Singleplayer|Story Rich,Mac|Windows|Linux,0.84,84743
101161,Game_1161,50.22,RPG|Sports|Adventure,Multiplayer|Competitive|Story Rich,Mac,0.91,98916
101162,Game_1162,23.95,Indie,Open World|Singleplayer|Story Rich,Windows,0.83,66707
101163,Game_1163,8.86,RPG|Strategy|Sports,Open World|Story Rich|Co-op,Linux,0.84,4200
101164,Game_1164,24.35,Simulation|Sports|Indie,Multiplayer|Singleplayer|Open World|Story Rich,Linux|Windows,0.81,46519
101165,Game_1165,19.72,Indie|Strategy,Competitive|Co-op|Multiplayer|Story Rich,Mac,0.66,68063
101166,Game_1166,56.9,Strategy|Indie|Action,Multiplayer|Open World|Co-op|Singleplayer,Mac|Windows|Linux,0.76,85467
101167,Game_1167,37.78,RPG|Indie|Action,Story Rich|Multiplayer|Singleplayer,Mac|Linux,0.76,75577
101168,Game_1168,0.77,Simulation,Singleplayer|Story Rich,Windows,0.95,27954
101169,Game_1169,48.85,Sports|Strategy,Competitive|Singleplayer,Mac|Linux|Windows,0.96,9149
101170,Game_1170,58.3,Sports|Indie,Singleplayer|Open World|Story Rich,Windows|Mac|Linux,0.91,2996
101171,Game_1171,8.88,Strategy|Sports|Indie,Singleplayer|Open World|Multiplayer|Co-op,Mac|Linux|Windows,0.65,8133
101172,Game_1172,48.08,Adventure|Simulation|RPG,Co-op|Multiplayer|Competitive|Singleplayer,Mac,0.81,98586
101173,Game_1173,23.71,Indie,Open World|Competitive|Story Rich|Singleplayer,Linux|Mac,0.68,75802
101174,Game_1174,46.16,Strategy|Indie,Open World|Co-op|Competitive,Mac|Linux,0.72,81997
101175,Game_1175,34.61,Adventure|Sports,Co-op|Story Rich|Competitive|Multiplayer,Linux|Mac|Windows,0.87,72666
101176,Game_1176,0.1,Simulation|Strategy|Action,Open World|Co-op|Competitive|Singleplayer,Linux|Windows|Mac,0.95,95876
101177,Game_1177,52.94,RPG|Action,Co-op|Open World|Singleplayer|Competitive,Windows|Mac,0.72,68582
101178,Game_1178,10.62,Indie,Multiplayer|Open World,Windows|Linux|Mac,0.96,38936
101179,Game_1179,11.26,Strategy,Open World|Multiplayer,Mac|Windows|Linux,0.71,56555
101180,Game_1180,3.44,Sports,Singleplayer|Open World|Co-op|Story Rich,Mac|Windows,0.76,10291
101181,Game_1181,31.69,Indie,Story Rich|Multiplayer,Mac|Linux,0.74,40102
101182,Game_1182,48.4,Sports|Indie|RPG,Open World|Competitive,Windows|Linux|Mac,0.71,80874
101183,Game_1183,21.53,Sports|Strategy|Adventure,Co-op|Competitive,Linux|Mac,0.64,4219
101184,Game_1184,6.94,Strategy,Story Rich|Competitive,Windows|Mac|Linux,0.8,59321
101185,Game_1185,57.15,Strategy|Adventure,Open World|Co-op|Multiplayer|Singleplayer,Linux,0.7,94275
101186,Game_1186,10.26,Sports|Strategy,Singleplayer|Multiplayer|Story Rich|Open World,Mac|Windows|Linux,0.66,52181
101187,Game_1187,13.4,Adventure|Indie|RPG,Competitive|Story Rich|Singleplayer|Co-op,Linux|Mac|Windows,0.65,35750
101188,Game_1188,56.65,Strategy|Adventure,Open World|Multiplayer|Co-op|Story Rich,Linux|Mac,0.75,72903
101189,Game_1189,33.73,Adventure|RPG|Simulation,Competitive|Story Rich|Singleplayer|Co-op,Linux|Mac,0.88,30845
101190,Game_1190,26.95,RPG|Simulation|Strategy,Singleplayer|Co-op|Competitive,Linux|Windows,0.74,41039
101191,Game_1191,9.22,Action|Simulation|Indie,Singleplayer|Story Rich|Multiplayer|Competitive,Windows|Linux|Mac,0.66,65344
101192,Game_1192,43.24,RPG|Adventure|Sports,Co-op|Multiplayer|Open World,Linux|Windows|Mac,0.95,12166
101193,Game_1193,38.61,Strategy|Simulation|RPG,Singleplayer|Competitive|Story Rich|Co-op,Mac,0.81,53776
101194,Game_1194,9.74,Action|Sports,Story Rich|Open World,Mac,0.88,74616
101195,Game_1195,17.71,Simulation|Indie|RPG,Singleplayer|Co-op|Open World|Competitive,Linux|Mac,0.93,50953
101196,Game_1196,21.52,Strategy,Competitive|Story Rich|Singleplayer|Open World,Linux,0.79,23087
101197,Game_1197,59.4,Action,Story Rich|Co-op|Singleplayer,Linux,0.86,77485
101198,Game_1198,1.94,Adventure,Singleplayer|Story Rich,Windows|Mac|Linux,0.62,92174
101199,Game_1199,46.31,Sports|Adventure,Open World|Story Rich|Co-op,Mac|Linux,0.9,13422
101200,Game_1200,23.75,Sports|Action|Adventure,Open World|Singleplayer|Story Rich|Competitive,Mac,0.86,16808
101201,Game_1201,32.88,RPG|Adventure|Sports,Open World|Co-op,Mac|Linux,0.72,61766
101202,Game_1202,37.27,Simulation|Strategy,Singleplayer|Co-op,Windows,0.66,7456
101203,Game_1203,56.86,RPG|Action|Strategy,Singleplayer|Co-op|Story Rich|Competitive,Windows|Linux,0.87,61584
101204,Game_1204,44.06,Action,Competitive|Singleplayer|Story Rich,Windows|Linux|Mac,0.95,94687
101205,Game_1205,38.98,Sports|Simulation|Adventure,Co-op|Story Rich|Open World,Linux|Mac,0.85,44360
101206,Game_1206,10.37,Strategy,Co-op|Competitive,Linux|Mac|Windows,0.83,3800
101207,Game_1207,14.86,Adventure|Strategy|Action,Open World|Multiplayer|Competitive|Singleplayer,Mac|Linux,0.9,28136
101208,Game_1208,10.42,Simulation|Indie,Co-op|Competitive|Multiplayer,Windows|Mac|Linux,0.78,5876
101209,Game_1209,21.78,Sports,Competitive|Singleplayer,Linux|Windows,0.92,51041
101210,Game_1210,9.55,Indie|Strategy,Multiplayer|Singleplayer|Story Rich|Open World,Linux|Windows|Mac,0.95,21796
101211,Game_1211,46.35,Strategy,Competitive|Story Rich|Multiplayer|Singleplayer,Windows|Mac,0.77,12602
101212,Game_1212,46.94,Adventure,Competitive|Multiplayer|Co-op,Windows|Mac|Linux,0.76,79825
101213,Game_1213,37.27,Action,Open World|Multiplayer|Competitive,Linux|Windows,0.92,33677
101214,Game_1214,45.48,RPG|Strategy|Sports,Singleplayer|Competitive,Windows|Mac,0.63,21292
101215,Game_1215,58.84,Sports|Strategy|Adventure,Co-op|Open World,Mac|Linux|Windows,0.95,84114
101216,Game_1216,21.87,Adventure|Action|RPG,Competitive|Open World,Mac,0.62,3147
101217,Game_1217,3.39,Sports,Co-op|Open World|Story Rich|Competitive,Linux,0.65,46197
101218,Game_1218,20.58,Action|Indie|RPG,Story Rich|Singleplayer|Co-op|Competitive,Linux|Mac,0.61,5950
101219,Game_1219,19.91,Adventure|RPG|Indie,Competitive|Open World|Multiplayer,Mac,0.87,15999
101220,Game_1220,59.73,Simulation|RPG|Adventure,Open World|Multiplayer|Competitive,Linux,0.7,43704
101221,Game_1221,9.21,Indie,Multiplayer|Competitive|Open World,Mac,0.77,9396
101222,Game_1222,58.48,Adventure|Indie|Strategy,Co-op|Singleplayer|Competitive,Linux,0.86,76049
101223,Game_1223,10.54,Sports|Indie|Action,Singleplayer|Open World|Co-op|Multiplayer,Mac,0.64,27970
101224,Game_1224,46.34,Strategy,Singleplayer|Co-op|Story Rich,Mac|Windows|Linux,0.85,14660
101225,Game_1225,1.85,Action,Singleplayer|Story Rich,Linux|Mac,0.87,98519
101226,Game_1226,8.11,Strategy,Competitive|Open World|Co-op|Singleplayer,Windows|Mac,0.65,5150
101227,Game_1227,3.14,Sports|Strategy,Open World|Story Rich|Co-op,Mac,0.84,9623
101228,Game_1228,0.97,Action|RPG,Co-op|Multiplayer,Windows|Mac,0.77,81597
101229,Game_1229,26.91,Strategy|Action,Multiplayer|Singleplayer|Story Rich|Open World,Windows|Linux,0.67,37128
101230,Game_1230,25.41,Sports|RPG,Competitive|Multiplayer,Linux|Windows|Mac,0.7,81708
101231,Game_1231,46.94,Simulation,Competitive|Singleplayer,Windows|Mac,0.7,10854
101232,Game_1232,21.61,Simulation|Strategy|Sports,Story Rich|Singleplayer,Linux,0.81,65939
101233,Game_1233,39.4,Adventure|Indie,Singleplayer|Open World,Windows|Mac|Linux,0.61,72404
101234,Game_1234,31.67,Action|Indie|Strategy,Co-op|Competitive|Open World,Linux|Mac|Windows,0.75,55878
101235,Game_1235,13.12,Sports|Strategy,Singleplayer|Competitive,Mac|Linux,0.82,8726
101236,Game_1236,51.69,Simulation,Co-op|Competitive|Multiplayer|Singleplayer,Linux|Windows|Mac,0.75,44564
101237,Game_1237,27.23,Sports,Story Rich|Open World|Singleplayer,Linux,0.87,71481
101238,Game_1238,38.98,Adventure|Indie|Strategy,Competitive|Open World,Mac|Linux|Windows,0.96,53583
101239,Game_1239,10.81,Sports|Indie,Co-op|Story Rich|Competitive,Linux,0.97,86792
101240,Game_1240,33.72,Simulation|Sports|Indie,Multiplayer|Singleplayer|Competitive,Mac|Windows,0.87,31783
101241,Game_1241,31.5,Strategy|Indie|Adventure,Co-op|Open World|Multiplayer,Windows|Mac|Linux,0.9,89538
101242,Game_1242,42.29,Strategy,Open World|Multiplayer,Windows,0.71,27595
101243,Game_1243,4.43,Simulation,Open World|Co-op|Multiplayer|Story Rich,Mac,0.84,56855
101244,Game_1244,27.59,Indie|Action,Co-op|Open World|Story Rich|Competitive,Windows|Linux|Mac,0.7,68694
101245,Game_1245,46.2,RPG|Strategy|Adventure,Multiplayer|Competitive|Singleplayer,Mac,0.92,67939
101246,Game_1246,53.92,Adventure|Action,Open World|Co-op|Competitive|Story Rich,Windows,0.71,94339
101247,Game_1247,48.51,Adventure|Indie,Story Rich|Co-op|Singleplayer|Competitive,Windows,0.84,79128
101248,Game_1248,30.77,Simulation|Strategy,Singleplayer|Multiplayer|Open World,Linux,0.83,24727
101249,Game_1249,41.65,Indie,Competitive|Open World|Multiplayer|Singleplayer,Windows|Linux,0.71,71350
101250,Game_1250,9.13,Strategy|Adventure|RPG,Co-op|Story Rich|Competitive,Linux|Mac,0.88,43513
101251,Game_1251,50.71,Action|Strategy|Indie,Competitive|Multiplayer|Open World|Co-op,Windows,0.79,60752
101252,Game_1252,32.0,RPG|Simulation|Action,Competitive|Co-op|Story Rich,Linux|Windows,0.64,79133
101253,Game_1253,32.49,Strategy|Action|Indie,Open World|Competitive|Singleplayer|Co-op,Mac|Linux|Windows,0.84,64654
101254,Game_1254,54.27,RPG,Multiplayer|Competitive|Story Rich|Open World,Windows|Mac|Linux,0.81,85101
101255,Game_1255,46.16,Simulation,Story Rich|Multiplayer|Competitive|Co-op,Linux,0.69,40588
101256,Game_1256,36.67,Simulation|Strategy,Story Rich|Singleplayer|Multiplayer|Co-op,Mac|Linux,0.64,9274
101257,Game_1257,41.59,Strategy|Sports,Singleplayer|Open World,Windows,0.68,68252
101258,Game_1258,45.47,Sports|Action|RPG,Singleplayer|Multiplayer,Linux,0.78,1118
101259,Game_1259,40.44,Action,Singleplayer|Competitive|Multiplayer,Mac,0.87,12971
101260,Game_1260,9.28,Adventure,Competitive|Open World,Windows|Linux|Mac,0.65,95116
101261,Game_1261,8.53,RPG|Sports|Adventure,Co-op|Competitive|Open World,Mac,0.64,3831
101262,Game_1262,52.77,Indie|Simulation,Competitive|Co-op,Mac|Windows,0.61,38484
101263,Game_1263,21.47,Indie|RPG,Co-op|Competitive|Singleplayer|Story Rich,Mac,0.83,31725
101264,Game_1264,20.54,Strategy,Co-op|Open World|Competitive|Singleplayer,Linux,0.87,8599
101265,Game_1265,8.1,RPG|Sports,Story Rich|Open World|Competitive|Multiplayer,Linux|Mac|Windows,0.7,36420
101266,Game_1266,42.81,Indie|Adventure,Singleplayer|Multiplayer|Co-op|Open World,Mac,0.7,50337
101267,Game_1267,11.22,RPG|Sports,Competitive|Co-op,Linux|Mac|Windows,0.78,55906
101268,Game_1268,26.72,Sports,Multiplayer|Story Rich,Mac|Windows|Linux,0.94,75816
101269,Game_1269,23.91,Simulation|Adventure,Competitive|Singleplayer|Multiplayer|Co-op,Mac|Linux|Windows,0.74,91139
101270,Game_1270,35.87,Simulation|Adventure,Competitive|Story Rich|Singleplayer|Open World,Linux,0.62,33857
101271,Game_1271,35.72,Strategy|Action|Indie,Open World|Multiplayer|Competitive|Story Rich,Windows|Linux|Mac,0.92,78827
101272,Game_1272,11.85,Simulation,Singleplayer|Story Rich|Co-op,Mac|Linux|Windows,0.64,57358
101273,Game_1273,27.83,Sports|Indie|Action,Multiplayer|Competitive|Co-op,Windows|Mac|Linux,0.74,44960
101274,Game_1274,9.52,Simulation|Strategy,Co-op|Multiplayer,Windows|Mac|Linux,0.98,67890
101275,Game_1275,12.35,Sports,Competitive|Co-op|Story Rich,Linux,0.84,93998
101276,Game_1276,6.68,Sports|Simulation,Multiplayer|Competitive,Linux|Mac|Windows,0.93,25440
101277,Game_1277,31.83,Action|Indie|RPG,Story Rich|Competitive,Linux,0.76,69082
101278,Game_1278,27.37,Indie|RPG,Multiplayer|Story Rich|Competitive,Mac,0.83,40157
101279,Game_1279,20.93,Sports|Action,Singleplayer|Story Rich,Mac|Windows|Linux,0.79,7233
101280,Game_1280,18.06,Indie,Competitive|Co-op,Windows,0.64,82420
101281,Game_1281,13.75,Action|Strategy,Competitive|Story Rich|Singleplayer,Windows,0.93,30391
101282,Game_1282,46.72,Strategy,Competitive|Story Rich,Linux|Mac|Windows,0.73,9810
101283,Game_1283,52.75,Indie|Sports|Simulation,Story Rich|Co-op,Mac|Windows,0.92,42642
101284,Game_1284,43.44,Sports|RPG|Simulation,Competitive|Multiplayer|Co-op|Singleplayer,Windows,0.94,89550
101285,Game_1285,35.34,Indie|RPG|Action,Open World|Story Rich|Singleplayer,Mac|Linux,0.9,95272
101286,Game_1286,5.54,Simulation|Strategy,Co-op|Story Rich,Windows|Linux|Mac,0.85,61362
101287,Game_1287,48.01,RPG|Strategy,Co-op|Open World,Linux|Mac,0.81,9098
101288,Game_1288,5.69,Adventure|Action,Story Rich|Singleplayer|Multiplayer,Mac,0.95,40863
101289,Game_1289,14.91,Simulation|Indie,Singleplayer|Multiplayer|Story Rich,Windows|Linux,0.98,45641
101290,Game_1290,49.55,Simulation|RPG,Co-op|Singleplayer,Mac|Linux,0.81,58932
101291,Game_1291,12.19,Sports|Indie,Singleplayer|Competitive|Open World,Linux|Windows|Mac,0.88,95728
101292,Game_1292,35.66,Action,Open World|Competitive|Singleplayer|Co-op,Mac|Windows,0.71,76052
101293,Game_1293,34.84,Indie,Multiplayer|Open World,Mac|Windows|Linux,0.76,74933
101294,Game_1294,42.38,Adventure|Simulation,Competitive|Story Rich,Mac|Windows,0.79,74148
101295,Game_1295,23.03,Indie,Singleplayer|Competitive|Open World|Multiplayer,Linux|Mac,0.83,24270
101296,Game_1296,31.88,Action|Strategy|RPG,Story Rich|Singleplayer|Open World|Co-op,Linux,0.78,32121
101297,Game_1297,39.69,Indie|Action,Singleplayer|Multiplayer|Open World,Mac|Linux,0.7,8637
101298,Game_1298,34.04,Action|Indie,Competitive|Story Rich|Co-op|Singleplayer,Linux,0.76,18928
101299,Game_1299,57.64,Simulation|RPG|Indie,Open World|Singleplayer,Linux,0.95,13533
101300,Game_1300,42.28,Strategy|Indie,Story Rich|Open World|Co-op,Windows|Linux,0.66,52628
101301,Game_1301,38.02,Sports,Singleplayer|Open World|Multiplayer|Co-op,Linux,0.79,50799
101302,Game_1302,29.38,RPG|Sports,Singleplayer|Competitive|Story Rich|Open World,Windows|Linux|Mac,0.67,81305
101303,Game_1303,17.26,Strategy|Action|RPG,Open World|Competitive,Windows|Mac,0.66,18992
101304,Game_1304,33.83,Sports|Strategy|Action,Co-op|Singleplayer,Linux|Mac|Windows,0.64,14683
101305,Game_1305,45.73,Sports,Story Rich|Competitive|Singleplayer|Open World,Linux|Mac|Windows,0.86,50419
101306,Game_1306,29.98,Indie|RPG|Sports,Co-op|Multiplayer|Open World|Story Rich,Linux|Mac|Windows,0.83,76237
101307,Game_1307,39.5,Indie|RPG|Simulation,Competitive|Story Rich|Co-op|Multiplayer,Mac|Linux|Windows,0.75,26799
101308,Game_1308,39.8,RPG|Action,Open World|Competitive|Multiplayer|Singleplayer,Mac,0.85,37256
101309,Game_1309,4.85,Indie|Strategy,Co-op|Competitive|Open World,Windows,0.9,33498
101310,Game_1310,19.84,Sports|Strategy,Competitive|Multiplayer,Linux|Mac,0.73,37958
101311,Game_1311,47.17,Simulation|Action|Adventure,Open World|Singleplayer|Multiplayer|Competitive,Mac|Linux,0.84,83339
101312,Game_1312,30.09,Action,Co-op|Singleplayer|Multiplayer,Windows,0.83,56428
101313,Game_1313,49.59,Strategy,Singleplayer|Co-op|Open World|Story Rich,Linux,0.79,70553
101314,Game_1314,42.53,RPG|Action,Co-op|Multiplayer,Windows|Linux,0.96,45460
101315,Game_1315,44.43,Sports,Story Rich|Co-op,Mac|Windows|Linux,0.92,23116
101316,Game_1316,45.07,Adventure,Competitive|Singleplayer|Co-op|Multiplayer,Windows,0.63,28660
101317,Game_1317,10.71,Simulation,Story Rich|Competitive|Multiplayer,Mac|Windows|Linux,0.95,49977
101318,Game_1318,51.35,RPG|Sports|Strategy,Open World|Singleplayer|Multiplayer|Co-op,Linux|Mac|Windows,0.64,41049
101319,Game_1319,20.29,Strategy|Simulation|Action,Story Rich|Co-op|Competitive|Multiplayer,Mac,0.89,40716
101320,Game_1320,7.52,Adventure|Strategy|RPG,Story Rich|Open World|Co-op,Mac,0.63,75519
101321,Game_1321,23.41,RPG|Indie,Competitive|Multiplayer|Co-op|Story Rich,Windows,0.68,71222
101322,Game_1322,47.59,Action|RPG|Simulation,Co-op|Multiplayer|Singleplayer|Story Rich,Windows|Linux|Mac,0.96,39791
101323,Game_1323,46.43,Indie|Sports,Competitive|Co-op|Open World|Story Rich,Mac|Linux,0.78,94435
101324,Game_1324,19.55,Simulation,Story Rich|Competitive|Co-op,Windows|Linux,0.65,68822
101325,Game_1325,58.84,Action|Strategy,Open World|Co-op|Competitive,Linux|Mac|Windows,0.72,32172
101326,Game_1326,24.73,Action|Strategy|Indie,Story Rich|Singleplayer|Multiplayer|Open World,Linux|Windows,0.78,97526
101327,Game_1327,50.51,RPG|Indie|Sports,Multiplayer|Singleplayer|Story Rich,Linux,0.98,82981
101328,Game_1328,52.78,Simulation|Sports|Strategy,Open World|Co-op|Singleplayer,Linux,0.8,39422
101329,Game_1329,53.54,Sports,Story Rich|Co-op|Competitive,Linux|Windows|Mac,0.8,18280
101330,Game_1330,18.1,Strategy|Action,Open World|Singleplayer|Multiplayer,Windows|Linux|Mac,0.97,11127
101331,Game_1331,21.03,Action|Indie|Sports,Competitive|Co-op|Open World|Story Rich,Windows|Linux|Mac,0.84,29505
101332,Game_1332,58.74,Sports,Co-op|Open World|Story Rich,Windows,0.84,48695
101333,Game_1333,26.24,Adventure|RPG,Multiplayer|Story Rich|Competitive,Linux|Windows,0.86,55851
101334,Game_1334,59.02,Sports|Simulation,Story Rich|Competitive|Singleplayer,Linux,0.65,26294
101335,Game_1335,37.99,Strategy,Co-op|Story Rich,Mac|Windows,0.77,93756
101336,Game_1336,18.7,Sports|Indie,Co-op|Open World,Windows|Linux|Mac,0.65,62582
101337,Game_1337,38.3,Indie|Strategy,Co-op|Open World|Competitive|Singleplayer,Mac|Linux|Windows,0.82,94152
101338,Game_1338,31.95,RPG|Simulation|Strategy,Open World|Story Rich|Co-op,Windows|Mac|Linux,0.76,81227
101339,Game_1339,38.09,Adventure|Indie|Simulation,Competitive|Singleplayer|Open World|Co-op,Windows|Linux,0.96,33515
101340,Game_1340,24.64,Adventure|Sports,Competitive|Singleplayer,Windows,0.81,17699
101341,Game_1341,25.12,Adventure|Strategy|Simulation,Competitive|Open World|Story Rich|Singleplayer,Linux|Mac,0.69,47616
101342,Game_1342,59.94,Adventure|Simulation,Open World|Singleplayer|Co-op,Windows,0.61,76056
101343,Game_1343,37.19,Action|Strategy,Singleplayer|Open World,Mac,0.65,10178
101344,Game_1344,39.17,RPG|Sports|Adventure,Story Rich|Multiplayer|Competitive|Singleplayer,Linux|Windows,0.68,95667
101345,Game_1345,25.97,Indie,Multiplayer|Co-op|Open World|Competitive,Linux|Mac,0.78,272
101346,Game_1346,10.4,RPG|Sports,Competitive|Open World|Story Rich,Windows|Linux|Mac,0.96,30464
101347,Game_1347,39.74,Adventure,Singleplayer|Open World|Competitive,Windows|Linux,0.74,21372
101348,Game_1348,47.88,Adventure,Singleplayer|Co-op|Multiplayer,Windows,0.92,72883
101349,Game_1349,30.81,Sports|RPG|Action,Competitive|Open World,Windows|Linux|Mac,0.62,61914
101350,Game_1350,57.48,Indie|Sports|Action,Story Rich|Open World|Multiplayer,Windows|Mac|Linux,0.97,28452
101351,Game_1351,13.24,Indie|Simulation,Multiplayer|Competitive|Story Rich|Co-op,Linux,0.8,22443
101352,Game_1352,35.5,Strategy,Story Rich|Open World|Multiplayer,Mac,0.89,36573
101353,Game_1353,0.78,Indie,Story Rich|Singleplayer,Linux,0.63,54442
101354,Game_1354,55.31,Strategy|Sports|Action,Multiplayer|Competitive,Linux,0.84,63876
101355,Game_1355,15.94,Action,Singleplayer|Story Rich,Windows|Mac,0.78,80751
101356,Game_1356,0.79,Indie|Sports|Simulation,Open World|Competitive|Singleplayer,Mac|Windows|Linux,0.74,79926
101357,Game_1357,10.66,Simulation|Adventure|Strategy,Multiplayer|Competitive|Story Rich,Windows|Linux|Mac,0.63,42768
101358,Game_1358,25.13,Action|Adventure|Indie,Multiplayer|Singleplayer|Open World|Competitive,Windows,0.88,14149
101359,Game_1359,19.01,Sports|Action|Simulation,Open World|Competitive,Mac|Linux,0.68,30684
101360,Game_1360,45.38,RPG|Sports|Strategy,Open World|Singleplayer|Competitive|Multiplayer,Linux|Windows|Mac,0.82,69101
101361,Game_1361,55.03,Indie,Singleplayer|Story Rich|Multiplayer,Linux|Windows|Mac,0.62,74899
101362,Game_1362,20.97,Simulation|Sports,Singleplayer|Open World,Linux|Windows,0.66,19841
101363,Game_1363,9.2,Sports|Simulation,Story Rich|Multiplayer|Competitive,Windows,0.79,7723
101364,Game_1364,59.66,Indie|Adventure,Story Rich|Multiplayer,Mac|Linux,0.94,78737
101365,Game_1365,26.86,Adventure|Sports,Story Rich|Co-op|Open World,Linux|Mac,0.98,56802
101366,Game_1366,13.5,Simulation|Sports|Indie,Open World|Story Rich,Windows,0.62,2321
101367,Game_1367,27.05,Strategy,Competitive|Multiplayer|Open World,Linux,0.91,45990
101368,Game_1368,8.25,Indie,Story Rich|Open World|Competitive|Multiplayer,Windows,0.72,75200
101369,Game_1369,26.28,Simulation,Singleplayer|Story Rich|Multiplayer,Linux|Windows|Mac,0.71,94689
101370,Game_1370,18.58,Adventure|Simulation|RPG,Competitive|Multiplayer|Singleplayer,Mac|Linux|Windows,0.76,25643
101371,Game_1371,17.91,Adventure|RPG|Simulation,Multiplayer|Singleplayer,Windows|Mac,0.86,45004
101372,Game_1372,10.52,Indie|Adventure|Action,Open World|Multiplayer,Linux|Windows|Mac,0.68,77598
101373,Game_1373,56.0,Action,Competitive|Singleplayer,Windows|Mac|Linux,0.86,22817
101374,Game_1374,58.99,Indie|Sports,Story Rich|Open World|Singleplayer,Windows|Linux|Mac,0.62,31852
101375,Game_1375,46.92,Action|RPG,Multiplayer|Open World|Competitive,Linux|Windows,0.77,76586
101376,Game_1376,18.6,Adventure,Story Rich|Open World,Mac|Linux,0.78,32863
101377,Game_1377,48.41,Simulation|Sports|Action,Competitive|Open World|Multiplayer|Singleplayer,Linux|Mac,0.67,58912
101378,Game_1378,17.1,Strategy|Indie|RPG,Open World|Co-op|Story Rich,Linux|Windows,0.89,74702
101379,Game_1379,40.5,Action|Strategy|Adventure,Co-op|Multiplayer|Story Rich,Linux|Mac,0.78,85154
101380,Game_1380,7.4,Strategy|Sports,Story Rich|Open World,Mac|Windows|Linux,0.63,27050
101381,Game_1381,33.64,Strategy,Multiplayer|Singleplayer,Mac,0.69,33453
101382,Game_1382,10.14,RPG,Competitive|Singleplayer|Story Rich,Mac|Windows,0.6,42515
101383,Game_1383,50.72,Strategy,Co-op|Story Rich,Linux,0.86,96381
101384,Game_1384,0.42,Sports|Adventure,Competitive|Story Rich,Windows,0.87,94560
101385,Game_1385,20.64,Action|RPG,Open World|Singleplayer,Mac|Linux|Windows,0.74,94807
101386,Game_1386,46.6,Strategy,Multiplayer|Competitive,Linux|Windows|Mac,0.94,26936
101387,Game_1387,32.88,Simulation|Indie|RPG,Singleplayer|Co-op|Competitive|Story Rich,Linux|Mac|Windows,0.77,3459
101388,Game_1388,8.89,Sports,Multiplayer|Singleplayer|Competitive|Co-op,Mac,0.7,37771
101389,Game_1389,5.17,Action|Sports|Strategy,Story Rich|Multiplayer,Mac|Windows,0.94,4675
101390,Game_1390,50.37,RPG|Simulation,Open World|Story Rich|Co-op,Linux,0.88,3730
101391,Game_1391,41.3,Adventure|Indie|Sports,Open World|Co-op|Singleplayer|Competitive,Windows|Mac,0.62,74927
101392,Game_1392,23.52,RPG,Story Rich|Singleplayer|Open World|Competitive,Linux|Mac,0.73,4288
101393,Game_1393,27.51,Indie|RPG,Story Rich|Open World|Multiplayer|Co-op,Linux|Mac|Windows,0.7,57845
101394,Game_1394,42.68,RPG,Co-op|Competitive|Singleplayer|Open World,Linux|Windows|Mac,0.62,32891
101395,Game_1395,9.47,Adventure|Action,Multiplayer|Competitive,Linux|Windows|Mac,0.64,8089
101396,Game_1396,3.0,Action,Singleplayer|Co-op|Competitive|Open World,Mac|Windows|Linux,0.77,23186
101397,Game_1397,5.92,Action|RPG,Open World|Singleplayer,Mac|Linux|Windows,0.84,65568
101398,Game_1398,18.37,Strategy,Singleplayer|Open World|Story Rich,Mac|Windows|Linux,0.8,15897
101399,Game_1399,49.29,RPG|Adventure,Singleplayer|Competitive|Open World|Multiplayer,Linux,0.9,24433
101400,Game_1400,34.21,Action,Open World|Co-op|Story Rich,Mac|Windows|Linux,0.69,23120
101401,Game_1401,36.54,Adventure,Story Rich|Multiplayer|Open World|Competitive,Linux,0.73,1252
101402,Game_1402,37.0,Action|Strategy,Competitive|Story Rich,Linux|Mac|Windows,0.74,68676
101403,Game_1403,34.31,Adventure|Simulation,Multiplayer|Story Rich|Singleplayer|Co-op,Windows,0.6,69884
101404,Game_1404,46.67,Adventure|Action,Open World|Co-op|Story Rich|Singleplayer,Windows,0.78,43046
101405,Game_1405,56.86,Adventure|Strategy|Action,Co-op|Open World|Multiplayer,Windows,0.97,38268
101406,Game_1406,3.88,Simulation|Adventure,Co-op|Multiplayer,Windows|Linux|Mac,0.79,3155
101407,Game_1407,52.4,Simulation|Indie|Adventure,Competitive|Story Rich,Windows|Linux,0.62,41081
101408,Game_1408,54.54,Strategy,Multiplayer|Open World,Windows|Mac|Linux,0.85,87915
101409,Game_1409,56.45,Sports,Competitive|Multiplayer|Singleplayer,Windows|Mac|Linux,0.82,18783
101410,Game_1410,41.05,Action|Sports,Singleplayer|Co-op|Multiplayer|Open World,Linux,0.78,79816
101411,Game_1411,9.6,Action|Strategy,Singleplayer|Multiplayer|Co-op,Windows,0.79,83916
101412,Game_1412,21.52,RPG|Indie|Sports,Open World|Multiplayer|Competitive,Mac,0.66,74283
101413,Game_1413,7.05,Action,Story Rich|Singleplayer|Multiplayer,Windows|Mac|Linux,0.63,72434
101414,Game_1414,5.47,Strategy|Indie,Open World|Singleplayer|Multiplayer,Windows|Linux,0.68,71165
101415,Game_1415,6.8,Action|Sports,Open World|Competitive|Multiplayer|Singleplayer,Windows|Mac|Linux,0.81,39972
101416,Game_1416,33.76,Sports,Competitive|Open World|Singleplayer,Windows|Mac,0.75,88237
101417,Game_1417,18.39,Simulation|Strategy,Singleplayer|Competitive|Open World,Linux,0.79,78816
101418,Game_1418,47.1,Action|RPG|Adventure,Competitive|Story Rich|Multiplayer,Windows,0.87,66764
101419,Game_1419,50.29,RPG|Simulation|Sports,Competitive|Singleplayer|Open World,Mac,0.63,51859
101420,Game_1420,10.6,Indie|Sports,Co-op|Singleplayer,Linux|Windows|Mac,0.74,95104
101421,Game_1421,45.39,Strategy,Multiplayer|Competitive|Story Rich,Linux|Windows,0.95,85452
101422,Game_1422,31.8,Simulation|Strategy|Sports,Co-op|Multiplayer,Windows|Linux|Mac,0.76,23550
101423,Game_1423,25.55,Simulation|Adventure,Co-op|Multiplayer|Story Rich,Linux,0.74,16798
101424,Game_1424,42.37,Adventure|RPG,Co-op|Open World|Story Rich|Competitive,Linux,0.87,74422
101425,Game_1425,3.46,RPG,Multiplayer|Singleplayer|Story Rich|Co-op,Mac|Linux|Windows,0.93,82804
101426,Game_1426,0.62,Simulation|Strategy,Multiplayer|Competitive,Windows|Linux,0.72,2624
101427,Game_1427,4.5,Sports|RPG,Co-op|Singleplayer|Open World|Competitive,Mac|Windows|Linux,0.98,62722
101428,Game_1428,43.14,Indie,Singleplayer|Multiplayer,Linux|Mac,0.79,84766
101429,Game_1429,46.64,Simulation|Indie|Sports,Co-op|Multiplayer,Mac|Windows|Linux,0.8,57509
101430,Game_1430,31.56,Action|RPG,Story Rich|Multiplayer|Singleplayer|Competitive,Windows,0.61,87039
101431,Game_1431,21.27,Sports|Action|Strategy,Singleplayer|Competitive|Multiplayer,Linux,0.74,56606
101432,Game_1432,10.17,Indie|Strategy|Simulation,Multiplayer|Singleplayer|Story Rich|Open World,Mac,0.69,8326
101433,Game_1433,52.9,RPG|Strategy|Action,Open World|Story Rich|Multiplayer,Mac|Linux,0.77,17565
101434,Game_1434,32.05,Adventure|Simulation|Indie,Open World|Multiplayer|Singleplayer,Mac|Linux|Windows,0.75,28851
101435,Game_1435,1.1,Action|RPG|Adventure,Competitive|Multiplayer|Story Rich|Co-op,Mac,0.69,8379
101436,Game_1436,10.04,Strategy|Indie,Open World|Competitive,Linux|Mac,0.96,18518
101437,Game_1437,3.86,Sports,Co-op|Competitive,Windows,0.83,72395
101438,Game_1438,43.09,Action,Competitive|Multiplayer,Windows|Linux,0.93,67363
101439,Game_1439,26.75,Simulation|Indie|Sports,Multiplayer|Open World|Story Rich|Singleplayer,Mac|Linux|Windows,0.93,55773
101440,Game_1440,32.2,Adventure,Multiplayer|Open World|Competitive,Mac|Windows,0.84,14358
101441,Game_1441,41.93,Sports|Indie|RPG,Co-op|Singleplayer,Linux,0.96,54076
101442,Game_1442,7.36,Action|Indie|Sports,Open World|Story Rich|Multiplayer|Singleplayer,Windows,0.8,21052
101443,Game_1443,38.7,Simulation|Indie|Adventure,Competitive|Multiplayer,Linux|Windows|Mac,0.66,45835
101444,Game_1444,28.56,Strategy|Simulation|Sports,Co-op|Story Rich|Open World,Windows|Mac|Linux,0.68,33159
101445,Game_1445,47.43,Sports,Singleplayer|Competitive|Open World,Linux|Mac|Windows,0.73,52694
101446,Game_1446,38.58,Strategy,Singleplayer|Open World|Story Rich,Mac|Linux|Windows,0.62,56568
101447,Game_1447,12.1,Adventure|Strategy|Indie,Open World|Competitive,Linux|Mac|Windows,0.76,34830
101448,Game_1448,11.19,Strategy|Sports,Multiplayer|Competitive|Co-op,Mac,0.67,11727
101449,Game_1449,23.04,Strategy|RPG,Singleplayer|Co-op|Story Rich,Windows,0.78,72526
101450,Game_1450,24.58,RPG,Co-op|Open World|Competitive,Linux|Mac,0.6,73142
101451,Game_1451,29.22,Adventure|RPG|Sports,Multiplayer|Co-op|Open World,Mac|Windows,0.64,66410
101452,Game_1452,15.42,RPG|Strategy|Action,Co-op|Story Rich,Mac|Linux|Windows,0.92,5692
101453,Game_1453,29.99,Indie|Sports,Open World|Competitive,Mac|Windows,0.92,26802
101454,Game_1454,14.53,Simulation,Competitive|Singleplayer|Open World|Multiplayer,Linux,0.73,51727
101455,Game_1455,49.35,Strategy|Indie|Sports,Story Rich|Competitive,Linux,0.81,50442
101456,Game_1456,57.43,Strategy|RPG|Simulation,Competitive|Multiplayer,Windows|Linux,0.68,37032
101457,Game_1457,0.35,Indie,Singleplayer|Open World,Linux,0.92,3440
101458,Game_1458,44.37,Adventure,Co-op|Multiplayer,Linux,0.75,61242
101459,Game_1459,50.46,Strategy|Simulation|Indie,Open World|Multiplayer|Singleplayer,Linux|Windows|Mac,0.67,11184
101460,Game_1460,3.32,Adventure,Story Rich|Multiplayer|Competitive,Linux,0.79,14192
101461,Game_1461,51.62,Indie|Adventure,Story Rich|Multiplayer|Co-op|Singleplayer,Windows|Linux|Mac,0.63,96851
101462,Game_1462,50.77,Strategy|Action|Adventure,Multiplayer|Competitive|Co-op|Open World,Linux,0.72,51556
101463,Game_1463,11.84,Action|Strategy|Sports,Competitive|Open World,Mac|Linux|Windows,0.76,56429
101464,Game_1464,24.64,Indie,Co-op|Competitive|Multiplayer,Linux|Mac|Windows,0.75,81502
101465,Game_1465,58.78,Indie|Adventure,Multiplayer|Competitive|Story Rich,Windows,0.92,6213
101466,Game_1466,4.97,RPG|Adventure|Simulation,Singleplayer|Story Rich|Competitive|Multiplayer,Linux,0.75,86461
101467,Game_1467,32.19,Action,Story Rich|Co-op|Competitive|Open World,Windows,0.82,85407
101468,Game_1468,59.24,Indie|RPG|Strategy,Story Rich|Multiplayer,Windows,0.98,61798
101469,Game_1469,48.64,Sports,Singleplayer|Competitive|Co-op|Multiplayer,Windows|Mac|Linux,0.79,75573
101470,Game_1470,42.7,Strategy,Competitive|Story Rich|Co-op,Windows|Mac|Linux,0.64,80011
101471,Game_1471,26.07,Sports|Action,Co-op|Multiplayer|Open World,Linux|Mac,0.89,55143
101472,Game_1472,29.17,Sports|Adventure,Competitive|Co-op,Windows|Mac,0.63,77824
101473,Game_1473,2.58,Sports|Action|Strategy,Singleplayer|Competitive,Windows|Linux|Mac,0.8,42596
101474,Game_1474,30.9,Strategy,Story Rich|Singleplayer|Multiplayer,Windows,0.91,48416
101475,Game_1475,15.3,Strategy|Adventure|RPG,Competitive|Story Rich|Multiplayer|Singleplayer,Linux|Windows|Mac,0.7,41065
101476,Game_1476,47.69,Sports,Story Rich|Competitive,Windows,0.69,9695
101477,Game_1477,41.16,Indie|Strategy|Simulation,Story Rich|Open World|Co-op|Singleplayer,Linux,0.7,72530
101478,Game_1478,44.64,Adventure|RPG|Sports,Story Rich|Open World,Windows|Linux|Mac,0.83,9996
101479,Game_1479,53.64,Simulation|Adventure|Strategy,Singleplayer|Competitive|Co-op|Multiplayer,Windows|Mac|Linux,0.81,84771
101480,Game_1480,32.03,Simulation,Story Rich|Singleplayer,Linux|Mac|Windows,0.67,64959
101481,Game_1481,49.85,Adventure|RPG|Indie,Multiplayer|Singleplayer|Co-op,Windows|Linux|Mac,0.62,14086
101482,Game_1482,40.3,Indie|Strategy|RPG,Multiplayer|Competitive,Linux|Windows,0.79,94303
101483,Game_1483,38.75,Simulation,Co-op|Open World,Mac|Linux|Windows,0.86,87940
101484,Game_1484,25.06,Adventure|RPG,Competitive|Singleplayer,Windows|Linux,0.95,28545
101485,Game_1485,37.39,Indie|Adventure|RPG,Multiplayer|Competitive|Story Rich|Open World,Mac|Linux|Windows,0.8,18198
101486,Game_1486,18.33,Indie|Sports,Competitive|Co-op|Story Rich,Linux|Windows,0.85,33148
101487,Game_1487,12.89,Sports|Simulation|RPG,Singleplayer|Competitive|Multiplayer,Mac,0.72,37989
101488,Game_1488,59.43,RPG,Multiplayer|Singleplayer,Linux,0.71,16716
101489,Game_1489,16.39,Simulation,Story Rich|Co-op|Singleplayer|Open World,Mac|Windows,0.77,34922
101490,Game_1490,4.01,RPG|Strategy|Simulation,Story Rich|Open World|Multiplayer|Co-op,Windows|Linux,0.96,23006
101491,Game_1491,25.98,Action|Indie,Open World|Multiplayer|Co-op,Linux|Mac,0.71,67107
101492,Game_1492,8.44,Strategy,Open World|Singleplayer|Co-op|Story Rich,Windows,0.9,68157
101493,Game_1493,8.43,Sports,Story Rich|Competitive|Multiplayer|Singleplayer,Mac,0.81,6951
101494,Game_1494,8.4,Adventure|Action|Sports,Open World|Co-op|Multiplayer|Competitive,Windows,0.76,45507
101495,Game_1495,28.79,RPG|Sports,Story Rich|Multiplayer|Open World,Linux,0.96,23993
101496,Game_1496,44.74,Action|Indie|Strategy,Co-op|Open World,Linux,0.96,48455
101497,Game_1497,4.89,Simulation|RPG,Multiplayer|Open World,Linux|Windows|Mac,0.95,73967
101498,Game_1498,42.76,Sports|Strategy|Indie,Co-op|Multiplayer,Linux|Windows|Mac,0.93,11106
101499,Game_1499,2.73,Sports|Adventure,Story Rich|Singleplayer,Linux|Windows,0.78,53601
101500,Game_1500,38.32,RPG|Adventure|Action,Singleplayer|Story Rich|Open World,Linux|Mac|Windows,0.71,57813
101501,Game_1501,25.77,Simulation|Sports|Strategy,Story Rich|Co-op|Competitive,Windows,0.75,18446
101502,Game_1502,9.97,RPG|Action|Sports,Story Rich|Multiplayer,Windows|Linux|Mac,0.83,63913
101503,Game_1503,25.63,Simulation|Adventure,Multiplayer|Competitive,Mac|Windows,0.82,50362
101504,Game_1504,43.75,Indie,Story Rich|Singleplayer,Windows|Linux,0.81,66928
101505,Game_1505,37.88,Sports|Simulation|Indie,Singleplayer|Open World|Competitive,Windows|Mac|Linux,0.63,77770
101506,Game_1506,20.3,Adventure,Story Rich|Open World|Multiplayer|Singleplayer,Mac|Windows|Linux,0.75,7209
101507,Game_1507,57.2,Strategy,Singleplayer|Multiplayer|Co-op,Linux,0.89,7525
101508,Game_1508,54.35,Action|Adventure,Story Rich|Competitive,Linux|Mac,0.79,98588
101509,Game_1509,44.87,Strategy|Adventure|Indie,Singleplayer|Open World|Multiplayer|Competitive,Linux|Mac,0.66,81245
101510,Game_1510,52.78,RPG|Action,Multiplayer|Co-op|Story Rich,Mac,0.93,27246
101511,Game_1511,48.44,RPG,Singleplayer|Multiplayer|Competitive|Co-op,Mac|Windows|Linux,0.62,20271
101512,Game_1512,18.06,RPG,Open World|Singleplayer|Co-op,Windows|Mac,0.88,97302
101513,Game_1513,4.59,Adventure|Action,Multiplayer|Competitive|Story Rich|Singleplayer,Linux|Windows|Mac,0.83,11467
101514,Game_1514,39.85,Action,Competitive|Open World,Windows|Mac|Linux,0.93,79394
101515,Game_1515,46.27,Indie|Adventure|Action,Open World|Competitive|Singleplayer,Linux,0.7,49919
101516,Game_1516,9.24,Indie|RPG|Strategy,Singleplayer|Open World|Co-op,Linux|Mac,0.86,87589
101517,Game_1517,48.1,Action,Story Rich|Multiplayer,Mac,0.8,6520
101518,Game_1518,8.65,Indie,Co-op|Singleplayer|Competitive|Multiplayer,Windows|Linux|Mac,0.87,19252
101519,Game_1519,56.62,Indie|Strategy|Simulation,Competitive|Story Rich|Singleplayer,Mac,0.83,31546
101520,Game_1520,20.9,Indie,Competitive|Open World,Mac,0.81,68704
101521,Game_1521,27.39,RPG|Strategy,Story Rich|Open World,Linux,0.94,2265
101522,Game_1522,6.72,Sports|Simulation,Competitive|Co-op,Mac|Linux|Windows,0.73,35114
101523,Game_1523,45.22,Sports|Indie,Multiplayer|Open World|Story Rich,Mac|Windows,0.76,25975
101524,Game_1524,31.07,Strategy,Story Rich|Co-op|Competitive,Windows|Mac|Linux,0.84,74712
101525,Game_1525,11.01,Sports,Story Rich|Multiplayer|Competitive,Linux,0.91,34943
101526,Game_1526,45.61,Indie,Open World|Competitive|Singleplayer,Mac|Linux|Windows,0.64,23283
101527,Game_1527,34.96,Adventure|Simulation|RPG,Competitive|Open World|Multiplayer,Windows|Mac|Linux,0.92,48596
101528,Game_1528,40.34,Strategy|Simulation,Story Rich|Open World|Singleplayer|Competitive,Windows,0.72,93488
101529,Game_1529,4.5,Strategy|Action,Multiplayer|Open World|Competitive,Mac|Linux,0.61,62129
101530,Game_1530,18.7,Sports|Strategy|Action,Singleplayer|Co-op,Windows|Mac,0.62,63621
101531,Game_1531,49.86,Simulation|Action|Sports,Story Rich|Multiplayer|Singleplayer|Competitive,Mac,0.91,95248
101532,Game_1532,23.64,Indie|Sports,Open World|Singleplayer|Competitive,Windows,0.79,77721
101533,Game_1533,44.66,Sports|Adventure|RPG,Competitive|Open World|Story Rich|Singleplayer,Mac|Windows,0.76,67987
101534,Game_1534,46.04,Indie,Co-op|Multiplayer,Mac|Linux|Windows,0.65,78956
101535,Game_1535,1.46,Action,Story Rich|Competitive,Windows|Linux,0.92,10946
101536,Game_1536,58.4,Strategy|Indie|Action,Open World|Multiplayer|Story Rich,Linux,0.7,50710
101537,Game_1537,57.37,Indie,Competitive|Multiplayer,Windows|Mac|Linux,0.84,27813
101538,Game_1538,3.77,Adventure|RPG,Story Rich|Open World,Mac|Linux,0.92,32610
101539,Game_1539,47.27,Adventure|Simulation,Competitive|Story Rich|Open World|Co-op,Linux|Mac,0.84,72508
101540,Game_1540,31.0,Action|Simulation,Story Rich|Competitive|Co-op,Windows,0.74,63381
101541,Game_1541,53.33,Indie|Strategy,Multiplayer|Co-op|Open World|Singleplayer,Windows|Linux|Mac,0.8,49812
101542,Game_1542,7.19,Adventure,Multiplayer|Story Rich|Open World|Competitive,Mac|Windows|Linux,0.8,83342
101543,Game_1543,4.37,Adventure,Open World|Singleplayer,Mac,0.8,35392
101544,Game_1544,1.23,Adventure|Strategy|Action,Open World|Co-op|Competitive,Mac,0.79,18714
101545,Game_1545,20.27,Adventure|RPG|Action,Story Rich|Singleplayer|Co-op,Mac,0.96,16671
101546,Game_1546,38.87,RPG,Open World|Multiplayer|Co-op|Singleplayer,Windows|Linux,0.87,33127
101547,Game_1547,16.17,Adventure|Action|Simulation,Co-op|Open World,Mac|Windows,0.82,87191
101548,Game_1548,52.38,RPG|Indie|Adventure,Competitive|Multiplayer|Open World,Windows,0.6,67981
101549,Game_1549,45.99,RPG|Action,Multiplayer|Co-op|Singleplayer,Mac,0.93,30223
101550,Game_1550,39.0,Simulation|Strategy,Open World|Competitive,Mac|Windows,0.81,1529
101551,Game_1551,46.31,Simulation|Indie|Action,Co-op|Multiplayer|Competitive|Open World,Linux|Windows|Mac,0.87,65703
101552,Game_1552,32.62,Simulation,Co-op|Competitive|Story Rich|Multiplayer,Mac|Linux|Windows,0.64,86935
101553,Game_1553,39.36,Action,Story Rich|Co-op|Competitive,Mac,0.65,21946
101554,Game_1554,45.12,RPG|Strategy,Co-op|Competitive|Singleplayer|Multiplayer,Mac|Linux|Windows,0.76,83511
101555,Game_1555,13.65,Sports|Indie,Story Rich|Co-op|Multiplayer|Competitive,Mac|Linux,0.83,63945
101556,Game_1556,40.21,Sports|Strategy,Story Rich|Singleplayer|Multiplayer|Competitive,Mac|Linux|Windows,0.8,66972
101557,Game_1557,59.62,Simulation,Co-op|Story Rich|Singleplayer,Mac|Windows|Linux,0.88,29935
101558,Game_1558,39.18,Simulation,Co-op|Open World|Story Rich,Mac|Linux,0.95,82923
101559,Game_1559,50.68,Strategy|Simulation|Sports,Story Rich|Co-op|Open World|Competitive,Windows|Linux,0.74,37683
101560,Game_1560,27.06,RPG,Open World|Multiplayer|Co-op,Windows,0.82,77283
101561,Game_1561,45.02,RPG,Singleplayer|Story Rich|Co-op,Linux|Windows|Mac,0.87,17545
101562,Game_1562,51.94,Simulation|Sports,Open World|Singleplayer|Multiplayer,Mac,0.78,46288
101563,Game_1563,10.74,Sports|Adventure|Action,Story Rich|Multiplayer|Singleplayer|Open World,Mac|Windows|Linux,0.75,74140
101564,Game_1564,36.52,Simulation|Sports,Multiplayer|Singleplayer|Competitive,Mac|Linux,0.76,10043
101565,Game_1565,48.92,Indie|Action|Sports,Singleplayer|Open World|Co-op,Windows|Linux|Mac,0.71,64046
101566,Game_1566,39.82,Action|Adventure,Competitive|Singleplayer|Story Rich|Multiplayer,Windows|Linux|Mac,0.83,12885
101567,Game_1567,18.26,Adventure|Strategy,Open World|Story Rich|Co-op,Windows,0.93,84673
101568,Game_1568,17.63,Strategy,Competitive|Open World|Co-op|Story Rich,Linux|Mac|Windows,0.65,28514
101569,Game_1569,27.05,RPG,Singleplayer|Open World|Competitive,Windows,0.96,31265
101570,Game_1570,10.88,RPG|Simulation,Singleplayer|Story Rich,Windows|Linux,0.8,26576
101571,Game_1571,45.08,Action|Simulation|Sports,Singleplayer|Multiplayer|Open World,Windows,0.84,52189
101572,Game_1572,19.96,Adventure|Strategy|Action,Co-op|Story Rich|Multiplayer,Mac|Linux|Windows,0.62,59034
101573,Game_1573,24.16,Indie,Competitive|Story Rich|Singleplayer,Windows,0.64,8246
101574,Game_1574,46.31,Indie,Story Rich|Singleplayer|Multiplayer,Mac,0.78,67539
101575,Game_1575,53.23,Indie,Story Rich|Open World|Co-op,Mac,0.67,84803
101576,Game_1576,45.02,Indie|Sports,Story Rich|Co-op|Singleplayer|Competitive,Mac|Linux,0.62,17123
101577,Game_1577,41.83,RPG,Co-op|Open World,Windows|Mac,0.95,3264
101578,Game_1578,10.96,Simulation,Co-op|Singleplayer|Open World|Multiplayer,Windows|Linux|Mac,0.98,90483
101579,Game_1579,34.97,Indie|Sports|Action,Competitive|Multiplayer|Singleplayer,Mac,0.65,64359
101580,Game_1580,3.8,Adventure,Competitive|Story Rich|Multiplayer|Open World,Linux|Mac,0.66,31914
101581,Game_1581,58.47,Simulation|Sports,Singleplayer|Multiplayer|Competitive,Mac,0.96,55855
101582,Game_1582,6.44,Sports,Open World|Multiplayer,Windows|Mac,0.78,86107
101583,Game_1583,46.6,Strategy|RPG,Story Rich|Multiplayer|Co-op|Competitive,Linux,0.62,13146
101584,Game_1584,15.41,RPG|Adventure|Sports,Open World|Competitive,Windows|Mac|Linux,0.87,41619
101585,Game_1585,40.28,RPG|Indie,Multiplayer|Singleplayer|Story Rich|Competitive,Windows|Mac,0.86,5466
101586,Game_1586,40.66,Strategy|Action,Open World|Singleplayer,Linux|Mac,0.7,20268
101587,Game_1587,43.71,Sports|Strategy,Competitive|Singleplayer|Story Rich|Multiplayer,Windows|Mac|Linux,0.76,10484
101588,Game_1588,3.76,Simulation|Strategy,Story Rich|Competitive,Mac|Windows|Linux,0.66,16299
101589,Game_1589,23.25,Adventure|Sports,Open World|Co-op|Competitive|Singleplayer,Windows,0.91,46867
101590,Game_1590,14.4,Strategy|Sports,Multiplayer|Open World|Co-op,Linux|Mac|Windows,0.73,72538
101591,Game_1591,16.27,Simulation|Action|Strategy,Competitive|Open World|Co-op|Singleplayer,Linux,0.67,65465
101592,Game_1592,53.1,Adventure|Strategy|RPG,Multiplayer|Competitive|Singleplayer|Co-op,Linux|Windows|Mac,0.76,7151
101593,Game_1593,43.96,RPG|Action,Multiplayer|Open World|Singleplayer|Competitive,Linux|Windows|Mac,0.63,7196
101594,Game_1594,1.69,RPG,Open World|Multiplayer|Story Rich,Windows,0.71,63598
101595,Game_1595,9.6,RPG|Action,Co-op|Competitive|Open World,Linux|Windows,0.84,62890
101596,Game_1596,36.9,RPG|Indie|Adventure,Singleplayer|Competitive|Open World,Windows|Linux,0.75,9996
101597,Game_1597,2.05,Adventure,Singleplayer|Story Rich|Competitive|Multiplayer,Linux|Mac,0.75,42440
101598,Game_1598,17.64,Action,Multiplayer|Competitive|Open World|Co-op,Windows,0.72,7884
101599,Game_1599,39.6,RPG|Strategy|Action,Story Rich|Competitive|Multiplayer,Mac|Linux,0.66,90567
101600,Game_1600,58.44,Action,Co-op|Multiplayer|Open World|Singleplayer,Mac|Linux|Windows,0.74,85201
101601,Game_1601,42.77,Sports|Indie,Multiplayer|Co-op,Linux|Mac,0.82,5458
101602,Game_1602,58.31,RPG,Story Rich|Co-op,Linux,0.63,55136
101603,Game_1603,25.3,Indie,Singleplayer|Multiplayer|Co-op|Open World,Linux,0.8,19489
101604,Game_1604,42.31,RPG|Action,Open World|Story Rich|Singleplayer|Multiplayer,Mac|Windows|Linux,0.83,85465
101605,Game_1605,16.67,Adventure,Open World|Singleplayer|Multiplayer,Windows,0.98,20880
101606,Game_1606,42.88,Sports,Multiplayer|Story Rich|Competitive|Singleplayer,Windows,0.97,72613
101607,Game_1607,10.66,Simulation,Co-op|Open World|Singleplayer|Competitive,Windows|Mac|Linux,0.69,37879
101608,Game_1608,45.43,Strategy|Adventure|Indie,Co-op|Multiplayer|Open World|Competitive,Linux,0.71,96715
101609,Game_1609,28.64,Adventure,Singleplayer|Co-op|Competitive|Open World,Linux|Mac|Windows,0.97,45769
101610,Game_1610,0.54,Adventure|RPG,Singleplayer|Story Rich,Windows,0.81,42497
101611,Game_1611,26.24,Indie,Multiplayer|Co-op|Open World,Linux|Windows,0.73,67906
101612,Game_1612,18.04,Adventure,Story Rich|Competitive|Singleplayer,Mac,0.89,58023
101613,Game_1613,9.63,Indie|Strategy,Story Rich|Multiplayer,Linux,0.65,84999
101614,Game_1614,27.19,Sports,Competitive|Singleplayer|Story Rich,Linux|Windows|Mac,0.66,75485
101615,Game_1615,39.02,Strategy|Action,Competitive|Co-op,Linux|Windows,0.83,77690
101616,Game_1616,46.49,Sports,Multiplayer|Competitive|Singleplayer,Mac|Windows,0.87,39816
101617,Game_1617,51.88,Strategy|RPG|Simulation,Competitive|Open World|Multiplayer,Windows|Mac,0.83,61284
101618,Game_1618,33.69,Indie|RPG|Simulation,Story Rich|Co-op,Windows,0.73,37581
101619,Game_1619,25.47,RPG|Adventure|Action,Open World|Competitive|Co-op,Mac|Windows|Linux,0.95,35767
101620,Game_1620,6.11,Simulation|Indie,Multiplayer|Story Rich|Competitive|Co-op,Linux|Mac|Windows,0.83,57833
101621,Game_1621,6.81,Simulation|Indie,Competitive|Co-op|Open World|Multiplayer,Mac|Linux,0.78,57132
101622,Game_1622,12.26,Simulation|Adventure,Competitive|Co-op|Story Rich,Linux,0.77,21875
101623,Game_1623,48.89,Sports|Strategy|RPG,Singleplayer|Co-op|Open World,Mac,0.85,11349
101624,Game_1624,30.98,Adventure|Action|Sports,Competitive|Singleplayer,Linux,0.81,64362
101625,Game_1625,52.27,Indie|Strategy,Competitive|Co-op,Windows,0.94,93263
101626,Game_1626,5.87,Adventure|Action,Story Rich|Singleplayer|Open World|Competitive,Linux|Windows,0.7,87917
101627,Game_1627,5.67,Action|RPG|Sports,Multiplayer|Story Rich|Competitive|Open World,Mac,0.82,35313
101628,Game_1628,11.48,Sports|Simulation|Strategy,Multiplayer|Story Rich,Linux,0.95,75289
101629,Game_1629,29.75,Simulation,Co-op|Open World|Story Rich|Multiplayer,Mac,0.75,4328
101630,Game_1630,1.85,RPG,Co-op|Competitive,Windows|Mac,0.93,53990
101631,Game_1631,50.22,Action|Adventure|Sports,Singleplayer|Competitive,Linux|Mac,0.77,28504
101632,Game_1632,8.06,Strategy,Story Rich|Multiplayer|Competitive,Windows|Mac|Linux,0.94,53526
101633,Game_1633,4.59,Simulation,Story Rich|Open World|Co-op|Competitive,Windows,0.67,96173
101634,Game_1634,32.67,Indie|Sports|Action,Competitive|Story Rich|Open World,Windows|Mac|Linux,0.98,82038
101635,Game_1635,12.39,Action,Open World|Multiplayer,Mac,0.65,6244
101636,Game_1636,27.96,Adventure,Open World|Co-op,Windows|Mac|Linux,0.85,10323
101637,Game_1637,58.96,Adventure|RPG,Multiplayer|Competitive|Open World|Singleplayer,Mac,0.9,43180
101638,Game_1638,13.55,Simulation|Sports|Indie,Co-op|Story Rich,Windows|Mac,0.89,19400
101639,Game_1639,5.89,Sports,Singleplayer|Co-op|Multiplayer,Linux|Windows,0.76,69415
101640,Game_1640,25.73,Strategy|Action,Co-op|Competitive|Story Rich|Open World,Windows|Linux|Mac,0.96,84530
101641,Game_1641,38.13,RPG|Sports|Simulation,Co-op|Competitive|Story Rich|Open World,Windows|Linux,0.85,14263
101642,Game_1642,56.55,Action|RPG,Competitive|Co-op|Multiplayer|Story Rich,Mac|Windows,0.65,44140
101643,Game_1643,44.62,Indie,Multiplayer|Competitive,Windows|Linux,0.78,91156
101644,Game_1644,4.14,Indie|Sports|Action,Story Rich|Co-op,Linux|Windows,0.77,94372
101645,Game_1645,1.05,Indie|Strategy|Adventure,Competitive|Open World,Windows|Mac,0.94,57800
101646,Game_1646,53.77,Simulation|Sports,Singleplayer|Story Rich,Mac|Windows|Linux,0.7,2452
101647,Game_1647,30.99,Action,Competitive|Multiplayer|Singleplayer,Windows|Mac,0.9,9798
101648,Game_1648,45.8,Adventure|Sports|Simulation,Open World|Competitive|Co-op,Linux|Mac,0.77,13576
101649,Game_1649,41.43,Strategy|Adventure,Singleplayer|Co-op|Open World|Multiplayer,Windows,0.61,54282
101650,Game_1650,10.9,Sports,Story Rich|Open World|Co-op|Competitive,Linux|Mac|Windows,0.83,8072
101651,Game_1651,55.94,Action|Strategy,Competitive|Open World|Singleplayer,Linux|Mac|Windows,0.93,36290
101652,Game_1652,2.28,Sports|Simulation,Co-op|Open World,Windows|Mac|Linux,0.93,45212
101653,Game_1653,20.12,RPG,Open World|Co-op,Linux|Windows|Mac,0.73,32273
101654,Game_1654,5.97,Adventure|Simulation,Singleplayer|Competitive|Story Rich,Mac,0.8,3121
101655,Game_1655,30.63,Action,Competitive|Multiplayer|Co-op,Mac|Windows|Linux,0.72,62715
101656,Game_1656,37.0,Simulation|Indie|Sports,Competitive|Open World|Singleplayer|Story Rich,Windows|Linux,0.84,90906
101657,Game_1657,54.7,Indie|Simulation,Competitive|Story Rich|Co-op,Mac|Linux,0.74,78081
101658,Game_1658,28.7,Strategy,Singleplayer|Open World|Co-op|Competitive,Mac,0.65,36108
101659,Game_1659,7.72,Strategy,Open World|Multiplayer,Mac|Linux|Windows,0.84,63016
101660,Game_1660,14.22,Simulation,Co-op|Singleplayer,Mac,0.9,96518
101661,Game_1661,9.49,Action|RPG,Co-op|Open World|Competitive|Story Rich,Linux,0.81,38165
101662,Game_1662,49.63,Action|Simulation,Story Rich|Competitive|Co-op|Singleplayer,Windows,0.64,84555
101663,Game_1663,51.75,Strategy,Competitive|Story Rich|Co-op,Mac|Windows|Linux,0.76,25389
101664,Game_1664,9.36,Adventure,Multiplayer|Story Rich,Mac|Windows,0.69,67220
101665,Game_1665,18.38,Simulation|Strategy|RPG,Story Rich|Open World|Singleplayer,Linux|Windows|Mac,0.65,43868
101666,Game_1666,51.57,Adventure,Competitive|Story Rich|Singleplayer,Mac|Windows|Linux,0.81,62249
101667,Game_1667,47.84,Strategy|RPG,Open World|Multiplayer|Singleplayer|Story Rich,Linux|Mac|Windows,0.95,6088
101668,Game_1668,31.47,RPG|Action|Simulation,Competitive|Story Rich|Singleplayer,Windows|Mac|Linux,0.87,56790
101669,Game_1669,3.57,Action|Indie,Multiplayer|Story Rich|Competitive,Linux,0.66,68419
101670,Game_1670,59.08,Simulation,Singleplayer|Competitive|Open World|Co-op,Linux|Mac,0.74,21462
101671,Game_1671,42.95,RPG,Story Rich|Co-op|Competitive,Linux|Mac,0.66,81310
101672,Game_1672,34.56,Adventure|Action|Indie,Open World|Singleplayer|Multiplayer,Mac|Windows|Linux,0.97,45056
101673,Game_1673,55.99,Simulation|Sports|Strategy,Open World|Story Rich|Multiplayer|Competitive,Windows|Linux,0.84,48894
101674,Game_1674,18.94,Simulation|Indie|Adventure,Co-op|Singleplayer,Windows,0.89,79954
101675,Game_1675,22.44,Simulation|Sports,Story Rich|Co-op,Linux,0.61,7448
101676,Game_1676,41.1,Simulation,Singleplayer|Competitive|Multiplayer,Mac|Windows|Linux,0.68,97028
101677,Game_1677,43.6,RPG|Adventure,Co-op|Open World,Mac|Linux|Windows,0.69,15039
101678,Game_1678,38.35,Simulation|Indie,Competitive|Singleplayer|Co-op|Multiplayer,Linux|Mac,0.62,96894
101679,Game_1679,48.06,Sports|Action,Co-op|Multiplayer|Singleplayer|Competitive,Windows|Linux|Mac,0.67,11021
101680,Game_1680,37.21,Strategy,Co-op|Story Rich|Multiplayer|Singleplayer,Windows,0.97,85348
101681,Game_1681,16.12,Adventure|Simulation,Open World|Story Rich,Mac|Linux,0.67,15179
101682,Game_1682,13.17,RPG|Strategy|Indie,Competitive|Open World|Story Rich|Co-op,Windows|Mac|Linux,0.93,81251
101683,Game_1683,17.84,Action,Singleplayer|Co-op|Competitive|Story Rich,Windows,0.66,68800
101684,Game_1684,34.74,RPG|Indie|Adventure,Multiplayer|Competitive|Co-op|Singleplayer,Windows,0.83,37077
101685,Game_1685,22.52,Indie|RPG|Simulation,Open World|Competitive|Co-op|Story Rich,Mac,0.68,19086
101686,Game_1686,29.08,Indie,Co-op|Open World|Story Rich|Multiplayer,Windows|Linux,0.64,8281
101687,Game_1687,56.47,Action|Sports|Strategy,Singleplayer|Open World,Mac|Windows|Linux,0.64,32304
101688,Game_1688,36.15,Adventure,Open World|Competitive|Singleplayer|Story Rich,Windows,0.64,89816
101689,Game_1689,17.29,Simulation|Action|Indie,Co-op|Story Rich,Linux,0.92,74074
101690,Game_1690,21.42,Indie,Competitive|Open World|Co-op,Mac,0.75,10251
101691,Game_1691,6.4,Simulation,Story Rich|Open World|Co-op,Mac|Linux,0.72,53159
101692,Game_1692,33.96,RPG,Competitive|Co-op,Linux|Mac,0.67,3733
101693,Game_1693,7.02,Indie,Co-op|Open World|Singleplayer|Multiplayer,Linux|Windows|Mac,0.81,55352
101694,Game_1694,57.92,Action|Strategy|Adventure,Singleplayer|Competitive|Open World|Multiplayer,Mac|Linux,0.93,40338
101695,Game_1695,29.52,Adventure|Indie,Open World|Competitive|Story Rich|Singleplayer,Windows|Mac,0.94,49241
101696,Game_1696,8.58,Adventure|RPG|Indie,Co-op|Open World,Mac,0.92,89606
101697,Game_1697,55.16,RPG|Strategy|Adventure,Co-op|Multiplayer|Competitive,Windows,0.91,43727
101698,Game_1698,57.27,RPG,Competitive|Singleplayer,Windows|Mac,0.74,18088
101699,Game_1699,40.89,Sports|Adventure,Story Rich|Multiplayer|Singleplayer,Linux|Mac,0.96,28347
101700,Game_1700,54.21,RPG|Adventure,Open World|Competitive,Mac,0.94,81959
101701,Game_1701,19.12,Strategy|Sports|Action,Co-op|Singleplayer,Mac|Windows,0.92,34789
101702,Game_1702,55.48,Strategy|Indie,Story Rich|Singleplayer|Multiplayer,Mac|Linux,0.68,35012
101703,Game_1703,15.37,Adventure|Sports|RPG,Competitive|Multiplayer|Open World|Singleplayer,Linux|Mac,0.89,52570
101704,Game_1704,49.86,Action|Adventure,Singleplayer|Co-op,Linux|Windows|Mac,0.62,23114
101705,Game_1705,53.05,RPG|Action|Sports,Open World|Competitive,Linux,0.75,61265
101706,Game_1706,8.52,Sports|Strategy,Multiplayer|Competitive|Singleplayer|Open World,Mac|Linux|Windows,0.64,48241
101707,Game_1707,49.63,Sports|Simulation|Strategy,Co-op|Open World|Multiplayer,Linux|Mac,0.63,15915
101708,Game_1708,49.96,Indie|Simulation|RPG,Singleplayer|Open World|Multiplayer,Linux|Mac,0.96,76029
101709,Game_1709,54.38,Indie|Simulation,Story Rich|Co-op|Multiplayer,Linux|Mac|Windows,0.67,20222
101710,Game_1710,26.9,Action|Simulation|RPG,Singleplayer|Open World|Co-op|Multiplayer,Linux,0.7,88134
101711,Game_1711,45.69,Strategy,Multiplayer|Singleplayer,Mac|Linux|Windows,0.71,33545
101712,Game_1712,58.82,RPG,Multiplayer|Singleplayer|Open World|Story Rich,Windows|Linux|Mac,0.88,44741
101713,Game_1713,39.87,Simulation,Story Rich|Open World,Mac|Linux|Windows,0.93,95126
101714,Game_1714,39.76,Simulation,Co-op|Open World|Singleplayer|Multiplayer,Linux|Windows,0.67,56809
101715,Game_1715,49.1,Strategy,Competitive|Open World|Co-op|Singleplayer,Mac|Windows|Linux,0.68,26971
101716,Game_1716,53.73,Sports|Adventure,Co-op|Competitive|Singleplayer|Open World,Linux|Mac|Windows,0.7,89225
101717,Game_1717,26.0,Sports|Indie|Simulation,Competitive|Co-op|Multiplayer|Singleplayer,Linux|Mac|Windows,0.94,43709
101718,Game_1718,3.91,Adventure|Sports,Story Rich|Open World,Windows|Mac|Linux,0.88,52302
101719,Game_1719,10.53,Strategy,Story Rich|Singleplayer|Co-op,Windows,0.67,13588
101720,Game_1720,29.62,Action|Indie,Multiplayer|Story Rich|Co-op,Linux|Windows|Mac,0.62,26277
101721,Game_1721,25.08,Simulation|Strategy|Sports,Story Rich|Open World|Co-op|Multiplayer,Windows|Mac,0.98,89059
101722,Game_1722,27.99,Simulation,Competitive|Co-op|Story Rich,Linux|Windows,0.71,37346
101723,Game_1723,4.95,RPG|Simulation|Adventure,Story Rich|Competitive,Windows|Mac|Linux,0.71,58229
101724,Game_1724,21.35,Strategy|RPG|Action,Competitive|Co-op,Windows,0.93,34824
101725,Game_1725,20.97,Simulation|Adventure|RPG,Co-op|Story Rich|Multiplayer|Open World,Windows|Linux|Mac,0.95,77082
101726,Game_1726,2.81,Sports|Indie,Competitive|Co-op,Mac|Linux|Windows,0.92,90414
101727,Game_1727,34.91,Action|RPG|Simulation,Competitive|Co-op|Singleplayer|Story Rich,Mac,0.84,46087
101728,Game_1728,5.6,RPG|Strategy,Co-op|Multiplayer,Linux|Windows,0.98,15231
101729,Game_1729,42.35,Action|Sports,Open World|Competitive,Windows,0.85,55873
101730,Game_1730,37.02,Simulation|Strategy,Multiplayer|Open World,Mac|Windows|Linux,0.75,7324
101731,Game_1731,42.39,Simulation|Action,Story Rich|Co-op,Mac|Windows,0.96,35633
101732,Game_1732,56.97,Strategy|RPG|Sports,Multiplayer|Open World|Co-op|Singleplayer,Mac|Windows|Linux,0.85,22106
101733,Game_1733,46.14,RPG|Adventure,Co-op|Singleplayer,Linux|Windows,0.73,81982
101734,Game_1734,14.01,RPG,Open World|Story Rich|Co-op,Linux|Windows,0.6,95644
101735,Game_1735,14.92,RPG|Indie,Singleplayer|Competitive|Multiplayer|Co-op,Mac,0.84,95502
101736,Game_1736,27.05,Indie|Strategy,Open World|Competitive,Windows,0.83,73117
101737,Game_1737,23.91,Indie|Simulation|Adventure,Co-op|Singleplayer|Competitive|Story Rich,Linux|Mac,0.95,3281
101738,Game_1738,48.46,Strategy,Open World|Multiplayer,Mac|Linux,0.69,29900
101739,Game_1739,32.66,Simulation|Indie,Singleplayer|Competitive,Mac,0.64,34275
101740,Game_1740,5.06,RPG|Action|Strategy,Co-op|Competitive|Story Rich|Multiplayer,Mac|Windows,0.79,19046
101741,Game_1741,1.83,Simulation,Competitive|Singleplayer|Open World,Windows|Linux|Mac,0.72,61437
101742,Game_1742,3.55,Simulation|Adventure,Singleplayer|Story Rich,Mac|Windows,0.8,94049
101743,Game_1743,29.3,Adventure|Action,Singleplayer|Multiplayer|Competitive,Windows|Linux|Mac,0.81,12756
101744,Game_1744,42.6,Action|Strategy,Singleplayer|Multiplayer|Competitive,Windows|Mac,0.65,44203
101745,Game_1745,21.74,Strategy|Adventure,Competitive|Singleplayer|Open World,Windows|Mac|Linux,0.87,66916
101746,Game_1746,15.65,Simulation|RPG|Adventure,Multiplayer|Singleplayer,Linux|Windows|Mac,0.78,13075
101747,Game_1747,46.79,Sports|Strategy|Simulation,Competitive|Open World|Story Rich,Mac|Linux|Windows,0.92,51309
101748,Game_1748,32.95,Adventure|Indie,Co-op|Multiplayer,Linux|Mac|Windows,0.77,72519
101749,Game_1749,7.6,Action|RPG,Multiplayer|Story Rich|Co-op,Mac|Windows,0.88,36530
101750,Game_1750,15.14,Adventure|Strategy,Competitive|Co-op|Story Rich|Open World,Linux|Windows,0.7,55554
101751,Game_1751,38.0,RPG|Simulation,Singleplayer|Competitive,Windows|Mac,0.87,12190
101752,Game_1752,43.04,RPG|Strategy,Multiplayer|Story Rich|Singleplayer|Open World,Mac,0.66,23915
101753,Game_1753,28.36,Adventure|Sports|Indie,Multiplayer|Singleplayer|Story Rich|Co-op,Linux,0.66,50035
101754,Game_1754,19.66,Sports,Open World|Story Rich|Co-op|Singleplayer,Mac|Linux|Windows,0.8,98379
101755,Game_1755,51.69,Action|Sports|Adventure,Competitive|Open World|Multiplayer,Mac|Linux,0.7,39144
101756,Game_1756,32.29,RPG|Strategy,Story Rich|Open World|Co-op|Singleplayer,Windows,0.68,757
101757,Game_1757,27.41,Adventure|Sports,Co-op|Story Rich|Singleplayer|Multiplayer,Linux,0.91,76565
101758,Game_1758,57.62,Adventure|Simulation,Co-op|Multiplayer|Open World|Story Rich,Mac|Windows|Linux,0.8,5305
101759,Game_1759,33.84,Strategy,Open World|Story Rich,Mac,0.68,76423
101760,Game_1760,36.7,Strategy,Multiplayer|Story Rich,Windows|Linux,0.95,22018
101761,Game_1761,13.0,Simulation,Co-op|Story Rich|Multiplayer,Windows|Mac|Linux,0.8,67753
101762,Game_1762,16.59,Sports,Co-op|Singleplayer|Competitive|Story Rich,Mac,0.78,63055
101763,Game_1763,39.19,RPG|Sports,Story Rich|Competitive,Windows|Linux,0.87,24402
101764,Game_1764,31.74,Simulation,Co-op|Open World|Competitive|Singleplayer,Linux,0.89,62627
101765,Game_1765,2.66,Sports|Action|Adventure,Competitive|Multiplayer|Co-op|Story Rich,Linux|Mac|Windows,0.86,92610
101766,Game_1766,36.73,Simulation,Competitive|Singleplayer|Multiplayer,Windows|Linux|Mac,0.73,43924
101767,Game_1767,21.13,RPG|Adventure,Open World|Co-op|Competitive|Singleplayer,Mac|Linux,0.92,99495
101768,Game_1768,2.74,Action,Co-op|Singleplayer,Linux|Mac,0.96,48135
101769,Game_1769,22.77,RPG|Indie|Strategy,Singleplayer|Open World,Linux|Windows,0.97,80543
101770,Game_1770,28.17,Indie|Strategy,Multiplayer|Co-op,Linux|Mac,0.93,20091
101771,Game_1771,47.46,Adventure,Multiplayer|Co-op,Windows|Linux|Mac,0.78,97511
101772,Game_1772,9.62,Strategy,Competitive|Singleplayer,Mac,0.81,74708
101773,Game_1773,49.49,Strategy|Simulation|Sports,Competitive|Multiplayer|Open World|Singleplayer,Windows|Mac,0.95,23754
101774,Game_1774,2.26,RPG,Competitive|Open World|Singleplayer,Linux|Mac|Windows,0.86,36418
101775,Game_1775,35.6,Sports,Competitive|Co-op|Open World,Mac|Windows|Linux,0.77,48714
101776,Game_1776,48.63,Adventure|Action|Sports,Singleplayer|Open World|Story Rich,Mac,0.75,2870
101777,Game_1777,27.26,Adventure,Story Rich|Open World|Singleplayer,Linux|Mac,0.65,62226
101778,Game_1778,38.2,Action|RPG,Competitive|Open World,Linux,0.73,70009
101779,Game_1779,10.43,Action,Multiplayer|Co-op|Competitive|Singleplayer,Mac|Linux|Windows,0.89,88278
101780,Game_1780,3.61,Indie,Story Rich|Co-op|Multiplayer,Windows|Linux,0.69,47254
101781,Game_1781,56.11,Sports,Competitive|Open World,Linux|Mac|Windows,0.85,86428
101782,Game_1782,51.74,Sports|Strategy,Open World|Multiplayer|Co-op|Singleplayer,Linux|Mac|Windows,0.79,90781
101783,Game_1783,17.44,Action|Simulation|Sports,Competitive|Multiplayer|Story Rich|Singleplayer,Linux,0.86,25241
101784,Game_1784,16.43,RPG|Adventure|Simulation,Competitive|Co-op|Multiplayer|Singleplayer,Windows,0.81,78081
101785,Game_1785,31.21,Strategy|Action|Simulation,Story Rich|Competitive|Open World,Windows|Linux,0.63,3431
101786,Game_1786,30.9,Sports,Open World|Story Rich,Mac|Windows,0.6,60886
101787,Game_1787,48.04,Sports,Singleplayer|Co-op|Story Rich,Linux,0.7,70872
101788,Game_1788,22.69,Indie|RPG,Co-op|Multiplayer|Competitive|Singleplayer,Windows|Mac|Linux,0.71,51476
101789,Game_1789,22.39,Action|Adventure,Competitive|Singleplayer|Multiplayer,Linux|Windows|Mac,0.82,17825
101790,Game_1790,10.55,Action|Indie,Singleplayer|Competitive,Mac|Linux|Windows,0.67,77492
101791,Game_1791,42.05,Simulation|Action|Sports,Co-op|Singleplayer,Linux|Windows,0.61,80217
101792,Game_1792,46.99,RPG|Sports|Adventure,Multiplayer|Open World|Story Rich|Singleplayer,Mac|Linux,0.78,68132
101793,Game_1793,57.01,Strategy,Co-op|Singleplayer|Story Rich|Open World,Mac,0.72,26987
101794,Game_1794,45.83,Sports|RPG|Strategy,Story Rich|Singleplayer,Linux|Windows,0.76,61848
101795,Game_1795,17.74,Simulation,Multiplayer|Competitive|Co-op|Story Rich,Mac,0.8,38092
101796,Game_1796,47.79,Sports,Open World|Multiplayer|Co-op|Competitive,Mac|Windows,0.88,96311
101797,Game_1797,37.23,Sports|Simulation|Indie,Multiplayer|Singleplayer|Co-op,Windows,0.67,86765
101798,Game_1798,59.06,Indie,Story Rich|Competitive|Co-op,Windows|Linux,0.89,40712
101799,Game_1799,55.49,RPG|Indie,Competitive|Open World|Co-op,Mac|Windows|Linux,0.83,94904
101800,Game_1800,11.23,Simulation|RPG,Story Rich|Multiplayer|Co-op|Competitive,Linux,0.87,54033
101801,Game_1801,14.31,Simulation|Indie|Action,Competitive|Co-op|Multiplayer,Windows|Linux,0.94,87603
101802,Game_1802,25.45,Sports,Co-op|Multiplayer|Competitive|Singleplayer,Mac,0.91,3321
101803,Game_1803,28.31,RPG|Indie,Singleplayer|Competitive,Mac|Linux,0.64,79159
101804,Game_1804,2.94,Action,Multiplayer|Open World|Singleplayer|Competitive,Mac,0.64,16118
101805,Game_1805,0.18,Strategy,Singleplayer|Multiplayer|Open World|Co-op,Windows|Linux,0.78,80797
101806,Game_1806,8.09,Simulation|Sports,Story Rich|Co-op,Mac|Windows|Linux,0.67,90174
101807,Game_1807,58.04,Action|Adventure,Story Rich|Singleplayer|Competitive,Linux,0.72,49504
101808,Game_1808,13.7,Action|Simulation|Sports,Multiplayer|Story Rich|Co-op,Mac,0.71,16148
101809,Game_1809,2.22,Sports|RPG|Indie,Multiplayer|Story Rich|Open World|Co-op,Mac,0.75,51070
101810,Game_1810,49.28,Simulation|Action,Singleplayer|Open World|Competitive,Mac|Windows,0.61,25906
101811,Game_1811,0.8,Simulation|Action|Adventure,Open World|Multiplayer|Singleplayer,Windows|Linux,0.65,22302
101812,Game_1812,23.1,Strategy|Simulation|Action,Singleplayer|Open World,Mac|Windows,0.67,845
101813,Game_1813,22.81,Action,Multiplayer|Co-op|Competitive|Story Rich,Windows,0.67,22544
101814,Game_1814,39.02,Sports|Action,Singleplayer|Competitive,Windows|Mac,0.85,39395
101815,Game_1815,44.78,Indie|Strategy|Sports,Co-op|Open World|Competitive,Linux|Mac|Windows,0.8,99368
101816,Game_1816,9.95,Sports|RPG|Adventure,Multiplayer|Co-op|Story Rich|Open World,Linux|Windows|Mac,0.87,41078
101817,Game_1817,18.5,Simulation|Sports|Action,Multiplayer|Competitive,Mac|Linux|Windows,0.78,58406
101818,Game_1818,33.73,Simulation|Action,Open World|Co-op|Singleplayer,Mac|Windows,0.83,47904
101819,Game_1819,36.95,Action|Adventure|Sports,Competitive|Singleplayer|Story Rich,Linux|Windows|Mac,0.76,613
101820,Game_1820,57.2,Adventure|Action,Open World|Singleplayer|Story Rich,Linux|Windows,0.73,47653
101821,Game_1821,15.05,Simulation,Co-op|Multiplayer|Open World,Windows|Linux|Mac,0.77,80673
101822,Game_1822,30.4,Indie,Singleplayer|Co-op|Competitive,Mac,0.89,21973
101823,Game_1823,32.64,Action|RPG,Multiplayer|Co-op,Linux,0.86,81228
101824,Game_1824,16.53,Simulation|Action|Sports,Story Rich|Co-op,Linux|Windows|Mac,0.73,78279
101825,Game_1825,12.18,Action|Sports,Singleplayer|Open World|Story Rich|Competitive,Mac|Windows|Linux,0.75,98400
101826,Game_1826,2.73,Adventure|RPG,Story Rich|Open World,Mac,0.65,62093
101827,Game_1827,27.32,RPG,Story Rich|Co-op|Singleplayer|Open World,Windows|Linux,0.87,91061
101828,Game_1828,18.36,Indie,Singleplayer|Co-op,Windows|Linux,0.72,49160
101829,Game_1829,49.48,RPG|Strategy,Open World|Singleplayer|Co-op|Competitive,Mac|Linux|Windows,0.97,55588
101830,Game_1830,55.65,Action|Strategy|Adventure,Open World|Multiplayer,Mac|Windows|Linux,0.88,51243
101831,Game_1831,31.03,Strategy,Story Rich|Singleplayer,Linux|Windows|Mac,0.64,67577
101832,Game_1832,58.44,RPG,Co-op|Competitive|Multiplayer|Story Rich,Windows|Linux|Mac,0.82,84505
101833,Game_1833,19.16,Adventure|Strategy,Open World|Story Rich|Singleplayer|Co-op,Mac,0.69,59790
101834,Game_1834,12.74,Action|Sports|Simulation,Multiplayer|Singleplayer,Linux|Mac|Windows,0.64,52320
101835,Game_1835,43.84,Adventure,Story Rich|Co-op|Competitive|Singleplayer,Mac|Linux|Windows,0.64,83413
101836,Game_1836,32.34,Adventure,Co-op|Multiplayer|Story Rich,Windows|Mac|Linux,0.92,91571
101837,Game_1837,22.56,Strategy,Competitive|Multiplayer,Mac|Windows,0.96,58417
101838,Game_1838,51.86,Indie|Simulation|Strategy,Co-op|Story Rich,Windows|Mac,0.76,30133
101839,Game_1839,31.84,Sports|Action|Simulation,Co-op|Singleplayer|Multiplayer,Linux,0.72,66532
101840,Game_1840,19.79,Adventure|Action|Sports,Story Rich|Open World|Singleplayer|Co-op,Linux,0.77,3897
101841,Game_1841,21.3,Simulation|Strategy,Singleplayer|Co-op|Story Rich,Windows,0.8,92178
101842,Game_1842,26.07,Sports,Singleplayer|Co-op|Story Rich,Mac|Windows,0.86,65429
101843,Game_1843,24.7,Indie,Story Rich|Multiplayer,Linux|Mac,0.82,66784
101844,Game_1844,25.51,Adventure|Action,Story Rich|Singleplayer|Competitive,Windows,0.78,8238
101845,Game_1845,6.53,Strategy|Indie|Sports,Open World|Co-op|Multiplayer|Competitive,Linux,0.87,25878
101846,Game_1846,7.94,Indie|Strategy|RPG,Story Rich|Competitive,Windows|Mac|Linux,0.68,31163
101847,Game_1847,17.17,RPG,Competitive|Open World,Mac|Linux,0.95,77188
101848,Game_1848,44.45,Sports,Story Rich|Multiplayer,Windows|Linux,0.63,26205
101849,Game_1849,6.35,Indie|Sports,Multiplayer|Co-op|Story Rich,Linux,0.89,37563
101850,Game_1850,53.93,Adventure|Sports|Action,Story Rich|Co-op|Multiplayer,Mac|Linux,0.62,36054
101851,Game_1851,47.81,Action|Indie,Co-op|Multiplayer|Open World|Singleplayer,Windows,0.64,49232
101852,Game_1852,2.98,Sports,Open World|Story Rich|Singleplayer|Co-op,Linux|Mac|Windows,0.81,28123
101853,Game_1853,51.22,Indie,Open World|Co-op|Story Rich|Competitive,Linux|Mac|Windows,0.87,92735
101854,Game_1854,38.5,Sports|Simulation,Co-op|Singleplayer,Windows,0.88,51768
101855,Game_1855,3.4,Indie|Strategy|Sports,Singleplayer|Open World,Windows|Linux,0.94,27627
101856,Game_1856,41.6,Sports,Open World|Competitive|Multiplayer,Linux,0.92,11042
101857,Game_1857,14.63,Action,Co-op|Open World|Story Rich,Mac|Linux|Windows,0.95,27798
101858,Game_1858,52.04,Indie|Sports|Strategy,Story Rich|Competitive|Open World|Singleplayer,Windows,0.93,91881
101859,Game_1859,5.57,Simulation|Action,Competitive|Co-op|Open World,Windows|Mac,0.95,60210
101860,Game_1860,18.23,Indie|RPG,Co-op|Competitive|Story Rich|Open World,Mac,0.83,82928
101861,Game_1861,15.77,RPG|Adventure,Multiplayer|Singleplayer,Mac,0.85,59830
101862,Game_1862,40.85,Indie|Sports,Story Rich|Multiplayer,Mac|Linux,0.63,5939
101863,Game_1863,1.78,Adventure|Sports|RPG,Competitive|Open World|Story Rich|Co-op,Linux|Mac,0.88,45628
101864,Game_1864,11.91,Simulation|Action|RPG,Story Rich|Multiplayer|Co-op|Singleplayer,Mac|Windows,0.66,35941
101865,Game_1865,56.75,RPG|Strategy|Action,Co-op|Multiplayer,Windows|Linux|Mac,0.82,8927
101866,Game_1866,33.74,Action|Simulation|Indie,Singleplayer|Multiplayer|Open World|Co-op,Mac|Linux|Windows,0.68,84996
101867,Game_1867,16.58,Strategy|Simulation|RPG,Open World|Story Rich,Linux,0.64,54948
101868,Game_1868,43.35,Sports|Action,Competitive|Multiplayer|Co-op|Singleplayer,Mac|Windows,0.74,61276
101869,Game_1869,32.72,Sports|RPG,Co-op|Singleplayer,Windows|Mac|Linux,0.76,43571
101870,Game_1870,22.1,Simulation|Adventure|Sports,Co-op|Multiplayer|Open World|Singleplayer,Windows,0.95,12254
101871,Game_1871,51.6,Action,Singleplayer|Multiplayer,Mac,0.93,7261
101872,Game_1872,8.75,RPG|Strategy|Sports,Competitive|Story Rich|Open World,Linux|Windows|Mac,0.67,78449
101873,Game_1873,24.13,RPG|Strategy,Co-op|Story Rich|Open World,Linux,0.61,7244
101874,Game_1874,19.42,Action|Strategy|RPG,Co-op|Competitive|Story Rich,Linux,0.84,38442
101875,Game_1875,28.45,Sports,Singleplayer|Competitive,Linux|Mac|Windows,0.63,83266
101876,Game_1876,5.04,Simulation|Indie|Adventure,Open World|Multiplayer,Mac,0.84,44284
101877,Game_1877,52.11,Adventure|Strategy|RPG,Singleplayer|Competitive|Open World|Co-op,Linux,0.85,39514
101878,Game_1878,52.78,Indie|Simulation|Sports,Competitive|Co-op|Open World,Mac,0.88,86685
101879,Game_1879,2.73,Adventure,Multiplayer|Singleplayer|Co-op|Story Rich,Windows|Linux|Mac,0.81,60381
101880,Game_1880,59.05,Action,Multiplayer|Competitive|Open World|Singleplayer,Mac|Windows|Linux,0.82,34464
101881,Game_1881,34.81,Simulation|RPG,Co-op|Singleplayer|Multiplayer|Competitive,Windows,0.74,35234
101882,Game_1882,41.43,RPG,Open World|Multiplayer,Mac|Linux,0.94,11730
101883,Game_1883,40.08,Simulation,Competitive|Multiplayer,Linux,0.86,23642
101884,Game_1884,6.49,Sports|Strategy|Indie,Singleplayer|Open World,Mac,0.96,97845
101885,Game_1885,28.43,Simulation,Competitive|Multiplayer|Story Rich|Co-op,Mac|Linux|Windows,0.83,27175
101886,Game_1886,25.93,Indie|RPG,Open World|Singleplayer,Linux,0.88,50354
101887,Game_1887,57.14,Strategy|Simulation,Competitive|Open World|Multiplayer|Co-op,Mac|Linux|Windows,0.75,8764
101888,Game_1888,39.57,Action,Open World|Co-op|Multiplayer,Mac|Linux,0.71,44994
101889,Game_1889,31.61,Simulation,Story Rich|Singleplayer,Linux|Windows|Mac,0.97,27245
101890,Game_1890,20.01,Action,Multiplayer|Singleplayer,Windows|Linux|Mac,0.83,22029
101891,Game_1891,2.62,Indie,Open World|Multiplayer|Co-op,Mac|Windows,0.84,38058
101892,Game_1892,43.74,Sports|Adventure|Indie,Open World|Singleplayer,Windows|Linux,0.65,71084
101893,Game_1893,57.99,Sports|Simulation,Open World|Story Rich|Multiplayer,Linux,0.79,57280
101894,Game_1894,25.03,Indie|Sports|RPG,Co-op|Story Rich|Open World,Windows,0.92,42295
101895,Game_1895,11.39,Action|Simulation,Open World|Co-op,Windows|Linux|Mac,0.96,79035
101896,Game_1896,48.35,Sports|Strategy,Co-op|Competitive|Story Rich,Linux,0.82,39385
101897,Game_1897,38.26,Adventure|Sports|RPG,Multiplayer|Story Rich,Linux,0.7,47587
101898,Game_1898,50.64,Strategy|Indie|Adventure,Singleplayer|Competitive,Windows|Linux,0.84,82430
101899,Game_1899,46.18,Strategy,Singleplayer|Open World|Competitive,Mac,0.75,67554
101900,Game_1900,55.82,Action|RPG|Strategy,Competitive|Story Rich|Singleplayer|Multiplayer,Linux|Mac|Windows,0.75,23782
101901,Game_1901,48.4,RPG|Indie|Adventure,Multiplayer|Open World,Windows,0.91,99456
101902,Game_1902,44.46,Sports|Action,Multiplayer|Open World|Singleplayer,Mac|Windows,0.92,35788
101903,Game_1903,38.27,Simulation|Adventure|Strategy,Competitive|Multiplayer,Mac,0.73,62426
101904,Game_1904,19.54,Adventure|Simulation,Competitive|Co-op,Linux,0.82,85387
101905,Game_1905,53.2,Action|RPG,Competitive|Singleplayer,Mac,0.95,32898
101906,Game_1906,50.11,Sports|Indie,Open World|Multiplayer,Linux|Windows,0.75,55189
101907,Game_1907,0.35,Action|Adventure,Co-op|Open World,Mac,0.67,41092
101908,Game_1908,28.3,Simulation|Action|Indie,Co-op|Singleplayer|Story Rich|Open World,Mac|Linux,0.92,75608
101909,Game_1909,48.66,Sports|Indie|Action,Story Rich|Multiplayer|Competitive,Mac|Linux|Windows,0.84,66001
101910,Game_1910,14.86,Adventure|Indie,Co-op|Multiplayer,Linux|Mac,0.95,91967
101911,Game_1911,34.57,Sports|Action|Indie,Story Rich|Co-op,Linux|Windows|Mac,0.8,81928
101912,Game_1912,28.05,Sports,Open World|Co-op|Multiplayer,Linux|Mac|Windows,0.65,60946
101913,Game_1913,49.69,Simulation|RPG,Competitive|Co-op|Open World|Multiplayer,Windows,0.88,27681
101914,Game_1914,14.17,Strategy|Adventure,Story Rich|Open World|Co-op,Windows|Linux,0.66,50616
101915,Game_1915,10.31,RPG|Sports|Indie,Competitive|Co-op,Mac|Linux,0.9,38528
101916,Game_1916,25.24,Action,Story Rich|Multiplayer|Co-op|Singleplayer,Windows,0.85,37811
101917,Game_1917,22.59,Sports|RPG|Adventure,Multiplayer|Singleplayer,Windows,0.82,55345
101918,Game_1918,33.27,Sports|Adventure|Indie,Co-op|Open World|Multiplayer,Mac|Windows,0.62,18157
101919,Game_1919,40.59,Indie,Story Rich|Open World,Windows|Mac|Linux,0.65,77416
101920,Game_1920,28.59,Indie|Action,Co-op|Multiplayer|Competitive,Linux|Mac,0.92,16964
101921,Game_1921,12.16,Indie|Action|Adventure,Open World|Co-op,Windows|Linux,0.79,16354
101922,Game_1922,48.18,Simulation|Strategy,Multiplayer|Story Rich|Co-op,Mac|Windows|Linux,0.95,39782
101923,Game_1923,37.35,RPG|Action,Story Rich|Open World,Linux,0.97,55370
101924,Game_1924,59.9,Sports|Action,Co-op|Singleplayer,Mac,0.69,78806
101925,Game_1925,52.17,Strategy|Sports,Open World|Singleplayer|Multiplayer,Mac|Windows,0.92,96796
101926,Game_1926,6.76,Adventure,Co-op|Open World,Linux|Mac|Windows,0.94,65945
101927,Game_1927,41.42,Adventure|RPG,Competitive|Singleplayer|Co-op,Linux|Windows,0.78,60782
101928,Game_1928,44.74,Action|Indie|Adventure,Open World|Story Rich|Multiplayer|Co-op,Mac,0.82,45688
101929,Game_1929,20.43,Indie,Singleplayer|Open World,Windows,0.63,1823
101930,Game_1930,23.42,RPG|Sports,Story Rich|Co-op|Open World,Linux|Windows|Mac,0.72,35603
101931,Game_1931,16.15,Indie,Co-op|Open World,Linux|Windows,0.97,1853
101932,Game_1932,44.5,Simulation|Action|Strategy,Competitive|Open World|Co-op|Multiplayer,Linux,0.83,70017
101933,Game_1933,14.99,Simulation|Strategy|RPG,Singleplayer|Competitive|Co-op,Mac|Windows,0.91,88250
101934,Game_1934,32.92,Simulation,Multiplayer|Competitive|Open World|Story Rich,Linux,0.78,9513
101935,Game_1935,32.33,Adventure,Co-op|Competitive,Mac,0.66,48638
101936,Game_1936,2.97,Strategy,Multiplayer|Singleplayer,Windows|Mac|Linux,0.71,40330
101937,Game_1937,32.69,Indie|Simulation,Singleplayer|Story Rich|Competitive,Windows,0.79,21235
101938,Game_1938,43.29,Action|Sports,Story Rich|Multiplayer,Linux|Mac,0.62,83025
101939,Game_1939,56.7,Sports,Multiplayer|Competitive|Co-op,Mac,0.93,86473
101940,Game_1940,32.44,Sports|Adventure,Open World|Singleplayer|Competitive|Co-op,Windows|Linux|Mac,0.92,55940
101941,Game_1941,14.02,Action|Strategy,Competitive|Singleplayer|Co-op|Open World,Windows|Linux,0.64,21781
101942,Game_1942,38.16,Adventure|RPG|Sports,Co-op|Singleplayer,Mac,0.95,69180
101943,Game_1943,41.21,Sports|RPG,Multiplayer|Co-op,Mac,0.64,60967
101944,Game_1944,27.73,Action,Co-op|Story Rich,Windows|Linux|Mac,0.77,34562
101945,Game_1945,31.25,Adventure|Simulation,Singleplayer|Competitive|Story Rich|Co-op,Linux|Windows,0.71,47382
101946,Game_1946,4.93,Action|RPG|Simulation,Open World|Co-op,Mac,0.85,14449
101947,Game_1947,51.32,Action|Simulation,Competitive|Co-op|Story Rich,Linux|Windows,0.96,7025
101948,Game_1948,6.88,Indie,Story Rich|Co-op,Linux|Windows,0.67,95336
101949,Game_1949,35.85,Simulation|Action,Story Rich|Co-op|Multiplayer,Linux|Mac|Windows,0.89,28736
101950,Game_1950,15.05,Adventure|RPG|Simulation,Competitive|Story Rich,Mac|Linux,0.67,4235
101951,Game_1951,37.1,Action|Strategy|Simulation,Co-op|Open World|Singleplayer,Windows,0.62,54748
101952,Game_1952,59.66,Action|Strategy,Multiplayer|Co-op,Mac,0.73,66307
101953,Game_1953,38.14,Indie|Adventure|Sports,Competitive|Singleplayer|Story Rich,Mac|Linux,0.8,75018
101954,Game_1954,26.98,Sports,Open World|Singleplayer|Co-op,Linux,0.69,11671
101955,Game_1955,33.8,RPG|Strategy|Indie,Singleplayer|Open World|Story Rich|Competitive,Mac|Linux,0.73,76122
101956,Game_1956,37.68,Sports,Competitive|Story Rich|Co-op|Multiplayer,Mac,0.63,60924
101957,Game_1957,1.62,Strategy,Competitive|Open World|Multiplayer,Windows,0.65,37784
101958,Game_1958,3.78,Strategy,Multiplayer|Co-op|Story Rich,Linux|Windows|Mac,0.97,84054
101959,Game_1959,26.4,Action,Multiplayer|Competitive|Co-op|Story Rich,Linux|Windows|Mac,0.66,79659
101960,Game_1960,8.73,Indie,Multiplayer|Open World|Co-op,Linux|Mac|Windows,0.92,66966
101961,Game_1961,46.77,Sports|Adventure|RPG,Multiplayer|Co-op,Linux|Windows,0.86,5679
101962,Game_1962,53.66,Strategy|Simulation|Sports,Singleplayer|Story Rich,Linux,0.82,10735
101963,Game_1963,1.16,Simulation,Co-op|Competitive|Singleplayer,Windows,0.61,24603
101964,Game_1964,5.49,Simulation,Co-op|Story Rich|Open World|Competitive,Linux|Windows|Mac,0.96,27598
101965,Game_1965,44.65,Indie|Sports|Adventure,Multiplayer|Story Rich|Singleplayer,Windows|Mac,0.79,35664
101966,Game_1966,20.99,RPG,Multiplayer|Story Rich|Singleplayer,Linux|Windows,0.73,42522
101967,Game_1967,33.8,Action,Story Rich|Multiplayer|Open World|Co-op,Mac|Linux|Windows,0.93,82764
101968,Game_1968,27.43,Indie|Action,Co-op|Multiplayer,Linux,0.79,70659
101969,Game_1969,0.24,Adventure|Indie|RPG,Open World|Multiplayer|Story Rich,Windows|Linux,0.7,7689
101970,Game_1970,29.28,Action|Indie|Sports,Multiplayer|Co-op|Singleplayer|Competitive,Mac,0.93,22787
101971,Game_1971,48.77,RPG,Co-op|Story Rich|Competitive,Mac|Linux,0.97,60290
101972,Game_1972,16.89,Indie|RPG,Story Rich|Multiplayer|Competitive,Linux,0.7,13759
101973,Game_1973,41.03,Sports|Adventure|Simulation,Competitive|Story Rich,Mac,0.92,58207
101974,Game_1974,10.38,RPG|Simulation,Co-op|Competitive|Singleplayer|Story Rich,Mac,0.74,59525
101975,Game_1975,54.12,RPG,Competitive|Story Rich,Linux|Windows|Mac,0.88,48952
101976,Game_1976,18.07,Action,Multiplayer|Competitive|Singleplayer|Co-op,Mac|Linux|Windows,0.61,3858
101977,Game_1977,25.28,Indie|Sports,Open World|Singleplayer|Multiplayer|Story Rich,Mac,0.73,12474
101978,Game_1978,11.65,RPG|Indie|Adventure,Competitive|Singleplayer|Co-op,Windows|Linux|Mac,0.7,21738
101979,Game_1979,30.17,Indie|Sports,Story Rich|Multiplayer|Singleplayer,Mac,0.93,8414
101980,Game_1980,24.1,Action,Story Rich|Co-op|Multiplayer|Competitive,Windows|Linux|Mac,0.95,47946
101981,Game_1981,57.03,Simulation|Action|Sports,Story Rich|Competitive,Linux,0.9,90169
101982,Game_1982,16.6,Sports|Simulation,Co-op|Story Rich|Open World|Singleplayer,Linux|Mac,0.65,26074
101983,Game_1983,59.36,Strategy|Adventure|Indie,Multiplayer|Open World|Co-op,Mac|Linux,0.6,58761
101984,Game_1984,10.23,Simulation|Action|Strategy,Story Rich|Singleplayer|Multiplayer|Co-op,Linux,0.88,42734
101985,Game_1985,1.35,Action,Multiplayer|Co-op|Singleplayer,Mac,0.69,58756
101986,Game_1986,40.94,Adventure|Sports,Co-op|Singleplayer|Competitive|Multiplayer,Mac|Linux,0.65,45854
101987,Game_1987,45.98,Strategy,Multiplayer|Singleplayer,Linux|Windows,0.9,21775
101988,Game_1988,15.17,Action|RPG,Story Rich|Multiplayer|Competitive|Co-op,Windows|Linux,0.96,91455
101989,Game_1989,20.47,Adventure|Indie|Simulation,Singleplayer|Co-op,Mac|Linux|Windows,0.85,9087
101990,Game_1990,4.37,Sports,Co-op|Open World|Story Rich,Linux|Windows,0.66,67920
101991,Game_1991,23.3,Indie|RPG|Action,Singleplayer|Story Rich|Competitive,Linux,0.65,5053
101992,Game_1992,14.68,Simulation,Story Rich|Co-op|Multiplayer|Competitive,Linux,0.97,96997
101993,Game_1993,34.73,Adventure|RPG|Indie,Multiplayer|Competitive|Open World|Story Rich,Windows|Linux,0.64,67834
101994,Game_1994,45.36,Adventure,Story Rich|Open World,Windows,0.91,92489
101995,Game_1995,2.95,Sports|Adventure|Action,Multiplayer|Singleplayer|Co-op,Linux|Windows|Mac,0.93,78890
101996,Game_1996,15.07,RPG|Sports,Competitive|Open World,Mac|Linux,0.8,13696
101997,Game_1997,36.33,RPG,Story Rich|Competitive,Windows|Mac|Linux,0.61,5556
101998,Game_1998,8.51,Simulation|Action|Sports,Open World|Competitive|Story Rich|Multiplayer,Linux,0.93,7213
101999,Game_1999,10.07,Sports|RPG,Co-op|Singleplayer|Competitive,Mac,0.65,76489
102000,Game_2000,44.58,RPG|Sports,Story Rich|Open World|Multiplayer,Windows,0.71,97935
102001,Game_2001,46.17,Sports|Strategy|Adventure,Open World|Competitive,Mac,0.66,51549
102002,Game_2002,41.58,Action|RPG,Co-op|Singleplayer|Story Rich|Competitive,Mac|Windows,0.95,71477
102003,Game_2003,54.34,Simulation|Adventure|Sports,Multiplayer|Co-op,Mac,0.89,25787
102004,Game_2004,13.41,Simulation,Story Rich|Competitive,Windows,0.7,33131
102005,Game_2005,18.71,Simulation,Competitive|Co-op,Mac|Windows|Linux,0.75,4457
102006,Game_2006,57.35,Indie,Competitive|Singleplayer|Story Rich|Co-op,Linux,0.63,97697
102007,Game_2007,42.18,Simulation|Adventure,Co-op|Open World|Competitive,Linux|Mac,0.83,86323
102008,Game_2008,50.18,Indie,Story Rich|Co-op|Singleplayer|Multiplayer,Windows,0.76,60834
102009,Game_2009,11.85,Strategy|Indie,Co-op|Story Rich|Singleplayer,Linux,0.89,36793
102010,Game_2010,39.6,RPG|Strategy,Open World|Multiplayer,Mac|Linux|Windows,0.72,35770
102011,Game_2011,37.65,Action|Strategy,Singleplayer|Co-op|Story Rich|Open World,Linux|Windows|Mac,0.96,56271
102012,Game_2012,3.11,Adventure|Indie,Multiplayer|Co-op|Story Rich,Linux,0.61,90542
102013,Game_2013,22.05,Indie,Competitive|Story Rich,Windows|Mac,0.69,90784
102014,Game_2014,37.95,Action,Competitive|Story Rich|Singleplayer,Windows,0.65,65126
102015,Game_2015,42.71,Indie|Action|Strategy,Multiplayer|Singleplayer|Competitive,Mac|Windows|Linux,0.91,34337
102016,Game_2016,15.91,Simulation|Indie|RPG,Singleplayer|Open World|Multiplayer|Co-op,Mac|Windows|Linux,0.63,17711
102017,Game_2017,29.24,Simulation|Indie|Action,Co-op|Story Rich|Open World,Windows|Linux,0.8,70654
102018,Game_2018,38.85,Indie,Multiplayer|Competitive|Story Rich,Linux,0.68,62036
102019,Game_2019,9.79,RPG|Indie,Story Rich|Singleplayer|Open World|Multiplayer,Linux|Windows|Mac,0.63,78897
102020,Game_2020,53.94,Action|Simulation,Singleplayer|Story Rich|Co-op,Mac,0.77,54227
102021,Game_2021,2.18,Simulation|Action,Competitive|Open World|Story Rich|Co-op,Windows,0.77,60744
102022,Game_2022,34.97,Adventure|Simulation|Strategy,Open World|Story Rich,Linux,0.85,6095
102023,Game_2023,36.85,Adventure|Indie,Story Rich|Multiplayer|Singleplayer|Co-op,Mac,0.85,13840
102024,Game_2024,3.55,Action,Competitive|Open World|Story Rich|Singleplayer,Linux|Mac,0.72,52371
102025,Game_2025,1.26,Adventure|Simulation,Open World|Co-op|Story Rich,Mac,0.8,92232
102026,Game_2026,58.3,Indie|RPG|Strategy,Multiplayer|Competitive|Open World,Linux|Mac|Windows,0.94,67369
102027,Game_2027,58.15,RPG|Adventure|Action,Co-op|Multiplayer|Story Rich,Mac|Linux|Windows,0.76,16336
102028,Game_2028,14.9,Simulation,Open World|Co-op,Mac,0.81,72032
102029,Game_2029,38.99,Sports|Strategy,Competitive|Singleplayer|Multiplayer,Windows|Mac,0.68,46161
102030,Game_2030,2.4,Action|Simulation,Multiplayer|Story Rich,Linux|Mac,0.85,99135
102031,Game_2031,39.91,Adventure,Competitive|Open World,Windows|Linux|Mac,0.97,11249
102032,Game_2032,35.72,Indie,Story Rich|Open World|Singleplayer,Windows,0.65,27941
102033,Game_2033,56.89,Action,Open World|Competitive|Multiplayer,Windows,0.98,14692
102034,Game_2034,47.23,RPG|Indie|Sports,Competitive|Open World|Co-op,Linux,0.87,38237
102035,Game_2035,6.61,Sports|Simulation,Story Rich|Co-op|Competitive,Windows|Mac|Linux,0.95,28919
102036,Game_2036,38.04,Strategy|Simulation,Singleplayer|Co-op|Story Rich|Competitive,Windows|Mac,0.73,52947
102037,Game_2037,37.79,Sports,Story Rich|Multiplayer|Co-op,Linux,0.86,45537
102038,Game_2038,23.83,Sports|RPG,Competitive|Story Rich|Singleplayer|Open World,Mac|Linux|Windows,0.9,1421
102039,Game_2039,58.51,RPG,Open World|Story Rich,Mac|Linux,0.97,31275
102040,Game_2040,15.35,Action,Competitive|Multiplayer,Mac|Linux|Windows,0.84,69417
102041,Game_2041,51.26,RPG|Action|Simulation,Singleplayer|Story Rich|Co-op,Mac|Windows,0.94,66264
102042,Game_2042,56.84,Adventure|Action,Open World|Multiplayer|Singleplayer|Story Rich,Mac|Linux,0.9,18801
102043,Game_2043,23.22,Sports|Adventure,Story Rich|Open World,Windows|Mac|Linux,0.91,74364
102044,Game_2044,44.64,Sports|RPG|Indie,Competitive|Singleplayer|Story Rich,Linux|Mac,0.73,32375
102045,Game_2045,46.54,Action|Sports,Story Rich|Open World|Co-op|Competitive,Windows|Mac,0.75,99796
102046,Game_2046,22.66,Action,Singleplayer|Open World|Multiplayer|Story Rich,Mac,0.76,95916
102047,Game_2047,40.5,Indie|RPG|Sports,Co-op|Story Rich|Open World|Multiplayer,Mac,0.6,73593
102048,Game_2048,19.68,Simulation,Singleplayer|Story Rich|Co-op|Multiplayer,Windows|Linux|Mac,0.97,34032
102049,Game_2049,46.07,Adventure|RPG|Strategy,Singleplayer|Competitive|Open World|Story Rich,Mac|Windows,0.83,29237
102050,Game_2050,28.26,Action|Sports,Multiplayer|Co-op|Open World|Singleplayer,Mac|Linux,0.65,82368
102051,Game_2051,2.24,Sports,Competitive|Open World,Linux|Windows|Mac,0.9,21199
102052,Game_2052,52.75,Adventure,Open World|Co-op|Singleplayer,Mac,0.78,3415
102053,Game_2053,58.3,Sports|Indie|Simulation,Singleplayer|Open World,Mac|Windows|Linux,0.6,62680
102054,Game_2054,21.62,Strategy,Open World|Competitive,Mac|Linux,0.62,6413
102055,Game_2055,18.42,Strategy,Co-op|Story Rich|Singleplayer,Mac|Linux|Windows,0.75,15383
102056,Game_2056,29.95,RPG|Action|Indie,Competitive|Story Rich|Multiplayer,Linux|Mac,0.67,98255
102057,Game_2057,22.8,Sports|Adventure|Action,Co-op|Competitive,Linux,0.64,5391
102058,Game_2058,3.08,Adventure|Indie,Multiplayer|Competitive|Story Rich|Open World,Linux,0.71,754
102059,Game_2059,18.92,Action|RPG|Strategy,Co-op|Multiplayer,Linux,0.69,87712
102060,Game_2060,11.01,Action|Sports|Simulation,Multiplayer|Singleplayer,Linux,0.71,21276
102061,Game_2061,38.16,Simulation,Multiplayer|Co-op|Competitive|Open World,Linux|Mac|Windows,0.76,53002
102062,Game_2062,46.46,Simulation|Sports,Co-op|Singleplayer|Story Rich|Multiplayer,Mac|Linux|Windows,0.67,80843
102063,Game_2063,34.68,Strategy|Indie,Multiplayer|Co-op|Competitive,Linux|Mac,0.95,15206
102064,Game_2064,6.54,Sports|Indie|RPG,Story Rich|Multiplayer,Windows|Linux|Mac,0.88,58994
102065,Game_2065,25.46,Adventure|Strategy|Simulation,Competitive|Multiplayer,Windows|Linux,0.89,88402
102066,Game_2066,22.92,Indie|Simulation|Sports,Story Rich|Co-op|Singleplayer,Linux,0.91,48741
102067,Game_2067,23.24,RPG,Multiplayer|Competitive|Open World,Windows,0.63,52949
102068,Game_2068,38.33,Strategy,Singleplayer|Competitive|Open World,Windows|Mac,0.93,11926
102069,Game_2069,11.64,Adventure,Co-op|Competitive|Open World,Windows|Mac|Linux,0.82,23638
102070,Game_2070,26.35,Sports|Simulation,Story Rich|Open World|Co-op,Windows,0.75,25615
102071,Game_2071,49.45,Strategy|RPG,Competitive|Co-op|Singleplayer,Linux|Mac,0.85,69737
102072,Game_2072,32.97,Sports,Competitive|Multiplayer|Singleplayer|Open World,Linux,0.61,67958
102073,Game_2073,41.45,Sports,Open World|Co-op,Linux|Mac|Windows,0.62,35808
102074,Game_2074,29.1,Sports,Singleplayer|Multiplayer|Story Rich|Co-op,Mac|Linux,0.86,79067
102075,Game_2075,12.72,RPG|Indie,Competitive|Co-op,Windows,0.68,52948
102076,Game_2076,37.59,Adventure,Multiplayer|Story Rich|Singleplayer,Windows|Mac|Linux,0.88,60768
102077,Game_2077,21.71,Adventure|RPG|Action,Competitive|Story Rich,Mac,0.62,3225
102078,Game_2078,28.22,RPG,Story Rich|Co-op,Linux|Mac,0.71,29799
102079,Game_2079,23.29,RPG|Sports,Co-op|Open World,Mac|Windows|Linux,0.86,5798
102080,Game_2080,12.36,Adventure,Competitive|Open World|Multiplayer,Linux|Windows,0.76,49270
102081,Game_2081,59.94,Strategy|Simulation|Sports,Competitive|Multiplayer|Open World|Story Rich,Linux,0.8,65489
102082,Game_2082,58.43,Indie|RPG,Open World|Co-op|Multiplayer|Competitive,Mac|Windows,0.81,33706
102083,Game_2083,12.57,Adventure,Open World|Singleplayer|Co-op|Competitive,Linux,0.76,2268
102084,Game_2084,49.7,Sports|Adventure,Competitive|Story Rich,Mac|Windows,0.64,3673
102085,Game_2085,8.7,Simulation,Open World|Singleplayer|Multiplayer|Story Rich,Windows,0.9,80337
102086,Game_2086,48.92,Indie|Strategy|Sports,Open World|Competitive|Singleplayer|Multiplayer,Mac|Windows,0.98,41337
102087,Game_2087,8.09,Sports|RPG|Indie,Singleplayer|Multiplayer|Competitive|Open World,Mac,0.81,49664
102088,Game_2088,57.0,RPG|Indie,Co-op|Singleplayer,Windows,0.93,13006
102089,Game_2089,50.41,Strategy|Sports,Open World|Multiplayer,Windows|Mac|Linux,0.94,37131
102090,Game_2090,9.72,Simulation|RPG,Open World|Story Rich|Singleplayer|Co-op,Linux,0.88,53699
102091,Game_2091,38.49,Sports,Singleplayer|Story Rich|Competitive|Co-op,Windows|Mac|Linux,0.72,34759
102092,Game_2092,50.49,Simulation|RPG,Competitive|Story Rich|Singleplayer,Mac,0.62,26582
102093,Game_2093,26.19,Indie|Action|Sports,Competitive|Story Rich|Multiplayer,Linux|Windows|Mac,0.98,14713
102094,Game_2094,48.68,Action|Simulation|RPG,Multiplayer|Co-op|Competitive|Singleplayer,Windows,0.93,28827
102095,Game_2095,48.85,RPG,Open World|Co-op|Story Rich|Singleplayer,Windows,0.79,71656
102096,Game_2096,52.31,Sports|Indie|RPG,Co-op|Multiplayer|Open World|Story Rich,Mac,0.78,85818
102097,Game_2097,2.28,Sports,Story Rich|Open World,Mac|Windows,0.86,89621
102098,Game_2098,17.21,Strategy|Adventure|RPG,Singleplayer|Open World,Linux|Mac,0.98,39360
102099,Game_2099,59.88,Indie|Strategy|RPG,Singleplayer|Competitive|Multiplayer|Open World,Windows|Mac|Linux,0.92,32382
102100,Game_2100,16.72,Simulation|Indie,Competitive|Co-op,Mac|Linux,0.96,19774
102101,Game_2101,6.7,Adventure,Multiplayer|Co-op,Linux|Mac,0.87,18037
102102,Game_2102,13.36,Simulation,Story Rich|Multiplayer,Mac,0.7,99305
102103,Game_2103,33.72,Indie|Adventure|Sports,Singleplayer|Competitive|Story Rich|Co-op,Linux|Windows,0.95,7741
102104,Game_2104,29.43,RPG|Strategy|Adventure,Competitive|Singleplayer|Multiplayer|Co-op,Mac|Linux,0.9,62439
102105,Game_2105,2.82,Simulation|Adventure|Sports,Competitive|Open World|Multiplayer,Mac|Linux,0.76,52287
102106,Game_2106,53.33,Indie|Strategy,Co-op|Singleplayer|Competitive|Story Rich,Windows|Mac|Linux,0.77,62055
102107,Game_2107,55.33,Indie,Multiplayer|Story Rich,Mac,0.63,38876
102108,Game_2108,48.82,Adventure|Sports|Action,Co-op|Story Rich,Windows|Linux|Mac,0.72,10659
102109,Game_2109,50.27,Adventure|Sports|Indie,Story Rich|Singleplayer,Windows|Linux|Mac,0.88,1672
102110,Game_2110,43.65,Simulation|Adventure,Story Rich|Co-op|Multiplayer,Linux|Mac|Windows,0.68,54165
102111,Game_2111,19.44,Indie,Co-op|Story Rich,Windows|Linux,0.82,42315
102112,Game_2112,10.34,RPG|Adventure,Competitive|Singleplayer|Multiplayer,Windows|Mac,0.66,39249
102113,Game_2113,14.38,Simulation|Sports|Adventure,Singleplayer|Story Rich|Competitive,Windows|Linux|Mac,0.91,82950
102114,Game_2114,23.31,Indie|Adventure,Story Rich|Singleplayer|Co-op,Linux|Windows|Mac,0.89,59568
102115,Game_2115,43.59,Action|Sports,Multiplayer|Singleplayer,Linux|Windows|Mac,0.77,55748
102116,Game_2116,57.97,Strategy|Simulation,Singleplayer|Story Rich,Mac|Windows|Linux,0.9,61271
102117,Game_2117,55.43,Action|Adventure,Story Rich|Open World,Mac|Windows,0.96,61351
102118,Game_2118,16.43,Sports,Multiplayer|Competitive|Singleplayer|Story Rich,Mac|Windows,0.97,15804
102119,Game_2119,52.18,Simulation,Open World|Co-op,Windows,0.96,29262
102120,Game_2120,22.29,Sports|Simulation,Competitive|Co-op|Multiplayer|Singleplayer,Linux|Windows,0.79,74256
102121,Game_2121,7.24,Strategy|Simulation|Sports,Singleplayer|Story Rich|Co-op|Multiplayer,Mac|Windows|Linux,0.66,72795
102122,Game_2122,2.0,Strategy|Sports,Singleplayer|Open World,Mac|Linux,0.77,42976
102123,Game_2123,8.37,Simulation|RPG,Open World|Co-op,Linux,0.96,42745
102124,Game_2124,38.2,Sports,Multiplayer|Singleplayer,Mac,0.61,46296
102125,Game_2125,36.96,Simulation|Sports|Adventure,Story Rich|Co-op|Open World|Multiplayer,Linux|Windows,0.86,94704
102126,Game_2126,33.65,Adventure|Action|Strategy,Co-op|Multiplayer,Mac|Windows|Linux,0.7,86845
102127,Game_2127,32.85,Strategy|Simulation|Adventure,Story Rich|Co-op|Singleplayer,Mac,0.79,95830
102128,Game_2128,35.33,Action,Open World|Competitive|Singleplayer|Story Rich,Mac,0.75,50673
102129,Game_2129,30.81,Simulation|Adventure|RPG,Multiplayer|Competitive|Co-op|Open World,Linux|Mac|Windows,0.96,54722
102130,Game_2130,25.28,Sports|RPG,Multiplayer|Open World|Story Rich|Co-op,Mac|Windows|Linux,0.95,57935
102131,Game_2131,52.44,Strategy|Action,Competitive|Singleplayer|Story Rich,Linux|Mac,0.76,80227
102132,Game_2132,34.09,Action|Indie|Strategy,Open World|Multiplayer|Co-op,Windows|Linux|Mac,0.8,92634
102133,Game_2133,24.33,Adventure|Sports|Action,Singleplayer|Open World|Story Rich,Mac|Windows,0.76,19002
102134,Game_2134,25.57,Adventure,Singleplayer|Competitive|Open World|Co-op,Linux|Mac,0.87,5755
102135,Game_2135,5.79,Sports|Adventure|Action,Co-op|Multiplayer|Singleplayer,Linux|Windows|Mac,0.83,73040
102136,Game_2136,30.57,Adventure|Action|Indie,Open World|Singleplayer,Mac|Linux|Windows,0.63,91285
102137,Game_2137,24.46,Indie|Sports,Competitive|Multiplayer|Co-op|Open World,Mac,0.98,63163
102138,Game_2138,23.05,Action,Competitive|Story Rich|Singleplayer|Open World,Windows|Linux,0.97,21901
102139,Game_2139,37.52,Simulation|Adventure,Competitive|Open World|Story Rich|Singleplayer,Linux|Windows|Mac,0.69,79945
102140,Game_2140,49.59,Indie|Adventure,Story Rich|Competitive,Linux|Mac|Windows,0.84,31893
102141,Game_2141,45.24,Adventure,Singleplayer|Open World,Mac,0.62,67803
102142,Game_2142,27.64,Sports|Indie|Adventure,Open World|Story Rich,Windows|Linux,0.7,7101
102143,Game_2143,43.75,Sports|Indie|Simulation,Open World|Multiplayer|Story Rich,Linux|Windows|Mac,0.8,73189
102144,Game_2144,5.81,Strategy,Co-op|Story Rich|Open World,Mac,0.94,54159
102145,Game_2145,26.97,Indie|Action|Adventure,Story Rich|Multiplayer|Open World|Competitive,Mac|Windows,0.92,48130
102146,Game_2146,46.5,Adventure|Simulation,Open World|Co-op,Mac,0.7,85224
102147,Game_2147,18.5,Simulation,Singleplayer|Open World|Story Rich|Multiplayer,Linux|Mac,0.92,60821
102148,Game_2148,22.61,Simulation|Indie|Action,Singleplayer|Open World|Story Rich|Competitive,Windows|Linux|Mac,0.93,78259
102149,Game_2149,29.47,RPG,Multiplayer|Co-op|Open World,Windows|Linux|Mac,0.81,26394
102150,Game_2150,57.08,Indie,Singleplayer|Story Rich|Competitive,Linux,0.79,91925
102151,Game_2151,45.12,Indie|Simulation,Open World|Story Rich|Co-op,Mac|Linux,0.8,74112
102152,Game_2152,21.92,Sports|Indie|Strategy,Multiplayer|Competitive|Singleplayer,Windows|Linux,0.83,86906
102153,Game_2153,48.59,Simulation|Action|Sports,Competitive|Co-op|Open World,Linux|Windows,0.61,41003
102154,Game_2154,48.45,Action|Simulation,Open World|Multiplayer|Story Rich,Windows,0.67,47965
102155,Game_2155,21.54,Sports|Indie|Action,Story Rich|Singleplayer|Co-op|Multiplayer,Windows|Linux,0.92,95642
102156,Game_2156,24.56,RPG|Simulation,Co-op|Story Rich,Mac|Windows|Linux,0.75,45447
102157,Game_2157,43.79,Strategy|Action|Simulation,Singleplayer|Multiplayer|Co-op,Linux|Mac|Windows,0.72,38334
102158,Game_2158,0.98,Indie|Strategy|Sports,Singleplayer|Competitive|Open World,Linux,0.65,69447
102159,Game_2159,33.94,RPG,Multiplayer|Story Rich,Mac|Windows|Linux,0.94,47177
102160,Game_2160,53.81,Action|Sports,Singleplayer|Story Rich,Windows,0.91,71487
102161,Game_2161,12.7,Adventure,Singleplayer|Open World|Story Rich|Competitive,Mac|Linux,0.89,2676
102162,Game_2162,41.29,Indie|RPG|Strategy,Singleplayer|Multiplayer,Linux|Mac|Windows,0.77,67035
102163,Game_2163,43.16,Strategy|Simulation|Indie,Co-op|Story Rich|Open World|Competitive,Mac|Linux|Windows,0.66,21573
102164,Game_2164,11.46,Sports,Co-op|Story Rich|Competitive,Linux|Mac,0.93,95237
102165,Game_2165,20.28,Simulation|Indie|Sports,Multiplayer|Story Rich|Open World,Windows|Linux|Mac,0.67,91300
102166,Game_2166,30.36,RPG|Action,Story Rich|Multiplayer,Windows,0.82,55220
102167,Game_2167,46.42,Sports,Co-op|Singleplayer|Open World,Linux|Windows|Mac,0.7,26375
102168,Game_2168,1.88,Simulation|Indie,Co-op|Story Rich|Open World,Mac,0.61,7808
102169,Game_2169,29.67,Action|Indie|Sports,Open World|Singleplayer|Competitive|Multiplayer,Linux,0.94,73217
102170,Game_2170,4.07,Action,Singleplayer|Competitive|Open World|Co-op,Mac|Linux,0.92,56842
102171,Game_2171,30.16,Sports|Strategy|Adventure,Co-op|Story Rich,Linux|Mac|Windows,0.89,21926
102172,Game_2172,3.51,Indie|Simulation,Singleplayer|Co-op|Open World|Multiplayer,Linux|Windows|Mac,0.91,33498
102173,Game_2173,24.28,RPG,Co-op|Open World,Linux|Windows|Mac,0.74,96859
102174,Game_2174,19.65,Strategy|RPG|Adventure,Multiplayer|Story Rich|Singleplayer,Linux|Windows,0.92,30433
102175,Game_2175,14.96,Indie,Competitive|Story Rich|Singleplayer,Mac,0.84,265
102176,Game_2176,49.7,Indie,Multiplayer|Competitive|Story Rich|Co-op,Mac,0.82,26855
102177,Game_2177,23.06,RPG|Adventure|Simulation,Co-op|Story Rich,Mac|Windows,0.88,69526
102178,Game_2178,57.74,Adventure,Story Rich|Singleplayer|Competitive|Open World,Mac|Linux,0.69,94974
102179,Game_2179,37.19,Sports|Simulation|Action,Multiplayer|Open World,Linux,0.68,26298
102180,Game_2180,56.61,Action|Strategy|Indie,Multiplayer|Competitive|Story Rich,Linux,0.69,11188
102181,Game_2181,52.12,RPG|Adventure,Competitive|Story Rich|Multiplayer,Linux,0.83,23167
102182,Game_2182,27.96,Action|RPG|Adventure,Co-op|Multiplayer,Windows,0.81,82472
102183,Game_2183,37.67,Simulation,Story Rich|Multiplayer|Open World|Co-op,Windows,0.8,53081
102184,Game_2184,34.78,Sports|Action,Story Rich|Singleplayer,Mac|Windows,0.75,80524
102185,Game_2185,19.37,Strategy|RPG,Open World|Competitive|Singleplayer|Story Rich,Mac|Windows|Linux,0.95,50973
102186,Game_2186,55.43,Adventure,Competitive|Story Rich|Open World,Windows|Mac|Linux,0.85,90380
102187,Game_2187,32.09,RPG|Simulation,Competitive|Singleplayer|Co-op,Mac|Windows|Linux,0.61,49921
102188,Game_2188,11.99,Sports,Competitive|Singleplayer,Mac,0.76,31247
102189,Game_2189,41.95,Simulation|Sports|Strategy,Co-op|Competitive,Mac|Windows,0.84,87296
102190,Game_2190,18.31,Sports,Story Rich|Singleplayer|Co-op,Linux|Mac,0.89,76089
102191,Game_2191,1.29,Action,Singleplayer|Competitive|Multiplayer,Mac,0.93,97217
102192,Game_2192,19.77,Strategy|Simulation,Competitive|Story Rich,Mac|Linux,0.61,40862
102193,Game_2193,11.82,Indie,Open World|Story Rich,Linux|Windows|Mac,0.77,27728
102194,Game_2194,42.75,Strategy|Adventure|Indie,Multiplayer|Open World|Singleplayer,Linux|Mac|Windows,0.95,37287
102195,Game_2195,21.41,Simulation,Story Rich|Competitive,Windows,0.68,67297
102196,Game_2196,33.9,Adventure|Action,Co-op|Competitive|Open World|Multiplayer,Linux|Mac|Windows,0.63,49617
102197,Game_2197,52.59,Indie,Co-op|Competitive|Story Rich,Linux,0.74,49523
102198,Game_2198,46.98,Simulation|Indie,Competitive|Multiplayer,Linux|Mac|Windows,0.95,12686
102199,Game_2199,7.94,Indie|RPG,Competitive|Co-op|Singleplayer,Mac,0.68,33223
102200,Game_2200,24.01,Adventure|Action|Sports,Competitive|Singleplayer,Mac|Linux,0.66,57474
102201,Game_2201,29.75,Simulation|Action|Sports,Open World|Story Rich|Singleplayer,Windows|Mac,0.82,15196
102202,Game_2202,11.76,Sports,Co-op|Multiplayer|Competitive|Story Rich,Mac|Windows,0.96,53868
102203,Game_2203,19.43,Strategy|Indie,Open World|Story Rich|Singleplayer,Windows,0.72,79772
102204,Game_2204,49.7,Indie|Action,Open World|Singleplayer|Story Rich|Competitive,Mac|Linux|Windows,0.65,48399
102205,Game_2205,40.08,Action|Sports,Story Rich|Co-op,Mac|Windows,0.62,39059
102206,Game_2206,19.33,Sports,Co-op|Multiplayer,Linux,0.93,99814
102207,Game_2207,9.05,Indie|Sports,Co-op|Multiplayer|Open World|Competitive,Linux,0.89,645
102208,Game_2208,58.09,Indie|Strategy,Co-op|Competitive,Linux,0.79,63441
102209,Game_2209,55.95,Simulation,Co-op|Competitive|Open World|Multiplayer,Windows,0.7,33726
102210,Game_2210,3.95,RPG|Indie|Action,Competitive|Open World|Multiplayer,Linux|Mac,0.6,92959
102211,Game_2211,23.84,Sports,Competitive|Story Rich,Linux,0.68,77105
102212,Game_2212,44.16,Sports,Story Rich|Singleplayer|Open World,Mac,0.63,60114
102213,Game_2213,33.96,Action|RPG,Open World|Competitive|Multiplayer,Linux|Windows|Mac,0.7,65314
102214,Game_2214,43.88,Action|Sports|RPG,Singleplayer|Story Rich|Competitive,Linux|Windows,0.85,31066
102215,Game_2215,56.84,Indie,Multiplayer|Competitive|Story Rich,Mac,0.94,85167
102216,Game_2216,20.76,Indie,Open World|Singleplayer|Competitive,Windows|Mac|Linux,0.87,61116
102217,Game_2217,40.2,Adventure|Action|Strategy,Singleplayer|Open World|Competitive,Windows|Linux,0.61,58196
102218,Game_2218,22.18,Simulation|Strategy,Open World|Singleplayer,Windows,0.97,70844
102219,Game_2219,32.69,Sports|Strategy|Adventure,Multiplayer|Competitive|Open World|Co-op,Windows|Mac|Linux,0.77,23542
102220,Game_2220,23.54,RPG,Open World|Singleplayer,Linux|Windows,0.93,35309
102221,Game_2221,5.85,Simulation,Singleplayer|Competitive|Open World,Linux,0.61,21965
102222,Game_2222,35.66,Indie,Open World|Multiplayer|Co-op|Competitive,Linux,0.73,52941
102223,Game_2223,59.2,RPG|Action|Simulation,Open World|Multiplayer|Story Rich|Co-op,Mac|Linux|Windows,0.98,8654
102224,Game_2224,30.82,Sports,Co-op|Singleplayer,Windows|Mac|Linux,0.77,72849
102225,Game_2225,31.53,Adventure|Indie,Competitive|Open World,Mac|Linux|Windows,0.69,43226
102226,Game_2226,14.88,Strategy|Simulation|Adventure,Open World|Multiplayer|Story Rich,Windows|Mac,0.83,60874
102227,Game_2227,5.07,Simulation,Co-op|Story Rich,Mac,0.93,62530
102228,Game_2228,14.54,Adventure|Strategy|Sports,Multiplayer|Story Rich,Linux,0.77,97629
102229,Game_2229,59.21,Sports,Story Rich|Singleplayer,Windows|Mac,0.83,73452
102230,Game_2230,7.37,Simulation,Story Rich|Open World|Multiplayer,Linux|Mac,0.84,75378
102231,Game_2231,18.37,Adventure,Co-op|Multiplayer|Singleplayer,Windows|Linux|Mac,0.71,93622
102232,Game_2232,51.52,Indie,Competitive|Co-op,Windows|Linux|Mac,0.88,27906
102233,Game_2233,20.54,Indie,Competitive|Open World|Story Rich|Co-op,Linux|Windows,0.79,36732
102234,Game_2234,30.59,Sports|Indie|RPG,Co-op|Competitive|Story Rich,Linux|Windows|Mac,0.98,6398
102235,Game_2235,24.73,Sports|Indie|Strategy,Story Rich|Competitive,Windows|Mac|Linux,0.88,61891
102236,Game_2236,1.92,Indie,Open World|Story Rich|Singleplayer|Co-op,Linux,0.73,48608
102237,Game_2237,38.87,Adventure|Strategy|Simulation,Story Rich|Open World|Singleplayer,Mac,0.86,57373
102238,Game_2238,0.09,Adventure|RPG,Multiplayer|Open World,Mac|Linux|Windows,0.6,4323
102239,Game_2239,58.92,RPG,Competitive|Story Rich,Windows|Mac|Linux,0.66,68810
102240,Game_2240,10.21,Simulation|Adventure|Indie,Open World|Multiplayer|Co-op|Competitive,Linux|Mac,0.75,41148
102241,Game_2241,41.73,Sports|Simulation,Multiplayer|Open World,Linux|Windows|Mac,0.83,8189
102242,Game_2242,52.52,Simulation|Action,Open World|Competitive|Singleplayer|Co-op,Mac|Windows|Linux,0.65,34826
102243,Game_2243,25.64,Strategy,Singleplayer|Competitive|Open World,Linux|Mac,0.67,26626
102244,Game_2244,52.81,Indie|Action,Competitive|Story Rich|Co-op|Open World,Mac|Linux,0.86,72369
102245,Game_2245,21.7,RPG|Simulation,Story Rich|Singleplayer|Open World,Windows|Linux,0.77,86198
102246,Game_2246,18.08,Action|Adventure|RPG,Open World|Multiplayer|Co-op,Windows,0.85,44385
102247,Game_2247,32.99,Indie|Strategy|Action,Singleplayer|Open World|Co-op,Windows,0.8,21929
102248,Game_2248,26.51,Adventure|Indie|Simulation,Competitive|Singleplayer|Multiplayer,Windows,0.94,62024
102249,Game_2249,15.38,RPG,Co-op|Competitive,Windows|Mac,0.85,92511
102250,Game_2250,19.63,Adventure|Action,Story Rich|Co-op|Singleplayer|Competitive,Mac|Linux,0.96,4586
102251,Game_2251,12.24,Strategy|Indie,Story Rich|Co-op|Open World|Singleplayer,Linux,0.81,32482
102252,Game_2252,50.11,Action,Singleplayer|Multiplayer,Windows,0.98,38364
102253,Game_2253,28.42,Sports|Strategy|Indie,Singleplayer|Co-op,Windows,0.94,61285
102254,Game_2254,58.03,Strategy|RPG|Sports,Competitive|Multiplayer|Singleplayer,Windows,0.67,65544
102255,Game_2255,34.24,Strategy|Sports|Adventure,Co-op|Competitive,Mac,0.62,45087
102256,Game_2256,8.85,Action|Simulation,Singleplayer|Story Rich,Linux|Windows,0.75,79389
102257,Game_2257,7.15,Sports|RPG|Action,Multiplayer|Competitive,Linux|Windows,0.86,55518
102258,Game_2258,38.92,Simulation,Story Rich|Competitive,Mac|Linux|Windows,0.74,74277
102259,Game_2259,14.61,RPG,Story Rich|Open World|Singleplayer,Mac,0.69,62124
102260,Game_2260,50.31,Adventure|Action,Co-op|Story Rich,Linux|Windows|Mac,0.81,5238
102261,Game_2261,18.23,Simulation|RPG|Action,Competitive|Open World|Singleplayer|Multiplayer,Windows,0.67,28829
102262,Game_2262,8.52,Action,Story Rich|Co-op|Competitive|Singleplayer,Windows,0.64,1179
102263,Game_2263,18.32,Sports,Open World|Co-op|Singleplayer,Mac|Windows,0.83,81858
102264,Game_2264,20.23,RPG,Competitive|Singleplayer|Co-op,Windows|Mac|Linux,0.74,38110
102265,Game_2265,8.41,Simulation|RPG|Sports,Singleplayer|Multiplayer|Open World|Co-op,Linux|Mac|Windows,0.68,60180
102266,Game_2266,41.32,RPG|Adventure,Competitive|Multiplayer,Windows|Mac|Linux,0.69,87570
102267,Game_2267,20.52,Action|Strategy|RPG,Co-op|Story Rich|Multiplayer|Competitive,Linux|Windows,0.97,93296
102268,Game_2268,26.67,Simulation|Adventure|Strategy,Co-op|Competitive,Windows|Linux,0.8,36578
102269,Game_2269,44.02,Sports|Adventure|Action,Competitive|Story Rich|Co-op|Singleplayer,Mac,0.68,56260
102270,Game_2270,43.54,Sports|Adventure|Strategy,Competitive|Co-op|Multiplayer|Open World,Windows,0.63,54205
102271,Game_2271,3.47,Indie|RPG|Adventure,Singleplayer|Open World|Co-op|Story Rich,Linux|Mac,0.97,8893
102272,Game_2272,8.31,Sports|Simulation|Adventure,Story Rich|Multiplayer|Co-op,Mac|Windows|Linux,0.86,79794
102273,Game_2273,19.59,Action,Multiplayer|Story Rich|Competitive,Linux|Windows,0.84,80312
102274,Game_2274,3.81,Simulation|Indie|RPG,Story Rich|Singleplayer|Co-op|Multiplayer,Windows,0.85,95544
102275,Game_2275,58.47,Action,Story Rich|Multiplayer|Singleplayer|Co-op,Linux|Windows,0.91,78116
102276,Game_2276,41.65,Adventure|RPG|Action,Multiplayer|Co-op,Linux|Mac,0.6,914
102277,Game_2277,47.66,Simulation|Adventure,Co-op|Open World|Story Rich|Competitive,Windows|Linux,0.75,19423
102278,Game_2278,36.1,Strategy|Simulation|Adventure,Singleplayer|Story Rich|Open World,Mac,0.86,96662
102279,Game_2279,5.59,Adventure|Strategy,Co-op|Singleplayer|Open World,Mac|Linux|Windows,0.65,7820
102280,Game_2280,12.32,RPG|Action,Competitive|Co-op|Open World,Mac|Windows,0.64,98196
102281,Game_2281,31.08,Adventure,Singleplayer|Open World|Multiplayer|Co-op,Windows|Linux|Mac,0.64,58667
102282,Game_2282,54.38,Simulation|Indie|Sports,Singleplayer|Co-op|Story Rich|Open World,Linux|Windows,0.88,21638
102283,Game_2283,2.36,Adventure|Sports,Competitive|Multiplayer|Open World|Singleplayer,Windows,0.97,87496
102284,Game_2284,40.65,Action|Strategy,Singleplayer|Multiplayer,Linux,0.62,76345
102285,Game_2285,9.63,RPG|Strategy,Competitive|Open World,Windows|Mac,0.82,88129
102286,Game_2286,24.81,Adventure,Story Rich|Competitive|Co-op|Singleplayer,Windows|Mac,0.68,73789
102287,Game_2287,10.77,Adventure|Strategy,Story Rich|Singleplayer,Mac|Linux|Windows,0.87,60336
102288,Game_2288,26.97,Strategy,Co-op|Open World,Linux|Windows|Mac,0.74,60080
102289,Game_2289,18.36,Strategy|Action,Open World|Story Rich,Mac|Windows|Linux,0.72,6583
102290,Game_2290,4.17,Adventure,Co-op|Open World|Multiplayer,Mac,0.74,24962
102291,Game_2291,36.72,RPG|Adventure,Singleplayer|Story Rich|Co-op,Mac|Linux|Windows,0.66,55737
102292,Game_2292,55.9,Adventure|Strategy,Open World|Co-op|Singleplayer,Mac|Linux,0.83,63484
102293,Game_2293,9.91,Action|Simulation,Open World|Co-op|Multiplayer,Linux|Windows|Mac,0.68,2411
102294,Game_2294,12.57,Action|Adventure,Story Rich|Co-op,Windows|Linux,0.89,71418
102295,Game_2295,44.63,RPG|Action|Adventure,Open World|Competitive|Multiplayer|Singleplayer,Mac,0.88,25970
102296,Game_2296,10.1,Adventure|Simulation|Strategy,Story Rich|Competitive|Multiplayer,Linux|Mac,0.83,40418
102297,Game_2297,3.33,Strategy|Adventure,Open World|Multiplayer|Singleplayer,Windows|Linux,0.76,82065
102298,Game_2298,37.42,Action,Singleplayer|Open World,Mac|Windows|Linux,0.87,31928
102299,Game_2299,13.01,RPG|Action,Multiplayer|Story Rich,Windows,0.66,28653
102300,Game_2300,39.33,Adventure,Singleplayer|Competitive|Co-op|Open World,Linux|Mac|Windows,0.8,26192
102301,Game_2301,23.54,Strategy|Simulation|Indie,Co-op|Open World|Multiplayer,Mac,0.74,92662
102302,Game_2302,16.02,RPG|Indie|Adventure,Multiplayer|Singleplayer,Windows,0.72,83919
102303,Game_2303,52.17,Indie|Simulation|Strategy,Story Rich|Singleplayer,Windows|Mac,0.85,96722
102304,Game_2304,48.3,Indie|Simulation|Sports,Story Rich|Competitive|Open World|Co-op,Mac,0.84,51706
102305,Game_2305,10.1,Strategy|Adventure|RPG,Singleplayer|Story Rich,Linux|Windows|Mac,0.74,7606
102306,Game_2306,37.52,Sports|Indie,Open World|Co-op|Multiplayer,Windows|Linux|Mac,0.71,92118
102307,Game_2307,31.56,Action,Competitive|Multiplayer,Mac|Linux,0.62,88123
102308,Game_2308,54.39,RPG|Sports,Singleplayer|Co-op,Linux|Mac|Windows,0.79,42802
102309,Game_2309,12.05,Simulation|Strategy|Adventure,Singleplayer|Co-op|Competitive|Multiplayer,Windows|Linux,0.78,17087
102310,Game_2310,40.14,Adventure|Action|RPG,Singleplayer|Open World,Windows,0.85,20970
102311,Game_2311,58.87,Sports,Multiplayer|Story Rich|Co-op,Mac,0.67,17090
102312,Game_2312,58.61,RPG|Action,Co-op|Competitive|Story Rich,Mac|Windows|Linux,0.73,50172
102313,Game_2313,12.79,Action|Indie,Open World|Multiplayer,Mac|Linux|Windows,0.69,20506
102314,Game_2314,17.75,RPG|Action,Open World|Singleplayer|Competitive|Co-op,Windows|Linux,0.87,75814
102315,Game_2315,41.53,Simulation|Indie,Multiplayer|Singleplayer|Open World|Competitive,Mac|Windows,0.81,86038
102316,Game_2316,45.73,RPG|Action|Strategy,Singleplayer|Story Rich|Co-op,Mac,0.97,10757
102317,Game_2317,19.58,Action|Simulation|RPG,Co-op|Multiplayer|Competitive,Windows|Linux,0.79,71860
102318,Game_2318,44.62,Strategy|Action|Simulation,Competitive|Open World|Multiplayer,Linux,0.88,98853
102319,Game_2319,26.52,Strategy|Sports,Multiplayer|Story Rich,Mac|Windows|Linux,0.91,9546
102320,Game_2320,28.62,Action,Co-op|Singleplayer,Mac,0.64,57491
102321,Game_2321,18.21,Strategy|Simulation|Indie,Co-op|Story Rich|Multiplayer,Linux|Windows,0.63,63385
102322,Game_2322,6.43,RPG|Strategy,Story Rich|Singleplayer|Multiplayer,Mac,0.88,33046
102323,Game_2323,46.1,Adventure,Story Rich|Multiplayer|Co-op|Singleplayer,Linux|Mac|Windows,0.95,20819
102324,Game_2324,37.58,RPG|Indie|Strategy,Competitive|Multiplayer,Linux,0.74,61459
102325,Game_2325,7.8,RPG,Competitive|Singleplayer,Windows|Linux,0.95,80735
102326,Game_2326,45.65,Strategy,Competitive|Singleplayer|Co-op|Story Rich,Windows,0.89,12318
102327,Game_2327,26.74,Action|Simulation|Strategy,Multiplayer|Competitive|Story Rich,Mac|Windows,0.66,5582
102328,Game_2328,47.01,Simulation,Multiplayer|Competitive|Singleplayer|Story Rich,Linux|Mac|Windows,0.92,97029
102329,Game_2329,28.22,Adventure|Indie,Open World|Multiplayer,Mac|Windows,0.82,12598
102330,Game_2330,40.14,Adventure|Action,Multiplayer|Singleplayer,Mac,0.63,87633
102331,Game_2331,11.5,Strategy|Action|Sports,Singleplayer|Multiplayer|Story Rich|Co-op,Mac|Windows,0.68,50447
102332,Game_2332,51.89,Action|Sports|Strategy,Competitive|Singleplayer,Windows,0.78,8437
102333,Game_2333,10.36,Strategy,Open World|Story Rich,Linux|Mac|Windows,0.93,41229
102334,Game_2334,14.65,Sports,Singleplayer|Open World,Linux|Windows,0.62,3174
102335,Game_2335,39.49,Simulation|Indie|Action,Open World|Story Rich,Linux|Mac|Windows,0.68,5344
102336,Game_2336,12.79,Adventure|Sports,Competitive|Co-op|Multiplayer,Mac,0.72,83176
102337,Game_2337,56.86,RPG,Story Rich|Open World,Windows|Mac|Linux,0.66,48749
102338,Game_2338,53.34,Indie|Adventure|Simulation,Open World|Singleplayer,Mac|Windows|Linux,0.94,64655
102339,Game_2339,10.75,Sports|Adventure,Multiplayer|Story Rich|Open World,Linux|Mac|Windows,0.62,5517
102340,Game_2340,26.02,Sports|Simulation|Action,Story Rich|Open World|Co-op|Competitive,Linux,0.97,2987
102341,Game_2341,29.75,RPG,Multiplayer|Co-op|Open World|Singleplayer,Mac,0.79,48964
102342,Game_2342,43.91,Sports|Action,Competitive|Singleplayer|Story Rich,Linux|Mac|Windows,0.65,1062
102343,Game_2343,16.66,Sports|RPG|Action,Competitive|Story Rich,Mac,0.9,73674
102344,Game_2344,56.23,Sports|Indie|Adventure,Singleplayer|Co-op|Open World|Story Rich,Windows|Mac,0.82,72618
102345,Game_2345,24.4,Indie|Action|RPG,Open World|Competitive|Multiplayer,Linux|Mac|Windows,0.76,17287
102346,Game_2346,10.37,RPG|Indie,Singleplayer|Competitive|Co-op,Mac|Windows,0.89,89277
102347,Game_2347,8.51,Strategy|Adventure|Sports,Multiplayer|Competitive,Mac|Linux|Windows,0.65,88594
102348,Game_2348,45.13,Strategy|Adventure|Sports,Competitive|Open World|Multiplayer|Singleplayer,Linux|Windows,0.73,36267
102349,Game_2349,58.99,Simulation|Strategy|RPG,Story Rich|Open World|Singleplayer|Competitive,Windows|Mac|Linux,0.94,33491
102350,Game_2350,45.81,Action|Adventure,Competitive|Singleplayer|Multiplayer|Open World,Linux|Windows,0.68,54236
102351,Game_2351,59.21,Indie|Sports,Story Rich|Singleplayer,Linux|Windows|Mac,0.65,7511
102352,Game_2352,53.83,Action|Simulation,Co-op|Open World,Mac|Windows,0.61,94276
102353,Game_2353,32.7,RPG|Strategy|Action,Singleplayer|Co-op|Competitive|Multiplayer,Windows|Mac|Linux,0.73,9548
102354,Game_2354,22.53,Indie|Adventure,Open World|Story Rich,Windows|Mac,0.73,53120
102355,Game_2355,3.09,Sports|Simulation|Indie,Multiplayer|Singleplayer|Story Rich|Open World,Mac|Windows|Linux,0.68,11483
102356,Game_2356,49.13,Indie,Co-op|Story Rich|Multiplayer,Mac|Windows|Linux,0.96,42813
102357,Game_2357,36.8,Indie|RPG,Co-op|Story Rich|Multiplayer|Open World,Linux,0.91,54098
102358,Game_2358,6.38,Adventure|RPG,Co-op|Multiplayer,Windows,0.82,53751
102359,Game_2359,10.46,Action|RPG,Co-op|Multiplayer,Linux|Windows|Mac,0.82,6875
102360,Game_2360,7.01,Indie|RPG,Multiplayer|Open World|Story Rich,Windows,0.74,83486
102361,Game_2361,22.14,Simulation,Competitive|Singleplayer|Story Rich,Windows,0.88,13017
102362,Game_2362,6.71,Adventure,Story Rich|Multiplayer,Mac,0.76,85225
102363,Game_2363,13.47,Sports|Indie,Co-op|Singleplayer,Mac|Windows|Linux,0.77,92517
102364,Game_2364,2.05,Sports|Adventure|RPG,Multiplayer|Singleplayer|Open World|Competitive,Windows|Mac,0.78,69674
102365,Game_2365,9.89,Action|Adventure|Simulation,Singleplayer|Story Rich|Co-op|Competitive,Mac|Windows|Linux,0.91,96087
102366,Game_2366,35.35,RPG,Multiplayer|Open World|Singleplayer,Mac,0.9,67661
102367,Game_2367,5.86,Indie,Co-op|Open World|Multiplayer,Windows|Linux,0.7,35370
102368,Game_2368,41.46,Indie,Story Rich|Singleplayer|Competitive,Windows|Mac|Linux,0.76,99280
102369,Game_2369,48.06,Indie|RPG|Strategy,Story Rich|Singleplayer|Open World|Multiplayer,Linux,0.98,63372
102370,Game_2370,11.46,Action|Sports|RPG,Open World|Story Rich|Singleplayer,Mac,0.75,72481
102371,Game_2371,22.07,Strategy|Sports|Adventure,Story Rich|Singleplayer|Competitive|Open World,Linux|Mac,0.85,65032
102372,Game_2372,10.37,Action|Strategy,Multiplayer|Story Rich,Mac|Windows|Linux,0.84,51741
102373,Game_2373,14.67,Adventure|Strategy|Simulation,Story Rich|Co-op|Singleplayer|Competitive,Linux|Windows|Mac,0.81,84191
102374,Game_2374,45.66,Simulation|Action|Indie,Singleplayer|Story Rich|Multiplayer,Linux,0.76,62526
102375,Game_2375,45.38,Strategy|RPG|Adventure,Co-op|Singleplayer|Multiplayer,Windows|Linux,0.66,17127
102376,Game_2376,37.21,Sports|Indie,Multiplayer|Open World,Windows,0.63,5744
102377,Game_2377,30.06,RPG,Competitive|Story Rich,Windows,0.92,16305
102378,Game_2378,2.12,Sports|Adventure|Simulation,Singleplayer|Multiplayer|Co-op|Story Rich,Windows|Linux|Mac,0.66,10018
102379,Game_2379,56.39,Action|RPG|Simulation,Co-op|Competitive,Linux|Windows,0.76,76962
102380,Game_2380,31.16,Adventure,Multiplayer|Co-op|Competitive|Singleplayer,Windows|Mac,0.73,91150
102381,Game_2381,13.54,Sports|Indie|Action,Multiplayer|Co-op,Mac|Windows|Linux,0.77,31312
102382,Game_2382,28.64,Action|Sports|RPG,Open World|Story Rich,Mac,0.85,97951
102383,Game_2383,6.13,Sports|Strategy,Story Rich|Open World,Windows|Mac,0.84,70519
102384,Game_2384,4.11,Adventure|Indie|RPG,Co-op|Competitive|Multiplayer|Open World,Windows|Linux|Mac,0.88,83121
102385,Game_2385,33.43,Action|Simulation|Strategy,Competitive|Open World,Windows,0.77,77753
102386,Game_2386,20.56,Sports|Indie,Singleplayer|Open World|Multiplayer,Linux|Windows|Mac,0.67,7186
102387,Game_2387,2.81,RPG|Indie,Open World|Multiplayer|Singleplayer,Linux,0.69,86259
102388,Game_2388,23.26,Sports|RPG|Indie,Multiplayer|Story Rich|Singleplayer,Mac,0.9,83176
102389,Game_2389,47.58,RPG|Sports,Competitive|Multiplayer,Mac,0.84,53753
102390,Game_2390,46.63,RPG|Action|Sports,Singleplayer|Multiplayer|Co-op|Story Rich,Windows|Linux|Mac,0.69,3323
102391,Game_2391,13.49,Indie|Action|Sports,Singleplayer|Story Rich|Open World|Competitive,Mac|Windows|Linux,0.9,32994
102392,Game_2392,41.75,Strategy,Competitive|Co-op|Story Rich|Multiplayer,Linux|Mac|Windows,0.78,12023
102393,Game_2393,5.28,Simulation,Multiplayer|Open World|Competitive,Windows|Linux,0.64,429
102394,Game_2394,8.53,RPG|Sports,Singleplayer|Open World|Multiplayer,Linux|Mac,0.93,2575
102395,Game_2395,46.18,Sports,Story Rich|Open World,Linux|Mac,0.72,43953
102396,Game_2396,42.34,Adventure|Strategy|Action,Story Rich|Singleplayer|Multiplayer,Windows,0.66,98339
102397,Game_2397,17.86,Action|Simulation|RPG,Story Rich|Multiplayer|Singleplayer|Competitive,Mac|Windows,0.75,28996
102398,Game_2398,4.48,Sports|Simulation,Competitive|Open World,Linux|Windows,0.77,86472
102399,Game_2399,5.42,Strategy|RPG,Competitive|Singleplayer|Story Rich|Open World,Mac|Windows|Linux,0.77,26354
102400,Game_2400,51.08,Action|Indie,Open World|Co-op|Multiplayer,Linux|Windows|Mac,0.93,29548
102401,Game_2401,34.26,Simulation|Sports|Action,Singleplayer|Multiplayer|Co-op,Mac,0.8,54267
102402,Game_2402,55.28,Sports,Open World|Singleplayer|Multiplayer|Competitive,Linux|Mac|Windows,0.84,17597
102403,Game_2403,25.24,Adventure|RPG,Story Rich|Singleplayer|Multiplayer|Open World,Mac,0.73,13075
102404,Game_2404,25.53,Strategy|Sports|Indie,Story Rich|Co-op|Competitive|Multiplayer,Linux|Mac,0.91,37160
102405,Game_2405,19.01,Action|Strategy,Competitive|Story Rich|Co-op,Mac,0.75,2286
102406,Game_2406,59.77,Adventure|Strategy,Singleplayer|Co-op,Mac|Windows|Linux,0.93,97031
102407,Game_2407,18.24,Adventure,Multiplayer|Story Rich,Windows|Mac|Linux,0.73,97484
102408,Game_2408,47.68,Adventure,Story Rich|Competitive,Mac,0.94,33930
102409,Game_2409,25.11,RPG|Strategy,Competitive|Multiplayer|Co-op,Windows|Linux,0.63,64564
102410,Game_2410,13.17,Sports,Story Rich|Singleplayer|Co-op|Competitive,Mac|Windows,0.8,58794
102411,Game_2411,12.38,Strategy|RPG,Singleplayer|Story Rich|Multiplayer,Linux|Windows,0.64,78666
102412,Game_2412,31.24,Simulation|RPG,Co-op|Competitive|Singleplayer,Mac,0.8,68429
102413,Game_2413,27.58,Indie,Multiplayer|Competitive|Co-op|Story Rich,Linux|Mac|Windows,0.71,19694
102414,Game_2414,14.71,Sports|Simulation,Co-op|Story Rich|Competitive|Singleplayer,Windows|Mac|Linux,0.75,15854
102415,Game_2415,35.47,RPG|Adventure|Sports,Story Rich|Singleplayer|Competitive|Multiplayer,Windows|Linux,0.77,78263
102416,Game_2416,22.76,Action|Strategy|Simulation,Open World|Competitive|Co-op|Multiplayer,Linux|Mac,0.89,71030
102417,Game_2417,53.1,Sports|Indie|Simulation,Multiplayer|Competitive|Open World|Singleplayer,Linux|Mac|Windows,0.83,29994
102418,Game_2418,17.19,RPG,Singleplayer|Story Rich,Mac,0.67,84960
102419,Game_2419,20.93,Simulation|Indie,Open World|Competitive|Singleplayer,Mac|Windows,0.68,69695
102420,Game_2420,23.55,Sports,Multiplayer|Competitive|Story Rich,Mac,0.66,52113
102421,Game_2421,39.01,Sports,Open World|Story Rich,Linux|Windows,0.72,91340
102422,Game_2422,53.62,Strategy|RPG|Indie,Story Rich|Competitive,Mac|Linux|Windows,0.78,18014
102423,Game_2423,45.92,Adventure,Co-op|Competitive|Singleplayer|Open World,Mac|Windows|Linux,0.71,10975
102424,Game_2424,32.16,Adventure|Action,Co-op|Multiplayer|Competitive|Singleplayer,Windows|Mac,0.64,83015
102425,Game_2425,52.56,RPG|Adventure,Open World|Competitive,Mac|Windows|Linux,0.75,53446
102426,Game_2426,14.68,Sports,Story Rich|Multiplayer,Windows,0.84,57650
102427,Game_2427,44.37,Sports,Co-op|Multiplayer|Competitive|Open World,Windows,0.85,22621
102428,Game_2428,10.97,Sports|Indie|Adventure,Multiplayer|Competitive,Windows|Mac,0.97,24181
102429,Game_2429,15.48,Indie|Simulation,Multiplayer|Competitive|Open World|Singleplayer,Windows|Linux,0.64,44121
102430,Game_2430,49.09,Strategy|Simulation,Competitive|Open World,Mac,0.66,28431
102431,Game_2431,47.0,Strategy|Indie|Adventure,Co-op|Open World,Linux|Mac|Windows,0.93,85632
102432,Game_2432,40.84,Adventure,Story Rich|Singleplayer|Co-op,Linux,0.74,13703
102433,Game_2433,20.22,Adventure,Co-op|Singleplayer|Open World,Windows,0.71,36222
102434,Game_2434,58.98,Sports|Strategy|Action,Singleplayer|Competitive|Story Rich|Open World,Mac|Windows,0.61,29994
102435,Game_2435,56.37,Adventure|Strategy,Co-op|Open World|Story Rich,Windows|Linux,0.67,47594
102436,Game_2436,45.81,Adventure,Competitive|Multiplayer|Open World|Co-op,Linux|Mac|Windows,0.69,73903
102437,Game_2437,53.5,Indie|Sports|RPG,Story Rich|Multiplayer|Singleplayer|Competitive,Windows|Mac,0.89,68991
102438,Game_2438,28.95,Indie|RPG,Story Rich|Multiplayer|Singleplayer,Windows,0.75,49449
102439,Game_2439,5.98,Strategy,Open World|Singleplayer|Competitive,Linux|Windows|Mac,0.82,50535
102440,Game_2440,34.95,Strategy,Multiplayer|Open World,Mac|Linux|Windows,0.7,83132
102441,Game_2441,2.86,Indie,Singleplayer|Multiplayer,Linux,0.94,37039
102442,Game_2442,29.51,Adventure|Strategy,Competitive|Singleplayer|Multiplayer|Story Rich,Mac|Linux,0.88,937
102443,Game_2443,12.31,RPG|Simulation,Co-op|Open World,Linux|Windows,0.96,43984
102444,Game_2444,12.78,Strategy|Indie|Action,Multiplayer|Competitive|Open World|Story Rich,Windows,0.65,29899
102445,Game_2445,41.17,Strategy,Competitive|Singleplayer|Story Rich,Linux|Windows,0.72,91940
102446,Game_2446,46.71,Indie,Story Rich|Co-op|Singleplayer|Multiplayer,Linux,0.89,59121
102447,Game_2447,30.05,Indie,Multiplayer|Open World,Linux|Mac,0.81,63044
102448,Game_2448,51.49,Sports,Singleplayer|Story Rich|Co-op,Windows|Linux|Mac,0.96,784
102449,Game_2449,23.85,Simulation|RPG,Multiplayer|Competitive,Mac|Windows,0.68,74621
102450,Game_2450,30.92,Strategy,Competitive|Story Rich,Windows|Linux,0.82,24275
102451,Game_2451,10.81,Indie|Action|Simulation,Open World|Story Rich,Mac|Windows,0.88,46355
102452,Game_2452,44.29,Sports|Adventure,Co-op|Story Rich,Windows|Linux,0.74,14225
102453,Game_2453,9.89,RPG,Story Rich|Competitive|Singleplayer|Multiplayer,Mac,0.73,11871
102454,Game_2454,28.63,Sports|Adventure,Competitive|Story Rich|Co-op,Windows|Mac|Linux,0.72,7746
102455,Game_2455,20.67,Strategy|Indie|Simulation,Singleplayer|Competitive|Co-op,Mac,0.98,78751
102456,Game_2456,4.74,Simulation|Indie,Story Rich|Multiplayer,Windows|Linux|Mac,0.9,26176
102457,Game_2457,13.33,Indie|Strategy|Sports,Singleplayer|Multiplayer|Story Rich,Mac|Windows,0.71,37044
102458,Game_2458,23.02,Action,Singleplayer|Open World,Mac|Windows,0.88,52905
102459,Game_2459,8.3,Action|RPG,Open World|Co-op|Multiplayer|Singleplayer,Mac|Linux|Windows,0.69,65459
102460,Game_2460,59.59,Action|Adventure|Sports,Competitive|Co-op,Windows|Linux,0.94,97906
102461,Game_2461,1.88,Action|Simulation,Story Rich|Singleplayer|Competitive,Linux,0.76,11637
102462,Game_2462,13.16,Action,Multiplayer|Story Rich|Competitive|Open World,Mac,0.9,84038
102463,Game_2463,56.52,Sports,Competitive|Story Rich|Co-op,Linux,0.87,97449
102464,Game_2464,35.02,Action|Strategy,Co-op|Story Rich|Open World,Windows|Linux,0.94,99442
102465,Game_2465,25.89,Sports,Co-op|Story Rich|Multiplayer|Singleplayer,Linux|Windows|Mac,0.79,36411
102466,Game_2466,26.19,Indie,Multiplayer|Competitive,Linux|Mac,0.81,57718
102467,Game_2467,40.17,Simulation|RPG|Action,Multiplayer|Open World|Singleplayer,Linux|Windows|Mac,0.95,14537
102468,Game_2468,42.83,RPG|Action,Story Rich|Co-op,Windows,0.76,97346
102469,Game_2469,30.8,Strategy,Singleplayer|Multiplayer,Mac,0.7,62969
102470,Game_2470,44.09,Strategy|Indie,Open World|Singleplayer|Story Rich|Co-op,Mac,0.88,49616
102471,Game_2471,39.68,RPG|Action,Multiplayer|Competitive|Co-op,Mac|Windows|Linux,0.72,51020
102472,Game_2472,45.66,Strategy|Adventure|RPG,Co-op|Competitive|Open World,Mac|Linux|Windows,0.68,51903
102473,Game_2473,29.85,Sports|Simulation,Co-op|Singleplayer|Story Rich,Mac|Windows,0.73,63819
102474,Game_2474,0.16,Sports|Simulation,Open World|Competitive|Singleplayer,Linux|Mac|Windows,0.95,48249
102475,Game_2475,3.7,RPG,Multiplayer|Co-op|Open World,Windows,0.96,21748
102476,Game_2476,24.01,Action|Adventure|Sports,Story Rich|Singleplayer,Linux|Windows|Mac,0.96,70204
102477,Game_2477,9.85,Indie|Simulation|Strategy,Story Rich|Open World|Multiplayer|Competitive,Linux|Windows,0.64,83917
102478,Game_2478,10.91,RPG,Singleplayer|Competitive|Multiplayer|Co-op,Mac|Linux,0.6,78646
102479,Game_2479,13.14,Action|Strategy,Competitive|Singleplayer,Windows|Mac|Linux,0.71,65019
102480,Game_2480,12.89,Sports,Story Rich|Singleplayer|Multiplayer|Competitive,Mac|Linux,0.65,41372
102481,Game_2481,20.17,Simulation,Open World|Story Rich,Mac|Windows|Linux,0.61,59437
102482,Game_2482,2.34,Indie|Action|Adventure,Competitive|Multiplayer|Singleplayer|Co-op,Mac|Linux,0.77,39436
102483,Game_2483,21.15,Simulation,Open World|Singleplayer|Competitive|Story Rich,Windows,0.94,11967
102484,Game_2484,53.87,Strategy|Indie,Co-op|Singleplayer,Mac,0.97,68543
102485,Game_2485,15.25,Adventure,Story Rich|Co-op|Competitive,Linux,0.79,17386
102486,Game_2486,54.39,Simulation|RPG|Indie,Co-op|Singleplayer|Open World|Competitive,Linux|Mac,0.96,52735
102487,Game_2487,55.06,Adventure,Co-op|Story Rich|Singleplayer,Linux|Windows|Mac,0.7,49373
102488,Game_2488,30.32,Action,Story Rich|Open World,Windows|Mac|Linux,0.86,53037
102489,Game_2489,37.63,Action|Strategy,Multiplayer|Open World,Windows|Mac|Linux,0.92,61465
102490,Game_2490,38.3,Adventure|Action|Sports,Open World|Competitive|Story Rich,Mac|Windows|Linux,0.89,46162
102491,Game_2491,14.71,RPG|Sports,Co-op|Open World|Singleplayer|Competitive,Mac|Linux,0.61,84392
102492,Game_2492,18.58,Simulation|Strategy|Adventure,Open World|Singleplayer,Linux|Windows|Mac,0.82,30016
102493,Game_2493,33.35,RPG|Adventure|Sports,Story Rich|Competitive,Linux|Windows,0.8,16572
102494,Game_2494,42.19,Sports,Singleplayer|Competitive|Multiplayer,Windows,0.97,53878
102495,Game_2495,22.2,Indie|RPG|Strategy,Singleplayer|Open World,Linux|Windows,0.78,24104
102496,Game_2496,42.68,Strategy|Adventure|Indie,Co-op|Open World|Multiplayer,Linux|Mac,0.63,26430
102497,Game_2497,58.25,Simulation|Strategy,Open World|Co-op,Windows|Mac|Linux,0.76,70712
102498,Game_2498,3.33,RPG|Simulation|Action,Open World|Multiplayer,Mac|Linux,0.74,27837
102499,Game_2499,4.65,Strategy,Singleplayer|Multiplayer,Linux|Windows,0.95,56421
102500,Game_2500,33.59,RPG|Adventure|Sports,Multiplayer|Open World|Competitive,Windows|Linux,0.62,49097
102501,Game_2501,39.62,Action|Adventure,Story Rich|Competitive|Singleplayer,Linux,0.86,58323
102502,Game_2502,59.28,Indie|Sports,Co-op|Singleplayer|Story Rich,Mac|Windows|Linux,0.64,71732
102503,Game_2503,49.39,Strategy,Multiplayer|Open World,Windows|Linux,0.92,73520
102504,Game_2504,19.74,Simulation|RPG,Multiplayer|Co-op|Singleplayer|Open World,Linux,0.63,99238
102505,Game_2505,27.98,Strategy|Sports|Action,Open World|Competitive,Linux|Windows|Mac,0.79,41130
102506,Game_2506,57.48,Strategy|Action|Adventure,Story Rich|Singleplayer|Co-op|Competitive,Mac|Linux,0.68,49466
102507,Game_2507,10.58,Indie|Strategy,Co-op|Story Rich,Linux|Windows,0.87,23176
102508,Game_2508,34.66,Action|Adventure|Indie,Co-op|Singleplayer|Competitive|Open World,Linux|Mac|Windows,0.72,40107
102509,Game_2509,29.32,Indie,Co-op|Open World|Singleplayer,Mac|Linux|Windows,0.8,60459
102510,Game_2510,23.68,RPG|Sports,Open World|Multiplayer|Competitive|Story Rich,Windows,0.82,6343
102511,Game_2511,50.19,Adventure|RPG,Singleplayer|Co-op|Story Rich,Mac|Linux,0.77,3007
102512,Game_2512,36.92,Adventure|RPG,Open World|Story Rich,Mac,0.93,82175
102513,Game_2513,53.73,Simulation,Multiplayer|Singleplayer|Competitive,Windows|Linux|Mac,0.64,42360
102514,Game_2514,20.24,Indie|RPG,Singleplayer|Competitive,Linux|Mac,0.93,24820
102515,Game_2515,17.43,Indie|Action|Simulation,Competitive|Multiplayer|Singleplayer|Open World,Windows|Mac|Linux,0.63,19977
102516,Game_2516,57.03,Action,Singleplayer|Open World|Co-op|Story Rich,Mac,0.82,78917
102517,Game_2517,22.86,Sports,Story Rich|Competitive|Co-op,Mac|Linux|Windows,0.88,86627
102518,Game_2518,42.04,Simulation|Sports,Open World|Story Rich,Linux|Mac,0.68,67568
102519,Game_2519,52.34,Indie|Sports,Story Rich|Open World,Mac|Windows|Linux,0.88,44129
102520,Game_2520,3.3,Strategy|Simulation,Story Rich|Competitive|Open World|Multiplayer,Mac|Windows|Linux,0.77,35813
102521,Game_2521,34.55,Sports,Open World|Co-op,Windows,0.81,21458
102522,Game_2522,48.15,Indie,Singleplayer|Open World|Story Rich|Co-op,Linux,0.68,68056
102523,Game_2523,0.86,Indie,Co-op|Open World|Competitive|Singleplayer,Windows,0.85,88506
102524,Game_2524,39.3,Simulation,Singleplayer|Story Rich|Competitive|Open World,Linux,0.77,65289
102525,Game_2525,21.13,Adventure|Sports|Strategy,Competitive|Multiplayer,Mac|Windows,0.8,56759
102526,Game_2526,26.19,Sports,Open World|Story Rich,Linux|Windows|Mac,0.75,96961
102527,Game_2527,34.24,Adventure|Sports|Strategy,Open World|Co-op|Competitive|Story Rich,Mac|Windows,0.73,18061
102528,Game_2528,28.59,Adventure,Story Rich|Competitive,Windows,0.88,12440
102529,Game_2529,35.86,Indie|Adventure,Open World|Story Rich,Linux|Windows|Mac,0.83,8126
102530,Game_2530,23.93,Indie|Sports,Co-op|Singleplayer|Story Rich,Linux,0.89,56562
102531,Game_2531,44.18,Sports|Strategy,Open World|Story Rich,Mac,0.98,73089
102532,Game_2532,31.59,Strategy|Action,Multiplayer|Co-op,Mac|Windows|Linux,0.92,88738
102533,Game_2533,55.69,Strategy|Indie,Singleplayer|Competitive|Co-op|Open World,Mac|Linux,0.85,94821
102534,Game_2534,21.42,Simulation|Adventure|RPG,Multiplayer|Story Rich|Co-op,Windows,0.6,94691
102535,Game_2535,20.36,Indie,Multiplayer|Co-op|Singleplayer,Windows|Linux,0.79,10246
102536,Game_2536,55.07,Simulation,Multiplayer|Singleplayer|Co-op|Competitive,Mac,0.95,80558
102537,Game_2537,14.2,Strategy,Singleplayer|Co-op|Open World,Windows|Linux|Mac,0.96,6017
102538,Game_2538,24.81,RPG|Action,Singleplayer|Competitive|Co-op|Multiplayer,Windows,0.66,95216
102539,Game_2539,21.15,RPG|Adventure|Indie,Competitive|Co-op,Mac,0.96,33610
102540,Game_2540,45.97,Adventure|RPG|Simulation,Open World|Multiplayer|Co-op,Mac,0.69,56586
102541,Game_2541,17.46,RPG|Simulation,Open World|Multiplayer|Competitive|Singleplayer,Windows|Mac,0.78,92611
102542,Game_2542,2.78,Strategy,Story Rich|Competitive,Mac|Linux|Windows,0.72,28098
102543,Game_2543,40.7,Simulation|Strategy|Sports,Singleplayer|Competitive,Mac|Linux,0.8,43956
102544,Game_2544,5.91,RPG|Indie|Action,Singleplayer|Story Rich|Competitive,Windows|Linux,0.71,63633
102545,Game_2545,6.24,RPG|Indie|Action,Story Rich|Open World|Competitive,Mac,0.73,94456
102546,Game_2546,44.16,Adventure|Strategy|Simulation,Competitive|Singleplayer|Co-op,Linux|Mac|Windows,0.76,11652
102547,Game_2547,25.75,RPG,Singleplayer|Co-op|Multiplayer,Mac,0.85,66043
102548,Game_2548,15.67,Adventure|Action|Strategy,Singleplayer|Co-op,Windows|Mac|Linux,0.7,92892
102549,Game_2549,22.87,Strategy|Action|Sports,Competitive|Open World,Windows|Mac|Linux,0.74,87136
102550,Game_2550,19.36,Simulation|Action,Story Rich|Multiplayer,Linux|Windows|Mac,0.68,41692
102551,Game_2551,31.41,Adventure,Competitive|Singleplayer|Multiplayer|Co-op,Windows|Linux,0.94,2144
102552,Game_2552,41.97,Action,Multiplayer|Co-op,Mac|Windows|Linux,0.8,26246
102553,Game_2553,10.55,Indie,Story Rich|Singleplayer|Multiplayer,Linux|Mac|Windows,0.68,61459
102554,Game_2554,12.5,RPG|Strategy,Open World|Singleplayer|Story Rich|Multiplayer,Mac|Windows|Linux,0.96,95671
102555,Game_2555,5.79,RPG|Sports,Multiplayer|Story Rich,Windows|Mac|Linux,0.89,66418
102556,Game_2556,17.98,Sports,Open World|Multiplayer|Singleplayer|Co-op,Linux|Mac,0.87,7663
102557,Game_2557,41.49,Indie,Singleplayer|Story Rich,Linux|Windows,0.68,68013
102558,Game_2558,24.71,Simulation|Indie|Action,Co-op|Multiplayer,Mac|Linux|Windows,0.76,31306
102559,Game_2559,45.43,Simulation|RPG|Action,Multiplayer|Singleplayer|Story Rich|Open World,Linux,0.95,96098
102560,Game_2560,28.36,Strategy|Indie|Simulation,Competitive|Co-op|Multiplayer|Singleplayer,Linux,0.94,78914
102561,Game_2561,55.73,RPG|Action|Strategy,Competitive|Multiplayer,Linux|Windows|Mac,0.75,52875
102562,Game_2562,32.86,Strategy,Open World|Co-op,Windows,0.87,95336
102563,Game_2563,11.92,Action|Strategy|Adventure,Open World|Multiplayer,Linux,0.97,87362
102564,Game_2564,2.3,Strategy,Competitive|Story Rich,Linux,0.94,25915
102565,Game_2565,51.05,Strategy,Multiplayer|Story Rich|Singleplayer,Mac,0.62,74722
102566,Game_2566,19.6,Action,Competitive|Open World,Windows|Mac,0.68,1352
102567,Game_2567,57.67,RPG,Story Rich|Open World|Singleplayer|Co-op,Mac|Linux,0.64,70927
102568,Game_2568,17.77,Action|Simulation,Story Rich|Multiplayer,Linux|Mac|Windows,0.75,99683
102569,Game_2569,43.64,Indie,Singleplayer|Open World,Linux|Mac|Windows,0.86,37937
102570,Game_2570,33.75,Indie|Strategy,Story Rich|Open World|Co-op|Multiplayer,Linux,0.82,22636
102571,Game_2571,24.75,Indie,Singleplayer|Co-op|Story Rich,Mac|Windows,0.75,8352
102572,Game_2572,42.23,Action|Indie|Sports,Singleplayer|Co-op|Multiplayer,Mac|Windows|Linux,0.82,82884
102573,Game_2573,1.72,RPG|Indie|Adventure,Multiplayer|Competitive,Mac|Linux|Windows,0.84,89450
102574,Game_2574,40.0,Sports|Indie|Action,Co-op|Singleplayer|Story Rich|Multiplayer,Mac|Windows|Linux,0.7,33189
102575,Game_2575,45.39,RPG,Open World|Singleplayer|Co-op|Competitive,Linux,0.95,50732
102576,Game_2576,11.01,Strategy|Adventure|RPG,Co-op|Open World,Linux|Mac,0.91,55569
102577,Game_2577,5.94,Action|Adventure|Sports,Story Rich|Open World|Co-op,Windows|Mac|Linux,0.82,57791
102578,Game_2578,22.81,Action,Singleplayer|Multiplayer|Open World|Competitive,Windows|Mac|Linux,0.83,72834
102579,Game_2579,12.11,Adventure|Strategy,Co-op|Open World,Mac|Linux,0.84,31984
102580,Game_2580,43.34,Adventure|Strategy,Story Rich|Open World|Competitive|Multiplayer,Windows,0.66,78472
102581,Game_2581,29.28,Indie|RPG|Action,Co-op|Singleplayer|Story Rich,Windows,0.67,81152
102582,Game_2582,12.3,Simulation|Strategy|Sports,Singleplayer|Competitive,Mac|Linux,0.94,86186
102583,Game_2583,44.17,RPG,Story Rich|Competitive,Windows,0.9,64849
102584,Game_2584,8.09,Simulation,Multiplayer|Story Rich,Mac,0.83,73903
102585,Game_2585,57.42,Indie|Action,Competitive|Co-op|Open World,Linux|Windows,0.9,68488
102586,Game_2586,18.96,Adventure|Strategy|Simulation,Open World|Story Rich,Mac|Linux|Windows,0.86,58964
102587,Game_2587,57.86,Indie|RPG,Co-op|Multiplayer,Mac,0.62,57918
102588,Game_2588,52.51,Simulation|Action|RPG,Co-op|Open World,Linux|Mac,0.92,98004
102589,Game_2589,31.64,Simulation|Indie|Strategy,Story Rich|Open World|Co-op|Competitive,Windows|Mac|Linux,0.85,88579
102590,Game_2590,42.44,Sports|RPG|Simulation,Competitive|Open World,Windows|Mac,0.63,94959
102591,Game_2591,6.53,Simulation,Co-op|Multiplayer|Competitive,Linux|Windows|Mac,0.83,98163
102592,Game_2592,43.28,Strategy,Multiplayer|Singleplayer|Story Rich,Mac|Linux,0.96,57504
102593,Game_2593,12.46,Strategy,Competitive|Story Rich|Open World|Co-op,Mac|Windows|Linux,0.79,47049
102594,Game_2594,1.95,Adventure|Indie|RPG,Multiplayer|Open World|Competitive,Linux,0.87,6281
102595,Game_2595,23.11,Indie|RPG,Multiplayer|Competitive,Mac,0.63,57597
102596,Game_2596,26.02,Sports,Co-op|Story Rich|Competitive|Singleplayer,Windows|Mac|Linux,0.69,97921
102597,Game_2597,9.77,Sports|Simulation|RPG,Multiplayer|Competitive|Open World|Singleplayer,Mac|Linux,0.95,39658
102598,Game_2598,49.49,Simulation|Adventure,Co-op|Competitive|Singleplayer|Multiplayer,Linux,0.68,35405
102599,Game_2599,24.27,RPG|Strategy|Indie,Singleplayer|Open World|Story Rich|Multiplayer,Windows|Linux,0.88,91723
102600,Game_2600,9.78,Indie|RPG,Singleplayer|Co-op,Windows|Linux,0.95,92051
102601,Game_2601,51.69,Sports,Story Rich|Competitive,Mac|Linux,0.81,97211
102602,Game_2602,31.44,Simulation|RPG|Strategy,Open World|Story Rich,Mac,0.63,10434
102603,Game_2603,57.82,Action|RPG,Co-op|Multiplayer|Competitive|Singleplayer,Windows|Linux|Mac,0.73,93020
102604,Game_2604,44.46,Adventure,Story Rich|Singleplayer|Competitive,Mac|Windows|Linux,0.94,90756
102605,Game_2605,2.17,Indie|Simulation,Co-op|Competitive|Singleplayer,Linux|Windows|Mac,0.87,29793
102606,Game_2606,58.59,Strategy|Adventure|Simulation,Co-op|Competitive,Mac|Windows,0.8,66111
102607,Game_2607,58.57,Indie,Co-op|Competitive|Multiplayer|Singleplayer,Linux|Windows,0.65,82436
102608,Game_2608,59.7,Simulation,Co-op|Story Rich|Multiplayer,Mac|Windows,0.89,12965
102609,Game_2609,9.37,Action|Indie|Adventure,Story Rich|Co-op|Competitive,Windows|Mac,0.96,4562
102610,Game_2610,27.58,Sports|Action|Indie,Multiplayer|Co-op|Singleplayer,Linux,0.9,44716
102611,Game_2611,29.37,Strategy|Adventure|Sports,Open World|Competitive|Multiplayer|Co-op,Linux|Mac,0.68,70652
102612,Game_2612,13.86,Sports|Strategy|Indie,Competitive|Open World,Windows,0.79,83311
102613,Game_2613,59.96,Strategy,Singleplayer|Open World|Story Rich|Multiplayer,Mac|Linux,0.79,95671
102614,Game_2614,2.83,Strategy,Open World|Competitive|Co-op|Multiplayer,Windows|Mac,0.73,76077
102615,Game_2615,46.3,Sports|Adventure|Indie,Singleplayer|Competitive|Open World,Windows|Linux|Mac,0.71,39443
102616,Game_2616,11.51,Indie|RPG,Multiplayer|Co-op,Mac,0.84,46506
102617,Game_2617,59.82,Adventure|Indie,Competitive|Multiplayer|Story Rich|Co-op,Linux,0.61,59585
102618,Game_2618,3.45,Strategy,Co-op|Story Rich|Singleplayer,Linux|Mac|Windows,0.78,36323
102619,Game_2619,17.03,RPG,Singleplayer|Story Rich|Open World,Linux,0.62,84543
102620,Game_2620,25.37,Action,Competitive|Open World|Multiplayer,Linux|Windows,0.84,15759
102621,Game_2621,20.06,Sports|Adventure,Singleplayer|Story Rich,Linux|Mac|Windows,0.75,86958
102622,Game_2622,58.63,Simulation|Indie,Co-op|Competitive,Mac|Linux,0.97,82539
102623,Game_2623,4.67,Action,Competitive|Co-op|Multiplayer,Linux|Windows,0.73,37093
102624,Game_2624,8.17,RPG|Simulation|Strategy,Singleplayer|Story Rich|Multiplayer|Co-op,Mac|Linux,0.89,66102
102625,Game_2625,58.02,Simulation|Adventure|RPG,Co-op|Singleplayer|Open World|Competitive,Mac|Linux|Windows,0.68,38047
102626,Game_2626,7.56,Indie|Adventure,Singleplayer|Story Rich|Open World|Competitive,Linux|Mac|Windows,0.66,18362
102627,Game_2627,1.38,Simulation|RPG|Sports,Co-op|Multiplayer,Linux,0.74,90841
102628,Game_2628,44.9,Simulation|Sports,Competitive|Story Rich,Linux|Windows,0.79,27239
102629,Game_2629,21.96,Simulation|Sports|Adventure,Singleplayer|Competitive|Story Rich,Mac|Windows|Linux,0.77,33256
102630,Game_2630,4.85,Adventure|Action|Sports,Story Rich|Singleplayer|Co-op,Windows,0.94,96335
102631,Game_2631,22.35,RPG|Strategy|Indie,Competitive|Singleplayer|Multiplayer|Co-op,Windows|Linux|Mac,0.82,80974
102632,Game_2632,6.33,RPG|Adventure|Strategy,Open World|Multiplayer|Co-op,Mac,0.72,19751
102633,Game_2633,13.54,Simulation|Indie|Sports,Co-op|Multiplayer|Open World|Singleplayer,Windows|Mac|Linux,0.7,80054
102634,Game_2634,46.09,Sports|RPG|Strategy,Open World|Story Rich,Mac|Windows|Linux,0.76,94329
102635,Game_2635,45.22,Action|Strategy,Competitive|Multiplayer,Mac|Windows,0.73,10012
102636,Game_2636,6.11,RPG|Adventure,Co-op|Singleplayer|Story Rich,Mac|Linux|Windows,0.97,28814
102637,Game_2637,1.54,Adventure|Indie,Open World|Story Rich|Multiplayer,Linux|Mac,0.67,73931
102638,Game_2638,50.96,Strategy,Story Rich|Open World|Singleplayer,Mac|Windows|Linux,0.8,53138
102639,Game_2639,2.27,Action,Singleplayer|Competitive|Open World|Story Rich,Mac|Linux|Windows,0.94,86605
102640,Game_2640,15.27,Strategy|RPG|Indie,Story Rich|Singleplayer,Linux|Windows,0.78,29390
102641,Game_2641,27.8,Action|Adventure,Competitive|Open World,Windows|Linux,0.95,84327
102642,Game_2642,39.3,RPG|Strategy|Sports,Singleplayer|Co-op|Multiplayer|Competitive,Mac|Linux|Windows,0.71,38629
102643,Game_2643,14.58,Action|RPG,Competitive|Open World|Co-op,Mac|Linux|Windows,0.78,77495
102644,Game_2644,9.14,RPG,Open World|Competitive|Multiplayer|Singleplayer,Linux|Windows,0.79,5366
102645,Game_2645,2.5,Strategy|Simulation|Action,Multiplayer|Competitive|Open World,Windows|Linux,0.92,95442
102646,Game_2646,26.67,Strategy|Simulation|Adventure,Story Rich|Competitive|Co-op|Singleplayer,Linux|Mac|Windows,0.87,81773
102647,Game_2647,38.24,Indie,Multiplayer|Story Rich|Open World|Singleplayer,Mac|Linux|Windows,0.88,32103
102648,Game_2648,50.63,Indie|Adventure|Sports,Competitive|Story Rich|Open World,Linux,0.95,14968
102649,Game_2649,31.15,Simulation,Story Rich|Multiplayer,Linux,0.97,13157
102650,Game_2650,9.58,Indie,Competitive|Multiplayer|Story Rich,Linux,0.69,33134
102651,Game_2651,10.43,Strategy|Action|Sports,Story Rich|Competitive|Singleplayer,Linux,0.67,54832
102652,Game_2652,15.24,Indie,Open World|Co-op|Multiplayer,Mac,0.77,4541
102653,Game_2653,37.68,RPG|Adventure|Indie,Competitive|Singleplayer|Multiplayer|Story Rich,Mac|Windows|Linux,0.81,19475
102654,Game_2654,29.47,Adventure,Story Rich|Multiplayer|Open World,Mac|Linux,0.67,52691
102655,Game_2655,31.1,Adventure,Multiplayer|Singleplayer,Linux|Mac|Windows,0.62,68594
102656,Game_2656,31.38,Action|Simulation|Strategy,Singleplayer|Competitive|Story Rich,Windows|Linux,0.64,99828
102657,Game_2657,50.36,Strategy|Adventure|RPG,Co-op|Multiplayer|Competitive|Singleplayer,Linux|Windows,0.68,37967
102658,Game_2658,42.58,Indie,Story Rich|Competitive|Open World,Mac|Linux|Windows,0.76,95360
102659,Game_2659,27.24,Strategy|Sports|Indie,Multiplayer|Story Rich|Open World,Linux|Windows|Mac,0.92,21946
102660,Game_2660,10.61,Sports,Story Rich|Open World|Singleplayer,Mac|Windows|Linux,0.94,89091
102661,Game_2661,14.14,Indie|Sports,Multiplayer|Story Rich,Linux,0.79,28536
102662,Game_2662,52.52,Sports,Multiplayer|Open World,Windows|Mac,0.63,59029
102663,Game_2663,24.9,Indie,Story Rich|Co-op|Singleplayer|Open World,Mac|Linux|Windows,0.91,10301
102664,Game_2664,57.34,Sports,Competitive|Co-op,Windows|Mac,0.79,92466
102665,Game_2665,19.94,Action|Indie|RPG,Multiplayer|Open World|Singleplayer|Competitive,Linux,0.8,57544
102666,Game_2666,3.31,Adventure|Sports,Open World|Singleplayer|Story Rich,Windows|Mac|Linux,0.66,9188
102667,Game_2667,42.59,Adventure,Competitive|Co-op,Windows|Linux,0.66,44827
102668,Game_2668,59.35,Action|Sports|Adventure,Open World|Singleplayer|Competitive|Co-op,Windows,0.83,65169
102669,Game_2669,6.21,Adventure,Story Rich|Competitive,Windows|Mac|Linux,0.79,17979
102670,Game_2670,20.06,Adventure|RPG|Indie,Co-op|Story Rich|Multiplayer|Competitive,Windows|Mac,0.65,4148
102671,Game_2671,2.59,Adventure|Indie|Strategy,Multiplayer|Co-op,Linux|Mac,0.96,8600
102672,Game_2672,57.36,Simulation|RPG|Action,Co-op|Singleplayer|Story Rich|Competitive,Mac|Linux|Windows,0.65,12893
102673,Game_2673,41.69,RPG,Open World|Multiplayer|Story Rich|Singleplayer,Mac|Linux|Windows,0.66,93615
102674,Game_2674,41.08,Adventure|Sports,Competitive|Singleplayer|Open World,Mac|Linux,0.61,74533
102675,Game_2675,54.25,Sports,Multiplayer|Open World|Competitive|Co-op,Windows|Mac|Linux,0.9,15576
102676,Game_2676,5.82,Indie|Strategy|Sports,Competitive|Multiplayer|Open World,Windows,0.86,14101
102677,Game_2677,57.55,Sports|Action,Open World|Story Rich|Competitive,Windows|Linux|Mac,0.63,88873
102678,Game_2678,41.2,Indie,Singleplayer|Co-op|Story Rich,Windows|Linux,0.63,90347
102679,Game_2679,45.9,Action|Indie,Multiplayer|Story Rich|Co-op,Linux|Mac,0.63,24284
102680,Game_2680,32.23,RPG,Multiplayer|Open World,Windows|Linux,0.85,35580
102681,Game_2681,54.96,Simulation|Action,Co-op|Singleplayer|Competitive,Linux,0.69,90279
102682,Game_2682,46.84,Adventure,Open World|Competitive,Windows|Mac,0.72,98889
102683,Game_2683,43.33,Strategy|RPG|Sports,Story Rich|Open World|Singleplayer|Co-op,Linux|Mac,0.96,34531
102684,Game_2684,32.21,Simulation|Adventure|Sports,Competitive|Story Rich,Linux|Mac|Windows,0.6,64103
102685,Game_2685,45.57,Simulation|Adventure|RPG,Co-op|Competitive,Mac,0.82,86405
102686,Game_2686,42.21,Strategy|Indie|RPG,Competitive|Multiplayer|Co-op,Mac|Windows|Linux,0.68,82794
102687,Game_2687,52.08,Simulation|Action,Singleplayer|Story Rich,Linux|Mac|Windows,0.66,11364
102688,Game_2688,5.94,Adventure|Indie,Co-op|Singleplayer|Open World|Story Rich,Windows|Linux,0.78,57154
102689,Game_2689,52.44,Strategy|Adventure,Co-op|Story Rich|Open World|Competitive,Windows|Linux|Mac,0.71,225
102690,Game_2690,15.09,Simulation|RPG|Sports,Competitive|Multiplayer,Windows,0.69,55792
102691,Game_2691,24.67,RPG|Sports,Open World|Competitive|Multiplayer|Co-op,Linux|Windows|Mac,0.69,29975
102692,Game_2692,36.5,Simulation|Sports,Story Rich|Singleplayer|Open World|Co-op,Linux|Mac,0.77,77464
102693,Game_2693,29.14,Action|Sports,Singleplayer|Open World|Multiplayer|Story Rich,Windows|Linux,0.81,36631
102694,Game_2694,6.27,Sports|Action,Competitive|Story Rich|Co-op|Singleplayer,Mac|Linux,0.71,86818
102695,Game_2695,51.91,Adventure|Strategy|Indie,Co-op|Multiplayer|Story Rich,Linux|Windows,0.9,32127
102696,Game_2696,30.08,Indie,Competitive|Story Rich|Open World|Co-op,Windows,0.77,54875
102697,Game_2697,43.12,Sports|Strategy|RPG,Multiplayer|Story Rich,Mac|Linux|Windows,0.66,73610
102698,Game_2698,18.11,Sports|Simulation|Strategy,Story Rich|Singleplayer|Competitive|Open World,Mac|Linux,0.84,72101
102699,Game_2699,24.03,Indie|Sports|Strategy,Competitive|Singleplayer|Co-op|Open World,Linux,0.65,5078
102700,Game_2700,9.76,Action|Sports,Multiplayer|Competitive|Story Rich,Mac|Windows,0.72,72835
102701,Game_2701,7.2,Sports,Story Rich|Competitive,Mac|Windows,0.72,52576
102702,Game_2702,17.46,Simulation|Sports|Strategy,Story Rich|Competitive|Multiplayer|Singleplayer,Mac|Windows|Linux,0.65,18075
102703,Game_2703,15.33,Strategy|Adventure|RPG,Singleplayer|Multiplayer|Co-op,Linux|Windows|Mac,0.61,32077
102704,Game_2704,21.83,Action|Sports,Competitive|Open World|Co-op|Multiplayer,Linux,0.88,29673
102705,Game_2705,51.15,Action|Simulation,Competitive|Multiplayer,Linux|Mac,0.94,14783
102706,Game_2706,59.59,Indie,Open World|Multiplayer,Windows|Linux|Mac,0.67,55355
102707,Game_2707,7.76,Action,Multiplayer|Co-op|Story Rich|Open World,Windows|Linux|Mac,0.81,3759
102708,Game_2708,10.58,Simulation|Strategy,Competitive|Open World|Co-op|Story Rich,Windows|Linux,0.75,51683
102709,Game_2709,12.17,RPG,Competitive|Open World|Story Rich,Windows,0.88,52961
102710,Game_2710,52.14,Strategy,Singleplayer|Story Rich|Open World,Linux|Windows,0.86,46455
102711,Game_2711,47.48,Adventure|Strategy,Open World|Singleplayer|Competitive|Story Rich,Mac|Linux,0.93,86717
102712,Game_2712,25.81,Action,Story Rich|Co-op|Multiplayer,Windows|Mac|Linux,0.64,86337
102713,Game_2713,14.25,Strategy|Action|Indie,Multiplayer|Co-op|Story Rich,Windows,0.62,63142
102714,Game_2714,17.36,Action|RPG|Sports,Co-op|Singleplayer,Mac|Linux,0.92,46990
102715,Game_2715,46.86,RPG,Story Rich|Competitive,Mac|Linux,0.61,37620
102716,Game_2716,17.85,Indie|Action,Singleplayer|Competitive|Story Rich,Windows,0.85,40726
102717,Game_2717,23.52,Action|RPG|Simulation,Co-op|Open World,Linux|Windows,0.75,67511
102718,Game_2718,12.91,RPG,Story Rich|Open World|Singleplayer|Competitive,Windows|Linux|Mac,0.94,59548
102719,Game_2719,29.04,Sports,Multiplayer|Competitive|Co-op|Singleplayer,Windows,0.83,88441
102720,Game_2720,29.55,Sports|Strategy,Open World|Story Rich|Competitive,Linux,0.73,82766
102721,Game_2721,48.79,Adventure|Action,Co-op|Singleplayer,Linux,0.92,8711
102722,Game_2722,30.56,Indie|RPG,Open World|Singleplayer|Story Rich,Mac,0.66,3036
102723,Game_2723,44.54,Action|RPG,Singleplayer|Multiplayer|Co-op,Windows,0.65,63600
102724,Game_2724,52.51,Simulation|Adventure,Co-op|Singleplayer|Multiplayer|Story Rich,Windows,0.72,21727
102725,Game_2725,1.65,RPG|Indie,Multiplayer|Co-op|Story Rich,Linux,0.79,87282
102726,Game_2726,23.6,Strategy|Sports|Action,Competitive|Co-op,Linux|Mac|Windows,0.61,56128
102727,Game_2727,33.29,Action|Sports,Multiplayer|Story Rich|Co-op|Open World,Windows,0.74,6823
102728,Game_2728,10.1,RPG|Indie|Adventure,Open World|Competitive,Mac,0.77,8502
102729,Game_2729,7.51,Indie,Co-op|Competitive|Story Rich|Singleplayer,Linux|Windows,0.9,80539
102730,Game_2730,54.59,Action,Open World|Story Rich|Multiplayer,Windows|Linux|Mac,0.79,90192
102731,Game_2731,23.82,RPG,Singleplayer|Story Rich,Mac|Windows,0.98,39917
102732,Game_2732,38.69,Simulation,Story Rich|Co-op|Competitive,Mac,0.92,35008
102733,Game_2733,30.27,Adventure|Strategy,Open World|Multiplayer,Windows|Linux|Mac,0.8,73788
102734,Game_2734,8.84,Adventure|Indie|Strategy,Singleplayer|Multiplayer|Co-op,Windows,0.93,9055
102735,Game_2735,27.4,Adventure|RPG|Indie,Story Rich|Co-op|Competitive,Windows,0.83,89515
102736,Game_2736,0.97,RPG|Strategy|Indie,Co-op|Open World|Multiplayer|Competitive,Mac|Linux,0.72,97624
102737,Game_2737,1.73,RPG|Sports|Action,Co-op|Open World,Linux|Mac|Windows,0.68,85956
102738,Game_2738,10.1,Indie,Competitive|Singleplayer,Windows|Mac|Linux,0.63,18252
102739,Game_2739,14.98,Strategy,Open World|Competitive|Singleplayer|Co-op,Windows|Mac,0.61,51733
102740,Game_2740,43.33,Strategy|Action,Open World|Story Rich|Multiplayer,Windows|Mac,0.72,87555
102741,Game_2741,49.2,Strategy|Adventure,Competitive|Story Rich|Open World|Co-op,Windows|Mac,0.61,59640
102742,Game_2742,39.91,RPG,Multiplayer|Singleplayer|Story Rich,Linux|Mac|Windows,0.83,36081
102743,Game_2743,43.8,Adventure,Multiplayer|Singleplayer,Mac|Windows,0.94,67622
102744,Game_2744,50.33,Strategy|RPG,Open World|Competitive|Co-op,Linux|Mac,0.81,78239
102745,Game_2745,24.09,Strategy|Action|Adventure,Open World|Story Rich,Windows|Mac,0.93,96710
102746,Game_2746,49.42,Indie|Simulation|Strategy,Multiplayer|Co-op|Competitive,Windows|Mac,0.87,95663
102747,Game_2747,36.49,Indie|Strategy,Story Rich|Competitive|Open World,Mac|Windows|Linux,0.63,48130
102748,Game_2748,18.16,RPG|Strategy|Adventure,Multiplayer|Singleplayer|Open World|Story Rich,Mac|Windows,0.77,97776
102749,Game_2749,12.97,Sports|Indie,Co-op|Singleplayer|Open World,Linux,0.7,78706
102750,Game_2750,43.01,Strategy|Sports,Multiplayer|Co-op,Linux,0.65,37267
102751,Game_2751,31.73,Indie|Sports,Multiplayer|Open World|Co-op|Competitive,Windows|Linux|Mac,0.9,44213
102752,Game_2752,4.83,Adventure|Sports|RPG,Multiplayer|Story Rich|Open World,Mac|Linux|Windows,0.61,36331
102753,Game_2753,49.79,Indie|Action|Strategy,Open World|Singleplayer,Windows|Mac|Linux,0.83,80949
102754,Game_2754,47.03,Strategy,Story Rich|Multiplayer|Singleplayer|Open World,Linux|Windows,0.92,48133
102755,Game_2755,55.66,RPG|Strategy|Adventure,Multiplayer|Competitive,Mac|Windows,0.93,2583
102756,Game_2756,47.54,Strategy|Indie,Co-op|Competitive|Open World,Mac|Linux|Windows,0.73,57554
102757,Game_2757,36.26,Simulation,Multiplayer|Singleplayer|Story Rich,Windows|Mac|Linux,0.72,49267
102758,Game_2758,23.8,Sports|Adventure,Open World|Competitive|Co-op|Singleplayer,Mac|Windows,0.73,52497
102759,Game_2759,53.88,Indie|Simulation,Co-op|Competitive|Multiplayer|Story Rich,Linux,0.8,69694
102760,Game_2760,11.07,Sports|Simulation,Multiplayer|Competitive|Co-op|Open World,Mac|Windows,0.95,24691
102761,Game_2761,16.58,Simulation|Sports,Co-op|Open World|Multiplayer|Competitive,Windows|Linux,0.77,17390
102762,Game_2762,15.02,Indie,Multiplayer|Story Rich|Singleplayer|Open World,Windows|Linux,0.97,77488
102763,Game_2763,9.46,Adventure|Simulation|Strategy,Multiplayer|Singleplayer|Story Rich|Open World,Linux,0.67,1236
102764,Game_2764,55.55,Simulation|RPG|Action,Multiplayer|Singleplayer|Competitive,Windows|Mac,0.76,41162
102765,Game_2765,53.02,Sports|Simulation|Adventure,Open World|Co-op|Singleplayer,Linux|Windows,0.6,28055
102766,Game_2766,4.62,Indie,Multiplayer|Singleplayer,Linux,0.84,67453
102767,Game_2767,45.51,RPG|Sports,Co-op|Singleplayer|Open World|Story Rich,Linux,0.71,94378
102768,Game_2768,51.34,Adventure,Competitive|Open World|Multiplayer|Co-op,Windows|Linux,0.7,8197
102769,Game_2769,12.56,Sports,Co-op|Open World|Multiplayer,Linux,0.81,48163
102770,Game_2770,2.75,RPG,Competitive|Story Rich|Multiplayer,Mac|Linux|Windows,0.65,92560
102771,Game_2771,50.03,Indie,Multiplayer|Competitive|Singleplayer|Story Rich,Linux,0.64,78214
102772,Game_2772,15.91,RPG|Sports,Story Rich|Multiplayer|Singleplayer,Windows|Linux|Mac,0.72,46191
102773,Game_2773,1.89,Adventure|Action|Indie,Open World|Story Rich|Multiplayer|Singleplayer,Mac,0.62,20076
102774,Game_2774,46.59,Adventure|Action|Strategy,Co-op|Story Rich|Multiplayer|Open World,Linux|Windows,0.71,85351
102775,Game_2775,0.91,Adventure|Simulation|Indie,Singleplayer|Competitive|Multiplayer,Linux|Mac,0.77,45018
102776,Game_2776,28.23,Sports|Simulation,Singleplayer|Open World|Co-op,Mac,0.78,27518
102777,Game_2777,31.87,Action,Multiplayer|Co-op|Singleplayer,Linux,0.72,59923
102778,Game_2778,9.87,Strategy|Adventure,Story Rich|Open World,Windows,0.96,42574
102779,Game_2779,27.77,Strategy|Adventure,Multiplayer|Open World,Windows|Mac|Linux,0.75,13356
102780,Game_2780,19.44,Strategy|Adventure|Action,Open World|Singleplayer,Linux|Mac|Windows,0.71,8065
102781,Game_2781,10.52,Simulation,Competitive|Story Rich,Linux,0.92,63356
102782,Game_2782,26.75,Action|Adventure|Indie,Singleplayer|Story Rich,Windows|Linux,0.82,2512
102783,Game_2783,32.49,Strategy|RPG|Sports,Competitive|Story Rich,Windows,0.88,68336
102784,Game_2784,46.23,Simulation,Multiplayer|Co-op|Open World|Competitive,Linux,0.65,93349
102785,Game_2785,16.15,Indie,Singleplayer|Multiplayer,Windows,0.69,38725
102786,Game_2786,16.37,Simulation|Sports,Story Rich|Singleplayer,Windows|Mac|Linux,0.79,86070
102787,Game_2787,2.8,Action,Multiplayer|Open World,Mac|Linux,0.94,43404
102788,Game_2788,3.28,Simulation,Co-op|Competitive|Singleplayer|Multiplayer,Mac|Windows,0.67,16949
102789,Game_2789,52.68,Adventure,Singleplayer|Competitive|Co-op,Windows|Linux|Mac,0.73,67004
102790,Game_2790,55.91,Strategy,Singleplayer|Competitive|Open World,Windows,0.88,31505
102791,Game_2791,48.73,Action,Competitive|Story Rich|Co-op,Windows,0.73,19155
102792,Game_2792,58.32,RPG|Simulation,Open World|Multiplayer,Mac,0.63,89013
102793,Game_2793,42.31,Adventure|Indie|Strategy,Story Rich|Competitive|Co-op,Windows|Mac|Linux,0.67,12417
102794,Game_2794,59.41,Sports|Action,Open World|Story Rich|Competitive|Singleplayer,Mac|Linux|Windows,0.71,9847
102795,Game_2795,14.37,Action|Adventure|Strategy,Multiplayer|Open World,Mac,0.71,47974
102796,Game_2796,59.65,Simulation|Strategy,Singleplayer|Open World,Linux|Mac,0.62,74633
102797,Game_2797,51.89,Sports|Indie,Co-op|Singleplayer,Linux|Windows,0.63,76507
102798,Game_2798,22.86,Action|Indie,Co-op|Singleplayer,Linux,0.61,70160
102799,Game_2799,2.68,Action|Adventure,Competitive|Open World,Mac|Linux|Windows,0.72,26054
102800,Game_2800,26.57,Sports|Indie,Story Rich|Competitive|Open World|Singleplayer,Mac,0.65,26944
102801,Game_2801,6.07,Adventure|Indie,Multiplayer|Open World|Competitive,Windows,0.71,31338
102802,Game_2802,39.33,Simulation,Singleplayer|Open World|Multiplayer|Competitive,Linux|Windows,0.95,70667
102803,Game_2803,24.81,Adventure|RPG,Competitive|Singleplayer,Windows|Mac,0.85,77706
102804,Game_2804,48.22,Action|Simulation,Co-op|Multiplayer|Singleplayer,Mac,0.84,8938
102805,Game_2805,51.91,Indie|Action,Singleplayer|Open World|Competitive|Co-op,Linux|Windows,0.96,50004
102806,Game_2806,49.3,Action|Indie,Story Rich|Singleplayer,Mac|Windows|Linux,0.61,59837
102807,Game_2807,1.65,Sports|RPG,Open World|Co-op|Story Rich|Singleplayer,Mac,0.61,17125
102808,Game_2808,14.16,Action,Co-op|Open World,Mac|Linux|Windows,0.74,11096
102809,Game_2809,16.75,Adventure|Simulation|RPG,Open World|Co-op|Competitive|Singleplayer,Linux,0.85,38873
102810,Game_2810,9.18,Sports|Strategy|Adventure,Open World|Co-op,Windows,0.98,70423
102811,Game_2811,56.22,RPG|Indie,Open World|Singleplayer|Story Rich|Co-op,Windows|Mac,0.61,69572
102812,Game_2812,46.6,RPG|Simulation,Competitive|Story Rich,Mac,0.73,34378
102813,Game_2813,56.85,Adventure|Strategy|RPG,Open World|Story Rich|Singleplayer,Mac|Linux,0.7,66570
102814,Game_2814,56.06,Simulation,Competitive|Singleplayer|Story Rich,Windows,0.65,10961
102815,Game_2815,16.25,Strategy,Co-op|Multiplayer,Linux|Mac,0.74,45508
102816,Game_2816,52.42,Action|Sports,Singleplayer|Open World,Linux,0.66,52101
102817,Game_2817,50.48,Action|Adventure|Simulation,Singleplayer|Open World|Story Rich,Mac,0.88,75340
102818,Game_2818,41.51,Sports|Simulation|Action,Co-op|Multiplayer|Singleplayer,Mac|Windows|Linux,0.85,73525
102819,Game_2819,8.63,Action|Sports|Simulation,Co-op|Open World|Story Rich,Windows|Linux|Mac,0.93,92560
102820,Game_2820,8.98,Strategy|Action,Open World|Multiplayer|Story Rich,Mac|Linux,0.78,79202
102821,Game_2821,54.31,RPG|Action|Strategy,Story Rich|Open World|Competitive,Linux|Windows,0.76,78549
102822,Game_2822,18.93,Sports|Indie|RPG,Co-op|Competitive|Multiplayer,Windows,0.78,34467
102823,Game_2823,36.58,Simulation|Action|RPG,Singleplayer|Competitive,Mac|Linux|Windows,0.83,81226
102824,Game_2824,10.9,Indie|Adventure,Multiplayer|Open World|Singleplayer,Linux|Mac|Windows,0.96,47542
102825,Game_2825,24.31,Adventure,Multiplayer|Co-op|Competitive,Linux|Mac,0.67,62454
102826,Game_2826,33.95,Action|RPG,Multiplayer|Singleplayer|Co-op,Mac|Windows,0.87,53455
102827,Game_2827,57.04,Simulation|Sports,Competitive|Story Rich|Open World,Windows,0.68,95557
102828,Game_2828,43.97,Simulation|Action|Strategy,Multiplayer|Story Rich|Co-op|Open World,Windows|Mac|Linux,0.87,21949
102829,Game_2829,55.21,Simulation|Adventure|Sports,Story Rich|Competitive|Co-op|Singleplayer,Windows,0.77,46259
102830,Game_2830,45.53,RPG|Strategy,Co-op|Singleplayer|Open World,Linux|Windows,0.94,11867
102831,Game_2831,23.43,Sports|Simulation,Co-op|Multiplayer|Singleplayer,Windows|Mac,0.61,28242
102832,Game_2832,52.02,RPG|Sports,Competitive|Multiplayer|Singleplayer|Co-op,Windows,0.75,5706
102833,Game_2833,47.33,Indie,Open World|Competitive,Mac,0.86,53491
102834,Game_2834,21.59,Strategy|Action|Simulation,Singleplayer|Co-op|Multiplayer,Mac|Windows|Linux,0.72,79017
102835,Game_2835,28.94,Action|Adventure,Singleplayer|Competitive|Co-op|Multiplayer,Windows,0.72,76392
102836,Game_2836,51.58,Sports,Competitive|Open World|Story Rich,Linux|Mac|Windows,0.67,19514
102837,Game_2837,8.28,Strategy|Sports,Story Rich|Multiplayer|Co-op,Windows|Linux,0.97,34987
102838,Game_2838,23.5,Action,Co-op|Open World|Multiplayer,Windows|Mac|Linux,0.64,48140
102839,Game_2839,36.94,Strategy|Simulation|Indie,Story Rich|Open World,Linux|Mac,0.65,62260
102840,Game_2840,6.54,Strategy,Open World|Singleplayer|Story Rich|Multiplayer,Linux,0.93,24340
102841,Game_2841,38.42,Adventure|Strategy,Singleplayer|Open World,Linux|Windows,0.64,8118
102842,Game_2842,56.69,Strategy|RPG|Simulation,Open World|Competitive|Multiplayer,Linux|Mac,0.64,43334
102843,Game_2843,51.26,Adventure|RPG,Competitive|Multiplayer|Co-op,Linux|Windows|Mac,0.6,59532
102844,Game_2844,1.15,RPG|Indie|Action,Co-op|Open World|Singleplayer,Windows|Mac|Linux,0.74,50009
102845,Game_2845,9.71,Indie,Story Rich|Competitive|Co-op,Mac|Linux,0.9,49280
102846,Game_2846,58.93,RPG|Sports,Open World|Story Rich,Mac,0.74,85864
102847,Game_2847,43.56,Indie,Singleplayer|Competitive|Co-op,Windows,0.79,29298
102848,Game_2848,6.41,Simulation|Indie,Story Rich|Multiplayer|Competitive|Co-op,Windows,0.98,12523
102849,Game_2849,15.57,RPG,Multiplayer|Story Rich|Open World,Windows|Mac,0.63,16189
102850,Game_2850,10.29,Strategy|Simulation|Sports,Competitive|Story Rich|Co-op|Singleplayer,Linux|Mac|Windows,0.66,71048
102851,Game_2851,33.85,Indie|RPG|Adventure,Singleplayer|Co-op|Story Rich,Mac,0.88,89180
102852,Game_2852,38.09,Action|Indie,Singleplayer|Multiplayer|Co-op|Open World,Linux,0.88,60641
102853,Game_2853,7.57,RPG|Simulation|Indie,Co-op|Competitive,Mac|Windows,0.85,39102
102854,Game_2854,27.5,Adventure|Strategy,Multiplayer|Competitive|Story Rich,Linux|Mac,0.97,27262
102855,Game_2855,11.9,Sports|RPG,Story Rich|Co-op|Multiplayer,Linux|Mac|Windows,0.77,92347
102856,Game_2856,32.92,Strategy,Open World|Multiplayer|Competitive,Linux|Mac|Windows,0.81,85214
102857,Game_2857,47.17,Adventure,Open World|Story Rich,Mac|Windows|Linux,0.63,39980
102858,Game_2858,55.04,RPG,Story Rich|Singleplayer|Open World|Competitive,Linux|Windows|Mac,0.8,89817
102859,Game_2859,16.0,Indie|Strategy,Open World|Singleplayer,Windows|Mac,0.74,36185
102860,Game_2860,33.7,Action|Adventure|RPG,Singleplayer|Multiplayer|Competitive,Linux,0.92,68351
102861,Game_2861,42.13,Strategy|Action|Sports,Competitive|Open World|Story Rich,Windows|Linux|Mac,0.87,60447
102862,Game_2862,52.94,Adventure|Action,Singleplayer|Co-op|Competitive|Multiplayer,Windows,0.8,56322
102863,Game_2863,37.75,Simulation,Multiplayer|Open World|Story Rich|Competitive,Mac|Windows|Linux,0.94,43067
102864,Game_2864,45.41,Indie|Strategy,Story Rich|Competitive|Singleplayer,Linux|Mac|Windows,0.97,87808
102865,Game_2865,35.15,Adventure,Competitive|Open World|Co-op|Multiplayer,Windows|Linux,0.64,14301
102866,Game_2866,22.1,Adventure,Co-op|Open World|Singleplayer,Mac,0.61,31478
102867,Game_2867,58.65,Strategy|Indie|Action,Multiplayer|Co-op,Windows|Linux|Mac,0.78,44023
102868,Game_2868,46.46,RPG|Sports,Competitive|Co-op,Mac|Linux,0.76,73085
102869,Game_2869,57.83,Strategy|Sports,Multiplayer|Open World,Linux,0.62,50664
102870,Game_2870,49.39,Strategy|Indie|Sports,Singleplayer|Story Rich|Competitive|Multiplayer,Windows|Mac,0.9,72061
102871,Game_2871,33.5,Sports|Indie,Open World|Co-op|Multiplayer,Linux|Windows|Mac,0.87,60626
102872,Game_2872,3.7,Adventure|Sports|Simulation,Competitive|Co-op|Singleplayer,Linux|Mac|Windows,0.61,38164
102873,Game_2873,26.0,Adventure|Indie|Action,Co-op|Multiplayer|Story Rich|Singleplayer,Mac|Linux,0.77,28431
102874,Game_2874,23.23,Action|Simulation,Story Rich|Multiplayer|Singleplayer,Windows|Linux,0.65,18718
102875,Game_2875,50.17,Adventure|Indie,Open World|Multiplayer|Co-op,Windows|Linux|Mac,0.86,34886
102876,Game_2876,51.09,Indie|Sports|Simulation,Open World|Co-op|Singleplayer|Story Rich,Windows,0.76,68341
102877,Game_2877,4.82,Action,Open World|Co-op|Story Rich|Competitive,Linux,0.79,8442
102878,Game_2878,28.42,Action|Indie,Open World|Competitive|Story Rich|Multiplayer,Windows,0.61,77199
102879,Game_2879,38.71,Strategy|RPG|Sports,Singleplayer|Open World|Story Rich,Windows|Mac|Linux,0.95,37194
102880,Game_2880,50.47,Sports|Strategy,Story Rich|Multiplayer|Competitive|Open World,Mac|Windows|Linux,0.64,96211
102881,Game_2881,14.76,Adventure|Strategy|Simulation,Co-op|Singleplayer|Competitive|Open World,Linux,0.81,23984
102882,Game_2882,4.69,Adventure,Competitive|Co-op|Multiplayer|Story Rich,Windows,0.62,67722
102883,Game_2883,10.23,Strategy|Indie,Singleplayer|Open World|Co-op|Story Rich,Linux,0.64,73866
102884,Game_2884,36.4,Indie|Action|Strategy,Competitive|Open World,Windows|Linux,0.81,89420
102885,Game_2885,4.19,Strategy|Sports,Competitive|Open World,Mac,0.81,94691
102886,Game_2886,31.84,Simulation|RPG,Singleplayer|Multiplayer|Co-op,Windows|Linux,0.86,67621
102887,Game_2887,24.34,RPG,Singleplayer|Story Rich,Linux|Windows,0.86,500
102888,Game_2888,23.14,Action,Competitive|Multiplayer|Singleplayer|Open World,Windows,0.73,61913
102889,Game_2889,41.83,RPG|Adventure,Story Rich|Co-op|Open World,Windows|Linux|Mac,0.78,75632
102890,Game_2890,46.33,Adventure|Strategy|Sports,Co-op|Multiplayer|Singleplayer,Windows|Mac|Linux,0.71,61588
102891,Game_2891,32.42,Simulation|Strategy|RPG,Multiplayer|Singleplayer,Windows,0.66,89667
102892,Game_2892,2.15,Simulation|Adventure,Story Rich|Multiplayer,Windows|Linux,0.66,93898
102893,Game_2893,41.85,Adventure,Singleplayer|Co-op|Multiplayer,Mac|Linux,0.84,99173
102894,Game_2894,33.38,Adventure|Action,Singleplayer|Competitive,Windows|Mac|Linux,0.64,12632
102895,Game_2895,43.0,Sports|RPG,Singleplayer|Co-op|Open World|Competitive,Mac|Linux,0.63,25118
102896,Game_2896,22.19,Adventure|Simulation|Action,Co-op|Singleplayer|Story Rich|Open World,Windows|Linux|Mac,0.69,21371
102897,Game_2897,12.39,Adventure|Sports,Multiplayer|Singleplayer|Co-op,Mac|Windows|Linux,0.88,41458
102898,Game_2898,33.43,Sports|Simulation,Competitive|Story Rich|Open World|Co-op,Mac|Linux,0.7,30321
102899,Game_2899,14.51,RPG|Action,Co-op|Multiplayer|Competitive|Singleplayer,Linux|Windows|Mac,0.68,53839
102900,Game_2900,48.73,Simulation|Action|RPG,Multiplayer|Open World,Windows,0.77,60404
102901,Game_2901,20.92,RPG|Sports,Singleplayer|Competitive|Multiplayer,Windows|Linux|Mac,0.67,67860
102902,Game_2902,20.7,Indie|Adventure,Multiplayer|Open World|Competitive,Windows|Linux|Mac,0.84,70655
102903,Game_2903,28.93,Action,Competitive|Singleplayer|Multiplayer,Linux,0.61,12022
102904,Game_2904,41.15,Sports|Action|Simulation,Story Rich|Multiplayer|Co-op,Mac|Windows|Linux,0.83,17447
102905,Game_2905,15.23,RPG|Sports|Simulation,Open World|Competitive,Mac|Windows,0.82,39018
102906,Game_2906,41.85,Simulation,Open World|Singleplayer|Story Rich|Competitive,Mac,0.76,54616
102907,Game_2907,40.29,Sports,Story Rich|Co-op|Multiplayer,Mac|Linux,0.94,53090
102908,Game_2908,22.16,Simulation|Adventure|Strategy,Singleplayer|Open World,Linux|Mac|Windows,0.74,1908
102909,Game_2909,13.0,Action|Indie,Singleplayer|Co-op|Competitive|Open World,Windows|Mac,0.64,93970
102910,Game_2910,4.88,Indie|Strategy,Multiplayer|Singleplayer,Linux,0.94,17032
102911,Game_2911,24.29,Adventure|Strategy,Story Rich|Competitive|Co-op,Linux,0.8,53112
102912,Game_2912,44.06,RPG,Competitive|Story Rich,Windows|Mac|Linux,0.88,16184
102913,Game_2913,13.95,Sports|Action,Story Rich|Competitive|Multiplayer,Linux|Mac|Windows,0.63,79458
102914,Game_2914,22.5,Simulation,Co-op|Open World|Story Rich|Competitive,Windows|Mac|Linux,0.63,10462
102915,Game_2915,24.32,Indie,Singleplayer|Multiplayer|Story Rich,Windows,0.89,15984
102916,Game_2916,39.31,Action|RPG,Multiplayer|Open World,Linux|Mac,0.88,76388
102917,Game_2917,47.21,Sports|Action,Co-op|Story Rich|Multiplayer|Singleplayer,Mac|Linux|Windows,0.67,42745
102918,Game_2918,6.67,Strategy|Adventure,Co-op|Open World|Story Rich,Mac|Linux,0.84,92395
102919,Game_2919,5.4,Action|Strategy,Multiplayer|Story Rich,Mac|Windows,0.62,78228
102920,Game_2920,57.09,RPG,Co-op|Multiplayer,Windows|Mac|Linux,0.62,69437
102921,Game_2921,5.33,Simulation|Strategy,Story Rich|Competitive,Windows,0.66,94943
102922,Game_2922,28.81,Strategy,Multiplayer|Open World|Singleplayer,Mac|Windows|Linux,0.86,45143
102923,Game_2923,22.52,Sports|Action,Singleplayer|Story Rich,Linux|Windows|Mac,0.73,37177
102924,Game_2924,8.56,Action|Strategy|Adventure,Singleplayer|Co-op|Competitive|Multiplayer,Linux,0.93,78299
102925,Game_2925,26.21,Simulation|Sports,Story Rich|Singleplayer,Mac|Windows,0.94,69268
102926,Game_2926,57.55,Simulation,Story Rich|Open World,Mac|Linux,0.62,36641
102927,Game_2927,15.34,Strategy|Sports|Simulation,Story Rich|Singleplayer,Mac|Windows,0.86,38537
102928,Game_2928,33.83,Adventure|Strategy|Indie,Open World|Story Rich|Multiplayer|Co-op,Windows|Mac|Linux,0.8,20866
102929,Game_2929,49.06,Indie|Sports,Open World|Multiplayer|Singleplayer,Windows|Mac|Linux,0.67,17980
102930,Game_2930,0.24,RPG|Adventure|Indie,Competitive|Story Rich|Co-op|Open World,Linux|Windows|Mac,0.86,36979
102931,Game_2931,50.7,Simulation|RPG|Adventure,Open World|Multiplayer,Linux|Windows,0.68,3247
102932,Game_2932,56.09,Adventure|Strategy,Multiplayer|Competitive|Open World|Singleplayer,Windows|Linux,0.76,88459
102933,Game_2933,47.89,Sports|Indie,Competitive|Story Rich|Co-op|Singleplayer,Mac|Linux|Windows,0.64,7760
102934,Game_2934,10.99,Action|Simulation,Story Rich|Competitive|Singleplayer,Linux|Mac,0.84,20107
102935,Game_2935,37.53,Simulation|RPG|Adventure,Story Rich|Multiplayer,Mac|Windows,0.7,70829
102936,Game_2936,16.93,Strategy,Multiplayer|Open World,Windows,0.72,49592
102937,Game_2937,22.03,Adventure|Strategy|Action,Competitive|Multiplayer|Open World|Singleplayer,Windows|Mac|Linux,0.8,24041
102938,Game_2938,51.02,Strategy|Action|Indie,Multiplayer|Co-op|Story Rich|Competitive,Mac,0.75,6554
102939,Game_2939,10.75,RPG,Open World|Story Rich|Co-op,Linux|Windows|Mac,0.63,71976
102940,Game_2940,26.53,Action|Strategy|Adventure,Story Rich|Open World|Co-op,Windows,0.78,39731
102941,Game_2941,39.51,Sports|Action|Indie,Co-op|Story Rich,Mac|Windows|Linux,0.77,92592
102942,Game_2942,29.45,Action|RPG|Indie,Multiplayer|Competitive|Co-op,Mac|Windows,0.97,31739
102943,Game_2943,57.37,Adventure|Action|Sports,Singleplayer|Open World|Multiplayer,Mac|Windows|Linux,0.76,30342
102944,Game_2944,21.58,Simulation,Co-op|Open World|Singleplayer,Linux|Windows,0.63,35714
102945,Game_2945,21.73,Strategy|Simulation|Action,Co-op|Open World|Story Rich,Windows|Mac,0.84,37565
102946,Game_2946,5.68,Simulation|Indie|Sports,Story Rich|Competitive,Linux|Mac|Windows,0.83,22407
102947,Game_2947,21.67,Adventure|Simulation,Competitive|Multiplayer|Open World|Story Rich,Mac,0.96,8112
102948,Game_2948,57.2,Adventure|Action,Co-op|Multiplayer|Story Rich|Competitive,Mac|Windows|Linux,0.7,60920
102949,Game_2949,42.31,Simulation,Singleplayer|Story Rich,Mac|Windows|Linux,0.67,2188
102950,Game_2950,34.54,Action,Competitive|Open World|Singleplayer,Windows|Mac|Linux,0.63,44106
102951,Game_2951,13.06,Adventure|Indie|Sports,Singleplayer|Open World|Competitive,Windows,0.97,83647
102952,Game_2952,14.33,Strategy|Sports,Co-op|Open World|Singleplayer,Linux|Windows,0.69,97378
102953,Game_2953,59.04,RPG|Strategy|Adventure,Singleplayer|Competitive|Multiplayer,Windows,0.94,57086
102954,Game_2954,13.86,Sports,Open World|Co-op,Linux|Mac,0.61,43962
102955,Game_2955,10.9,Action|RPG,Co-op|Singleplayer|Open World,Windows,0.83,13396
102956,Game_2956,34.27,RPG,Open World|Co-op,Linux|Mac,0.85,30182
102957,Game_2957,0.53,Indie,Story Rich|Multiplayer|Open World|Co-op,Windows|Linux,0.64,38795
102958,Game_2958,43.49,RPG|Strategy|Adventure,Multiplayer|Singleplayer|Co-op|Competitive,Windows,0.71,93241
102959,Game_2959,44.25,Adventure,Singleplayer|Co-op|Story Rich|Multiplayer,Linux,0.94,26567
102960,Game_2960,40.26,Sports|RPG|Adventure,Co-op|Singleplayer|Story Rich,Linux|Windows|Mac,0.89,80774
102961,Game_2961,27.02,Indie|Adventure,Story Rich|Competitive|Open World|Singleplayer,Windows|Linux|Mac,0.97,9831
102962,Game_2962,34.43,Simulation|RPG,Story Rich|Open World|Multiplayer,Linux,0.62,47738
102963,Game_2963,59.76,Sports|RPG,Competitive|Singleplayer|Co-op|Multiplayer,Mac|Windows,0.75,54450
102964,Game_2964,11.73,Action|Strategy|Adventure,Story Rich|Co-op,Linux,0.66,70210
102965,Game_2965,16.32,Sports,Multiplayer|Story Rich|Co-op|Singleplayer,Windows|Linux,0.73,9847
102966,Game_2966,4.62,Action,Competitive|Co-op|Open World|Story Rich,Mac|Windows,0.61,4665
102967,Game_2967,28.66,Sports,Co-op|Story Rich|Singleplayer|Open World,Windows,0.96,68677
102968,Game_2968,12.97,Adventure|Sports,Competitive|Multiplayer,Linux,0.71,39863
102969,Game_2969,19.24,Adventure,Co-op|Story Rich|Competitive,Windows|Linux,0.92,45137
102970,Game_2970,16.0,RPG,Open World|Co-op|Multiplayer|Story Rich,Linux|Windows|Mac,0.93,53255
102971,Game_2971,55.6,Indie|Adventure|Simulation,Co-op|Open World|Story Rich|Competitive,Windows,0.98,1919
102972,Game_2972,38.99,Simulation|Action|Sports,Singleplayer|Competitive|Story Rich|Co-op,Linux|Windows,0.61,30263
102973,Game_2973,54.11,Action|Simulation|Indie,Competitive|Open World|Co-op,Mac|Windows,0.81,44690
102974,Game_2974,0.35,RPG|Action,Story Rich|Open World|Competitive,Mac|Windows|Linux,0.78,31208
102975,Game_2975,21.68,RPG,Open World|Singleplayer|Co-op|Competitive,Linux|Windows|Mac,0.85,43828
102976,Game_2976,7.64,RPG,Competitive|Story Rich|Singleplayer|Co-op,Windows,0.67,77678
102977,Game_2977,31.78,Action|Simulation|Indie,Story Rich|Open World|Multiplayer,Windows|Mac|Linux,0.93,88298
102978,Game_2978,4.95,Sports|Indie,Competitive|Multiplayer|Open World,Mac|Windows|Linux,0.61,23643
102979,Game_2979,46.44,Strategy|RPG,Multiplayer|Co-op|Competitive|Open World,Mac,0.85,98063
102980,Game_2980,16.24,Simulation|Adventure|RPG,Singleplayer|Open World|Multiplayer|Competitive,Mac|Linux,0.63,19019
102981,Game_2981,15.09,Action|RPG|Strategy,Multiplayer|Singleplayer|Story Rich|Co-op,Mac|Windows,0.68,4234
102982,Game_2982,35.78,Simulation|RPG,Singleplayer|Competitive|Story Rich,Mac,0.61,9892
102983,Game_2983,12.45,Simulation,Multiplayer|Story Rich|Competitive,Linux|Windows,0.65,12016
102984,Game_2984,25.65,Action|RPG|Sports,Singleplayer|Multiplayer|Story Rich|Co-op,Windows,0.64,78159
102985,Game_2985,32.58,Adventure,Competitive|Singleplayer|Open World,Linux|Mac,0.93,42971
102986,Game_2986,30.37,Simulation|Strategy|Adventure,Competitive|Open World,Linux,0.75,47043
102987,Game_2987,51.46,Strategy|Indie|Action,Open World|Co-op|Story Rich|Singleplayer,Linux,0.65,50836
102988,Game_2988,51.97,Adventure|Sports,Open World|Story Rich|Multiplayer|Co-op,Mac|Linux|Windows,0.98,72538
102989,Game_2989,32.29,Sports|Simulation|RPG,Story Rich|Open World|Competitive,Mac|Windows,0.88,91663
102990,Game_2990,16.43,Simulation,Co-op|Open World|Singleplayer|Competitive,Mac|Windows|Linux,0.9,32005
102991,Game_2991,9.72,Simulation|RPG|Adventure,Co-op|Open World|Competitive,Linux,0.94,62989
102992,Game_2992,29.81,Sports,Co-op|Story Rich|Open World|Singleplayer,Mac|Windows|Linux,0.65,82694
102993,Game_2993,33.97,Sports|RPG,Singleplayer|Multiplayer|Co-op|Story Rich,Linux|Mac|Windows,0.88,88798
102994,Game_2994,17.14,RPG,Co-op|Competitive|Story Rich|Open World,Windows|Linux,0.76,763
102995,Game_2995,42.86,Simulation|Sports,Co-op|Story Rich|Open World,Mac|Windows|Linux,0.91,43485
102996,Game_2996,1.08,RPG|Indie,Multiplayer|Singleplayer|Co-op|Story Rich,Windows,0.84,10064
102997,Game_2997,35.24,Simulation|Strategy,Competitive|Open World|Singleplayer,Windows,0.92,1154
102998,Game_2998,52.1,Indie,Singleplayer|Story Rich|Co-op|Multiplayer,Linux|Windows,0.67,44647
102999,Game_2999,54.88,Sports,Singleplayer|Co-op,Linux,0.88,76135
103000,Game_3000,40.9,Sports,Multiplayer|Singleplayer,Linux|Mac,0.66,76615
103001,Game_3001,49.88,RPG|Adventure|Strategy,Co-op|Singleplayer|Story Rich|Competitive,Mac|Windows,0.96,94321
103002,Game_3002,32.1,Indie,Story Rich|Open World,Mac|Linux,0.75,17463
103003,Game_3003,14.6,Simulation|RPG|Action,Open World|Story Rich,Mac|Windows|Linux,0.63,25199
103004,Game_3004,9.45,Sports|Strategy,Open World|Co-op|Competitive,Windows|Linux,0.72,33719
103005,Game_3005,52.4,Adventure,Open World|Story Rich|Co-op|Singleplayer,Windows|Linux,0.61,69228
103006,Game_3006,25.53,Simulation|RPG,Singleplayer|Multiplayer|Open World,Mac,0.76,59299
103007,Game_3007,32.94,Simulation|Strategy|Action,Co-op|Competitive|Multiplayer,Linux|Windows,0.97,65273
103008,Game_3008,11.8,Simulation|Sports|Adventure,Open World|Competitive|Multiplayer|Singleplayer,Linux|Mac|Windows,0.77,22387
103009,Game_3009,57.82,RPG|Indie|Adventure,Co-op|Open World|Competitive,Windows,0.64,19494
103010,Game_3010,53.5,Simulation|Sports,Singleplayer|Open World,Windows|Linux,0.67,28414
103011,Game_3011,57.65,Indie|Simulation,Co-op|Open World|Multiplayer|Competitive,Windows,0.78,85851
103012,Game_3012,25.25,Action|Adventure,Singleplayer|Open World,Mac|Linux,0.98,92307
103013,Game_3013,19.78,RPG,Story Rich|Open World|Competitive|Co-op,Windows|Linux,0.84,55414
103014,Game_3014,1.71,Indie|RPG|Adventure,Co-op|Open World|Singleplayer|Multiplayer,Windows|Mac,0.82,18404
103015,Game_3015,56.96,Sports,Story Rich|Open World,Linux|Windows|Mac,0.93,38152
103016,Game_3016,5.2,Adventure|Sports|Action,Competitive|Story Rich|Singleplayer,Linux,0.8,13985
103017,Game_3017,43.07,Indie,Singleplayer|Story Rich|Co-op|Multiplayer,Windows|Linux,0.71,38520
103018,Game_3018,4.86,Adventure|Indie,Open World|Singleplayer,Mac|Windows,0.64,96355
103019,Game_3019,52.09,Indie|RPG|Adventure,Multiplayer|Open World|Competitive|Story Rich,Windows|Linux|Mac,0.89,37648
103020,Game_3020,56.99,Action|Simulation,Singleplayer|Story Rich|Open World|Multiplayer,Mac|Windows,0.68,28117
103021,Game_3021,37.9,Adventure,Competitive|Multiplayer,Linux,0.82,50949
103022,Game_3022,19.51,Sports,Singleplayer|Competitive|Multiplayer,Linux|Windows|Mac,0.96,75285
103023,Game_3023,48.27,Strategy|Action|RPG,Singleplayer|Co-op,Windows|Mac|Linux,0.88,74942
103024,Game_3024,2.1,Strategy|RPG,Multiplayer|Competitive|Story Rich|Singleplayer,Windows,0.69,57376
103025,Game_3025,4.08,Strategy|Sports|Adventure,Story Rich|Competitive|Open World|Co-op,Mac,0.78,32731
103026,Game_3026,7.47,RPG,Open World|Singleplayer,Windows,0.78,81354
103027,Game_3027,46.09,Indie,Competitive|Singleplayer,Mac|Linux|Windows,0.73,97723
103028,Game_3028,38.41,Simulation,Co-op|Competitive|Story Rich|Open World,Mac,0.89,1779
103029,Game_3029,33.33,Simulation|RPG,Singleplayer|Competitive|Co-op,Windows|Mac|Linux,0.91,91917
103030,Game_3030,53.62,Sports|Simulation|Strategy,Competitive|Open World,Windows|Mac,0.7,27026
103031,Game_3031,22.15,Sports,Story Rich|Competitive|Multiplayer|Singleplayer,Windows|Linux,0.64,82415
103032,Game_3032,17.27,Indie|Adventure,Co-op|Open World|Multiplayer|Story Rich,Linux|Windows|Mac,0.9,84985
103033,Game_3033,16.84,Simulation|Indie,Open World|Co-op|Singleplayer,Windows|Linux|Mac,0.85,61280
103034,Game_3034,13.86,Sports|Simulation|Action,Singleplayer|Competitive,Linux|Mac,0.79,31482
103035,Game_3035,4.77,Action|Sports,Multiplayer|Co-op|Open World|Singleplayer,Windows|Linux|Mac,0.96,30906
103036,Game_3036,30.59,Sports,Open World|Story Rich|Competitive,Linux,0.96,77630
103037,Game_3037,5.56,Action|Simulation,Multiplayer|Competitive|Singleplayer|Co-op,Windows|Mac,0.86,43778
103038,Game_3038,21.32,RPG|Sports,Competitive|Co-op|Singleplayer|Multiplayer,Mac|Linux,0.69,19101
103039,Game_3039,31.99,Sports|Strategy,Singleplayer|Multiplayer|Open World,Mac,0.97,92520
103040,Game_3040,12.39,Strategy,Story Rich|Competitive,Windows|Mac|Linux,0.83,69047
103041,Game_3041,0.82,Simulation,Story Rich|Co-op|Multiplayer,Mac|Windows|Linux,0.83,13752
103042,Game_3042,54.94,Adventure|Indie,Singleplayer|Co-op|Multiplayer|Competitive,Mac|Windows|Linux,0.68,26805
103043,Game_3043,11.19,RPG|Simulation,Competitive|Singleplayer,Windows|Mac,0.69,25877
103044,Game_3044,0.42,RPG|Indie|Adventure,Multiplayer|Competitive,Windows|Linux,0.67,1621
103045,Game_3045,36.53,Action,Story Rich|Co-op|Open World,Linux|Windows|Mac,0.77,82630
103046,Game_3046,38.34,Simulation,Competitive|Multiplayer|Story Rich,Windows,0.71,75813
103047,Game_3047,8.43,Adventure|Action|RPG,Singleplayer|Competitive,Windows|Linux|Mac,0.91,47446
103048,Game_3048,55.29,Strategy,Co-op|Open World|Competitive,Windows|Linux|Mac,0.84,17036
103049,Game_3049,11.27,Adventure|Action,Multiplayer|Competitive|Co-op|Singleplayer,Linux|Mac,0.83,96829
103050,Game_3050,24.44,RPG,Competitive|Open World|Multiplayer|Co-op,Windows|Mac,0.96,7798
103051,Game_3051,40.09,Indie|Simulation,Story Rich|Multiplayer|Co-op,Mac|Linux,0.86,25117
103052,Game_3052,23.7,Indie|RPG|Action,Competitive|Singleplayer|Co-op|Story Rich,Windows,0.81,1459
103053,Game_3053,13.29,Adventure,Multiplayer|Competitive|Singleplayer,Windows,0.62,68722
103054,Game_3054,27.14,Strategy|Simulation,Co-op|Competitive|Singleplayer|Story Rich,Windows,0.79,40248
103055,Game_3055,18.42,Sports,Open World|Co-op|Story Rich|Singleplayer,Linux|Mac|Windows,0.86,51508
103056,Game_3056,54.31,RPG,Singleplayer|Story Rich|Open World|Co-op,Mac,0.85,56632
103057,Game_3057,12.2,Action|Indie,Competitive|Story Rich|Singleplayer|Co-op,Linux,0.94,17282
103058,Game_3058,9.32,Indie|Sports|Adventure,Open World|Competitive|Story Rich|Multiplayer,Mac|Linux,0.75,61946
103059,Game_3059,43.3,Simulation|Adventure|Action,Competitive|Co-op,Windows|Linux,0.64,83950
103060,Game_3060,40.3,Strategy,Co-op|Open World,Mac|Windows|Linux,0.63,24211
103061,Game_3061,23.73,Strategy|Action,Co-op|Story Rich|Competitive|Open World,Linux,0.96,72355
103062,Game_3062,34.87,RPG|Indie,Open World|Singleplayer,Mac|Windows|Linux,0.71,77377
103063,Game_3063,46.69,Simulation,Multiplayer|Competitive|Open World|Story Rich,Windows|Linux,0.65,8627
103064,Game_3064,42.87,Sports|Action|RPG,Open World|Competitive|Story Rich,Linux|Mac|Windows,0.93,4996
103065,Game_3065,18.05,Indie|RPG,Competitive|Multiplayer,Mac|Linux,0.97,60526
103066,Game_3066,2.66,Indie|Sports,Open World|Co-op|Story Rich|Multiplayer,Mac|Windows|Linux,0.78,79222
103067,Game_3067,13.97,RPG,Multiplayer|Co-op|Competitive|Open World,Windows|Linux,0.71,94608
103068,Game_3068,32.12,Simulation|Sports,Singleplayer|Open World|Co-op|Story Rich,Mac,0.77,15778
103069,Game_3069,55.64,Sports|Indie|Strategy,Open World|Co-op|Competitive,Linux,0.88,20778
103070,Game_3070,39.63,Simulation|Strategy,Multiplayer|Competitive,Linux|Windows,0.63,57923
103071,Game_3071,48.63,Adventure|Action,Multiplayer|Singleplayer|Story Rich,Mac,0.95,87901
103072,Game_3072,36.32,Sports|Action|RPG,Co-op|Singleplayer|Multiplayer|Competitive,Mac|Linux,0.72,59676
103073,Game_3073,5.24,Adventure|Sports|Action,Competitive|Multiplayer,Windows|Mac|Linux,0.82,9681
103074,Game_3074,12.7,Indie|Action,Co-op|Competitive|Story Rich|Singleplayer,Linux,0.76,13060
103075,Game_3075,32.71,Strategy|Simulation,Singleplayer|Multiplayer|Story Rich|Co-op,Linux|Mac|Windows,0.9,32907
103076,Game_3076,0.57,Sports|Action|Adventure,Story Rich|Competitive|Multiplayer,Linux|Mac,0.63,64730
103077,Game_3077,59.4,Adventure,Singleplayer|Story Rich|Co-op,Mac|Linux|Windows,0.96,7287
103078,Game_3078,2.5,Indie|Adventure,Open World|Competitive|Multiplayer|Singleplayer,Linux|Mac|Windows,0.81,41285
103079,Game_3079,21.92,Simulation|Action|Adventure,Singleplayer|Competitive|Co-op|Open World,Linux|Mac|Windows,0.94,522
103080,Game_3080,35.74,Simulation|RPG|Adventure,Multiplayer|Story Rich|Singleplayer|Co-op,Mac|Windows,0.74,88243
103081,Game_3081,8.34,Action|Adventure|Strategy,Co-op|Singleplayer|Multiplayer|Competitive,Windows|Mac,0.68,62288
103082,Game_3082,8.94,Adventure,Singleplayer|Co-op,Windows|Linux,0.74,93121
103083,Game_3083,27.42,Adventure|Simulation|Action,Competitive|Multiplayer|Co-op|Open World,Linux|Mac,0.94,55338
103084,Game_3084,56.3,Action|Strategy,Story Rich|Open World|Singleplayer|Competitive,Mac,0.77,65978
103085,Game_3085,52.17,Indie|Simulation,Singleplayer|Competitive|Multiplayer,Windows|Mac|Linux,0.95,79874
103086,Game_3086,14.22,RPG|Indie|Action,Co-op|Singleplayer|Open World|Multiplayer,Linux,0.92,96713
103087,Game_3087,28.75,Action|Strategy|Sports,Singleplayer|Open World|Co-op,Windows|Linux,0.79,45200
103088,Game_3088,55.39,Sports,Competitive|Singleplayer|Story Rich,Windows|Mac|Linux,0.71,22172
103089,Game_3089,53.23,Strategy,Competitive|Open World,Mac|Linux,0.77,2400
103090,Game_3090,1.96,RPG|Action|Simulation,Multiplayer|Competitive|Singleplayer|Open World,Linux,0.86,60619
103091,Game_3091,0.66,Strategy,Multiplayer|Singleplayer|Story Rich,Windows|Mac|Linux,0.64,50318
103092,Game_3092,32.54,Sports|Strategy,Multiplayer|Open World|Competitive|Co-op,Mac,0.86,43325
103093,Game_3093,30.31,Sports|Adventure|Simulation,Open World|Co-op|Multiplayer,Windows,0.9,15394
103094,Game_3094,16.1,Action|Indie,Multiplayer|Story Rich|Singleplayer,Linux|Windows,0.61,34654
103095,Game_3095,0.21,Strategy,Competitive|Open World|Co-op|Singleplayer,Linux,0.78,47984
103096,Game_3096,9.08,RPG,Co-op|Competitive|Open World,Windows|Linux|Mac,0.77,61677
103097,Game_3097,34.34,Strategy|Indie,Open World|Singleplayer|Story Rich|Competitive,Linux|Windows|Mac,0.91,40708
103098,Game_3098,35.57,RPG|Indie,Multiplayer|Singleplayer,Windows|Linux|Mac,0.9,61567
103099,Game_3099,33.8,Strategy|Sports|Indie,Competitive|Open World|Story Rich|Singleplayer,Windows,0.78,6752
103100,Game_3100,41.1,Sports|Action|Indie,Multiplayer|Co-op|Story Rich|Competitive,Mac|Windows,0.95,57248
103101,Game_3101,36.36,Simulation|Indie,Story Rich|Singleplayer|Competitive,Mac,0.88,37630
103102,Game_3102,8.61,Indie|Sports|Simulation,Co-op|Multiplayer|Singleplayer|Competitive,Windows|Linux,0.87,7558
103103,Game_3103,13.84,RPG|Sports,Open World|Multiplayer|Story Rich|Competitive,Windows|Mac,0.75,7094
103104,Game_3104,15.79,Adventure|Strategy|RPG,Multiplayer|Competitive|Co-op,Mac|Linux,0.73,16580
103105,Game_3105,51.04,Simulation,Multiplayer|Story Rich,Linux|Windows,0.94,79891
103106,Game_3106,31.59,Adventure|RPG|Strategy,Competitive|Multiplayer|Story Rich,Mac,0.93,57681
103107,Game_3107,36.99,Strategy,Story Rich|Co-op|Singleplayer,Linux,0.7,71215
103108,Game_3108,26.18,Sports|Indie,Open World|Multiplayer,Windows,0.96,6373
103109,Game_3109,23.02,Simulation,Competitive|Co-op,Linux|Windows|Mac,0.9,63681
103110,Game_3110,12.8,Sports|Simulation|Strategy,Open World|Co-op|Competitive|Multiplayer,Linux|Mac|Windows,0.82,22060
103111,Game_3111,37.35,Indie,Story Rich|Competitive|Co-op|Multiplayer,Mac|Windows,0.76,84660
103112,Game_3112,36.87,RPG|Action|Sports,Co-op|Multiplayer,Mac,0.85,85136
103113,Game_3113,6.3,Simulation,Multiplayer|Open World|Competitive|Story Rich,Mac,0.95,76152
103114,Game_3114,23.06,Adventure|Action,Singleplayer|Story Rich,Mac,0.7,20415
103115,Game_3115,46.83,Strategy|Simulation,Co-op|Story Rich,Windows|Linux|Mac,0.85,2581
103116,Game_3116,17.27,Sports|Simulation|RPG,Multiplayer|Competitive|Co-op|Open World,Mac|Windows,0.67,26069
103117,Game_3117,57.05,Simulation|Indie|Sports,Multiplayer|Open World,Mac|Linux|Windows,0.91,16825
103118,Game_3118,20.76,Action,Story Rich|Competitive|Open World|Multiplayer,Windows|Linux|Mac,0.95,10522
103119,Game_3119,52.72,Sports|Strategy,Open World|Singleplayer|Story Rich,Windows,0.69,6039
103120,Game_3120,55.22,Sports|Indie|Adventure,Open World|Competitive|Singleplayer|Co-op,Linux|Mac,0.77,23761
103121,Game_3121,44.76,Sports,Co-op|Singleplayer|Story Rich|Open World,Mac|Windows,0.81,67933
103122,Game_3122,49.74,Adventure,Open World|Co-op,Mac,0.97,53974
103123,Game_3123,56.96,RPG|Adventure|Simulation,Story Rich|Competitive|Multiplayer|Open World,Linux,0.7,541
103124,Game_3124,2.52,Action,Co-op|Open World,Mac|Windows|Linux,0.88,3660
103125,Game_3125,46.2,Simulation|RPG,Competitive|Multiplayer|Story Rich|Co-op,Windows|Mac,0.68,95059
103126,Game_3126,13.11,Strategy|Adventure|Indie,Open World|Story Rich|Singleplayer|Multiplayer,Linux|Windows|Mac,0.87,12645
103127,Game_3127,22.5,Simulation,Competitive|Story Rich,Mac,0.75,65391
103128,Game_3128,18.96,Action|Sports|Adventure,Open World|Multiplayer|Competitive|Story Rich,Linux|Mac|Windows,0.62,70472
103129,Game_3129,56.84,Simulation,Multiplayer|Open World|Competitive,Linux,0.64,97446
103130,Game_3130,11.93,Simulation,Multiplayer|Singleplayer|Open World|Story Rich,Windows|Mac|Linux,0.67,73374
103131,Game_3131,19.23,Strategy,Multiplayer|Co-op|Singleplayer,Windows|Mac|Linux,0.83,10523
103132,Game_3132,2.9,Action|Adventure,Competitive|Singleplayer,Mac|Linux,0.77,37809
103133,Game_3133,46.01,Indie,Singleplayer|Open World|Competitive|Story Rich,Linux,0.68,61481
103134,Game_3134,3.64,Adventure,Co-op|Singleplayer,Linux|Mac,0.74,20647
103135,Game_3135,36.31,Sports,Multiplayer|Competitive|Singleplayer,Windows,0.94,60943
103136,Game_3136,52.66,Action,Singleplayer|Open World|Co-op,Mac|Linux,0.96,78008
103137,Game_3137,51.86,Sports|Strategy|Adventure,Singleplayer|Co-op|Multiplayer|Open World,Mac|Windows,0.78,4730
103138,Game_3138,3.22,Action|Adventure|Sports,Open World|Co-op|Multiplayer,Windows,0.77,57624
103139,Game_3139,25.65,Strategy|Sports|Simulation,Singleplayer|Competitive,Linux,0.75,12878
103140,Game_3140,47.71,Strategy|Indie|Sports,Multiplayer|Competitive,Mac,0.73,85321
103141,Game_3141,6.93,Simulation,Multiplayer|Singleplayer|Competitive,Windows|Linux,0.84,62404
103142,Game_3142,23.05,Adventure|Sports,Singleplayer|Competitive|Story Rich|Multiplayer,Linux|Mac,0.61,28083
103143,Game_3143,55.47,Sports,Story Rich|Singleplayer|Multiplayer,Windows|Mac,0.73,35201
103144,Game_3144,32.81,RPG|Strategy|Simulation,Multiplayer|Singleplayer|Story Rich|Competitive,Linux|Mac|Windows,0.74,22993
103145,Game_3145,13.28,Adventure|Strategy,Open World|Singleplayer|Multiplayer,Mac,0.68,61810
103146,Game_3146,10.03,Simulation|Indie,Multiplayer|Open World|Co-op,Linux,0.79,58283
103147,Game_3147,54.91,Simulation|Action|Strategy,Co-op|Singleplayer,Linux,0.72,23201
103148,Game_3148,2.18,Action|Adventure|Indie,Multiplayer|Singleplayer|Competitive|Open World,Linux,0.9,79524
103149,Game_3149,12.88,Adventure,Open World|Multiplayer,Linux,0.88,70141
103150,Game_3150,22.73,Sports|Indie|Action,Multiplayer|Competitive|Co-op,Windows|Linux|Mac,0.62,70668
103151,Game_3151,16.27,RPG|Indie,Competitive|Multiplayer|Story Rich|Co-op,Linux|Windows,0.98,15376
103152,Game_3152,0.07,Action|Indie,Open World|Story Rich|Multiplayer,Mac,0.79,22854
103153,Game_3153,8.26,Strategy|RPG|Simulation,Multiplayer|Competitive|Singleplayer|Co-op,Linux|Mac,0.64,50528
103154,Game_3154,15.2,Strategy|RPG|Sports,Singleplayer|Multiplayer|Story Rich|Competitive,Linux|Mac,0.69,1183
103155,Game_3155,24.85,RPG|Adventure,Multiplayer|Co-op,Mac|Linux,0.89,85212
103156,Game_3156,42.6,RPG,Competitive|Multiplayer,Linux,0.89,69882
103157,Game_3157,14.38,Action,Competitive|Co-op|Open World|Singleplayer,Windows|Mac|Linux,0.71,40975
103158,Game_3158,42.52,Adventure,Story Rich|Open World,Linux,0.71,13747
103159,Game_3159,48.02,Indie|Action|RPG,Competitive|Singleplayer,Mac|Windows|Linux,0.88,32816
103160,Game_3160,3.23,Sports|Indie,Open World|Co-op|Multiplayer|Story Rich,Linux|Windows|Mac,0.77,82819
103161,Game_3161,59.42,Action|Adventure,Multiplayer|Singleplayer|Co-op|Open World,Linux,0.75,68892
103162,Game_3162,29.99,Strategy,Open World|Singleplayer|Story Rich,Mac|Linux|Windows,0.6,58100
103163,Game_3163,37.12,Indie|Adventure|Strategy,Co-op|Multiplayer|Story Rich|Singleplayer,Mac|Windows|Linux,0.87,57919
103164,Game_3164,39.45,RPG|Action|Sports,Competitive|Open World|Story Rich,Linux|Windows|Mac,0.86,92388
103165,Game_3165,11.08,Simulation|RPG,Competitive|Singleplayer,Windows|Mac,0.7,11281
103166,Game_3166,19.27,Sports|Indie|Simulation,Singleplayer|Multiplayer|Competitive,Mac,0.62,2962
103167,Game_3167,27.92,Simulation|Indie,Singleplayer|Story Rich|Multiplayer|Competitive,Windows|Mac|Linux,0.72,56981
103168,Game_3168,13.0,Adventure|Strategy,Singleplayer|Story Rich,Mac,0.89,92343
103169,Game_3169,9.26,Action|Strategy,Singleplayer|Open World|Competitive,Windows|Mac,0.84,45165
103170,Game_3170,22.39,Indie|Adventure|Action,Open World|Multiplayer|Story Rich,Windows|Mac|Linux,0.74,59463
103171,Game_3171,4.37,Action,Competitive|Co-op,Linux,0.7,57093
103172,Game_3172,46.65,Indie|RPG|Sports,Multiplayer|Singleplayer,Windows|Mac,0.88,73192
103173,Game_3173,37.09,Strategy|Action,Open World|Story Rich|Co-op|Multiplayer,Mac|Windows|Linux,0.61,39263
103174,Game_3174,53.53,Indie|Sports,Open World|Competitive|Singleplayer,Windows,0.64,52609
103175,Game_3175,29.25,Simulation|Adventure|Indie,Open World|Story Rich|Co-op|Competitive,Windows|Linux,0.75,76455
103176,Game_3176,19.92,Action,Multiplayer|Competitive,Mac|Linux,0.9,53021
103177,Game_3177,39.09,Indie|Action|RPG,Open World|Singleplayer,Mac,0.95,89630
103178,Game_3178,10.16,RPG,Singleplayer|Multiplayer|Co-op|Open World,Windows|Mac,0.92,76583
103179,Game_3179,52.89,Sports|Adventure,Competitive|Open World,Mac|Linux|Windows,0.87,25332
103180,Game_3180,46.17,Action|Adventure|RPG,Singleplayer|Competitive|Multiplayer|Co-op,Linux,0.61,5356
103181,Game_3181,9.5,Adventure|Sports|Simulation,Multiplayer|Singleplayer|Open World,Windows|Mac|Linux,0.88,51185
103182,Game_3182,57.03,Sports|RPG|Adventure,Open World|Competitive,Windows|Linux,0.64,90711
103183,Game_3183,31.8,Strategy|RPG,Co-op|Singleplayer|Competitive|Open World,Mac,0.86,94482
103184,Game_3184,29.5,Action|Indie|Adventure,Open World|Competitive|Multiplayer|Co-op,Mac|Linux|Windows,0.65,74887
103185,Game_3185,11.14,Action,Competitive|Singleplayer|Story Rich|Open World,Mac|Linux|Windows,0.9,14378
103186,Game_3186,53.63,Adventure|Indie,Co-op|Multiplayer,Windows|Mac|Linux,0.64,92797
103187,Game_3187,21.41,Action,Co-op|Story Rich|Competitive,Linux,0.88,55858
103188,Game_3188,1.46,Action|Adventure|Sports,Co-op|Multiplayer,Linux,0.86,83842
103189,Game_3189,51.48,Sports|Action,Competitive|Co-op|Multiplayer,Linux|Windows,0.78,83756
103190,Game_3190,54.76,Indie,Competitive|Co-op,Windows|Linux,0.74,50073
103191,Game_3191,20.81,Action|Simulation,Open World|Singleplayer|Competitive,Windows|Mac,0.73,8965
103192,Game_3192,39.4,RPG|Sports,Co-op|Open World,Windows,0.65,91229
103193,Game_3193,13.75,Simulation,Story Rich|Open World,Windows|Mac|Linux,0.6,98088
103194,Game_3194,26.48,Sports|RPG,Competitive|Multiplayer|Story Rich,Linux|Mac,0.69,34867
103195,Game_3195,15.98,RPG|Indie,Multiplayer|Singleplayer|Co-op|Story Rich,Mac|Linux|Windows,0.73,63672
103196,Game_3196,2.77,Sports|Simulation|RPG,Multiplayer|Co-op|Story Rich|Competitive,Windows|Linux|Mac,0.66,3112
103197,Game_3197,50.14,Adventure|Action,Co-op|Singleplayer,Linux|Mac|Windows,0.62,47963
103198,Game_3198,55.9,Indie|Adventure,Multiplayer|Co-op|Competitive|Open World,Linux|Mac,0.76,16375
103199,Game_3199,46.44,Sports|Adventure,Story Rich|Multiplayer|Co-op|Singleplayer,Windows|Linux|Mac,0.69,28352
103200,Game_3200,8.98,Action|Simulation|Indie,Open World|Competitive|Story Rich,Linux|Mac,0.92,7809
103201,Game_3201,54.95,Sports|Adventure|Indie,Co-op|Story Rich|Singleplayer|Competitive,Linux|Mac|Windows,0.87,25424
103202,Game_3202,30.39,RPG|Sports|Strategy,Story Rich|Multiplayer|Co-op,Windows,0.84,2551
103203,Game_3203,23.59,Action|Indie|Adventure,Singleplayer|Open World,Windows,0.86,62778
103204,Game_3204,58.34,Sports,Multiplayer|Open World|Story Rich|Co-op,Windows|Mac,0.66,65108
103205,Game_3205,13.46,Sports,Competitive|Co-op|Open World|Story Rich,Windows|Mac,0.76,78423
103206,Game_3206,51.23,Action,Open World|Co-op|Story Rich|Competitive,Mac|Windows,0.96,6755
103207,Game_3207,31.67,Simulation,Open World|Story Rich|Singleplayer,Mac,0.87,24089
103208,Game_3208,20.26,Action|Indie|Simulation,Multiplayer|Co-op|Competitive,Windows|Mac,0.85,28093
103209,Game_3209,8.7,Adventure|Simulation|RPG,Singleplayer|Multiplayer,Windows,0.89,79417
103210,Game_3210,2.19,Indie,Story Rich|Co-op|Competitive,Linux,0.86,56579
103211,Game_3211,46.78,Simulation|Sports,Multiplayer|Co-op|Story Rich|Singleplayer,Windows|Mac|Linux,0.66,98280
103212,Game_3212,32.1,Adventure|Sports,Co-op|Singleplayer|Story Rich|Open World,Mac|Windows,0.97,26846
103213,Game_3213,58.82,Indie|RPG|Strategy,Open World|Competitive,Mac|Windows,0.85,42888
103214,Game_3214,10.81,RPG,Story Rich|Singleplayer|Co-op|Multiplayer,Linux|Windows|Mac,0.88,1472
103215,Game_3215,36.61,Adventure|Indie|Strategy,Co-op|Singleplayer|Competitive,Mac,0.64,76059
103216,Game_3216,36.58,Strategy|Indie,Competitive|Co-op|Singleplayer|Open World,Linux|Windows,0.74,75697
103217,Game_3217,21.11,Sports,Multiplayer|Story Rich|Singleplayer|Open World,Windows,0.71,80499
103218,Game_3218,58.51,Sports,Multiplayer|Co-op|Story Rich|Singleplayer,Linux|Windows|Mac,0.67,72970
103219,Game_3219,53.38,Action,Co-op|Open World,Linux|Mac|Windows,0.61,73098
103220,Game_3220,27.23,RPG|Strategy|Action,Singleplayer|Open World|Story Rich|Multiplayer,Windows|Mac,0.85,45540
103221,Game_3221,10.28,Sports|Adventure,Co-op|Open World|Competitive|Story Rich,Linux,0.85,61282
103222,Game_3222,58.61,Action|Simulation|Indie,Competitive|Story Rich,Windows|Linux|Mac,0.7,54616
103223,Game_3223,35.81,Simulation,Singleplayer|Story Rich,Linux,0.61,18999
103224,Game_3224,21.8,Simulation,Co-op|Multiplayer|Open World|Singleplayer,Windows,0.62,24814
103225,Game_3225,32.88,Action|Simulation,Singleplayer|Open World,Mac|Linux,0.95,73128
103226,Game_3226,41.34,Simulation,Competitive|Story Rich|Open World,Mac,0.89,12765
103227,Game_3227,28.61,Strategy,Competitive|Open World|Singleplayer|Multiplayer,Windows|Mac,0.83,8832
103228,Game_3228,58.12,Indie|Sports|Simulation,Story Rich|Co-op|Competitive,Windows,0.65,71405
103229,Game_3229,11.73,Simulation|Indie,Competitive|Multiplayer|Open World,Mac,0.82,34645
103230,Game_3230,55.35,Sports|Simulation,Competitive|Story Rich|Open World,Windows,0.93,80184
103231,Game_3231,24.66,RPG|Simulation|Action,Co-op|Open World,Windows,0.75,46034
103232,Game_3232,17.29,RPG|Strategy,Co-op|Multiplayer|Story Rich|Singleplayer,Linux,0.83,29367
103233,Game_3233,34.56,Adventure|Strategy|Sports,Story Rich|Singleplayer|Multiplayer|Co-op,Linux|Mac,0.74,90043
103234,Game_3234,56.38,Simulation|RPG,Competitive|Singleplayer,Linux|Windows|Mac,0.8,59166
103235,Game_3235,46.14,Adventure|Strategy|Sports,Co-op|Story Rich|Competitive|Open World,Mac|Linux,0.87,99213
103236,Game_3236,3.49,Sports|Strategy,Singleplayer|Co-op,Linux|Mac|Windows,0.93,27786
103237,Game_3237,48.3,Simulation|Adventure|Sports,Multiplayer|Co-op|Story Rich,Windows|Mac|Linux,0.62,89041
103238,Game_3238,0.65,Action|Indie,Singleplayer|Open World,Linux,0.96,17801
103239,Game_3239,48.77,Simulation|Sports|Action,Story Rich|Multiplayer|Competitive,Linux,0.79,16932
103240,Game_3240,22.91,Sports,Co-op|Open World|Multiplayer,Mac|Windows|Linux,0.75,15071
103241,Game_3241,24.57,Simulation,Story Rich|Competitive|Singleplayer|Multiplayer,Windows|Mac|Linux,0.84,77505
103242,Game_3242,35.76,Sports,Singleplayer|Story Rich|Open World,Windows|Linux,0.95,13185
103243,Game_3243,10.65,Adventure|Indie|Simulation,Open World|Competitive,Mac,0.67,96205
103244,Game_3244,16.02,Simulation|Strategy,Story Rich|Competitive,Linux|Mac|Windows,0.82,97845
103245,Game_3245,47.5,Sports,Open World|Co-op|Story Rich|Singleplayer,Windows|Mac|Linux,0.92,86408
103246,Game_3246,48.61,Strategy|Simulation,Singleplayer|Open World|Story Rich,Mac|Linux|Windows,0.67,35015
103247,Game_3247,58.26,Simulation|Sports|RPG,Competitive|Story Rich|Singleplayer,Windows,0.97,30652
103248,Game_3248,23.92,Simulation|Action,Open World|Singleplayer|Multiplayer|Co-op,Windows|Linux,0.68,59136
103249,Game_3249,58.87,Action|Strategy,Co-op|Open World|Competitive,Mac|Windows,0.81,4010
103250,Game_3250,17.27,Sports|Action|Indie,Singleplayer|Story Rich|Multiplayer,Mac|Linux,0.67,50813
103251,Game_3251,9.64,Indie|Simulation|Action,Open World|Co-op,Linux|Windows,0.63,68530
103252,Game_3252,37.0,Adventure,Singleplayer|Open World|Multiplayer|Co-op,Mac|Windows,0.96,4634
103253,Game_3253,59.71,Strategy|Indie|Sports,Multiplayer|Open World,Windows|Mac,0.92,21512
103254,Game_3254,35.14,Adventure|RPG|Action,Multiplayer|Open World,Linux|Mac,0.71,36215
103255,Game_3255,48.72,Strategy|Sports,Story Rich|Competitive|Open World|Multiplayer,Windows|Mac|Linux,0.85,47402
103256,Game_3256,4.8,Sports|Adventure|Simulation,Co-op|Multiplayer|Competitive,Mac|Linux|Windows,0.96,21960
103257,Game_3257,16.64,Strategy,Singleplayer|Story Rich,Mac|Windows,0.67,4133
103258,Game_3258,37.87,Simulation|Indie,Open World|Co-op,Mac|Windows,0.9,13088
103259,Game_3259,56.02,RPG,Open World|Singleplayer,Linux|Mac|Windows,0.97,43417
103260,Game_3260,21.93,Adventure|Action|RPG,Singleplayer|Multiplayer|Story Rich,Mac|Windows,0.91,25453
103261,Game_3261,40.39,Adventure|Indie|Strategy,Open World|Multiplayer,Windows|Linux,0.77,29014
103262,Game_3262,18.04,Indie|Action,Open World|Singleplayer|Story Rich,Linux|Mac|Windows,0.66,31813
103263,Game_3263,19.42,Sports|Action,Competitive|Story Rich,Mac|Windows|Linux,0.64,94769
103264,Game_3264,19.76,Action|RPG,Co-op|Competitive|Multiplayer,Mac|Linux|Windows,0.76,45902
103265,Game_3265,26.09,Action,Multiplayer|Competitive|Open World|Story Rich,Linux|Windows,0.7,94866
103266,Game_3266,22.2,RPG|Adventure|Strategy,Open World|Competitive|Multiplayer,Mac,0.87,27990
103267,Game_3267,50.83,Indie,Competitive|Co-op|Open World,Windows|Linux,0.91,66510
103268,Game_3268,5.74,Adventure|Indie,Co-op|Open World,Windows|Mac,0.83,39801
103269,Game_3269,47.19,Strategy|Sports,Open World|Story Rich,Mac|Windows,0.89,67859
103270,Game_3270,56.23,Adventure,Open World|Multiplayer|Singleplayer|Competitive,Windows|Mac,0.68,86455
103271,Game_3271,40.27,Indie,Open World|Multiplayer,Mac|Linux|Windows,0.86,97125
103272,Game_3272,9.46,Sports|RPG|Adventure,Singleplayer|Co-op|Story Rich|Competitive,Linux|Mac,0.62,16564
103273,Game_3273,44.64,Sports,Open World|Co-op|Multiplayer|Competitive,Windows,0.61,68209
103274,Game_3274,35.16,Adventure|Simulation|Strategy,Multiplayer|Open World|Competitive|Co-op,Linux|Windows|Mac,0.63,79592
103275,Game_3275,30.88,Strategy,Competitive|Singleplayer,Linux,0.77,35209
103276,Game_3276,2.19,Indie,Multiplayer|Singleplayer|Open World|Story Rich,Mac|Linux,0.85,47735
103277,Game_3277,55.71,Indie,Multiplayer|Singleplayer,Windows|Mac,0.98,60123
103278,Game_3278,3.09,Action|Sports|RPG,Co-op|Story Rich|Competitive|Open World,Mac,0.89,88241
103279,Game_3279,51.47,Indie|Sports,Singleplayer|Co-op|Competitive,Mac|Linux|Windows,0.7,31347
103280,Game_3280,41.28,Action,Open World|Multiplayer|Co-op,Linux|Windows|Mac,0.95,55331
103281,Game_3281,24.41,Adventure|Simulation|Sports,Open World|Multiplayer|Co-op|Story Rich,Linux|Windows|Mac,0.86,4425
103282,Game_3282,10.84,Adventure|Simulation|Indie,Competitive|Co-op|Story Rich,Linux|Mac|Windows,0.89,60291
103283,Game_3283,40.12,RPG|Simulation|Strategy,Competitive|Singleplayer,Windows|Linux|Mac,0.93,11522
103284,Game_3284,13.67,Simulation,Open World|Multiplayer|Story Rich,Linux|Mac|Windows,0.62,24933
103285,Game_3285,41.48,Indie|Action|Sports,Competitive|Singleplayer,Mac,0.75,83690
103286,Game_3286,23.02,Indie,Competitive|Co-op|Story Rich|Multiplayer,Windows,0.78,89322
103287,Game_3287,41.73,Sports,Co-op|Open World|Singleplayer|Competitive,Mac|Windows|Linux,0.63,2281
103288,Game_3288,59.21,Sports|Action,Singleplayer|Open World,Windows|Mac,0.75,7604
103289,Game_3289,23.46,Adventure,Open World|Competitive|Co-op,Windows,0.94,82638
103290,Game_3290,33.29,Simulation|Indie|Action,Multiplayer|Co-op,Mac,0.92,73723
103291,Game_3291,7.63,RPG|Indie,Multiplayer|Story Rich|Co-op,Linux,0.7,7162
103292,Game_3292,54.7,Strategy|Indie|Action,Open World|Story Rich|Competitive,Mac,0.93,16901
103293,Game_3293,12.78,Strategy|Action|Indie,Competitive|Co-op|Story Rich|Open World,Mac|Windows|Linux,0.81,7315
103294,Game_3294,32.57,Adventure,Singleplayer|Multiplayer,Mac|Windows|Linux,0.71,86030
103295,Game_3295,10.64,Adventure|Sports,Co-op|Singleplayer,Windows|Linux,0.94,47727
103296,Game_3296,10.18,Simulation|Action,Singleplayer|Multiplayer,Linux,0.64,21637
103297,Game_3297,47.36,Simulation,Co-op|Singleplayer|Story Rich,Windows|Linux|Mac,0.92,54682
103298,Game_3298,1.87,Adventure|Simulation,Competitive|Multiplayer|Co-op|Story Rich,Windows|Mac|Linux,0.92,17796
103299,Game_3299,12.63,Simulation,Competitive|Multiplayer|Singleplayer,Mac|Linux|Windows,0.63,76565
103300,Game_3300,26.19,Simulation|Sports|Strategy,Singleplayer|Co-op,Mac|Linux,0.63,19680
103301,Game_3301,59.23,RPG,Open World|Singleplayer|Multiplayer,Linux|Mac,0.86,70309
103302,Game_3302,33.3,Sports|Indie|Simulation,Co-op|Singleplayer,Linux|Windows,0.75,44613
103303,Game_3303,55.76,Action|Strategy|Adventure,Open World|Competitive|Story Rich,Mac|Windows,0.84,25592
103304,Game_3304,20.93,RPG|Indie|Sports,Singleplayer|Open World|Story Rich,Windows|Mac|Linux,0.96,7326
103305,Game_3305,21.57,Sports,Co-op|Competitive|Multiplayer|Open World,Linux,0.62,22491
103306,Game_3306,48.55,Sports,Open World|Co-op|Singleplayer|Multiplayer,Windows,0.87,93037
103307,Game_3307,14.45,RPG|Strategy,Singleplayer|Story Rich|Multiplayer|Co-op,Mac|Linux|Windows,0.66,45398
103308,Game_3308,51.67,Sports|Strategy,Multiplayer|Co-op,Linux,0.98,82515
103309,Game_3309,59.99,Indie|Sports,Story Rich|Multiplayer|Co-op|Singleplayer,Linux|Mac,0.93,1181
103310,Game_3310,50.83,Strategy,Open World|Multiplayer,Linux|Mac|Windows,0.71,15390
103311,Game_3311,19.91,Simulation|Sports,Competitive|Open World|Singleplayer,Linux|Mac,0.9,59185
103312,Game_3312,45.26,Indie|Strategy|Sports,Co-op|Story Rich|Singleplayer|Multiplayer,Linux|Windows,0.87,29068
103313,Game_3313,41.88,RPG|Strategy,Open World|Multiplayer,Linux|Windows|Mac,0.7,21485
103314,Game_3314,22.94,Adventure|RPG|Simulation,Multiplayer|Singleplayer,Mac|Windows|Linux,0.96,85275
103315,Game_3315,28.04,Indie|Sports,Multiplayer|Competitive|Co-op,Mac|Linux,0.83,83327
103316,Game_3316,0.83,Action|Sports,Singleplayer|Co-op|Story Rich|Competitive,Linux|Windows,0.68,62010
103317,Game_3317,54.17,Simulation,Singleplayer|Competitive|Multiplayer|Story Rich,Mac,0.62,14731
103318,Game_3318,13.85,Simulation|Action,Competitive|Co-op|Singleplayer|Open World,Windows,0.84,67735
103319,Game_3319,51.63,Adventure|Strategy,Singleplayer|Co-op,Linux,0.68,75630
103320,Game_3320,49.95,Adventure|Indie,Singleplayer|Co-op|Multiplayer,Mac,0.91,43991
103321,Game_3321,54.28,Adventure,Singleplayer|Co-op|Competitive,Linux,0.66,32509
103322,Game_3322,49.32,Strategy,Competitive|Singleplayer|Multiplayer,Mac,0.94,95890
103323,Game_3323,32.95,Simulation|Sports|RPG,Multiplayer|Story Rich,Linux|Mac|Windows,0.77,21096
103324,Game_3324,44.35,Strategy|RPG|Sports,Open World|Competitive|Story Rich|Co-op,Windows,0.7,8873
103325,Game_3325,45.09,Indie|RPG,Singleplayer|Multiplayer,Mac|Windows|Linux,0.61,60032
103326,Game_3326,47.23,Sports,Story Rich|Singleplayer|Open World|Multiplayer,Mac|Linux,0.75,91164
103327,Game_3327,45.76,Sports|Action,Co-op|Singleplayer,Windows,0.89,64111
103328,Game_3328,13.38,Sports,Competitive|Singleplayer|Open World|Co-op,Mac|Windows,0.88,22993
103329,Game_3329,39.88,RPG,Open World|Singleplayer|Competitive,Mac|Windows,0.95,47130
103330,Game_3330,39.03,Action,Story Rich|Co-op|Multiplayer|Singleplayer,Mac,0.66,44662
103331,Game_3331,15.29,Simulation|Adventure|RPG,Co-op|Story Rich|Singleplayer,Mac,0.63,80523
103332,Game_3332,26.0,Strategy|Simulation,Story Rich|Singleplayer|Open World|Competitive,Windows|Linux|Mac,0.73,12936
103333,Game_3333,20.97,Action|Sports|Adventure,Competitive|Story Rich|Singleplayer|Co-op,Linux|Windows|Mac,0.79,20871
103334,Game_3334,44.16,RPG|Indie|Action,Co-op|Story Rich|Competitive,Linux|Mac|Windows,0.88,44568
103335,Game_3335,8.34,Indie|Action|Simulation,Open World|Story Rich|Singleplayer|Co-op,Linux|Mac|Windows,0.61,65682
103336,Game_3336,18.78,Sports|Strategy|RPG,Story Rich|Co-op|Singleplayer|Competitive,Linux,0.81,71724
103337,Game_3337,58.91,Simulation|Action,Open World|Story Rich,Windows|Mac|Linux,0.81,77336
103338,Game_3338,28.91,Indie|Adventure|RPG,Singleplayer|Multiplayer,Linux,0.77,87176
103339,Game_3339,56.57,Strategy|RPG|Adventure,Story Rich|Co-op|Singleplayer,Mac|Windows|Linux,0.64,29411
103340,Game_3340,4.69,Simulation,Story Rich|Open World|Competitive|Multiplayer,Windows|Linux,0.94,54573
103341,Game_3341,50.64,RPG|Action|Indie,Multiplayer|Open World|Competitive|Story Rich,Windows|Linux|Mac,0.71,97236
103342,Game_3342,26.66,Indie|Simulation|Sports,Competitive|Story Rich|Open World,Mac|Windows|Linux,0.64,31200
103343,Game_3343,26.61,Strategy,Co-op|Competitive,Linux|Mac,0.97,48804
103344,Game_3344,51.37,Adventure,Open World|Story Rich|Co-op,Linux|Mac,0.7,11328
103345,Game_3345,54.29,Action|Adventure,Multiplayer|Singleplayer|Competitive|Open World,Windows|Mac,0.73,70562
103346,Game_3346,42.99,Adventure|Indie,Multiplayer|Open World|Co-op|Competitive,Linux|Mac|Windows,0.71,7616
103347,Game_3347,4.94,Adventure|Sports,Singleplayer|Co-op|Multiplayer|Open World,Linux|Mac|Windows,0.69,64398
103348,Game_3348,56.45,Simulation,Multiplayer|Open World|Co-op|Singleplayer,Linux|Mac|Windows,0.71,17939
103349,Game_3349,27.29,Adventure|RPG|Strategy,Multiplayer|Co-op|Competitive,Linux|Windows|Mac,0.82,33943
103350,Game_3350,59.4,Simulation|Action,Singleplayer|Story Rich|Open World|Competitive,Mac|Linux,0.97,34917
103351,Game_3351,34.52,Sports|Action|Indie,Singleplayer|Open World,Windows,0.82,1513
103352,Game_3352,31.71,Adventure,Open World|Story Rich,Mac,0.85,72386
103353,Game_3353,55.77,Adventure|RPG,Co-op|Singleplayer|Multiplayer,Linux|Mac,0.86,58626
103354,Game_3354,23.35,RPG|Indie|Adventure,Multiplayer|Co-op|Story Rich|Singleplayer,Windows,0.69,51370
103355,Game_3355,7.92,RPG,Open World|Co-op|Story Rich,Linux,0.93,60404
103356,Game_3356,16.61,Indie|RPG|Strategy,Multiplayer|Competitive|Singleplayer|Open World,Mac|Windows,0.6,99888
103357,Game_3357,20.83,Simulation|Action|Sports,Open World|Singleplayer|Multiplayer|Competitive,Mac,0.69,49901
103358,Game_3358,22.81,Simulation,Competitive|Singleplayer,Windows|Mac|Linux,0.67,13117
103359,Game_3359,20.68,Action|Adventure|Indie,Singleplayer|Story Rich|Multiplayer|Open World,Linux|Mac,0.75,59528
103360,Game_3360,35.26,Action|Simulation|Adventure,Multiplayer|Competitive|Story Rich|Open World,Linux|Windows,0.9,65266
103361,Game_3361,6.18,RPG,Story Rich|Competitive|Multiplayer|Singleplayer,Mac|Windows,0.92,44159
103362,Game_3362,52.94,Indie,Co-op|Open World|Story Rich|Multiplayer,Mac,0.83,35329
103363,Game_3363,0.75,Action,Competitive|Multiplayer|Story Rich,Linux|Windows|Mac,0.67,82034
103364,Game_3364,58.38,Sports|Indie|Simulation,Singleplayer|Open World|Competitive,Mac,0.78,9530
103365,Game_3365,45.71,Simulation|Strategy,Competitive|Open World|Co-op,Windows|Linux,0.79,91150
103366,Game_3366,47.33,Sports,Co-op|Singleplayer|Open World,Mac|Linux|Windows,0.75,70661
103367,Game_3367,56.66,RPG|Indie,Open World|Singleplayer,Windows|Linux|Mac,0.92,92786
103368,Game_3368,30.6,Adventure|Indie,Co-op|Singleplayer|Competitive,Windows|Linux|Mac,0.93,80704
103369,Game_3369,10.1,Sports|Adventure,Co-op|Competitive,Mac|Linux,0.8,3620
103370,Game_3370,45.56,RPG|Strategy|Adventure,Story Rich|Open World,Linux|Windows|Mac,0.9,12105
103371,Game_3371,33.56,Adventure|Indie|Strategy,Story Rich|Singleplayer,Linux,0.61,82830
103372,Game_3372,12.56,Indie|Action,Competitive|Co-op|Multiplayer|Open World,Windows|Mac,0.8,4657
103373,Game_3373,52.0,Simulation|Indie|Adventure,Story Rich|Singleplayer|Co-op|Competitive,Windows,0.92,78421
103374,Game_3374,14.64,Indie|Strategy|Adventure,Story Rich|Co-op|Competitive,Linux|Mac|Windows,0.88,49033
103375,Game_3375,49.03,Simulation|Sports|RPG,Competitive|Singleplayer,Mac|Linux|Windows,0.75,56574
103376,Game_3376,5.52,Sports|Strategy|Simulation,Multiplayer|Open World,Windows,0.69,84076
103377,Game_3377,11.31,Adventure,Story Rich|Competitive|Open World,Mac,0.9,14144
103378,Game_3378,44.77,RPG|Sports|Strategy,Multiplayer|Co-op,Windows|Mac|Linux,0.92,85126
103379,Game_3379,17.38,Sports,Competitive|Multiplayer,Windows|Mac|Linux,0.7,70739
103380,Game_3380,31.23,Simulation|Action|RPG,Competitive|Singleplayer|Story Rich,Windows|Linux,0.9,66042
103381,Game_3381,48.07,Action|Adventure,Singleplayer|Multiplayer|Competitive|Open World,Linux|Windows|Mac,0.85,69637
103382,Game_3382,35.14,Indie|Action|Sports,Story Rich|Multiplayer|Competitive|Open World,Windows|Linux,0.96,64415
103383,Game_3383,19.08,Adventure|Action|RPG,Multiplayer|Co-op,Windows,0.79,59545
103384,Game_3384,30.76,Adventure|Indie|Strategy,Competitive|Story Rich|Open World|Co-op,Mac|Linux,0.91,60712
103385,Game_3385,23.2,Action|Strategy,Co-op|Multiplayer,Windows,0.94,82684
103386,Game_3386,15.13,Action|Indie|RPG,Multiplayer|Story Rich|Competitive|Co-op,Linux,0.85,16509
103387,Game_3387,54.78,Strategy|Sports,Multiplayer|Story Rich,Linux|Windows|Mac,0.73,44753
103388,Game_3388,48.19,Adventure|Sports,Open World|Multiplayer,Windows|Linux,0.89,12071
103389,Game_3389,40.96,Indie|Action,Multiplayer|Open World|Singleplayer|Co-op,Windows|Mac,0.63,83059
103390,Game_3390,36.77,Action|Adventure|Strategy,Story Rich|Open World|Co-op,Windows,0.7,34640
103391,Game_3391,15.78,Strategy|RPG|Sports,Competitive|Co-op,Mac,0.86,23613
103392,Game_3392,11.13,Adventure|RPG|Strategy,Co-op|Singleplayer|Competitive,Windows|Linux,0.93,12407
103393,Game_3393,57.01,Simulation,Competitive|Multiplayer|Open World,Linux|Mac,0.98,75353
103394,Game_3394,52.36,Sports|RPG,Story Rich|Multiplayer,Mac|Linux,0.72,91903
103395,Game_3395,55.1,Simulation,Co-op|Multiplayer|Singleplayer|Story Rich,Mac,0.71,70972
103396,Game_3396,49.89,RPG,Competitive|Story Rich|Co-op,Windows,0.66,32826
103397,Game_3397,3.08,Indie,Multiplayer|Competitive|Open World|Singleplayer,Linux|Windows|Mac,0.86,45398
103398,Game_3398,26.13,Adventure|Simulation,Open World|Competitive,Windows|Linux|Mac,0.84,34113
103399,Game_3399,53.99,Simulation|Indie,Competitive|Singleplayer,Windows|Mac,0.84,77895
103400,Game_3400,29.94,Adventure,Multiplayer|Story Rich|Open World|Co-op,Mac,0.73,81461
103401,Game_3401,22.78,Action,Singleplayer|Competitive|Open World,Mac,0.67,63742
103402,Game_3402,10.4,Sports|Simulation|Adventure,Story Rich|Open World|Competitive,Mac,0.75,12549
103403,Game_3403,45.9,RPG,Open World|Story Rich|Competitive|Multiplayer,Linux|Mac,0.63,9084
103404,Game_3404,26.82,Sports|RPG,Open World|Singleplayer|Story Rich|Multiplayer,Windows|Linux,0.68,41557
103405,Game_3405,47.39,Strategy,Multiplayer|Competitive|Open World,Windows|Mac|Linux,0.69,71900
103406,Game_3406,23.85,Indie|Sports|Simulation,Open World|Competitive|Multiplayer,Windows|Mac|Linux,0.9,68015
103407,Game_3407,26.24,RPG,Open World|Co-op,Linux|Windows|Mac,0.94,32641
103408,Game_3408,5.45,Action,Co-op|Multiplayer|Story Rich|Competitive,Windows|Mac,0.7,88626
103409,Game_3409,45.04,Strategy|Sports|Adventure,Co-op|Story Rich|Open World,Linux|Mac|Windows,0.6,1936
103410,Game_3410,4.2,Action|Strategy|Sports,Multiplayer|Singleplayer,Linux|Mac|Windows,0.76,8176
103411,Game_3411,8.51,Action,Competitive|Co-op|Story Rich|Singleplayer,Linux,0.9,43865
103412,Game_3412,37.02,Action,Competitive|Singleplayer,Mac|Windows|Linux,0.68,60538
103413,Game_3413,40.41,Sports,Multiplayer|Story Rich|Co-op,Linux|Mac|Windows,0.69,55375
103414,Game_3414,22.28,Adventure,Open World|Story Rich|Co-op|Multiplayer,Windows|Mac,0.72,85561
103415,Game_3415,12.44,Indie|Sports|RPG,Open World|Competitive|Multiplayer|Story Rich,Linux|Mac|Windows,0.73,76146
103416,Game_3416,0.39,Sports|Action|Strategy,Open World|Singleplayer|Competitive|Multiplayer,Windows|Mac,0.92,6750
103417,Game_3417,12.54,Action,Singleplayer|Competitive|Multiplayer,Linux|Mac|Windows,0.71,11264
103418,Game_3418,29.04,Sports|Simulation|Indie,Singleplayer|Multiplayer,Windows|Linux,0.81,18956
103419,Game_3419,8.49,RPG|Sports,Singleplayer|Competitive,Mac,0.72,87902
103420,Game_3420,29.42,Strategy|Action|RPG,Story Rich|Co-op|Multiplayer,Mac|Linux|Windows,0.82,63077
103421,Game_3421,46.13,RPG|Sports|Strategy,Multiplayer|Open World|Story Rich|Competitive,Linux,0.96,77347
103422,Game_3422,29.61,Sports|Indie,Co-op|Competitive|Story Rich,Windows,0.69,13663
103423,Game_3423,5.01,Action,Multiplayer|Story Rich,Windows|Mac|Linux,0.93,97397
103424,Game_3424,7.52,Simulation|Strategy|RPG,Open World|Competitive|Story Rich|Co-op,Mac,0.72,68911
103425,Game_3425,46.84,Action|Indie|Simulation,Story Rich|Competitive|Co-op,Windows,0.92,69341
103426,Game_3426,47.57,Strategy|Simulation|Action,Competitive|Multiplayer,Mac|Linux|Windows,0.71,83666
103427,Game_3427,36.36,Adventure|Simulation,Competitive|Open World|Multiplayer|Co-op,Mac|Linux,0.63,13079
103428,Game_3428,10.27,Indie|Adventure|Simulation,Open World|Story Rich,Mac,0.64,95901
103429,Game_3429,36.96,Strategy,Singleplayer|Open World|Multiplayer|Story Rich,Mac|Linux|Windows,0.82,3519
103430,Game_3430,59.56,Strategy|Action,Singleplayer|Co-op|Open World|Multiplayer,Mac|Windows|Linux,0.73,67861
103431,Game_3431,7.15,RPG,Singleplayer|Open World|Multiplayer|Story Rich,Windows|Linux,0.98,34455
103432,Game_3432,10.85,Strategy|Sports,Co-op|Open World|Singleplayer|Competitive,Windows|Linux,0.62,56623
103433,Game_3433,13.82,Strategy|Adventure|RPG,Singleplayer|Co-op|Competitive,Linux|Windows|Mac,0.94,81240
103434,Game_3434,1.15,Simulation,Competitive|Story Rich|Multiplayer,Mac|Linux|Windows,0.62,26723
103435,Game_3435,3.22,Strategy|RPG,Story Rich|Open World|Competitive|Singleplayer,Linux|Windows|Mac,0.66,59700
103436,Game_3436,31.08,Sports|Adventure|Indie,Multiplayer|Singleplayer|Story Rich|Co-op,Mac|Linux,0.71,35444
103437,Game_3437,6.58,RPG|Indie|Simulation,Multiplayer|Open World|Singleplayer,Windows|Linux,0.93,60757
103438,Game_3438,17.55,Indie|Strategy,Singleplayer|Multiplayer|Competitive|Story Rich,Linux,0.85,36301
103439,Game_3439,20.42,RPG,Open World|Co-op|Singleplayer,Windows|Mac,0.95,57343
103440,Game_3440,56.44,Sports|Indie,Competitive|Co-op|Multiplayer,Windows|Mac,0.83,22741
103441,Game_3441,51.25,Strategy|RPG,Story Rich|Competitive,Windows|Mac,0.97,83049
103442,Game_3442,3.85,Adventure|Action,Open World|Singleplayer,Mac,0.83,15554
103443,Game_3443,4.12,Action,Multiplayer|Open World|Co-op|Competitive,Windows,0.63,43626
103444,Game_3444,10.97,Adventure|Action,Co-op|Multiplayer,Linux|Windows,0.93,24596
103445,Game_3445,10.02,Simulation,Competitive|Singleplayer|Co-op,Windows,0.89,82029
103446,Game_3446,5.16,Adventure,Story Rich|Open World,Windows|Mac|Linux,0.93,19218
103447,Game_3447,50.16,Sports|Simulation|Adventure,Singleplayer|Story Rich|Co-op,Linux,0.96,91255
103448,Game_3448,28.49,Strategy|RPG,Story Rich|Co-op|Competitive|Singleplayer,Linux|Mac,0.91,7721
103449,Game_3449,4.44,Simulation|Strategy|Indie,Open World|Singleplayer,Mac|Linux,0.93,30305
103450,Game_3450,1.46,RPG|Simulation|Sports,Competitive|Co-op|Singleplayer|Open World,Mac,0.66,83908
103451,Game_3451,38.67,Sports,Co-op|Open World,Windows,0.95,5837
103452,Game_3452,16.32,Adventure,Multiplayer|Co-op|Singleplayer,Mac|Windows,0.62,25374
103453,Game_3453,2.91,Strategy|Sports|Action,Singleplayer|Multiplayer|Competitive|Open World,Linux|Windows|Mac,0.62,48664
103454,Game_3454,31.53,Sports,Multiplayer|Competitive|Singleplayer,Windows,0.62,9243
103455,Game_3455,22.68,RPG,Singleplayer|Multiplayer,Mac|Linux,0.88,77070
103456,Game_3456,50.6,RPG|Strategy|Action,Open World|Competitive|Story Rich|Co-op,Mac|Windows,0.61,48698
103457,Game_3457,14.79,RPG|Sports|Indie,Co-op|Multiplayer,Mac|Linux|Windows,0.66,84268
103458,Game_3458,20.92,Adventure|Indie|Strategy,Singleplayer|Multiplayer,Linux|Mac,0.84,72386
103459,Game_3459,52.75,Simulation|RPG,Competitive|Open World,Linux|Windows,0.65,99510
103460,Game_3460,15.46,Action|Sports,Multiplayer|Open World|Singleplayer,Windows|Mac,0.6,598
103461,Game_3461,55.19,Action|RPG,Co-op|Story Rich|Open World,Mac,0.6,35667
103462,Game_3462,3.67,Adventure|RPG|Indie,Story Rich|Co-op,Linux|Windows,0.83,72841
103463,Game_3463,40.59,Indie|Simulation|RPG,Story Rich|Co-op|Competitive,Mac,0.73,945
103464,Game_3464,54.25,RPG|Sports,Multiplayer|Co-op|Story Rich|Open World,Windows,0.61,67561
103465,Game_3465,6.15,Strategy|Adventure|RPG,Story Rich|Open World|Competitive|Multiplayer,Windows|Linux,0.81,43537
103466,Game_3466,17.16,Action,Multiplayer|Open World|Co-op,Mac|Windows,0.96,91603
103467,Game_3467,6.24,Simulation|Adventure|Strategy,Open World|Multiplayer|Co-op,Linux,0.74,71045
103468,Game_3468,9.89,Action|Adventure|Indie,Competitive|Multiplayer|Singleplayer,Mac,0.95,55661
103469,Game_3469,47.99,Indie|RPG|Simulation,Co-op|Multiplayer|Singleplayer|Competitive,Mac|Linux,0.84,50337
103470,Game_3470,13.35,Strategy|RPG|Indie,Open World|Co-op|Multiplayer,Mac|Windows,0.65,56352
103471,Game_3471,11.75,Strategy|Indie|Simulation,Story Rich|Open World|Competitive|Singleplayer,Linux,0.78,20387
103472,Game_3472,36.62,Adventure|Action|Simulation,Multiplayer|Story Rich|Co-op|Open World,Windows,0.94,59824
103473,Game_3473,44.99,Adventure,Co-op|Competitive,Mac,0.76,9914
103474,Game_3474,25.72,Simulation|Action|Adventure,Story Rich|Multiplayer|Co-op,Windows,0.66,14056
103475,Game_3475,44.21,RPG|Strategy|Indie,Story Rich|Co-op|Multiplayer|Singleplayer,Linux|Mac|Windows,0.87,44845
103476,Game_3476,55.16,Simulation,Singleplayer|Competitive,Mac,0.91,69541
103477,Game_3477,52.21,Indie|Adventure|Simulation,Open World|Co-op,Windows|Mac,0.79,32460
103478,Game_3478,19.93,Action,Competitive|Multiplayer|Story Rich|Co-op,Linux|Windows,0.74,49539
103479,Game_3479,50.98,Adventure|Action|Simulation,Competitive|Multiplayer,Windows|Mac|Linux,0.92,42634
103480,Game_3480,21.86,Indie,Singleplayer|Open World,Linux,0.78,18859
103481,Game_3481,19.89,Adventure,Multiplayer|Singleplayer|Open World,Linux|Windows|Mac,0.63,91702
103482,Game_3482,2.45,Adventure|Simulation|Strategy,Story Rich|Co-op|Singleplayer|Competitive,Mac|Linux|Windows,0.73,4176
103483,Game_3483,9.15,Adventure|Sports|Strategy,Open World|Story Rich|Singleplayer|Competitive,Mac|Windows,0.72,79498
103484,Game_3484,17.51,Sports|Simulation|RPG,Story Rich|Singleplayer|Multiplayer,Mac,0.86,12037
103485,Game_3485,28.95,Adventure,Multiplayer|Co-op|Singleplayer|Story Rich,Mac,0.9,96010
103486,Game_3486,44.75,Strategy,Co-op|Story Rich,Mac|Windows|Linux,0.7,89234
103487,Game_3487,48.68,Simulation|RPG,Multiplayer|Open World|Co-op,Mac,0.81,89955
103488,Game_3488,23.94,Sports,Singleplayer|Co-op,Linux|Windows,0.77,30385
103489,Game_3489,43.26,Indie|Sports,Story Rich|Singleplayer,Linux|Mac,0.92,7680
103490,Game_3490,30.54,Adventure,Competitive|Multiplayer|Co-op,Mac,0.66,2051
103491,Game_3491,22.81,Strategy|Sports|Indie,Singleplayer|Open World|Multiplayer|Competitive,Mac|Windows|Linux,0.79,76355
103492,Game_3492,22.87,Sports,Competitive|Co-op,Linux|Windows|Mac,0.93,33531
103493,Game_3493,17.28,Strategy|Simulation|RPG,Co-op|Story Rich|Open World|Competitive,Mac|Windows|Linux,0.77,53274
103494,Game_3494,30.8,Strategy|Simulation|Action,Singleplayer|Multiplayer,Mac|Linux|Windows,0.8,51769
103495,Game_3495,23.97,Sports|Indie,Open World|Singleplayer,Windows|Mac|Linux,0.84,12501
103496,Game_3496,4.12,Action,Singleplayer|Multiplayer|Competitive|Co-op,Mac|Linux,0.7,29240
103497,Game_3497,33.43,Adventure|Indie|Simulation,Co-op|Story Rich|Multiplayer|Singleplayer,Mac|Linux|Windows,0.91,70414
103498,Game_3498,16.21,RPG|Sports|Action,Multiplayer|Story Rich|Singleplayer|Competitive,Mac,0.63,1088
103499,Game_3499,28.76,Strategy|Action,Story Rich|Co-op|Competitive|Singleplayer,Linux|Mac|Windows,0.93,97242
103500,Game_3500,58.27,Simulation|Adventure|Action,Competitive|Story Rich|Multiplayer|Open World,Windows,0.91,56203
103501,Game_3501,38.91,RPG,Story Rich|Singleplayer|Open World,Mac|Linux|Windows,0.71,2726
103502,Game_3502,51.19,Simulation|Sports,Open World|Multiplayer,Windows,0.92,71828
103503,Game_3503,10.72,Action|RPG|Adventure,Competitive|Co-op|Multiplayer|Singleplayer,Linux|Mac,0.65,70820
103504,Game_3504,9.03,RPG,Singleplayer|Competitive|Co-op,Linux|Windows|Mac,0.76,98696
103505,Game_3505,30.61,Sports,Competitive|Co-op|Multiplayer,Linux|Windows,0.94,39903
103506,Game_3506,55.07,RPG|Simulation,Co-op|Competitive|Story Rich,Linux|Windows,0.89,9942
103507,Game_3507,59.12,Adventure,Multiplayer|Open World|Competitive,Windows|Mac,0.86,66560
103508,Game_3508,52.51,Sports,Competitive|Co-op|Story Rich,Linux|Mac,0.9,79577
103509,Game_3509,39.15,Simulation|Adventure,Co-op|Competitive,Linux|Windows|Mac,0.7,97920
103510,Game_3510,36.25,Simulation|Action|RPG,Co-op|Story Rich,Linux|Mac|Windows,0.83,23417
103511,Game_3511,57.13,Strategy,Open World|Singleplayer|Competitive,Linux|Windows,0.94,81153
103512,Game_3512,14.4,Simulation,Open World|Story Rich|Multiplayer|Competitive,Mac|Windows,0.64,84662
103513,Game_3513,48.74,Simulation,Competitive|Open World|Story Rich,Mac,0.75,95129
103514,Game_3514,16.54,Sports,Multiplayer|Open World|Story Rich,Mac|Linux,0.73,41465
103515,Game_3515,41.64,Simulation,Multiplayer|Singleplayer|Open World,Windows,0.62,96953
103516,Game_3516,53.93,Indie|Sports,Co-op|Story Rich,Linux,0.96,37827
103517,Game_3517,7.95,Sports|Strategy,Co-op|Singleplayer|Multiplayer,Mac|Linux,0.63,11704
103518,Game_3518,33.44,Indie|Simulation|RPG,Story Rich|Multiplayer|Co-op|Competitive,Windows|Linux,0.7,32438
103519,Game_3519,33.25,Sports|Simulation,Singleplayer|Competitive|Open World,Windows|Mac,0.69,21951
103520,Game_3520,10.71,Simulation|Adventure,Multiplayer|Singleplayer,Windows|Linux,0.63,2030
103521,Game_3521,48.26,Simulation|Strategy,Co-op|Competitive,Mac|Windows|Linux,0.61,49410
103522,Game_3522,2.94,RPG|Sports,Co-op|Open World|Singleplayer,Linux|Mac|Windows,0.9,61939
103523,Game_3523,7.8,Action,Co-op|Story Rich|Competitive,Mac|Linux|Windows,0.97,53681
103524,Game_3524,35.2,Sports|Simulation,Story Rich|Open World|Multiplayer,Mac|Windows|Linux,0.84,81477
103525,Game_3525,32.5,Adventure,Singleplayer|Open World|Co-op,Mac|Windows,0.76,41840
103526,Game_3526,59.4,Sports,Open World|Co-op|Competitive|Multiplayer,Mac|Linux,0.92,33053
103527,Game_3527,25.58,Strategy|Indie|Sports,Open World|Co-op|Story Rich|Singleplayer,Mac,0.74,58075
103528,Game_3528,39.58,Simulation|Indie,Open World|Multiplayer,Windows|Linux|Mac,0.78,29150
103529,Game_3529,53.04,Action,Competitive|Multiplayer|Open World,Linux|Windows|Mac,0.81,64679
103530,Game_3530,32.25,Adventure,Singleplayer|Competitive|Open World,Linux|Mac|Windows,0.96,88073
103531,Game_3531,39.62,Action|Indie|Adventure,Story Rich|Co-op|Multiplayer|Competitive,Linux|Mac,0.96,24483
103532,Game_3532,57.8,Action,Competitive|Multiplayer,Windows,0.63,51666
103533,Game_3533,30.19,Adventure|Sports,Competitive|Open World|Singleplayer,Linux|Mac,0.79,71633
103534,Game_3534,11.12,RPG|Indie,Multiplayer|Open World,Linux|Mac,0.77,1699
103535,Game_3535,57.19,RPG,Multiplayer|Co-op|Singleplayer|Story Rich,Windows|Linux,0.65,41795
103536,Game_3536,14.62,Adventure|Simulation,Open World|Singleplayer,Linux|Windows,0.83,28840
103537,Game_3537,26.02,RPG|Sports|Adventure,Open World|Co-op|Story Rich|Multiplayer,Mac|Windows|Linux,0.96,50638
103538,Game_3538,31.83,Sports|Adventure|Action,Singleplayer|Co-op,Linux,0.94,8734
103539,Game_3539,38.93,Strategy|Indie|Simulation,Singleplayer|Open World|Story Rich|Competitive,Linux|Mac,0.88,31728
103540,Game_3540,55.0,Sports|Strategy,Co-op|Singleplayer,Linux|Mac,0.87,94464
103541,Game_3541,59.96,Action|RPG|Adventure,Multiplayer|Singleplayer,Windows|Mac,0.92,90015
103542,Game_3542,36.27,Sports|Indie,Multiplayer|Open World|Competitive,Linux|Windows,0.65,30595
103543,Game_3543,51.24,RPG|Adventure|Action,Multiplayer|Story Rich|Singleplayer|Competitive,Linux,0.85,27082
103544,Game_3544,1.26,Action,Open World|Multiplayer|Competitive,Linux|Windows,0.93,65748
103545,Game_3545,25.55,Adventure|Sports,Co-op|Open World|Story Rich|Multiplayer,Windows|Mac,0.86,50220
103546,Game_3546,30.22,Indie|Simulation|RPG,Story Rich|Singleplayer|Co-op,Linux,0.82,64055
103547,Game_3547,19.66,Adventure|Strategy,Multiplayer|Singleplayer|Co-op,Linux,0.62,79292
103548,Game_3548,32.69,RPG,Open World|Story Rich|Co-op|Competitive,Windows|Mac,0.75,50758
103549,Game_3549,29.24,Action|Strategy,Singleplayer|Story Rich|Co-op|Competitive,Windows|Mac,0.94,57401
103550,Game_3550,20.4,Strategy|Simulation|Sports,Competitive|Story Rich|Multiplayer|Open World,Windows|Linux|Mac,0.69,32017
103551,Game_3551,30.63,RPG,Open World|Co-op|Story Rich,Mac|Linux,0.62,49259
103552,Game_3552,25.02,RPG|Adventure,Open World|Singleplayer|Multiplayer|Competitive,Linux|Mac,0.65,12137
103553,Game_3553,6.06,RPG|Simulation,Singleplayer|Multiplayer,Mac,0.9,38906
103554,Game_3554,58.69,Indie|RPG|Sports,Singleplayer|Open World|Co-op|Story Rich,Windows,0.78,58720
103555,Game_3555,40.48,Adventure,Competitive|Singleplayer,Linux|Windows,0.95,45675
103556,Game_3556,1.58,Simulation|RPG|Indie,Co-op|Multiplayer|Open World,Mac,0.66,40508
103557,Game_3557,4.92,RPG|Action,Story Rich|Open World|Co-op|Singleplayer,Windows|Linux,0.74,64039
103558,Game_3558,31.41,Action|Adventure,Open World|Singleplayer,Linux|Windows,0.7,73195
103559,Game_3559,47.8,Indie,Multiplayer|Open World|Singleplayer|Competitive,Linux|Mac|Windows,0.81,53344
103560,Game_3560,29.28,Strategy|Adventure,Competitive|Singleplayer|Co-op,Mac|Linux|Windows,0.85,96059
103561,Game_3561,37.61,Action|Sports,Story Rich|Singleplayer,Linux|Windows|Mac,0.74,87437
103562,Game_3562,58.72,Action,Open World|Multiplayer|Singleplayer,Mac|Linux,0.62,73166
103563,Game_3563,51.48,Simulation|RPG,Co-op|Multiplayer,Windows,0.94,29521
103564,Game_3564,43.47,Indie|Sports,Open World|Multiplayer,Windows|Linux|Mac,0.7,17800
103565,Game_3565,37.02,Strategy|RPG,Competitive|Story Rich,Windows,0.79,45690
103566,Game_3566,4.29,Strategy|RPG,Competitive|Multiplayer,Windows|Linux,0.93,1069
103567,Game_3567,48.27,Simulation|Sports|Indie,Story Rich|Open World|Competitive,Windows|Linux|Mac,0.81,32353
103568,Game_3568,26.64,Adventure|Indie,Co-op|Singleplayer,Linux,0.75,8722
103569,Game_3569,31.98,Adventure|Action|Indie,Story Rich|Competitive,Windows|Linux,0.86,17353
103570,Game_3570,31.8,RPG,Singleplayer|Multiplayer|Competitive|Story Rich,Windows|Linux,0.83,68531
103571,Game_3571,52.06,RPG|Action|Simulation,Multiplayer|Co-op,Linux,0.76,59361
103572,Game_3572,50.93,Sports,Competitive|Multiplayer|Open World|Story Rich,Windows|Linux,0.72,14628
103573,Game_3573,44.59,Indie|RPG,Story Rich|Singleplayer|Multiplayer,Linux,0.9,9532
103574,Game_3574,45.85,Adventure|Strategy,Multiplayer|Open World|Singleplayer|Competitive,Linux,0.85,81691
103575,Game_3575,8.43,Simulation|Strategy,Co-op|Singleplayer,Linux|Windows|Mac,0.88,48128
103576,Game_3576,1.09,Sports,Open World|Multiplayer,Mac|Linux|Windows,0.68,99847
103577,Game_3577,21.15,Strategy|Adventure,Story Rich|Singleplayer|Co-op|Competitive,Mac|Windows|Linux,0.72,12746
103578,Game_3578,15.08,Indie|Strategy|Action,Open World|Competitive|Singleplayer,Mac|Windows,0.61,45809
103579,Game_3579,14.81,Indie,Story Rich|Singleplayer|Competitive|Open World,Linux|Windows|Mac,0.62,54116
103580,Game_3580,58.98,Simulation,Competitive|Open World|Singleplayer,Mac|Linux|Windows,0.98,55002
103581,Game_3581,1.23,Adventure,Multiplayer|Singleplayer,Mac|Windows|Linux,0.84,50260
103582,Game_3582,18.43,Action|Strategy|RPG,Story Rich|Competitive|Singleplayer,Linux|Windows|Mac,0.65,49140
103583,Game_3583,6.34,Strategy,Multiplayer|Competitive|Story Rich|Singleplayer,Linux|Mac,0.64,74996
103584,Game_3584,50.43,Sports,Open World|Multiplayer|Story Rich,Linux|Windows|Mac,0.62,30081
103585,Game_3585,38.26,Sports|Action,Competitive|Co-op|Singleplayer|Open World,Mac|Linux,0.7,77470
103586,Game_3586,42.81,Simulation|Sports,Singleplayer|Co-op|Story Rich|Multiplayer,Mac|Linux,0.96,32696
103587,Game_3587,45.08,RPG|Adventure|Simulation,Story Rich|Competitive|Singleplayer,Windows|Mac,0.84,80101
103588,Game_3588,2.38,Indie,Singleplayer|Competitive|Multiplayer,Linux,0.66,64283
103589,Game_3589,57.54,RPG|Action|Indie,Multiplayer|Open World,Windows,0.8,5268
103590,Game_3590,33.03,Indie,Competitive|Singleplayer,Windows|Mac|Linux,0.64,16849
103591,Game_3591,33.45,Simulation|Adventure|RPG,Story Rich|Open World,Linux|Windows,0.94,87873
103592,Game_3592,36.77,Indie,Story Rich|Competitive,Mac|Windows|Linux,0.95,94884
103593,Game_3593,37.27,Simulation|Indie,Singleplayer|Open World,Windows|Mac,0.7,29485
103594,Game_3594,2.95,Simulation|Strategy|Adventure,Co-op|Competitive|Story Rich|Multiplayer,Mac|Linux,0.89,66731
103595,Game_3595,46.99,Sports,Competitive|Co-op|Story Rich|Open World,Windows|Mac,0.74,97890
103596,Game_3596,58.19,Action|Strategy,Co-op|Singleplayer|Competitive,Windows,0.69,75254
103597,Game_3597,24.16,Indie|Sports,Competitive|Story Rich,Windows|Linux,0.77,91328
103598,Game_3598,1.99,Simulation,Open World|Singleplayer|Multiplayer|Co-op,Mac|Windows|Linux,0.85,48610
103599,Game_3599,25.8,Simulation,Story Rich|Competitive,Windows|Mac|Linux,0.71,32268
103600,Game_3600,17.97,Sports,Competitive|Co-op|Singleplayer|Open World,Linux|Windows,0.81,2689
103601,Game_3601,35.67,Adventure|Action|RPG,Open World|Co-op|Multiplayer,Windows,0.61,89258
103602,Game_3602,1.93,Action|Strategy,Competitive|Multiplayer,Linux,0.9,58841
103603,Game_3603,33.18,Adventure|Action,Singleplayer|Open World|Competitive,Linux,0.8,84980
103604,Game_3604,54.82,Indie,Open World|Multiplayer,Windows|Mac,0.7,69340
103605,Game_3605,54.29,Adventure|Action,Story Rich|Open World|Singleplayer,Windows|Linux,0.92,15344
103606,Game_3606,35.7,Action|Indie,Open World|Multiplayer,Windows,0.7,37107
103607,Game_3607,58.46,Strategy,Singleplayer|Story Rich|Competitive,Windows,0.76,58273
103608,Game_3608,19.4,Simulation,Competitive|Singleplayer,Windows|Mac|Linux,0.69,87553
103609,Game_3609,21.42,Adventure|Simulation|RPG,Co-op|Multiplayer|Competitive,Mac|Linux,0.67,87411
103610,Game_3610,31.95,Strategy,Multiplayer|Story Rich,Windows|Linux|Mac,0.6,835
103611,Game_3611,57.73,Strategy,Co-op|Open World|Story Rich,Linux,0.86,84611
103612,Game_3612,6.23,Strategy,Co-op|Competitive|Multiplayer|Open World,Windows|Mac|Linux,0.8,93513
103613,Game_3613,15.31,Indie|Simulation,Story Rich|Co-op|Singleplayer|Multiplayer,Linux|Windows|Mac,0.78,58841
103614,Game_3614,44.42,Sports,Singleplayer|Story Rich|Co-op|Multiplayer,Linux,0.83,71961
103615,Game_3615,3.78,Sports|Action,Co-op|Competitive|Open World,Mac|Windows,0.8,90711
103616,Game_3616,32.92,Adventure|Sports|Simulation,Multiplayer|Singleplayer,Linux,0.65,29135
103617,Game_3617,20.78,Simulation,Competitive|Story Rich,Mac,0.61,28890
103618,Game_3618,38.6,Action|Indie|Strategy,Story Rich|Competitive|Singleplayer|Multiplayer,Mac|Linux,0.83,71757
103619,Game_3619,29.72,Sports|Strategy,Open World|Singleplayer|Story Rich|Competitive,Linux|Mac,0.88,12480
103620,Game_3620,9.7,Strategy|Simulation|Indie,Story Rich|Multiplayer,Mac|Linux,0.87,73417
103621,Game_3621,38.78,Simulation|RPG|Adventure,Story Rich|Open World,Windows|Linux,0.83,48150
103622,Game_3622,59.61,Simulation,Story Rich|Singleplayer,Mac|Windows,0.86,60763
103623,Game_3623,11.73,Simulation|Strategy,Competitive|Singleplayer|Open World,Windows|Mac|Linux,0.76,6396
103624,Game_3624,48.77,Simulation|Sports,Competitive|Multiplayer|Singleplayer|Story Rich,Windows|Mac,0.85,57263
103625,Game_3625,25.63,Strategy|Adventure|Indie,Open World|Competitive|Multiplayer,Windows,0.63,99892
103626,Game_3626,52.21,Simulation|Indie,Story Rich|Multiplayer|Singleplayer|Competitive,Mac|Linux,0.71,31988
103627,Game_3627,16.58,Simulation|Adventure|Action,Open World|Co-op,Mac,0.86,92275
103628,Game_3628,19.01,Sports|Adventure,Competitive|Multiplayer|Open World,Mac|Linux,0.96,24349
103629,Game_3629,6.53,Indie|Action,Competitive|Open World,Windows|Linux,0.69,26905
103630,Game_3630,13.46,Strategy|Action,Open World|Multiplayer,Linux|Mac|Windows,0.71,81044
103631,Game_3631,58.54,Action,Open World|Story Rich|Singleplayer,Windows|Linux|Mac,0.9,3281
103632,Game_3632,27.63,Simulation,Competitive|Story Rich|Multiplayer,Windows,0.63,13813
103633,Game_3633,6.96,Indie|RPG,Open World|Multiplayer,Windows|Mac,0.87,50297
103634,Game_3634,10.89,Action,Co-op|Open World|Singleplayer,Linux,0.91,63621
103635,Game_3635,38.01,Sports|Indie|Action,Competitive|Story Rich|Open World|Co-op,Mac|Windows,0.94,29354
103636,Game_3636,1.97,Indie|Adventure,Co-op|Open World|Competitive,Windows|Linux|Mac,0.92,67171
103637,Game_3637,6.36,Indie|RPG|Sports,Open World|Singleplayer|Competitive,Mac|Linux,0.8,54082
103638,Game_3638,11.13,Simulation|Adventure,Co-op|Story Rich|Singleplayer,Mac,0.84,53291
103639,Game_3639,38.55,Simulation|RPG,Open World|Story Rich|Singleplayer,Linux|Windows|Mac,0.91,99396
103640,Game_3640,50.37,Action,Competitive|Multiplayer,Linux|Windows|Mac,0.87,43659
103641,Game_3641,29.56,Sports,Competitive|Singleplayer|Co-op,Mac|Windows|Linux,0.63,24828
103642,Game_3642,27.13,Indie|Sports,Multiplayer|Singleplayer|Open World|Story Rich,Linux,0.88,65070
103643,Game_3643,25.44,Strategy,Multiplayer|Singleplayer,Windows|Mac|Linux,0.83,4084
103644,Game_3644,21.36,RPG|Simulation|Sports,Multiplayer|Singleplayer,Linux,0.97,68008
103645,Game_3645,53.87,Sports|Action|Adventure,Open World|Singleplayer|Story Rich,Windows|Linux|Mac,0.72,26393
103646,Game_3646,28.01,RPG|Strategy,Competitive|Multiplayer|Singleplayer,Mac|Linux|Windows,0.95,56478
103647,Game_3647,22.21,Sports|Action|Strategy,Story Rich|Open World|Singleplayer,Linux|Windows|Mac,0.65,1723
103648,Game_3648,39.18,Strategy|RPG|Indie,Co-op|Competitive|Open World,Mac|Linux|Windows,0.81,90083
103649,Game_3649,28.31,Adventure|Sports,Multiplayer|Singleplayer|Open World|Competitive,Linux,0.6,38292
103650,Game_3650,1.39,Indie|RPG,Co-op|Multiplayer,Mac,0.87,1130
103651,Game_3651,7.91,RPG|Action|Simulation,Open World|Singleplayer|Story Rich|Co-op,Mac|Windows,0.79,47954
103652,Game_3652,23.3,Sports|RPG|Adventure,Singleplayer|Story Rich,Mac|Linux,0.6,42858
103653,Game_3653,37.93,Indie|Simulation,Singleplayer|Multiplayer|Story Rich|Competitive,Windows|Linux,0.83,1027
103654,Game_3654,45.82,Sports,Competitive|Open World,Windows|Mac,0.69,45711
103655,Game_3655,5.98,Sports|Strategy,Multiplayer|Competitive|Singleplayer,Linux|Windows|Mac,0.89,59468
103656,Game_3656,54.74,Action|Sports|Strategy,Co-op|Singleplayer|Multiplayer|Open World,Linux|Windows|Mac,0.7,30757
103657,Game_3657,2.45,RPG,Singleplayer|Competitive|Co-op|Multiplayer,Linux|Mac,0.95,50002
103658,Game_3658,46.43,Action,Singleplayer|Open World,Windows,0.9,2021
103659,Game_3659,50.9,Adventure,Singleplayer|Open World|Co-op,Linux|Mac|Windows,0.68,98749
103660,Game_3660,37.85,Indie,Co-op|Singleplayer|Story Rich,Linux,0.96,77789
103661,Game_3661,44.66,Adventure|Action,Competitive|Singleplayer|Story Rich|Multiplayer,Mac,0.94,97663
103662,Game_3662,27.56,Strategy|Action|Adventure,Competitive|Story Rich,Windows|Mac|Linux,0.61,92043
103663,Game_3663,34.63,Indie|Adventure,Competitive|Story Rich,Windows|Linux|Mac,0.85,24316
103664,Game_3664,6.46,Strategy,Open World|Singleplayer|Multiplayer,Windows,0.91,39654
103665,Game_3665,32.72,Indie,Singleplayer|Co-op|Multiplayer|Competitive,Linux|Mac|Windows,0.86,72603
103666,Game_3666,59.59,RPG,Multiplayer|Story Rich|Singleplayer|Co-op,Windows|Linux,0.9,98078
103667,Game_3667,29.28,Indie|Adventure,Singleplayer|Multiplayer|Open World|Co-op,Mac|Linux,0.72,47701
103668,Game_3668,54.03,Sports|Indie|Simulation,Competitive|Singleplayer|Open World|Co-op,Linux,0.7,21111
103669,Game_3669,46.43,Adventure|Action,Multiplayer|Competitive|Singleplayer|Co-op,Linux|Mac,0.78,15719
103670,Game_3670,0.49,Adventure|Strategy,Competitive|Multiplayer|Co-op,Windows|Mac,0.81,25535
103671,Game_3671,38.52,Sports,Multiplayer|Open World,Linux,0.92,69723
103672,Game_3672,7.92,Simulation|Sports|Strategy,Story Rich|Competitive|Open World,Linux|Mac|Windows,0.81,97377
103673,Game_3673,56.06,RPG,Co-op|Competitive|Singleplayer|Story Rich,Mac|Linux|Windows,0.97,92328
103674,Game_3674,44.83,Simulation,Open World|Multiplayer,Linux,0.89,55206
103675,Game_3675,31.91,Strategy|Sports|Action,Multiplayer|Story Rich,Windows,0.72,91740
103676,Game_3676,14.24,Sports|Indie,Co-op|Story Rich,Mac|Linux|Windows,0.74,56335
103677,Game_3677,0.14,Indie|Sports,Competitive|Story Rich|Open World,Linux|Windows|Mac,0.82,73170
103678,Game_3678,26.21,Adventure|Sports|Indie,Open World|Competitive|Co-op|Singleplayer,Mac|Linux|Windows,0.61,36408
103679,Game_3679,50.08,Adventure,Open World|Co-op|Story Rich|Singleplayer,Windows,0.86,59852
103680,Game_3680,21.02,Sports|Strategy,Co-op|Story Rich|Open World|Multiplayer,Mac|Linux|Windows,0.96,60254
103681,Game_3681,23.92,Strategy|Simulation|Indie,Open World|Competitive,Windows,0.63,3986
103682,Game_3682,15.09,Adventure,Competitive|Co-op,Mac|Linux|Windows,0.95,24368
103683,Game_3683,7.75,Simulation|Strategy,Story Rich|Co-op|Singleplayer|Open World,Mac|Windows|Linux,0.87,40885
103684,Game_3684,3.46,Action,Open World|Singleplayer|Story Rich|Co-op,Mac|Linux|Windows,0.77,22992
103685,Game_3685,31.95,Sports,Multiplayer|Competitive|Story Rich|Open World,Mac|Linux|Windows,0.98,69796
103686,Game_3686,50.85,Indie|Strategy,Co-op|Singleplayer|Open World,Windows|Mac|Linux,0.69,53044
103687,Game_3687,26.63,Action|Sports|Adventure,Co-op|Singleplayer,Mac,0.83,77881
103688,Game_3688,15.04,Indie|Action,Singleplayer|Competitive|Open World,Mac|Windows|Linux,0.8,21374
103689,Game_3689,15.72,Sports,Open World|Story Rich,Mac|Windows,0.69,26405
103690,Game_3690,28.0,Adventure,Co-op|Open World,Windows|Mac,0.97,59319
103691,Game_3691,32.44,Action,Open World|Multiplayer,Windows|Linux|Mac,0.82,73619
103692,Game_3692,49.37,Action,Open World|Story Rich,Windows,0.93,948
103693,Game_3693,6.19,Strategy|Action|Simulation,Singleplayer|Competitive|Multiplayer,Mac|Linux,0.82,27922
103694,Game_3694,30.51,Strategy,Story Rich|Open World|Singleplayer|Multiplayer,Linux|Mac,0.93,30883
103695,Game_3695,23.43,Adventure|Strategy,Co-op|Singleplayer|Story Rich,Linux|Mac,0.91,51384
103696,Game_3696,2.02,RPG,Open World|Singleplayer|Co-op,Windows,0.61,73149
103697,Game_3697,22.56,Action|Indie|Adventure,Co-op|Singleplayer,Windows|Linux|Mac,0.88,97669
103698,Game_3698,48.07,Indie,Singleplayer|Competitive,Linux|Mac|Windows,0.82,52504
103699,Game_3699,54.05,Sports,Competitive|Story Rich|Co-op|Singleplayer,Mac|Windows,0.65,68877
103700,Game_3700,1.56,Sports|Strategy,Singleplayer|Open World|Story Rich,Windows|Linux|Mac,0.95,58520
103701,Game_3701,5.47,Adventure|Simulation,Story Rich|Co-op|Competitive,Windows,0.7,35896
103702,Game_3702,25.82,Strategy|Adventure|Sports,Multiplayer|Co-op,Linux|Windows|Mac,0.64,95955
103703,Game_3703,19.75,Sports|Indie,Open World|Singleplayer|Multiplayer,Mac,0.63,92763
103704,Game_3704,51.41,Strategy|Simulation|Action,Multiplayer|Competitive|Co-op,Mac,0.88,52073
103705,Game_3705,14.23,RPG|Action,Story Rich|Competitive,Windows|Linux|Mac,0.72,32814
103706,Game_3706,17.65,RPG|Action,Multiplayer|Co-op|Competitive|Singleplayer,Windows|Mac|Linux,0.65,52601
103707,Game_3707,9.22,Adventure|Strategy,Story Rich|Singleplayer|Open World,Linux|Windows|Mac,0.77,30359
103708,Game_3708,11.22,Action|Sports,Story Rich|Singleplayer|Co-op,Mac|Linux|Windows,0.98,67542
103709,Game_3709,14.31,Strategy|Simulation,Open World|Competitive|Multiplayer,Linux|Windows,0.94,70353
103710,Game_3710,30.15,Simulation,Open World|Story Rich,Linux|Mac|Windows,0.68,15381
103711,Game_3711,55.37,Action|Indie|Sports,Open World|Co-op,Windows|Linux|Mac,0.77,14382
103712,Game_3712,4.32,Sports,Story Rich|Competitive,Windows|Linux,0.73,85734
103713,Game_3713,4.8,Adventure|Action|Simulation,Open World|Competitive,Windows|Mac|Linux,0.82,7078
103714,Game_3714,29.29,RPG|Sports,Co-op|Competitive,Linux|Windows|Mac,0.98,73977
103715,Game_3715,32.47,Action|Adventure|RPG,Singleplayer|Multiplayer|Open World|Story Rich,Linux,0.88,81377
103716,Game_3716,34.73,RPG|Adventure|Strategy,Competitive|Multiplayer|Singleplayer|Story Rich,Windows,0.84,52939
103717,Game_3717,46.63,Strategy|Adventure|Sports,Competitive|Open World,Linux|Mac,0.81,85014
103718,Game_3718,30.52,Sports|RPG,Multiplayer|Singleplayer|Competitive,Windows|Linux,0.8,21635
103719,Game_3719,3.82,Action|Simulation|Sports,Open World|Story Rich|Multiplayer|Competitive,Windows|Linux,0.66,87138
103720,Game_3720,23.81,Simulation,Competitive|Story Rich|Open World|Co-op,Linux|Windows,0.91,51047
103721,Game_3721,45.21,Action|Indie|RPG,Multiplayer|Co-op|Story Rich|Singleplayer,Windows,0.67,8188
103722,Game_3722,14.14,RPG|Adventure|Strategy,Open World|Co-op,Linux|Mac|Windows,0.68,37492
103723,Game_3723,54.88,Strategy,Co-op|Competitive|Open World|Story Rich,Mac|Linux,0.87,97995
103724,Game_3724,4.66,Adventure,Singleplayer|Competitive|Co-op,Mac|Linux,0.79,85520
103725,Game_3725,52.49,Sports|Simulation,Open World|Multiplayer|Story Rich,Mac|Windows,0.98,9062
103726,Game_3726,50.43,Adventure,Competitive|Co-op|Singleplayer|Open World,Windows|Mac|Linux,0.91,1776
103727,Game_3727,5.14,Sports|Action|Adventure,Co-op|Singleplayer|Open World|Story Rich,Mac|Windows|Linux,0.61,95299
103728,Game_3728,52.49,Strategy|RPG|Adventure,Singleplayer|Competitive|Multiplayer|Story Rich,Linux|Windows|Mac,0.84,3883
103729,Game_3729,45.55,Indie|Adventure,Open World|Story Rich,Mac|Linux,0.68,91580
103730,Game_3730,14.48,Action|RPG|Sports,Story Rich|Competitive,Windows|Linux,0.9,45143
103731,Game_3731,52.32,Simulation|Strategy|Sports,Multiplayer|Open World|Singleplayer,Mac|Linux|Windows,0.64,23781
103732,Game_3732,31.91,Strategy|Simulation,Competitive|Open World,Windows,0.64,23086
103733,Game_3733,22.49,Strategy|Action|Adventure,Singleplayer|Competitive|Multiplayer,Windows,0.82,50186
103734,Game_3734,36.13,Strategy,Co-op|Singleplayer,Windows|Linux|Mac,0.78,38223
103735,Game_3735,30.14,Action|Strategy,Open World|Competitive|Singleplayer,Mac|Linux|Windows,0.7,57472
103736,Game_3736,27.91,Strategy|Indie,Singleplayer|Co-op|Open World|Story Rich,Mac|Linux,0.92,38091
103737,Game_3737,26.15,Action|Sports|Indie,Co-op|Story Rich,Linux,0.61,20336
103738,Game_3738,38.39,Sports|Simulation|Strategy,Co-op|Multiplayer,Mac|Linux,0.88,23629
103739,Game_3739,33.43,Simulation|Action,Open World|Story Rich|Competitive|Singleplayer,Mac|Windows|Linux,0.93,77876
103740,Game_3740,51.38,Simulation|Strategy|RPG,Co-op|Competitive,Linux,0.79,21760
103741,Game_3741,29.67,Adventure|Action|Sports,Story Rich|Competitive,Linux,0.8,59847
103742,Game_3742,17.35,Simulation,Singleplayer|Competitive,Windows|Linux|Mac,0.94,82741
103743,Game_3743,8.62,Simulation|RPG|Strategy,Co-op|Competitive,Mac|Windows|Linux,0.84,57000
103744,Game_3744,10.89,Strategy,Competitive|Singleplayer|Open World,Windows|Mac,0.7,16829
103745,Game_3745,16.6,Strategy|Adventure|Indie,Story Rich|Singleplayer,Windows|Mac,0.96,66497
103746,Game_3746,40.66,Action|Adventure|RPG,Story Rich|Open World,Windows|Mac|Linux,0.86,85975
103747,Game_3747,12.22,Simulation,Competitive|Multiplayer,Mac,0.73,26529
103748,Game_3748,59.8,RPG|Sports|Adventure,Competitive|Multiplayer|Open World,Mac,0.69,5551
103749,Game_3749,23.39,Adventure,Singleplayer|Competitive,Windows|Mac|Linux,0.71,46954
103750,Game_3750,52.97,Simulation|Adventure,Open World|Competitive,Mac|Linux|Windows,0.73,56473
103751,Game_3751,1.97,Sports|Action,Singleplayer|Story Rich|Competitive,Windows|Mac,0.79,30288
103752,Game_3752,56.89,Adventure|RPG,Open World|Competitive,Windows|Linux|Mac,0.64,30899
103753,Game_3753,6.72,Adventure|Indie|Action,Multiplayer|Co-op,Linux|Mac|Windows,0.89,49430
103754,Game_3754,26.38,Strategy,Singleplayer|Open World|Story Rich|Multiplayer,Windows|Mac|Linux,0.75,41252
103755,Game_3755,8.13,Simulation|Indie|Adventure,Open World|Co-op,Mac,0.64,36830
103756,Game_3756,1.84,Strategy|Adventure,Co-op|Competitive|Singleplayer|Open World,Windows|Linux,0.96,90781
103757,Game_3757,58.94,Adventure,Singleplayer|Co-op|Competitive|Multiplayer,Mac|Linux|Windows,0.79,8428
103758,Game_3758,22.73,Adventure|Simulation|Indie,Co-op|Story Rich|Multiplayer,Windows,0.79,53916
103759,Game_3759,26.95,Strategy|Sports,Story Rich|Multiplayer,Mac,0.82,38168
103760,Game_3760,29.92,Adventure|Simulation,Co-op|Multiplayer,Mac|Windows|Linux,0.91,61401
103761,Game_3761,52.05,Indie|RPG|Strategy,Story Rich|Singleplayer|Multiplayer,Linux|Mac,0.97,61388
103762,Game_3762,6.2,Indie|Adventure|Sports,Competitive|Open World|Story Rich|Multiplayer,Mac|Linux,0.81,93987
103763,Game_3763,40.26,Action,Story Rich|Open World,Windows|Linux,0.69,75612
103764,Game_3764,52.84,Strategy,Competitive|Co-op,Windows,0.85,68664
103765,Game_3765,19.91,Action|Sports|Indie,Open World|Multiplayer,Linux|Windows,0.71,88711
103766,Game_3766,55.88,Simulation|Adventure,Story Rich|Multiplayer|Co-op|Open World,Windows|Linux,0.79,60692
103767,Game_3767,28.4,Sports|Indie,Competitive|Singleplayer|Open World,Linux|Windows|Mac,0.89,97077
103768,Game_3768,3.49,Adventure|Simulation|Indie,Co-op|Open World,Mac,0.93,90717
103769,Game_3769,53.11,Action|Sports|Indie,Open World|Story Rich|Competitive,Linux|Windows|Mac,0.78,38423
103770,Game_3770,8.06,Strategy|Action,Co-op|Story Rich,Mac|Windows,0.98,80110
103771,Game_3771,41.83,Adventure|Indie,Story Rich|Competitive|Open World,Windows|Mac,0.71,25730
103772,Game_3772,42.95,Sports|RPG|Strategy,Competitive|Co-op|Story Rich,Mac|Linux,0.85,48855
103773,Game_3773,33.79,Strategy|Sports|RPG,Story Rich|Multiplayer|Singleplayer|Open World,Mac|Linux,0.76,13010
103774,Game_3774,30.93,Simulation|Sports|Strategy,Open World|Multiplayer|Co-op,Windows,0.64,93224
103775,Game_3775,59.99,Adventure,Competitive|Multiplayer|Open World|Co-op,Mac|Windows,0.7,71546
103776,Game_3776,58.86,RPG|Indie|Simulation,Competitive|Open World,Mac|Windows,0.87,6116
103777,Game_3777,28.38,Action,Open World|Multiplayer|Co-op,Mac|Windows,0.85,95511
103778,Game_3778,14.72,Simulation|Action,Open World|Co-op|Multiplayer|Singleplayer,Windows|Mac,0.82,55336
103779,Game_3779,3.28,Adventure,Singleplayer|Multiplayer|Competitive|Co-op,Mac|Windows|Linux,0.78,93060
103780,Game_3780,3.76,RPG,Co-op|Singleplayer|Open World,Linux,0.93,22255
103781,Game_3781,20.77,Simulation|RPG|Indie,Co-op|Singleplayer,Windows|Linux,0.94,72884
103782,Game_3782,19.46,Simulation|Sports|Strategy,Competitive|Singleplayer|Open World|Story Rich,Windows,0.77,84825
103783,Game_3783,1.52,Simulation,Story Rich|Open World|Multiplayer|Competitive,Linux,0.78,2940
103784,Game_3784,43.19,Sports|RPG|Strategy,Story Rich|Multiplayer|Co-op,Linux|Mac,0.93,52330
103785,Game_3785,8.21,Adventure,Story Rich|Competitive|Open World|Co-op,Mac|Linux|Windows,0.83,96371
103786,Game_3786,13.0,Strategy|Action|Indie,Singleplayer|Multiplayer|Competitive,Windows|Mac,0.85,40455
103787,Game_3787,56.61,RPG|Indie,Open World|Story Rich|Singleplayer,Windows|Linux,0.86,91337
103788,Game_3788,5.8,Adventure,Competitive|Story Rich,Mac|Windows|Linux,0.9,88449
103789,Game_3789,27.39,Action|Sports,Story Rich|Singleplayer|Co-op|Open World,Mac|Linux,0.8,92032
103790,Game_3790,51.92,Action|Strategy|Simulation,Singleplayer|Co-op|Story Rich|Open World,Mac|Linux|Windows,0.87,4970
103791,Game_3791,53.52,Simulation,Story Rich|Co-op|Multiplayer|Singleplayer,Windows,0.97,70955
103792,Game_3792,43.39,Simulation|Strategy|RPG,Singleplayer|Open World|Co-op|Competitive,Linux|Windows|Mac,0.63,87294
103793,Game_3793,53.11,Strategy|Sports|Adventure,Multiplayer|Story Rich|Competitive,Windows|Linux,0.77,36179
103794,Game_3794,39.07,Strategy|Adventure,Singleplayer|Story Rich|Co-op,Linux|Windows|Mac,0.84,68255
103795,Game_3795,37.55,Indie|Simulation,Multiplayer|Competitive|Co-op|Story Rich,Linux|Windows,0.64,66201
103796,Game_3796,35.12,Indie|Simulation,Multiplayer|Singleplayer,Windows|Mac,0.79,73373
103797,Game_3797,37.89,Action|Strategy|Indie,Story Rich|Singleplayer|Competitive|Multiplayer,Mac|Linux|Windows,0.65,50203
103798,Game_3798,29.8,Action,Singleplayer|Co-op|Story Rich,Windows|Mac|Linux,0.97,22385
103799,Game_3799,7.07,Action|Adventure|Strategy,Multiplayer|Singleplayer,Linux|Mac|Windows,0.61,50951
103800,Game_3800,9.98,RPG|Strategy|Sports,Co-op|Open World,Mac|Linux,0.9,78115
103801,Game_3801,29.98,Indie|Sports|RPG,Competitive|Multiplayer|Story Rich|Co-op,Linux|Mac,0.77,24138
103802,Game_3802,58.96,Indie|Strategy,Story Rich|Multiplayer|Competitive|Open World,Mac|Windows,0.67,67277
103803,Game_3803,47.26,Simulation|Sports|Indie,Multiplayer|Co-op,Windows,0.68,63717
103804,Game_3804,18.15,Action|Indie|Simulation,Open World|Competitive|Multiplayer|Singleplayer,Linux|Mac,0.75,58440
103805,Game_3805,54.72,Indie,Open World|Multiplayer,Linux,0.61,72566
103806,Game_3806,30.47,Adventure,Singleplayer|Open World,Mac|Linux|Windows,0.84,15685
103807,Game_3807,13.42,Action,Open World|Competitive|Co-op,Linux|Mac,0.81,64715
103808,Game_3808,23.79,Action,Multiplayer|Singleplayer|Co-op|Story Rich,Mac|Linux|Windows,0.78,29424
103809,Game_3809,10.19,Adventure|Strategy,Competitive|Open World|Story Rich|Singleplayer,Windows|Mac|Linux,0.67,38848
103810,Game_3810,43.37,Adventure|RPG,Multiplayer|Open World|Co-op,Linux|Windows,0.81,16324
103811,Game_3811,59.04,Simulation|Strategy|RPG,Competitive|Story Rich|Co-op|Singleplayer,Windows,0.82,81287
103812,Game_3812,40.84,Simulation,Open World|Competitive|Story Rich|Multiplayer,Linux,0.79,50858
103813,Game_3813,47.1,RPG|Sports|Adventure,Story Rich|Open World|Co-op|Singleplayer,Linux|Mac,0.85,77535
103814,Game_3814,18.64,Simulation|Sports|RPG,Multiplayer|Story Rich|Singleplayer,Windows|Mac|Linux,0.61,95065
103815,Game_3815,22.71,Sports|Adventure,Singleplayer|Competitive|Story Rich,Windows|Mac|Linux,0.79,21492
103816,Game_3816,15.76,Sports|Simulation,Co-op|Singleplayer,Windows|Mac|Linux,0.6,80710
103817,Game_3817,28.42,Strategy,Competitive|Co-op|Open World|Singleplayer,Linux|Windows,0.95,78943
103818,Game_3818,14.32,Action|Sports,Multiplayer|Competitive|Co-op|Open World,Linux,0.73,84467
103819,Game_3819,2.67,Strategy|Sports|Adventure,Story Rich|Multiplayer,Mac,0.62,64806
103820,Game_3820,16.4,Indie|Simulation|Adventure,Multiplayer|Singleplayer|Co-op,Windows,0.75,13737
103821,Game_3821,55.8,Simulation|Action,Competitive|Co-op|Multiplayer,Linux|Windows,0.7,6070
103822,Game_3822,16.5,RPG|Adventure,Multiplayer|Competitive|Singleplayer,Mac|Linux,0.9,56573
103823,Game_3823,30.02,Strategy|RPG|Sports,Singleplayer|Competitive|Co-op|Open World,Mac,0.92,13565
103824,Game_3824,3.0,Sports|Simulation,Singleplayer|Multiplayer|Open World,Windows|Linux|Mac,0.64,54970
103825,Game_3825,24.35,Strategy|Indie,Story Rich|Singleplayer|Competitive|Open World,Mac|Windows|Linux,0.93,54685
103826,Game_3826,41.39,Indie,Story Rich|Multiplayer|Open World|Co-op,Windows|Linux,0.87,47764
103827,Game_3827,56.1,Indie|Strategy,Singleplayer|Competitive,Linux|Mac|Windows,0.77,4469
103828,Game_3828,6.67,Strategy|Adventure,Story Rich|Multiplayer,Linux,0.81,31598
103829,Game_3829,43.77,Simulation|Sports,Multiplayer|Competitive|Singleplayer,Mac,0.89,21038
103830,Game_3830,47.71,Strategy|Simulation|Action,Multiplayer|Singleplayer|Open World,Mac|Windows|Linux,0.77,71914
103831,Game_3831,55.99,Adventure|Indie|Strategy,Story Rich|Multiplayer|Singleplayer|Co-op,Windows|Mac,0.69,7057
103832,Game_3832,14.54,Sports|Strategy|RPG,Singleplayer|Open World|Story Rich,Linux,0.7,29340
103833,Game_3833,8.11,Sports,Singleplayer|Multiplayer,Linux|Windows,0.68,96099
103834,Game_3834,40.1,Strategy|Action,Story Rich|Open World|Co-op|Singleplayer,Mac|Windows,0.95,36269
103835,Game_3835,44.0,Adventure,Singleplayer|Co-op|Story Rich|Competitive,Linux|Windows|Mac,0.9,82322
103836,Game_3836,59.19,Simulation,Competitive|Multiplayer|Co-op,Windows,0.94,78096
103837,Game_3837,52.43,Simulation|Adventure|RPG,Open World|Singleplayer|Competitive|Story Rich,Mac|Windows,0.96,72219
103838,Game_3838,5.35,Action,Competitive|Multiplayer|Story Rich|Singleplayer,Windows,0.69,1000
103839,Game_3839,14.13,Simulation|Action,Open World|Singleplayer|Story Rich|Multiplayer,Windows|Mac,0.63,5474
103840,Game_3840,3.31,Adventure,Open World|Competitive,Mac|Windows|Linux,0.69,36513
103841,Game_3841,29.4,Strategy,Story Rich|Open World|Competitive,Linux,0.9,47038
103842,Game_3842,58.98,Adventure|Simulation|Sports,Singleplayer|Multiplayer|Story Rich,Linux|Mac|Windows,0.76,50898
103843,Game_3843,12.58,RPG|Action,Competitive|Singleplayer,Windows|Linux|Mac,0.86,24402
103844,Game_3844,14.51,Indie,Competitive|Co-op|Story Rich|Singleplayer,Mac|Linux,0.97,22980
103845,Game_3845,12.03,Adventure|Strategy|Sports,Multiplayer|Competitive|Open World|Story Rich,Windows|Linux,0.85,34700
103846,Game_3846,4.56,Indie|Action,Multiplayer|Co-op|Competitive,Linux|Mac,0.72,19458
103847,Game_3847,29.09,Simulation|Action|Adventure,Co-op|Story Rich,Mac|Linux,0.71,18219
103848,Game_3848,16.84,RPG|Simulation|Strategy,Singleplayer|Co-op,Windows,0.77,60877
103849,Game_3849,55.75,Sports,Multiplayer|Open World|Story Rich|Singleplayer,Windows|Mac,0.8,66650
103850,Game_3850,14.47,RPG|Action,Co-op|Competitive,Mac|Windows,0.72,35678
103851,Game_3851,45.46,Indie|Action|Sports,Story Rich|Multiplayer,Windows,0.96,75965
103852,Game_3852,46.8,Strategy|RPG|Simulation,Story Rich|Singleplayer|Open World|Co-op,Windows|Mac,0.94,89789
103853,Game_3853,15.69,RPG|Indie,Multiplayer|Open World,Mac,0.74,10029
103854,Game_3854,59.7,Action|Sports,Competitive|Co-op|Story Rich|Singleplayer,Windows,0.74,57435
103855,Game_3855,59.08,RPG,Story Rich|Co-op,Linux,0.91,7892
103856,Game_3856,1.98,Adventure|Action|RPG,Competitive|Singleplayer,Linux|Mac|Windows,0.8,80685
103857,Game_3857,2.09,RPG|Action|Adventure,Singleplayer|Open World|Competitive,Mac|Windows|Linux,0.64,33553
103858,Game_3858,44.64,Action,Co-op|Singleplayer|Story Rich|Open World,Linux|Windows|Mac,0.77,37102
103859,Game_3859,14.97,Sports|Indie,Singleplayer|Open World|Story Rich|Co-op,Linux|Windows,0.7,33412
103860,Game_3860,33.64,Strategy,Story Rich|Singleplayer|Open World|Competitive,Linux|Mac,0.63,12837
103861,Game_3861,56.15,Adventure|Sports,Competitive|Open World,Mac,0.97,67055
103862,Game_3862,9.25,Adventure|Action|Simulation,Singleplayer|Multiplayer|Open World,Linux|Windows|Mac,0.94,39405
103863,Game_3863,44.25,Adventure|Sports|Strategy,Multiplayer|Story Rich,Linux|Mac|Windows,0.8,48483
103864,Game_3864,29.72,Sports|Simulation|Action,Co-op|Multiplayer|Open World,Linux|Mac|Windows,0.78,96107
103865,Game_3865,0.69,Simulation|Sports,Multiplayer|Story Rich,Windows,0.85,50428
103866,Game_3866,25.32,Strategy,Open World|Competitive,Windows|Linux,0.97,39969
103867,Game_3867,4.6,Simulation|Strategy|Indie,Co-op|Multiplayer,Mac|Linux,0.66,60576
103868,Game_3868,10.04,Indie,Co-op|Open World,Mac|Windows,0.67,77077
103869,Game_3869,32.21,Adventure,Singleplayer|Story Rich,Linux|Windows,0.94,41115
103870,Game_3870,2.52,RPG,Story Rich|Co-op,Windows|Linux,0.98,56782
103871,Game_3871,28.47,Adventure|Sports,Competitive|Multiplayer|Singleplayer,Windows,0.62,63662
103872,Game_3872,27.58,Sports|Action,Story Rich|Singleplayer|Co-op|Multiplayer,Linux,0.6,59557
103873,Game_3873,24.39,Simulation|RPG|Action,Competitive|Open World,Mac|Linux,0.83,4472
103874,Game_3874,45.76,Sports|Indie,Co-op|Story Rich|Open World|Singleplayer,Mac|Windows|Linux,0.84,50119
103875,Game_3875,5.53,RPG|Strategy,Singleplayer|Multiplayer|Story Rich,Mac|Linux|Windows,0.66,3029
103876,Game_3876,39.88,Simulation|Action,Multiplayer|Singleplayer|Open World|Story Rich,Mac,0.97,79274
103877,Game_3877,48.38,RPG|Indie,Competitive|Story Rich|Singleplayer,Windows|Linux|Mac,0.83,20537
103878,Game_3878,34.68,Indie|Simulation|Adventure,Story Rich|Co-op|Competitive,Linux|Windows,0.71,62369
103879,Game_3879,27.73,Adventure,Open World|Competitive,Mac|Linux,0.83,63879
103880,Game_3880,38.93,RPG|Adventure,Story Rich|Open World,Windows|Mac|Linux,0.71,64900
103881,Game_3881,9.36,RPG,Story Rich|Co-op|Multiplayer|Competitive,Windows|Mac|Linux,0.82,24864
103882,Game_3882,14.18,Adventure|Simulation,Story Rich|Co-op,Mac,0.74,26447
103883,Game_3883,25.53,Action|Strategy,Competitive|Singleplayer|Multiplayer|Open World,Windows,0.97,79335
103884,Game_3884,39.14,Action|Simulation,Co-op|Singleplayer|Competitive|Multiplayer,Linux|Mac,0.77,72922
103885,Game_3885,36.65,Simulation|Sports|Adventure,Singleplayer|Story Rich,Mac|Linux|Windows,0.72,25316
103886,Game_3886,8.94,Indie|Adventure,Singleplayer|Multiplayer,Windows,0.95,47131
103887,Game_3887,6.63,Strategy|Indie|Action,Co-op|Multiplayer,Mac|Linux|Windows,0.88,83727
103888,Game_3888,8.26,Simulation|Adventure|Indie,Singleplayer|Multiplayer|Co-op|Open World,Windows|Mac|Linux,0.89,88464
103889,Game_3889,16.69,Indie|Adventure|Action,Open World|Co-op|Multiplayer|Competitive,Windows|Linux|Mac,0.79,46375
103890,Game_3890,0.69,Indie|Simulation|Action,Co-op|Open World|Story Rich|Competitive,Linux,0.62,79690
103891,Game_3891,35.99,Indie|Simulation,Singleplayer|Story Rich|Multiplayer|Co-op,Mac,0.87,20932
103892,Game_3892,24.18,Indie,Multiplayer|Competitive|Story Rich|Co-op,Windows,0.74,95426
103893,Game_3893,55.53,Indie|Sports|Adventure,Singleplayer|Open World,Mac|Windows|Linux,0.8,87414
103894,Game_3894,22.65,Strategy|RPG|Adventure,Competitive|Co-op,Linux,0.74,23209
103895,Game_3895,26.53,Strategy,Open World|Competitive|Multiplayer|Co-op,Mac|Linux,0.88,66409
103896,Game_3896,7.22,Indie,Story Rich|Competitive|Singleplayer|Multiplayer,Windows,0.92,3308
103897,Game_3897,35.59,Sports,Story Rich|Multiplayer|Singleplayer,Linux,0.63,32200
103898,Game_3898,49.99,Sports|Indie,Competitive|Co-op|Story Rich|Singleplayer,Mac,0.86,83714
103899,Game_3899,7.8,Indie,Singleplayer|Story Rich,Windows|Mac,0.91,65491
103900,Game_3900,35.22,Adventure|RPG|Strategy,Open World|Singleplayer|Co-op,Linux|Windows,0.93,69057
103901,Game_3901,47.35,Adventure|RPG,Multiplayer|Open World,Mac|Windows|Linux,0.72,79569
103902,Game_3902,25.57,Indie,Co-op|Multiplayer|Story Rich|Singleplayer,Windows,0.84,8755
103903,Game_3903,21.11,Indie|Simulation|Strategy,Co-op|Open World|Story Rich|Multiplayer,Windows|Mac,0.98,7287
103904,Game_3904,39.66,Indie,Competitive|Singleplayer|Open World,Mac|Windows,0.68,92692
103905,Game_3905,53.57,Indie|RPG,Co-op|Competitive,Linux,0.98,30315
103906,Game_3906,1.8,Simulation,Open World|Story Rich|Co-op|Singleplayer,Mac|Windows|Linux,0.98,23337
103907,Game_3907,48.78,RPG,Singleplayer|Multiplayer|Co-op|Open World,Mac|Windows|Linux,0.81,81904
103908,Game_3908,45.45,Simulation|Strategy,Co-op|Open World|Singleplayer,Mac|Windows,0.66,18410
103909,Game_3909,58.48,Simulation|Adventure|RPG,Story Rich|Singleplayer|Multiplayer,Mac|Linux,0.77,85537
103910,Game_3910,7.1,Sports|Adventure|Indie,Story Rich|Multiplayer|Co-op|Singleplayer,Mac|Linux,0.84,79041
103911,Game_3911,48.88,Indie|Sports,Open World|Competitive,Windows,0.63,12251
103912,Game_3912,23.85,Strategy|Sports,Singleplayer|Story Rich|Multiplayer,Linux|Mac,0.74,20990
103913,Game_3913,19.21,Strategy|RPG,Open World|Co-op,Windows|Mac,0.61,15102
103914,Game_3914,57.42,Action|RPG|Adventure,Competitive|Co-op,Mac|Linux,0.77,54200
103915,Game_3915,26.75,Strategy|Action|Indie,Story Rich|Co-op|Multiplayer|Singleplayer,Linux,0.7,54800
103916,Game_3916,27.58,RPG|Adventure,Singleplayer|Story Rich,Mac|Linux|Windows,0.74,64406
103917,Game_3917,22.04,Simulation|Action,Open World|Competitive|Story Rich,Linux|Mac|Windows,0.76,18379
103918,Game_3918,7.48,Strategy|Sports|Adventure,Singleplayer|Open World|Competitive|Multiplayer,Windows|Mac|Linux,0.78,15861
103919,Game_3919,59.54,Sports|Adventure,Competitive|Singleplayer|Co-op,Windows|Mac|Linux,0.87,12981
103920,Game_3920,43.04,Simulation|Action|Adventure,Story Rich|Singleplayer,Windows|Linux|Mac,0.73,44291
103921,Game_3921,30.22,Indie|Simulation|Sports,Co-op|Multiplayer|Competitive,Mac|Windows,0.7,13909
103922,Game_3922,22.24,Simulation|Sports|Strategy,Competitive|Multiplayer|Singleplayer|Open World,Linux,0.71,63148
103923,Game_3923,59.54,Strategy|Simulation,Singleplayer|Story Rich|Multiplayer|Competitive,Windows|Linux|Mac,0.62,26625
103924,Game_3924,48.09,Action|Adventure,Story Rich|Co-op,Linux|Windows|Mac,0.77,34601
103925,Game_3925,48.03,Simulation,Multiplayer|Competitive|Story Rich|Co-op,Mac|Linux|Windows,0.96,27034
103926,Game_3926,8.42,Adventure|RPG,Multiplayer|Singleplayer,Mac|Linux|Windows,0.96,38279
103927,Game_3927,0.11,RPG|Sports|Adventure,Co-op|Open World,Windows|Linux|Mac,0.96,62129
103928,Game_3928,40.43,Indie|Simulation|Strategy,Competitive|Singleplayer,Linux,0.78,79120
103929,Game_3929,20.37,Sports|Indie,Singleplayer|Multiplayer|Story Rich|Open World,Linux,0.92,24418
103930,Game_3930,54.88,Sports,Co-op|Singleplayer|Competitive,Mac|Linux,0.77,32452
103931,Game_3931,36.75,Sports|Simulation|Action,Story Rich|Multiplayer|Open World|Competitive,Windows|Mac,0.81,9445
103932,Game_3932,6.45,Action|Adventure,Multiplayer|Singleplayer|Open World|Story Rich,Windows,0.81,75328
103933,Game_3933,1.13,Simulation|Indie,Open World|Competitive,Mac,0.86,46020
103934,Game_3934,8.19,Simulation|Adventure|Action,Singleplayer|Multiplayer,Windows|Linux|Mac,0.93,617
103935,Game_3935,45.57,Adventure|Action|Sports,Multiplayer|Competitive,Mac|Linux,0.91,33706
103936,Game_3936,4.96,Adventure,Story Rich|Open World|Co-op|Competitive,Windows,0.77,57652
103937,Game_3937,24.87,Indie,Open World|Multiplayer|Story Rich|Co-op,Linux,0.63,98656
103938,Game_3938,57.6,Action,Multiplayer|Story Rich|Open World|Singleplayer,Linux|Mac|Windows,0.67,7322
103939,Game_3939,52.2,Adventure,Open World|Story Rich,Windows,0.7,30846
103940,Game_3940,22.27,Sports|Adventure|Indie,Open World|Singleplayer|Story Rich|Co-op,Windows,0.8,94719
103941,Game_3941,58.02,Indie,Open World|Singleplayer|Competitive|Multiplayer,Mac,0.61,30563
103942,Game_3942,58.17,Simulation|Adventure|Indie,Singleplayer|Competitive|Co-op|Multiplayer,Mac,0.63,30816
103943,Game_3943,53.03,Strategy|Action,Multiplayer|Co-op|Singleplayer|Story Rich,Mac|Linux|Windows,0.87,99083
103944,Game_3944,24.95,Adventure|Action,Competitive|Co-op|Singleplayer|Story Rich,Linux|Windows,0.75,83871
103945,Game_3945,49.58,RPG,Competitive|Open World|Story Rich|Co-op,Linux|Mac,0.87,26715
103946,Game_3946,56.7,Simulation,Story Rich|Competitive|Singleplayer,Mac|Windows,0.88,2715
103947,Game_3947,31.71,RPG|Action|Adventure,Singleplayer|Open World,Linux|Windows|Mac,0.7,63684
103948,Game_3948,56.26,RPG|Action|Sports,Open World|Story Rich|Singleplayer,Mac,0.9,58170
103949,Game_3949,10.02,Indie|Strategy,Story Rich|Multiplayer|Competitive|Open World,Mac|Linux,0.62,98328
103950,Game_3950,5.75,Adventure|Indie|RPG,Story Rich|Co-op,Linux,0.73,73069
103951,Game_3951,20.79,Action,Singleplayer|Story Rich|Co-op,Windows|Linux|Mac,0.61,78588
103952,Game_3952,44.85,RPG|Indie,Story Rich|Multiplayer|Competitive,Linux,0.95,77236
103953,Game_3953,37.51,Simulation,Multiplayer|Co-op,Windows,0.84,92279
103954,Game_3954,10.96,RPG|Strategy,Competitive|Multiplayer,Windows,0.94,54813
103955,Game_3955,18.6,RPG,Multiplayer|Story Rich|Co-op,Mac|Windows,0.8,55858
103956,Game_3956,15.05,Strategy,Story Rich|Multiplayer,Windows|Mac,0.76,91075
103957,Game_3957,7.98,Indie,Open World|Story Rich,Linux|Windows|Mac,0.85,99747
103958,Game_3958,39.12,Strategy|Action|RPG,Singleplayer|Competitive|Multiplayer|Co-op,Windows|Linux,0.96,10508
103959,Game_3959,5.71,Sports|Action,Story Rich|Co-op|Competitive,Mac,0.96,48244
103960,Game_3960,28.14,RPG,Open World|Multiplayer,Windows|Linux,0.88,41199
103961,Game_3961,32.55,Action|Indie|RPG,Co-op|Multiplayer|Story Rich,Linux|Windows,0.66,93405
103962,Game_3962,54.86,Action|Adventure,Singleplayer|Multiplayer|Story Rich|Co-op,Windows|Linux,0.85,55403
103963,Game_3963,23.55,Action|Indie|Strategy,Singleplayer|Multiplayer|Open World|Story Rich,Linux|Mac|Windows,0.95,99372
103964,Game_3964,9.64,Indie|Adventure|Simulation,Singleplayer|Co-op|Story Rich|Multiplayer,Linux,0.61,85611
103965,Game_3965,5.6,RPG|Strategy|Action,Open World|Multiplayer|Competitive|Story Rich,Linux,0.65,96938
103966,Game_3966,32.66,Action,Co-op|Multiplayer|Story Rich|Singleplayer,Mac|Windows,0.89,17300
103967,Game_3967,4.04,Sports,Multiplayer|Open World|Story Rich|Singleplayer,Linux,0.74,98271
103968,Game_3968,6.65,RPG|Simulation|Strategy,Competitive|Multiplayer|Singleplayer|Open World,Linux|Windows|Mac,0.96,34759
103969,Game_3969,29.24,Simulation,Story Rich|Singleplayer,Mac|Linux,0.8,45013
103970,Game_3970,30.5,Indie,Competitive|Story Rich,Linux,0.77,76086
103971,Game_3971,41.16,Simulation|Sports|Strategy,Story Rich|Co-op,Windows|Mac,0.69,9301
103972,Game_3972,5.45,Adventure|Indie,Co-op|Competitive|Multiplayer,Windows,0.64,60014
103973,Game_3973,50.31,Adventure,Story Rich|Competitive|Multiplayer,Mac,0.9,38121
103974,Game_3974,0.46,Indie,Open World|Co-op,Mac|Linux|Windows,0.83,60503
103975,Game_3975,36.49,Sports|Strategy,Singleplayer|Competitive|Multiplayer|Co-op,Mac,0.77,46943
103976,Game_3976,17.18,Action|Adventure,Singleplayer|Multiplayer|Open World|Co-op,Mac|Windows|Linux,0.88,78080
103977,Game_3977,7.08,Simulation|Strategy,Competitive|Singleplayer,Linux|Mac|Windows,0.74,10531
103978,Game_3978,47.77,Strategy,Multiplayer|Co-op|Story Rich,Windows|Mac,0.69,24713
103979,Game_3979,10.62,Simulation,Open World|Singleplayer|Story Rich,Mac|Windows|Linux,0.61,57025
103980,Game_3980,49.65,Simulation|Strategy|RPG,Singleplayer|Open World,Windows,0.62,63672
103981,Game_3981,40.1,Adventure|Action|Simulation,Story Rich|Multiplayer|Singleplayer|Co-op,Linux|Windows|Mac,0.72,34098
103982,Game_3982,33.17,Strategy,Singleplayer|Open World|Co-op|Competitive,Linux,0.75,53468
103983,Game_3983,44.89,Action|Indie,Singleplayer|Competitive,Mac,0.7,84657
103984,Game_3984,15.2,Sports|Strategy|Action,Co-op|Singleplayer|Multiplayer,Windows|Mac,0.77,49043
103985,Game_3985,35.71,Indie,Co-op|Singleplayer,Mac|Windows,0.75,68298
103986,Game_3986,38.44,RPG|Indie,Story Rich|Multiplayer|Co-op|Singleplayer,Windows|Linux,0.92,77655
103987,Game_3987,12.45,Indie,Story Rich|Co-op|Competitive|Open World,Linux|Windows|Mac,0.66,87067
103988,Game_3988,9.4,Adventure|Sports|Simulation,Co-op|Competitive,Mac|Windows|Linux,0.97,85045
103989,Game_3989,24.46,Sports,Multiplayer|Open World,Mac|Windows|Linux,0.67,23617
103990,Game_3990,39.58,Action|Sports,Singleplayer|Story Rich,Mac|Linux,0.78,64587
103991,Game_3991,15.13,Action|Simulation,Competitive|Story Rich|Singleplayer,Mac|Linux|Windows,0.79,64423
103992,Game_3992,14.81,Sports|Adventure|Simulation,Multiplayer|Story Rich,Windows,0.79,55403
103993,Game_3993,34.13,Action|RPG,Open World|Multiplayer|Singleplayer,Mac,0.96,64273
103994,Game_3994,54.44,Sports,Singleplayer|Story Rich,Mac|Linux|Windows,0.91,24889
103995,Game_3995,40.13,Indie|RPG|Adventure,Competitive|Story Rich,Mac|Windows|Linux,0.75,82034
103996,Game_3996,15.26,Simulation|Strategy,Multiplayer|Open World|Singleplayer,Mac|Windows|Linux,0.92,9732
103997,Game_3997,56.73,Strategy|RPG,Open World|Competitive|Story Rich|Singleplayer,Linux,0.91,1850
103998,Game_3998,37.76,Strategy|RPG,Competitive|Open World|Singleplayer|Multiplayer,Mac|Windows,0.88,36686
103999,Game_3999,54.35,Simulation|Strategy,Singleplayer|Competitive|Multiplayer,Windows,0.69,66910
