app_id,name,release_date,game_genre,tags,summary,platform,categories,price,num_positive_review,num_negative_review,review_score_description,total_reviews,positive_ratio,metacritic_score,recommendations,is_free
946300,Shooting Chicken Insanity Chickens,04/10/18,Action | Indie,Action | Indie,The problem game of Kohei Gallery has been powered up and came back! Appears much easier to play than previous work! You can play intuitively with the mouse! Let's challenge with the skill of mouse operation!,windows,Family Sharing | Single-player | Steam Cloud,1.69,5.0,0.0,5 user reviews,5.0,1.0,,,False
783180,Fairune Collection,16/05/18,Adventure | RPG,1980s | 1990's | 2D | Adventure | Anime | Casual | Cute | Exploration | Fantasy | Female Protagonist | Hidden Object | Indie | JRPG | Loot | Pixel Graphics | Puzzle | RPG | Retro | Singleplayer | Top-Down,"Fairune Collection includes four games in one package – Fairune, Fairune 2, Fairune Origin and Fairune Blast!",windows,Family Sharing | Partial Controller Support | Single-player | Steam Achievements,7.19,83.0,11.0,Very Positive,94.0,0.882978723,,,False
391590,Dream Chamber,31/07/15,Adventure,Adventure | Point & Click,"Step into the shoes of Charlie, a private detective and rich heir, for whom humor is the best weapon! In Dream Chamber, uncover the culprit in this simultaneously breathtaking and dreamlike quest.",windows | mac,Family Sharing | Single-player,6.99,31.0,24.0,Mixed,55.0,0.563636364,,,False
755130,Snowglobe,08/02/18,Adventure | Indie,Adventure | Indie | VR,"Lost and alone, you awaken in a barren place, an isolated temple before you. Inside, a way out... Inspired by the point and click games of the past, Snowglobe is a virtual reality take on a familiar concept.",windows,Family Sharing | Single-player | Tracked Controller Support | VR Only,3.99,6.0,1.0,7 user reviews,7.0,0.857142857,,,False
238960,Path of Exile,23/10/13,Бесплатные | Инди | Многопользовательские игры | Приключенческие игры | Ролевые игры | Экшены,Action | Action RPG | Adventure | Character Customization | Dark Fantasy | Dungeon Crawler | Fantasy | Free to Play | Hack and Slash | Horror | Inventory Management | Isometric | Loot | MMORPG | Massively Multiplayer | Multiplayer | Online Co-Op | PvP | RPG | Singleplayer,"Вы - изгнанник, который пытается выжить в мрачном мире Рэкласта. Сражаясь за свою жизнь, вы накопите силу, которая поможет вам отомстить тем, кто обрёк вас на эту участь. Path of Exile - это онлайн Action RPG в тёмном фэнтэзийном мире. Игра полностью бесплатна и не имеет Pay-to-Win элементов.",windows,MMO | Remote Play на планшете | Внутриигровые покупки | Для нескольких игроков | Для одного игрока | Достижения Steam | Игрок против игрока | Игрок против игрока (по сети) | Коллекционные карточки Steam | Кооператив | Кооператив (по сети) | Полная поддержка контроллеров,0.0,202580.0,24304.0,Very Positive,226884.0,0.892879181,86.0,1051.0,True
889470,Another world: Truck driver,29/07/18,Indie | Simulation,Automobile Sim | Indie | Simulation,"The main idea of the game is to immerse oneself in the life of a truck driver, to tear one’s truck apart and re-assemble it, making it one’s perfect truck. Each delivered cargo can become a real trial.",windows,Family Sharing | Single-player,7.19,2.0,4.0,6 user reviews,6.0,0.333333333,,,False
422030,ReVeN: XBridge,22/05/17,Action | Indie | RPG,Action | Indie | RPG | Shoot 'Em Up,"XBridge is a 2D shooter online game set in the SciFi ReVeN universe. Construct your own levels and share them with the world using our intuitive built-in level editor. Unlock new ships, craft weapons, armor and abilities. XBridge has everything for a casual and hardcore gaming experience!",windows,Family Sharing | Includes level editor | Partial Controller Support | Single-player,6.99,8.0,6.0,Mixed,14.0,0.571428571,,,False
495550,Baskhead,19/07/16,Action | Casual | Sports,Action | Casual | Sports | VR,"Play basketball like you've never played before!This time you aren't the player, or even the ball - you're the hoop. Balls will be flying at your head (literally). Your goal is to catch them all, in rhythm and with skill!BASKHEAD is fun to play... and even funnier to watch!",windows,Family Sharing | Multi-player | PvP | Remote Play Together | Shared/Split Screen PvP | Single-player | Tracked Controller Support | VR Only,3.99,5.0,0.0,5 user reviews,5.0,1.0,,,False
758400,The Ultimate Heist,21/12/17,Action | Adventure | Casual | Indie | Simulation,Action | Adventure | Casual | Indie | Simulation,"Ever wanted to go on an adventure where you get to infiltrate some of the most High Security Vaults across the world? We have you covered, use the gadgets at your disposal to neutralize your foes!",windows | mac | linux,Family Sharing | Single-player | Steam Achievements | Steam Cloud | Steam Leaderboards,0.79,8.0,9.0,Mixed,17.0,0.470588235,,,False
586100,Heroes in the Sky-Origin,04/01/19,Action | Casual | Indie | RPG | Simulation | Strategy,Action | Casual | Indie | RPG | Simulation | Strategy,"HIS Origin, fighter, bomber, gunship, plane, WW2, WWII, 1942, battle, RPG, War",windows,Co-op | Family Sharing | In-App Purchases | Multi-player | Online Co-op | Online PvP | PvP | Single-player | Steam Achievements | Steam Trading Cards,2.0,0.0,20.0,Negative,20.0,0.0,,,False
1017100,Territory Idle,05/03/19,Free To Play | Indie | Strategy,2D | Clicker | Early Access | Free to Play | Idler | Indie | Pixel Graphics | Retro | Singleplayer | Strategy,"Strategic idle game. Develop the kingdom, then abdicate and get gold! For gold, you can buy new tiles and expand the territory.",windows,In-App Purchases | Remote Play on Tablet | Single-player | Steam Achievements | Steam Cloud,0.0,1270.0,320.0,Mostly Positive,1590.0,0.798742138,,,True
862250,Danger!Energy,20/12/18,Casual | Free To Play | Indie,Casual | Free to Play | Indie | Puzzle,Connect the points with neon rays to liberate virtual city of Santermonia from the Main Virtual Controller's tyranny.,windows,Single-player | Steam Achievements,5.19,9.0,0.0,9 user reviews,9.0,1.0,,,False
549400,Ironclads 2: War of the Pacific,15/11/16,Simulation | Strategy,Naval | Simulation | Strategy,"Create your fleet and army, hunt the enemy's fleet, hide your weak squadrons in protected ports until reinforcements arrive, blockade enemy trade routes, struggle for dominance over the seas! Command a battle formation and experience the power of iron and steam!",windows,Family Sharing | Single-player | Steam Achievements,6.99,24.0,13.0,Mixed,37.0,0.648648649,,,False
277460,Praetorians,11/04/14,Indie | Strategy,Classic | Historical | Indie | Multiplayer | RTS | Rome | Singleplayer | Strategy | War,"Praetorians is set amidst the political machinations of an emerging Roman Empire. You will be transported back to the dusty battlefields of Egypt, the combat theaters of Gaul and finally to the heart of the Empire itself, Italy in the crusade to become Emperor.",windows,Family Sharing | Multi-player | Single-player,3.99,533.0,123.0,Very Positive,656.0,0.8125,78.0,545.0,False
416790,The Metronomicon: Slay The Dance Floor,29/09/16,Action | Indie | RPG,2D | Action | Adventure | Co-op | Colorful | Comedy | Experimental | Fantasy | Fast-Paced | Funny | Indie | Local Multiplayer | Multiplayer | Music | Party-Based RPG | RPG | Rhythm | Side Scroller | Singleplayer | Soundtrack,A Rhythm Role-Playing Game! Fight party crashing monsters with the power of music! Level your party and upgrade your gear while dancing to the beat of some groovin' tunes. Grab a friend and combine forces in all game modes in The Metronomicon: Slay the Dance Floor!,windows | mac,Co-op | Family Sharing | Full controller support | Includes level editor | Multi-player | PvP | Remote Play Together | Shared/Split Screen | Shared/Split Screen Co-op | Shared/Split Screen PvP | Single-player | Steam Achievements | Steam Cloud | Steam Leaderboards | Steam Trading Cards,14.99,327.0,62.0,Very Positive,389.0,0.840616967,79.0,270.0,False
868080,Golf Galore,12/07/18,Casual | Early Access | Indie | Sports,Casual | Early Access | Golf | Indie | Mini Golf | Multiplayer | Sports,"Golf Galore is an online multiplayer Mini Golf game with crazy mechanics. You can teleport with portals, dodge saw blades, shoot out of cannons, and much more.",windows | mac,Cross-Platform Multiplayer | Family Sharing | Multi-player | Online PvP | PvP | Single-player | Steam Achievements,0.0,261.0,60.0,Very Positive,321.0,0.813084112,,117.0,True
403410,ARCADE GAME SERIES: Ms. PAC-MAN,19/04/16,Action,2D | Action | Arcade | Classic | Female Protagonist | Retro,"Developed in America and first released in 1981, Ms. PAC-MAN finally comes to Steam! Move Ms. PAC-MAN up, down, left, and right to avoid the ghosts and gobble up all the Pac-Dots!",windows,Family Sharing | Single-player | Steam Achievements | Steam Leaderboards,2.79,253.0,35.0,Very Positive,288.0,0.878472222,,272.0,False
786800,Puzzles By Axis,15/02/18,Casual | Indie,Casual | Indie,"Three simple and intuitive kinds of puzzles are ready to test your abilities of problem-solving. With a soft difficulty curve, going from relaxing puzzles to very complicated ones, countless hours of fun awaits you.",windows,Family Sharing | Single-player | Steam Achievements,3.99,2.0,0.0,2 user reviews,2.0,1.0,,,False
913500,Prank Masters ~ Otome Visual Novel,16/08/18,Indie | Simulation,Anime | Comedy | Dating Sim | Female Protagonist | Indie | Multiple Endings | Otome | Romance | Simulation | Singleplayer | Visual Novel,A romantic comedy otome visual novel where you play as a heroine prankster.,windows | mac | linux,Captions available | Family Sharing | Single-player,13.49,7.0,2.0,9 user reviews,9.0,0.777777778,,,False
560260,Super Blue Boy Planet,16/12/16,Free To Play | Indie,2D | Action | Adventure | Casual | Controller | Free to Play | GameMaker | Great Soundtrack | Indie | Multiplayer | Pixel Graphics | Platformer | Retro | Short | Singleplayer,SBBP is a 2D platformer with pixel graphics. Blue boy’s girlfriend is kidnapped by aliens so he goes through 21 levels to save her and he also fight bosses along the way.,windows,Full controller support | Single-player | Steam Achievements | Steam Cloud,0.0,2456.0,245.0,Very Positive,2701.0,0.909292854,,676.0,True
787640,Shoppe Keep 2 Character Creator Preview,05/02/18,Simulation,Character Customization | Nudity | Simulation,Jump into a preview of Shoppe Keep 2's whimsical character creator! Download now and receive an exclusive Golden Keeper outfit for your character in Shoppe Keep 2 when it launches!,windows,Single-player,0.0,12.0,4.0,Mostly Positive,16.0,0.75,,,True
965830,Deported: Drain the Swamp,05/11/18,Indie,2D Platformer | Action RPG | Action Roguelike | Aliens | Arcade | Casual | Comedy | Horror | Linear | Open World | Political Sim | Relaxing | Roguelike | Satire | Singleplayer | Space | Stealth | Survival Horror | Trading | Visual Novel,"Crankage Games brings you another hilarious tale full of satire and parody! Play as Ronald J. Grump, a secret agent hellbent on deporting illegal extraterrestrials from outer-space off of his home-planet! Follow Agent Grump as he drains the swamp, deports aliens, and makes Earth great again!",windows,Family Sharing | Full controller support | Single-player,0.79,49.0,8.0,Very Positive,57.0,0.859649123,,,False
350490,Love And Order,10/04/15,Casual | Indie,Anime | Casual | Dating Sim | Female Protagonist | Free to Play | Indie | Nudity | Otome | Visual Novel,"In the smallest district of Montreal, the Crown Attorney relies on the legal expertise of its lawyers; backed up by the support of a single hard-working secretary. Love And Order is a dating sim with 4 love interests.",windows | mac | linux,Partial Controller Support | Single-player | Steam Achievements | Steam Cloud | Steam Trading Cards,0.0,37.0,40.0,Mixed,77.0,0.480519481,,,True
72850,The Elder Scrolls V: Skyrim,10/11/11,RPG,Action | Action RPG | Adventure | Atmospheric | Character Customization | Dragons | Epic | Fantasy | First-Person | Great Soundtrack | Lore-Rich | Magic | Medieval | Moddable | Open World | RPG | Sandbox | Singleplayer | Story Rich | Third Person,"EPIC FANTASY REBORN The next chapter in the highly anticipated Elder Scrolls saga arrives from the makers of the 2006 and 2008 Games of the Year, Bethesda Game Studios. Skyrim reimagines and revolutionizes the open-world fantasy epic, bringing to life a complete virtual world open for you to explore any way you choose.",windows,Family Sharing | Partial Controller Support | Single-player | Steam Achievements | Steam Cloud | Steam Trading Cards | Steam Workshop,9.99,299995.0,16298.0,Very Positive,316293.0,0.948471828,94.0,181015.0,False
518000,Edge Guardian,21/09/16,Action | Early Access | Indie,Action | Early Access | Indie | VR,"Edge Guardian is a surreal-futuristic action beat-em-up for the HTC Vive. You have been summoned to defend the fringe of reality itself from a horde of reality-eating void cubes. Find yourself immersed in many different, eerie landscapes, punching your way through wave after wave of enemies.",windows,Family Sharing | Single-player | Steam Achievements | Steam Leaderboards | Tracked Controller Support | VR Only,4.99,9.0,0.0,9 user reviews,9.0,1.0,,,False
827420,Coin Pusher,13/02/19,Casual | Indie | Simulation | Strategy,2D | Arcade | Casual | Family Friendly | Indie | Pixel Graphics | Puzzle | Relaxing | Short | Simulation | Singleplayer | Strategy,Find the most addictive funfair machine and become the new king of Coin Pusher!,windows,Family Sharing | Single-player,0.79,43.0,34.0,Mixed,77.0,0.558441558,,,False
958960,Darwin's Test,07/12/18,Action | Adventure | Indie,Action | Adventure | Indie | Puzzle,Darwin’s Test is a first-person action and puzzle game that immerses you into a futuristic universe. You play as an amnesic patient following an experimental care protocol. Who are you ? Where are you ? So many questions to solve to discover the truth !,windows,Captions available | Co-op | Includes level editor | Multi-player | Online Co-op | Partial Controller Support | Single-player | Steam Achievements | Steam Cloud | Steam Workshop,6.99,42.0,17.0,Mostly Positive,59.0,0.711864407,,,False
854450,Arlo The Rabbit,23/05/18,Action | Adventure | Indie,Action | Adventure | Indie | Pixel Graphics | Platformer,"Welcome to Arlo's first adventure, in an old-school platformer fashion! Complete with amazing chiptune tracks!",windows,Family Sharing | Full controller support | Single-player,2.09,21.0,1.0,Positive,22.0,0.954545455,,,False
870000,AmazeD 3D,14/07/18,Adventure | Casual | Indie | RPG | Strategy,Adventure | Casual | Indie | RPG | Strategy,"Sharpen your brain - Widen your eyes - Grip your fingers. Here coming the Strange dream with full of puzzles, diverse landscapes, enchanting climate, spectacular villain and stunning little stories will take you to a RPG themed puzzle journey.",windows | mac,Family Sharing | Partial Controller Support | Single-player | Steam Achievements | Steam Leaderboards,0.79,4.0,8.0,Mostly Negative,12.0,0.333333333,,,False
264710,Subnautica,23/01/18,Aventura | Indie,Action | Adventure | Aliens | Atmospheric | Base Building | Crafting | Exploration | First-Person | Horror | Indie | Multiplayer | Open World | Open World Survival Craft | Sandbox | Sci-fi | Singleplayer | Survival | Survival Horror | Underwater | VR,"Desciende a las profundidades de un mundo submarino alienígena lleno de belleza y peligros. Crea equipamiento, pilota submarinos, terraforma el terreno, y burla los peligros para explorar exhuberantes arrecifes de coral, volcanes, sistemas de cuevas y más - Todo mientras intentas sobrevivir.",windows | mac,Compat. total con mando | Compatibilidad con RV | Compatible con RV | Cromos de Steam | Logros de Steam | Préstamo familiar | Remote Play en TV | Steam Cloud | Un jugador,19.49,277299.0,8826.0,Overwhelmingly Positive,286125.0,0.969153342,87.0,257807.0,False
943230,Thrill Rollercoasters,27/09/18,Action | Adventure | Indie | Simulation,Action | Adventure | Indie | Simulation | VR,FIVE unique rollercoasters that will thrill you to the max!,windows,Family Sharing | Single-player | Tracked Controller Support | VR Only,2.09,4.0,2.0,6 user reviews,6.0,0.666666667,,,False
12460,BC Kings,16/06/09,Strategy,Multiplayer | RTS | Strategy,"BC Kings features several new elements not commonly found in strategy games. In addition to gathering resources, training an army and defeating the enemy, you will have to solve adventure and role-playing elements as well. The campaign is built around the epic story of the brave hero Mradin, and his trusty old friend Giesnik.",windows,Family Sharing | Multi-player | Single-player,3.99,125.0,76.0,Mixed,201.0,0.621890547,,177.0,False
336140,Unavowed,08/08/18,Adventure | Indie | RPG,2D | Adventure | Atmospheric | Character Customization | Choices Matter | Dark | Dark Fantasy | Detective | Female Protagonist | Gothic | Indie | Magic | Multiple Endings | Mystery | Noir | Pixel Graphics | Point & Click | Singleplayer | Story Rich | Supernatural,"A demon has possessed you and used your body to tear a swath of bloodshed through New York. You are now free, but life as you knew it is over. Your only path forward is joining the Unavowed - an ancient society dedicated to stopping evil. No matter what the cost.",windows | mac,Captions available | Commentary available | Family Sharing | Single-player | Steam Achievements | Steam Cloud | Steam Trading Cards,10.99,2169.0,87.0,Overwhelmingly Positive,2256.0,0.96143617,87.0,1995.0,False
649510,Bullet VR,17/07/17,Action | Adventure | Casual | Indie,Action | Adventure | Casual | Indie | VR,"The year 2020. You are a real war hero, who has gone through a lot and seen a lot of bad things, but you has not seen anything like that. A huge threat has come to your favorite planet - the Earth.",windows,Family Sharing | Single-player | Steam Achievements | Tracked Controller Support | VR Only,3.99,8.0,12.0,Mixed,20.0,0.4,,,False
499900,Pulse Shift,29/08/16,Indie,First-Person | Indie | Puzzle,Crazy physics toy with various of abilities such as gravity and time manipulation in many abstract levels.,windows,Family Sharing | Single-player | Steam Achievements | Steam Cloud | Steam Trading Cards,5.99,8.0,6.0,Mixed,14.0,0.571428571,,,False
324770,eXperience 112,24/10/14,Adventure,Adventure | Female Protagonist | Point & Click,"An abandoned boat. A system of surveillance camera that works. A woman, Lea Nichols, only survivor of a team of researchers. Monitor, manage, search… Behind your camera, guide Lea Nichols to freedom but also to the truth. Be her eyes and ears to help fulfill her destiny! But be careful, remember that things are not always what they seem…",windows,Family Sharing | Single-player,6.99,62.0,43.0,Mixed,105.0,0.59047619,,,False
606520,Grisaia Phantom Trigger Vol.2,27/04/17,Adventure | Casual,Adventure | Anime | Casual | Cute | Dark | Nudity | Romance | Sequel | Sexual Content | Singleplayer | Story Rich | Violent | Visual Novel,"A VIP disappears en route to Japan, and it's up to Mihama students Rena, Tohka, Chris, and Murasaki to help investigate, with the twins from Kyousen Sakuragaoka in tow. Recovering the VIP pushes their minds and bodies to the brink, and to top it all off, Rena and Haruto’s past is revealed as well!",windows,Family Sharing | Partial Controller Support | Single-player | Steam Achievements | Steam Cloud | Steam Trading Cards,10.99,141.0,6.0,Very Positive,147.0,0.959183673,,136.0,False
502410,Airport Fire Department - The Simulation,26/08/16,Action | Simulation,Action | Simulation,"Move out with your team and experience tense missions. As a member of the airport fire department, you and your team extinguish massive aircraft fires and beat a path through the flickering flames.",windows,Family Sharing | Single-player | Steam Achievements,10.99,27.0,54.0,Mostly Negative,81.0,0.333333333,,,False
830410,Nogalious,08/08/18,Adventure | Indie,Action | Adventure | Indie | Pixel Graphics | Platformer | Retro | Singleplayer | Strategy,"Nogalious is a retro-style action platformer that pays homage to the era of classic 2D platforming on 8-bit personal computers. Explore 5 different worlds and go through cozy dungeons in the first title of a trilogy that tells the story of Nogalious, his daughter Mariet, and the evil Darama.",windows,Family Sharing | Full controller support | Single-player | Steam Achievements | Steam Leaderboards,7.19,8.0,6.0,Mixed,14.0,0.571428571,,,False
8330,Telltale Texas Hold ‘Em,17/06/08,Casual,2D | Card Battler | Card Game | Casual | Clicker | Colorful | Comedy | Cute | Gambling | Horror | Inventory Management | Point & Click | Post-apocalyptic | Psychological Horror | Simulation | Singleplayer | Survival Horror | Turn-Based | Turn-Based Strategy | Turn-Based Tactics,"Join poker's most outspoken players for a hand of Telltale Texas Hold'em, the card game stacked high with personality. Quips will fly, chips will fall, and you may just end up rolling in the aisles.This is your chance to play in a poker tournament against four characters of such lethal absurdity, you'll either die laughing or die trying.",windows,Family Sharing | Single-player,1.99,183.0,105.0,Mixed,288.0,0.635416667,,154.0,False
654990,Dude Simulator,13/07/17,Action | Adventure | Indie | Simulation,Action | Adventure | Arcade | Atmospheric | Comedy | Exploration | Fighting | First-Person | Funny | Gore | Indie | Multiplayer | Open World | Physics | Replay Value | Sandbox | Shooter | Simulation | Singleplayer | Violent,Dude Simulator is an open world sandbox game. This is a life simulator. The main objective is to enjoy what you are doing.,windows,Family Sharing | Single-player | Steam Trading Cards,3.99,1243.0,798.0,Mixed,2041.0,0.609015189,,1810.0,False
462770,Pyre,25/07/17,Action | Indie | RPG,Action | Adventure | Atmospheric | Choices Matter | Colorful | Fantasy | Great Soundtrack | Hand-drawn | Indie | Interactive Fiction | Local Multiplayer | Lore-Rich | Multiple Endings | Music | Party-Based RPG | RPG | Singleplayer | Story Rich | Stylized | Visual Novel,"Pyre is a party-based RPG from the creators of Bastion and Transistor. Lead your band of exiles to freedom through a series of mystical competitions in the Campaign, or challenge a friend to a fast-paced ritual showdown in the head-to-head Versus Mode.",windows | mac | linux,Captions available | Family Sharing | Full controller support | Multi-player | PvP | Remote Play Together | Remote Play on Phone | Remote Play on TV | Remote Play on Tablet | Shared/Split Screen PvP | Single-player | Steam Achievements | Steam Cloud | Steam Trading Cards,15.49,8021.0,837.0,Very Positive,8858.0,0.905509144,82.0,7937.0,False
553450,The Purge Day,25/11/16,Action | Indie,Action | Aliens | Bullet Time | Dark | Demons | First-Person | Horror | Indie | Post-apocalyptic | VR | Violent,"The Purge Day is the first person narrative, immersive horror shooter designed exclusively for VR. Choose your weapon and fight against alien swarm in Asian agglomeration.",windows,Family Sharing | Full controller support | Single-player | Steam Achievements | Steam Trading Cards | Tracked Controller Support | VR Only,1.99,28.0,20.0,Mixed,48.0,0.583333333,,,False
862160,Comet Crasher,13/02/19,Action | Free To Play | Indie,Action | Arcade | Fast-Paced | Free to Play | Indie | Platformer | Replay Value | Score Attack | Singleplayer,"Soar, shoot and dodge - but don't stop moving. Fall down at breakneck speeds in this fast-paced platformer filled with chaos and explosions.",windows,Full controller support | Single-player | Stats | Steam Achievements | Steam Cloud | Steam Leaderboards,0.0,66.0,7.0,Very Positive,73.0,0.904109589,,,True
671810,The Adventures of Capitano Navarro,04/08/17,Action | Adventure | Indie | RPG,Action | Adventure | Indie | RPG,"A pirate on the sea of dreams navigates on a quest to save Verdefolhas, the fairy queen, from the terrible Buffoon, who seeks to create a chimerical empire in the oniric lands. However, in order to complete his mission, CAPITANO NAVARRO will need to face the challenges found in this psychedelic world!",windows | mac | linux,Family Sharing | Partial Controller Support | Single-player | Steam Achievements,7.19,18.0,38.0,Mostly Negative,56.0,0.321428571,,,False
740720,Masked and Mysterious,18/11/17,Indie,Action | Atmospheric | Dark | First-Person | Historical | Horror | Indie | Lore-Rich | Memes | Mystery | Psychological Horror | Puzzle | Resource Management | Simulation | Singleplayer | Stealth | Story Rich | Supernatural | Survival | Survival Horror,"Enter a twisted world, in which nothing is as it seems. You play the role of a father, who wakes up on a traumatic night to find his children missing. You start finding clues about possible whereabouts and.....",windows,Family Sharing | Single-player,7.19,2.0,4.0,6 user reviews,6.0,0.333333333,,,False
368970,Haywire on Fuel Station Zeta,24/09/15,Adventure | Indie,Adventure | Indie,"Something has gone horribly wrong on fuel station Zeta. All of the robots have gone haywire. It is up to you, a lone maintenance bot, to help a friendly space traveler fuel up his ship and get home. Explore your way through a dangerous labyrinth of traps and hostile robots.",windows,Family Sharing | Partial Controller Support | Single-player | Steam Achievements | Steam Trading Cards,2.79,18.0,8.0,Mixed,26.0,0.692307692,,,False
885730,Aerial Guardian,23/07/18,Action | Early Access | Free To Play | Indie | Strategy,Action | Early Access | FPS | Free to Play | Indie | Strategy,Aerial Guardian is a large scale multiplayer battle first person shooter. Choose from several classes and play as a soldier to embroil yourself in a space fleet battle. Choose from a variety of over 20 weapons and several vehicles including mechs.,windows,Multi-player | Online PvP | PvP | Single-player,0.0,23.0,58.0,Mostly Negative,81.0,0.283950617,,,True
324570,Halo: Spartan Strike,16/04/15,Action,Action | Adventure | Aliens | Co-op | Futuristic | Great Soundtrack | Isometric | Multiplayer | RTS | Sci-fi | Shooter | Singleplayer | Strategy | Third Person | Third-Person Shooter | Top-Down | Top-Down Shooter | Touch-Friendly | Twin Stick Shooter,"Halo: Spartan Strike makes you a Spartan supersoldier battling evil forces. Delve into 30 challenging missions through cities and jungles using a devastating arsenal of weapons, abilities and vehicles including the iconic Warthog against the Covenant and Promethean enemies. *DirectX feature level 10 required*",windows,Family Sharing | Partial Controller Support | Single-player | Steam Achievements | Steam Cloud | Steam Leaderboards,1.99,1196.0,290.0,Very Positive,1486.0,0.804845222,,1416.0,False
773640,Colony On Mars,04/01/18,Casual | Indie | Simulation | Strategy,Base Building | Casual | Indie | Simulation | Strategy,"You play as an astronaut in a colony on Mars and you need to upgrade your colony, build new constructions and collect resources",windows,Family Sharing | Single-player | Steam Achievements,1.69,11.0,36.0,Mostly Negative,47.0,0.234042553,,,False
906920,Political puzzle,07/08/18,Action | Casual | Indie,Action | Casual | Indie,Political Puzzle - slide puzzle game. You need solve the puzzle as fast as you can.,windows,Family Sharing | Single-player | Steam Achievements,0.79,43.0,48.0,Mixed,91.0,0.472527473,,,False
440420,True Fear: Forsaken Souls,19/10/16,Adventure | Casual,2D | Adventure | Atmospheric | Casual | Dark | Detective | Exploration | Female Protagonist | First-Person | Hidden Object | Horror | Indie | Minimalist | Mystery | Point & Click | Psychological Horror | Puzzle | Singleplayer | Story Rich | Survival Horror,"True Fear: Forsaken Souls takes the best of the psychological thriller, blending in fun and intuitive gameplay mechanics. Episode 1, the first in a trilogy, will long be remembered.",windows | mac,Captions available | Family Sharing | Full controller support | Single-player | Steam Achievements | Steam Cloud | Steam Trading Cards,5.99,828.0,74.0,Very Positive,902.0,0.917960089,,775.0,False
303390,Dead Bits,07/06/14,Action | Casual | Indie,Action | Casual | Difficult | FPS | First-Person | Funny | Great Soundtrack | Horror | Indie | Multiplayer | Pixel Graphics | Shooter | Singleplayer | Voxel | Zombies,"Quilly was abducted by aliens, now, he has to fight for his freedom! Destroy cube aliens with guns, bats and inteligence... avoid traps and more. Dead Bits is a first-person shooter with original dubstep soundtrack for Windows and Mac.",windows | mac,Family Sharing | Single-player | Steam Trading Cards,0.79,4981.0,3419.0,Mixed,8400.0,0.59297619,,3458.0,False
494850,VeeR Pong,29/05/17,Casual | Simulation | Sports,Casual | Simulation | Sports | VR,So you think you are pretty good at throwing ping pong balls into plastic cups? Well we will see about that hot shot. Welcome to VeeR Pong.,windows,Cross-Platform Multiplayer | Family Sharing | Multi-player | Online PvP | PvP | Single-player | Stats | Steam Achievements | Steam Leaderboards | Tracked Controller Support | VR Only,3.99,2.0,2.0,4 user reviews,4.0,0.5,,,False
454720,RAM BOE,04/04/16,Adventure | Casual | Free To Play,3D | Adventure | Arcade | Cartoony | Casual | Colorful | Cute | Family Friendly | Free to Play | Grid-Based Movement | Indie | Level Editor | Linear | Nature | Old School | Puzzle | Relaxing | Singleplayer | Sokoban,"RAM BOE is a casual puzzle game inspired by the classic Sokoban, where you control a fluffy ram called Boe in his quest to defeat the evil Jotun Thrym and free all of his victim's souls.",windows | mac | linux,Family Sharing | Full controller support | Single-player | Steam Achievements | Steam Trading Cards,1.59,19.0,8.0,Mostly Positive,27.0,0.703703704,,,False
291190,Heroes of Steel RPG,23/04/14,Indie | RPG | Strategy,2D | Difficult | Dungeon Crawler | Fantasy | Indie | Medieval | Old School | Party-Based RPG | Perma Death | RPG | Roguelike | Roguelite | Story Rich | Strategy | Strategy RPG | Tactical | Turn-Based | Turn-Based Combat | Turn-Based Strategy | Turn-Based Tactics,Heroes of Steel is a tactical RPG set in a grim post-apocalyptic fantasy world. Coordinate your party of four heroes in turn-based combat and navigate a engaging world and story.,windows | mac | linux,Family Sharing | Single-player | Steam Achievements | Steam Leaderboards | Steam Trading Cards,6.99,212.0,60.0,Mostly Positive,272.0,0.779411765,,210.0,False
345610,The Fruit of Grisaia,29/05/15,Adventure | Casual,Action | Adventure | Anime | Casual | Choices Matter | Comedy | Cute | Dating Sim | Great Soundtrack | Mature | Multiple Endings | Nudity | Psychological | Psychological Horror | Romance | Sexual Content | Singleplayer | Story Rich | Violent | Visual Novel,"SIX FRUITS BARE THEIR FANGS AT THE WORLD. --The academy was their orchard. In this place of learning, protected by high walls from the outside world, there arrived a single young man who'd lost his purpose in life. He'd lost sight of what he wanted to protect.",windows,Family Sharing | Single-player | Steam Cloud | Steam Trading Cards,29.99,968.0,70.0,Very Positive,1038.0,0.93256262,,955.0,False
940520,Attractorache,27/09/18,Casual | Indie,Casual | Indie | Nudity | Puzzle | Sexual Content,"The earth mother gave birth to three young girls, and in them lay the secret of the dimension. As long as the master of the dimensional mystery can master the fate of the earth, the evil dimensional beasts know these, they Abduct the earth maiden and lock them in the most dangerous place in the universe, this place is the great source.",windows,Family Sharing | Single-player | Steam Achievements | Steam Cloud,1.69,37.0,19.0,Mixed,56.0,0.660714286,,,False
763950,T-Rex Time Machine,07/12/17,Adventure | Indie | RPG,Adventure | Choose Your Own Adventure | Dinosaurs | Indie | RPG | Text-Based,Face the world's fiercest dinosaurs and make it back to the future in one piece! You're a physics student with a dream: travel back in time and document the world of dinosaurs. Can you survive the terrors of the Tyrannosaurus rex?,windows | mac | linux,Captions available | Family Sharing | Single-player | Steam Achievements | Steam Cloud,2.89,3.0,4.0,7 user reviews,7.0,0.428571429,,,False
223330,Sea Dogs: To Each His Own - Pirate Open World RPG,01/12/12,RPG,3D | Action | Action RPG | Adventure | Character Customization | Choices Matter | Historical | Multiple Endings | Naval | Naval Combat | Open World | Pirates | RPG | Replay Value | Romance | Sailing | Sandbox | Singleplayer | Story Rich | Third Person,1654 AC. The Caribbean. A place of opportunities and mysteries.,windows,Family Sharing | Single-player | Steam Achievements | Steam Cloud | Steam Trading Cards,10.99,1693.0,597.0,Mostly Positive,2290.0,0.73930131,,1870.0,False
846370,OboStar,01/05/18,Action | Casual | Indie | Strategy,Action | Casual | Indie | Strategy,Obostar is a unique skill puzzle game. Pilot your ship and touch the colored orbs to collect them.,windows,Family Sharing | Single-player,1.99,3.0,7.0,Mostly Negative,10.0,0.3,,,False
821320,SPAGHET,13/04/18,Casual | Indie | Strategy,Casual | Funny | Horror | Indie | Memes | Psychological Horror | Strategy,"Very few can resist the temptation of a warm plate of Spaghet... nor can you. You settle down, ready to sink your hands into that stringy goodness, but there's a problem: That's not your Spaghet. This isn't even your house, and the current residents don't appreciate having their food slapped around.",windows,Family Sharing | Single-player | Steam Leaderboards,1.69,160.0,13.0,Very Positive,173.0,0.924855491,,137.0,False
326410,Windward,12/05/15,Action | Adventure | Indie | RPG,Action | Adventure | Choose Your Own Adventure | Co-op | Economy | Exploration | Indie | MMORPG | Multiplayer | Naval | Naval Combat | Open World | Pirates | Procedural Generation | RPG | Sailing | Sandbox | Singleplayer | Strategy | Trading,Windward is an action-filled multiplayer sandbox game that puts you in control of a ship sailing the high seas of a large procedurally-generated world.,windows | mac | linux,Co-op | Cross-Platform Multiplayer | Family Sharing | Full controller support | Multi-player | Single-player | Steam Achievements | Steam Cloud | Steam Trading Cards,6.99,2844.0,711.0,Very Positive,3555.0,0.8,61.0,2620.0,False
424170,The fall of gods,18/12/15,Action | Adventure | Indie | RPG | Strategy,Action | Action RPG | Adventure | Fantasy | Indie | Magic | RPG | RPGMaker | Strategy,"Old-school Action-RPG. The Fall of Gods is an indie game humbly inspired by Action-RPG you used to play on 16-bit consoles (zelda, secret of mana, alundra...). It was played by more than 75’000 gamers on PC and Xbox so far.",windows,Family Sharing | Full controller support | Single-player | Steam Trading Cards,2.09,41.0,11.0,Mostly Positive,52.0,0.788461538,,,False
335430,Grimoire: Manastorm,26/10/17,Action | Free To Play | Indie,Action | Early Access | FPS | Fast-Paced | First-Person | Free to Play | Indie | Magic | Medieval | Multiplayer | Shooter | Third-Person Shooter,"A free multiplayer wizard FPS which features six classes to master with thousands of possible spell loadouts. Choose your class of magic, customize your spell book with dozens of abilities, and battle against others for supremacy in FFA or Conquest, or go solo to survive against waves of the undead.",windows,Multi-player | Online PvP | Partial Controller Support | PvP | Steam Trading Cards,0.0,695.0,320.0,Mixed,1015.0,0.684729064,,,True
696370,BROKE PROTOCOL: Online City RPG,26/08/17,Action | Adventure | Casual | Free To Play | Indie | Massively Multiplayer | RPG | Simulation,Action | Action-Adventure | Artificial Intelligence | Casual | Cute | FPS | First-Person | Indie | Level Editor | Life Sim | Moddable | Multiplayer | Nudity | Old School | Open World | RPG | Sandbox | Shooter | Violent | Voxel,"A fully moddable city sandbox with jobs, NPCs, apartments, garages, gangs, and more. Broke Protocol is an open-world action game focused on roleplaying and custom content. Define your goals and identity in a persistent, reactive world where you write your own story.",windows,Co-op | Cross-Platform Multiplayer | Includes level editor | LAN Co-op | LAN PvP | MMO | Multi-player | Online Co-op | Online PvP | PvP | Single-player | Steam Trading Cards | Steam Workshop,3.99,2290.0,765.0,Mostly Positive,3055.0,0.749590835,,1616.0,False
286300,Algo Bot,14/02/18,Indie,3D | Dark Humor | Indie | Logic | Programming | Puzzle | Robots | Sci-fi | Singleplayer | Space,"Algo Bot is puzzle game that takes place deep inside the Europa, a pan-galactic colonisation ship, where a recycling mission goes horribly wrong. Use your algorithm special skills to command Algo Bot, a service droid, and help PAL, a cantankerous line manager, to contain the crisis.",windows | mac | linux,Family Sharing | Single-player | Steam Achievements | Steam Cloud | Steam Trading Cards,7.19,132.0,27.0,Very Positive,159.0,0.830188679,,131.0,False
1016690,DUST-UP,22/02/19,Action | Early Access | Indie | Simulation | Sports,Action | Character Customization | Early Access | Fighting | Funny | Indie | Local Multiplayer | Multiplayer | Physics | Simulation | Singleplayer | Sports | Walking Simulator,Experience the craziest tournament with different physics-based animated fighters! Start the fight immediately or create your own character with unique moves. The dust-up is starting now.,windows,Family Sharing | Multi-player | Partial Controller Support | PvP | Remote Play Together | Shared/Split Screen | Shared/Split Screen PvP | Single-player | Steam Achievements,6.99,4.0,0.0,4 user reviews,4.0,1.0,,,False
949420,The Energy Lab,01/01/19,Adventure | Indie,Adventure | Indie | VR,"You find yourself at the threshold of an abandoned lab containing technology of unknown origins. Welcome to The Energy Lab. You've found your way in, now find a way out.",windows,Single-player | Tracked Controller Support | VR Only,0.0,22.0,11.0,Mixed,33.0,0.666666667,,,True
329000,Data Hacker: Corruption,22/10/14,Adventure | Indie | RPG | Simulation,Adventure | Indie | JRPG | RPG | RPGMaker | Simulation,"What if there were virtual realms that exist just beyond our reach? What if an online game became the bridge? The worlds are changing rapidly, with each side vying for a position that will secure their realm's future. In the coming war, on which side do you stand?",windows,Family Sharing | Partial Controller Support | Single-player,1.99,66.0,68.0,Mixed,134.0,0.492537313,,,False
428080,Racket: Nx,17/07/18,Action | Indie | Sports,Arcade | Casual | Co-op | Colorful | Fast-Paced | First-Person | Indie | Level Editor | Moddable | Multiplayer | Music | Pinball | PvP | Retro | Simulation | Singleplayer | Soundtrack | Sports | Stylized | VR,Racquetball meets Breakout inside a giant pinball machine! Racket: Nx is a new kind of game that challenges the limits of what you can do with a racket and ball in VR.,windows,Co-op | Cross-Platform Multiplayer | Family Sharing | Multi-player | Online Co-op | Online PvP | PvP | Single-player | Steam Leaderboards | SteamVR Collectibles | Tracked Controller Support | VR Only,15.49,497.0,21.0,Overwhelmingly Positive,518.0,0.959459459,,470.0,False
438770,Street Posse Showdown,21/11/16,Early Access | Indie | RPG | Strategy,Early Access | Indie | RPG | Strategy,This is an isometric comedic tactical RPG that take place in a modern urban setting. Gather your posse together and beat the living shit out of your foes in order to strike for a better future. Health insurance not included.,windows,Family Sharing | Partial Controller Support | Single-player,14.99,0.0,4.0,4 user reviews,4.0,0.0,,,False
444550,Void 21,04/04/16,Action | Indie | Racing,Action | Fast-Paced | Indie | Procedural Generation | Racing | Runner | Singleplayer | VR,"Void 21 is a procedurally generated, arcade style, fast-paced runner and shooter. You are a pilot training with the highly maneuverable and lethal Void ship. Your objective is to reach the end of the level, either as quickly or as violently as possible (or both?).",windows | mac | linux,Family Sharing | Full controller support | Single-player | Steam Achievements | Steam Cloud | Steam Trading Cards | VR Support | VR Supported,3.99,25.0,5.0,Positive,30.0,0.833333333,,,False
238430,Contagion,25/10/13,Action | Adventure | Indie,3D | Action | Adventure | Atmospheric | Co-op | Competitive | FPS | First-Person | Horror | Level Editor | Local Co-Op | Local Multiplayer | Moddable | Post-apocalyptic | PvE | PvP | Shooter | Survival | Survival Horror | Zombies,"Contagion isn't your average Zombie Shooter but instead takes a more realistic and different approach to the popular genre with unique characters, environments, weapons, items, and a built in system that makes every round completely unpredictable with resources, objectives, and paths ever changing.",windows,Captions available | Co-op | Family Sharing | Includes level editor | Multi-player | Online Co-op | Online PvP | Partial Controller Support | PvP | Single-player | Stats | Steam Achievements | Steam Cloud | Steam Leaderboards | Steam Trading Cards | Steam Workshop,6.99,11075.0,4144.0,Mostly Positive,15219.0,0.727708785,62.0,9641.0,False
872380,Banzo - Marks of Slavery,06/08/18,Casual | Indie | Simulation | Strategy,2D | Auto Battler | Casual | Comic Book | Emotional | Faith | Female Protagonist | Historical | Indie | Linear | Management | Martial Arts | Pixel Graphics | Resource Management | Singleplayer | Strategy | Time Management | Top-Down | Turn-Based Strategy | Wargame,"Banzo - Marks of Slavery is a turn-based strategy and resource management game. Command the Vulture's Quilombo, at Brazil imperial age, and be responsible for organizing, producing food, protecting the quilombo, attacking farms and releasing enslaved people.",windows,Family Sharing | Single-player | Steam Achievements,4.79,32.0,3.0,Positive,35.0,0.914285714,,,False
887400,The Great Geometric Multiverse Tour,27/08/18,Action | Adventure | Indie,Abstract | Action | Adventure | Bullet Hell | Colorful | Cult Classic | Difficult | FPS | Fast-Paced | First-Person | Funny | Great Soundtrack | Indie | Roguelike | Roguelite | Sandbox | Shoot 'Em Up | Singleplayer | Soundtrack,"LIBERATE THE GEOMETRIC PEOPLE AND SAVE THE MULTIVERSE! Fight through the randomly chosen universes of the Geometric Multiverse, arming yourself to the teeth with insane weaponry and mutating your mind, body, and soul with the unrelenting power of genetically altering pills.",windows | mac | linux,Family Sharing | Full controller support | Single-player | Steam Achievements,10.29,281.0,78.0,Mostly Positive,359.0,0.782729805,,,False
642770,Vinyl Reality,16/11/17,Audio Production | Indie | Simulation,Audio Production | Education | Immersive Sim | Indie | Music | Simulation | VR,Vinyl Reality is the most realistic and authentic simulation of DJing with vinyl in VR. Load and mix your own tracks with two fully-functional turntables and a DJ mixer. Easily record or stream sets from awesome audio reactive stages. Personalize your experience with custom environments and avatars.,windows,Single-player | Tracked Controller Support | VR Only,14.99,146.0,11.0,Very Positive,157.0,0.929936306,,151.0,False
527760,Just Hero,28/09/16,Casual | Indie,Casual | Indie | Platformer,"Just Hero - a classic platformer about a green man in a hat which, by the will of destiny, is meant to become a hero. This game has it all: an intricate storyline, betrayal, death, tragedy, and finally, revenge!",windows,Family Sharing | Full controller support | Single-player | Steam Achievements | Steam Trading Cards,0.79,173.0,165.0,Mixed,338.0,0.51183432,,101.0,False
941320,Mariner Accident,10/10/18,Action | Adventure | Casual | Indie | RPG,Action | Adventure | Casual | Gore | Indie | RPG | Violent,"Sci-Fi setting. Kill enemies and takeloot or perks. Influence weapon power, your health, position, time speed and other parameters.",windows | mac | linux,Family Sharing | Single-player | Stats,0.79,8.0,0.0,8 user reviews,8.0,1.0,,,False
559870,PAKO - Car Chase Simulator,10/01/17,Action | Indie | Racing,4 Player Local | Action | Arcade | Driving | Great Soundtrack | Indie | Local Multiplayer | Racing,"PAKO - Car Chase Simulator is a tough as nails arcade driving game where you try to survive as long as possible without crashing your car in a police chase situation. Controls are simple, there is constant acceleration and choice to boost or brake a bit. One hit and you are dead.",windows | mac,Family Sharing | Full controller support | Multi-player | PvP | Remote Play Together | Shared/Split Screen | Shared/Split Screen PvP | Single-player | Stats | Steam Achievements | Steam Leaderboards | Steam Trading Cards,2.09,138.0,44.0,Mostly Positive,182.0,0.758241758,,163.0,False
587000,First Strike: Final Hour,30/05/17,Action | Indie | Strategy,3D | Action | Atmospheric | Cold War | Destruction | Diplomacy | Fast-Paced | Military | Modern | Philosophical | Political | Political Sim | RTS | Real-Time | Simulation | Space | Strategy | Tactical | War | Wargame,FIRST STRIKE is a fast paced real time strategy game where you play one of the twelve biggest nuclear superpowers of the world – from known superpowers like the USA to an upstart hellraiser like North Korea – and try to be the last one remaining when the whole world blows to smithereens.,windows | mac,Family Sharing | Single-player | Steam Achievements | Steam Trading Cards,8.99,1341.0,371.0,Mostly Positive,1712.0,0.783294393,,1600.0,False
436140,Empire of the Gods,27/01/16,Casual | Indie,Board Game | Card Game | Casual | Character Customization | Historical | Indie | Point & Click | Puzzle | Singleplayer | Strategy | Tabletop,"Ancient Egypt cards. Master power, wealth, faith and life. Work your way up from a small tribe to a flourishing Empire. Win the Gods' favor and become the mightiest Pharaoh.",windows | mac | linux,Family Sharing | Remote Play on Phone | Remote Play on Tablet | Single-player | Steam Achievements | Steam Cloud | Steam Trading Cards,1.59,52.0,20.0,Mostly Positive,72.0,0.722222222,,,False
810200,blue.,21/03/18,Casual | Free To Play | Indie,Casual | Free to Play | Indie,"blue. is the part puzzle game, part visual novel, story of a young cubie growing up in a colorful mined out world of gems. Play as Violet through their adolescence, meet their friends and family and learn about the Cubie world. And most of all learn when it takes to succeed in this underground place.",windows,Single-player,0.0,57.0,42.0,Mixed,99.0,0.575757576,,,True
965940,Qu-tros,26/11/18,Casual | Strategy,Casual | Free to Play | Puzzle | Strategy,Qu-tros is hyper hard unofficial variant of Tetris,windows | linux,Family Sharing | Full controller support | Single-player,0.0,20.0,20.0,Mixed,40.0,0.5,,,True
325420,Homebrew - Patent Unknown,14/11/14,Action | Adventure | Early Access | Indie | Racing | Simulation | Sports,Automobile Sim | Building | Choose Your Own Adventure | Crafting | Design & Illustration | Driving | Early Access | Education | Exploration | Game Development | Immersive Sim | Mechs | Programming | PvP | Racing | Robots | Sandbox | Science | Space | Transportation,"Unleash your creativity and craft anything from flying cars to jet-powered toilets.Fair warning: there's a learning curve. But once you've got it, the sky's the limit for your creations!While active development is paused, we focus preserving the game and keeping it accessible.",windows,Family Sharing | Multi-player | Online PvP | Partial Controller Support | PvP | Single-player | Steam Workshop,13.99,708.0,258.0,Mostly Positive,966.0,0.732919255,,828.0,False
878500,Captain The Runner,10/08/18,Casual | Indie,2D | Arcade | Casual | Indie | Minimalist | Pixel Graphics | Retro | Runner | Singleplayer | Top-Down,"Captain The Runner is an endless runner game based on retro graphics, where the player must avoid colliding with the cars, buses, spaceships, water bodies and much more.",windows | linux,Family Sharing | Single-player | Steam Achievements,0.79,5.0,8.0,Mostly Negative,13.0,0.384615385,,,False
384180,Prominence Poker,12/12/16,Casual | Free To Play | Massively Multiplayer | Simulation | Strategy,Atmospheric | Card Game | Casual | Character Customization | Early Access | Free to Play | Gambling | Massively Multiplayer | Multiplayer | Simulation | Strategy,"Welcome to Prominence Poker, a card game that pits players from around the world against each other – and devious AI – to build the rep, prestige, and bankroll needed to be, and beat, the best of the best.",windows,Full controller support | In-App Purchases | Multi-player | Online PvP | PvP | Single-player | Steam Achievements | Steam Trading Cards,0.0,6481.0,1225.0,Very Positive,7706.0,0.841032961,,,True
766850,Vaporwave Simulator,01/01/18,Casual | Indie | Simulation,Casual | Indie | Memes | Simulation,It's all in your head.,windows | mac,Family Sharing | Single-player,0.79,53.0,29.0,Mixed,82.0,0.646341463,,,False
1008850,Bounty Hunter,21/01/19,Adventure | Casual | Indie | RPG,Adventure | Casual | Indie | RPG,"In the game, you are a bounty hunter, and your daily job is to take on all kinds of monster hunting tasks to earn commissions. Now the northern town of SnowField has been attacked by wolves. Many bounty hunters have been there and no return, and you have also received an invitation from the mayor.",windows,Family Sharing | Partial Controller Support | Single-player | Steam Achievements,4.79,1.0,2.0,3 user reviews,3.0,0.333333333,,,False
663300,Enlightenment,24/07/18,Action | Indie,Action | Action Roguelike | Adventure | Atmospheric | Controller | Dark | Difficult | Dungeon Crawler | Early Access | Exploration | Indie | Perma Death | Procedural Generation | RPG | Replay Value | Roguelike | Roguelite | Survival | Top-Down | Violent,"In Enlightenment, you play in a roguelike action-shooter with a fast-paced challenging journey deep into a underground complex called &quot;the Ark&quot;. Players will be tested by large varieties of enemies in a procedurally-generated dungeon, and become stronger by learning from the inevitable deaths.",windows,Family Sharing | Full controller support | Single-player | Steam Achievements | Steam Cloud,8.99,287.0,165.0,Mixed,452.0,0.634955752,,371.0,False
821190,Minitime,08/05/18,Casual | Indie,Casual | Indie,"Minitime is a fast paced, challenging and fun collection of different minigames. Everything from abducting a cow to flipping a pancake, it has something for everyone. Themed chapters, endless mode and custom mode awaits you, how many points can you rack up?",windows,Family Sharing | Full controller support | Single-player | Steam Achievements,5.79,5.0,2.0,7 user reviews,7.0,0.714285714,,,False
686640,Space Panic Arena,03/08/17,Action | Early Access,Action | Early Access | FPS | Indie | Sci-fi | Space | VR,Fight to survive in extraterrestrial environments while scavenging weapons and ammo. Defeat waves of enemies to earn money in order to upgrade your weapons in Horde Mode.,windows,Family Sharing | Single-player | Stats | Steam Achievements | Steam Leaderboards | Tracked Controller Support | VR Only,11.99,4.0,6.0,Mixed,10.0,0.4,,,False
595420,Franchise Hockey Manager 4,06/10/17,Indie | Simulation | Sports | Strategy,Hockey | Indie | Simulation | Sports | Strategy,"The Most Hockey Ever! Franchise Hockey Manager 4 is the deepest, most authentic hockey strategy game available. FHM 4 is officially licensed by the NHL®, includes real 2017-18 rosters, packs even more features than any of its predecessors, and takes the series to a whole new level in terms of realism and gameplay.",windows | mac,Family Sharing | Single-player | Steam Achievements | Steam Trading Cards | Steam Workshop,15.49,93.0,52.0,Mixed,145.0,0.64137931,,126.0,False
594350,Attack Helicopter Dating Simulator,27/09/18,Adventure | Casual | Indie | Simulation,Adventure | Anime | Casual | Dating Sim | Indie | LGBTQ+ | Memes | Nudity | Psychological Horror | Simulation | Visual Novel,"As a helicopter, your daily activities may include, morning maintenance, aerial attack runs, and delivering hell-fire missiles on noncombatants for democracy. Or you know, dating other helicopters. It is a visual novel after all...",windows,Family Sharing | Single-player | Steam Achievements | Steam Trading Cards,7.19,162.0,16.0,Very Positive,178.0,0.91011236,,134.0,False
325160,Bik - A Space Adventure,14/10/14,Adventure | Indie,Adventure | Comedy | Indie | Pixel Graphics | Point & Click | Retro | Singleplayer | Space | Story Rich | Third Person,"A point and click adventure. Bik and his newfound alien friends outsmart hijackers, (eat some brownies), accept a perilous mission, (make some sandwiches), foil a dastardly plot by an evil corporate empire, (argue with disgruntled robots), and save a planet on the brink of destruction.",windows | mac | linux,Family Sharing | Single-player | Steam Achievements | Steam Cloud | Steam Trading Cards,3.99,46.0,4.0,Very Positive,50.0,0.92,,,False
436940,Quar: Battle for Gate 18,04/04/16,Action | Strategy,Action | Indie | Strategy | VR,Quar: Battle for Gate 18 is a turn-based strategic VR game set in the grimsical world of Alwyd. The Quar are cute alien ant-eaters. Don't mistake cute for gentle. They use their WW1 level technology to wage war across the face of their world.,windows,Family Sharing | Single-player | Tracked Controller Support | VR Only | VR Support,9.99,53.0,7.0,Very Positive,60.0,0.883333333,,,False
1004210,Pandamonia 潘德莫尼亚,07/01/19,Action | Casual | Indie | RPG | Sports,Action | Casual | Dark Humor | FPS | Gore | Indie | RPG | Sports | Violent,"Pandamonia was once a beautiful and rich place, where panda babies thrive. But with one day, the massive invasion of the real estates speculators destroyed the tranquility here...",windows,Family Sharing | Single-player | Steam Achievements,1.69,131.0,8.0,Very Positive,139.0,0.942446043,,123.0,False
889970,My Farm,23/08/18,Casual | Simulation,Casual | Simulation,"You start with just a hen, an empty field and a few pennies. You have to feed your hen, take care of it and improve its living conditions!",windows | mac,Family Sharing | Single-player,7.19,6.0,6.0,Mixed,12.0,0.5,,,False
108700,Death Rally,03/08/12,Action | Racing,Action | Arcade | Combat Racing | Isometric | Multiplayer | Racing | Remake | Shooter | Singleplayer | Top-Down | Vehicular Combat,"Load your guns, start your engines...THE CLASSIC IS BACK! Brought to you from Remedy, renowned developers of Max Payne and Alan Wake, Remedy's Death Rally classic top down racer is back, stronger and more vicious than ever.",windows,Co-op | Family Sharing | Multi-player | Single-player,6.99,560.0,223.0,Mostly Positive,783.0,0.715197957,,578.0,False
362150,Ashes of Immortality II - Bad Blood,13/02/17,Adventure | Casual | Indie | RPG,Adventure | Casual | Indie | RPG | RPGMaker,"The final episode in the Ashes of Immortality saga! Find out what happens to Orlok and Simona, heroes of the series, in this enthralling 16-bit style RPG full of colorful characters.",windows,Family Sharing | Full controller support | Single-player | Steam Cloud | Steam Trading Cards,5.19,19.0,24.0,Mixed,43.0,0.441860465,,,False
568830,Witch of Ice Kingdom Ⅱ,06/01/17,Action | Adventure | Casual | Indie | RPG | Strategy,2D | Adventure | Anime | Controller | Exploration | Fantasy | Female Protagonist | Hand-drawn | Idler | Indie | JRPG | Magic | RPG | RPGMaker | Retro | Singleplayer | Story Rich | Strategy | Turn-Based | Word Game,"The Exlester Continent had once been a beautiful land. But it was destroyed ruthlessly by a war between witches. At last a hero of the Archangel decedent put the war to an end by sealing the power of those witches. But it was too late, By the mighty magic, The beautiful Exlester Continent Was into the winter forever.",windows,Captions available | Family Sharing | Partial Controller Support | Single-player | Steam Achievements | Steam Trading Cards,2.89,85.0,10.0,Very Positive,95.0,0.894736842,,,False
533030,Haunted Hotel,21/10/16,Casual,Casual | Hidden Object,Check in to the spooky Haunted Hotel and immerse yourself in a thrilling adventure!,windows,Family Sharing | Single-player,4.99,6.0,10.0,Mostly Negative,16.0,0.375,,,False
527470,Donuts'n'Justice,22/11/16,Action | Indie,1980s | 2D | Action | Arcade | Blood | Casual | Classic | Comedy | Difficult | Fast-Paced | Funny | Gore | Indie | Local Co-Op | Pixel Graphics | Retro | Shoot 'Em Up | Shooter | Singleplayer | Violent,"Donuts 'N' Justice is a fast-paced 2d horizontal shoot-'em-up wherein you take the role of one of two Super Cops in the 1980s to defend their city against gangs, violence and corruption.",windows,Co-op | Family Sharing | Multi-player | Partial Controller Support | Remote Play Together | Shared/Split Screen | Shared/Split Screen Co-op | Single-player | Steam Achievements | Steam Trading Cards,3.99,116.0,29.0,Very Positive,145.0,0.8,,107.0,False
989640,The Chronicles of King Arthur - Episode 1: Excalibur,23/12/18,Action | Casual | Indie | Strategy,Action | Casual | Indie | Match 3 | Mouse only | Strategy,Play this thrilling match-3 game with 74 challenging levels and help the young king Arthur conquer the throne and reign over Britannia.,windows,Family Sharing | Single-player,5.79,14.0,9.0,Mixed,23.0,0.608695652,,,False
325150,Run or Die,11/12/14,Action | Casual | Indie,2D | Action | Anime | Bullet Hell | Casual | Controller | Difficult | Dystopian | Fast-Paced | Female Protagonist | Great Soundtrack | Indie | Memes | Parkour | Pixel Graphics | Platformer | Runner | Score Attack | Side Scroller | Singleplayer,Run or Die is a fast paced Endless Runner that focuses on movement based abilities (and a huge Ion Cannon)! Players must make decisions in the blink of an eye in order to make their way through a hazardous city environment where every run is different!,windows | mac | linux,Family Sharing | Full controller support | Single-player | Steam Achievements | Steam Trading Cards | Steam Workshop,3.99,140.0,26.0,Very Positive,166.0,0.843373494,,118.0,False
461520,Grizzly Valley,23/04/16,Action | Adventure | Indie,Action | Adventure | Horror | Indie | Multiplayer | Shooter | Stealth | Survival | Survival Horror,The Grizzly bear is one of the greatest wild animals in North America. The number of fatal human attacks is actually low. They do not naturally hunt people to eat. However...,windows,Family Sharing | Single-player | Steam Trading Cards,3.99,98.0,150.0,Mostly Negative,248.0,0.39516129,,207.0,False
782340,Lake of Voices,28/08/18,Casual | Free To Play | Indie,Atmospheric | Casual | Choices Matter | Dark | Dark Fantasy | Fantasy | Female Protagonist | Free to Play | Great Soundtrack | Horror | Indie | LGBTQ+ | Multiple Endings | Otome | Psychological Horror | Romance | Short | Singleplayer | Visual Novel,"A free horror Visual Novel about an ill-fated journey across Sinnlos, a lake where gruesome monsters lurk just beneath the surface. With times being so dire you'll need to decide what, and who, is going to be sacrificed. Anyone can be saved, but not everyone can be.",windows | mac,Single-player | Steam Achievements,0.0,546.0,27.0,Overwhelmingly Positive,573.0,0.952879581,,,True
575760,Project: R.E.B.O.O.T 2,27/01/17,Action | Adventure | Casual | Indie,2D | 2D Platformer | Action | Adventure | Casual | Indie | Linear | Platformer | Psychological Horror | Singleplayer,Meet the continuation of the hardcore platformer Project: R.E.B.O.O.T!,windows,Family Sharing | Single-player | Steam Trading Cards,0.79,47.0,38.0,Mixed,85.0,0.552941176,,,False
350210,Mighty Switch Force! Academy,23/11/15,Action | Indie | Strategy,Action | Female Protagonist | Great Soundtrack | Indie | Local Multiplayer | Platformer | Strategy,"As Academy Cadet Patricia Wagon, grab your pellet gun and take on brain-twisting puzzles so massive they span the entire screen! 20 all new puzzles and some twisted classics stages, all with a hectic cooperative couch-play option for up to 4 players to keep you and your fellow trainees in stitches!",windows | mac | linux,Family Sharing | Full controller support | Multi-player | Remote Play Together | Shared/Split Screen | Single-player | Steam Achievements | Steam Leaderboards | Steam Trading Cards,6.99,40.0,10.0,Very Positive,50.0,0.8,,,False
603350,Don't cut your hand,30/05/17,Action | Casual | Indie,2D | Action | Arcade | Casual | Comedy | Cooking | Difficult | Funny | Indie | Local Multiplayer | Memes | Multiplayer | Singleplayer,"Chef can't work without his hand. So, please cut food carefully.",windows | mac,Co-op | Cross-Platform Multiplayer | Family Sharing | Multi-player | Online PvP | PvP | Remote Play Together | Shared/Split Screen | Shared/Split Screen Co-op | Single-player | Stats | Steam Achievements | Steam Cloud | Steam Leaderboards | Steam Trading Cards | Steam Workshop,0.79,176.0,37.0,Very Positive,213.0,0.82629108,,187.0,False
269950,X-Plane 11,30/03/17,Simulation,Action | Adventure | Atmospheric | Beautiful | Controller | Education | Exploration | Family Friendly | First-Person | Flight | Massively Multiplayer | Multiplayer | Open World | Physics | Realistic | Sandbox | Simulation | Singleplayer | Third Person | VR,"The future of flight simulation is now! X-Plane 11 is the detailed, realistic, and modern simulator you’ve been waiting for. Intuitive user interface, 3-D cockpits, new effects, 3-D sound, living airports and world-wide scenery.",windows | mac | linux,Family Sharing | Includes level editor | Multi-player | Partial Controller Support | PvP | Shared/Split Screen PvP | Single-player | Tracked Controller Support | VR Supported,54.99,16848.0,1301.0,Very Positive,18149.0,0.92831561,,17114.0,False
733300,My Big Sister,09/11/18,Adventure | Indie,2D | Adventure | Atmospheric | Casual | Dark | Difficult | Exploration | Gore | Horror | Indie | Interactive Fiction | Pixel Graphics | Psychological Horror | Replay Value | Singleplayer | Story Rich | Surreal | Top-Down | Violent | Walking Simulator,"My name is Luzia...and this story isn't about me, it’s about my sister. Do you still wish to hear it?",windows,Family Sharing | Single-player | Steam Achievements | Steam Trading Cards,4.79,566.0,44.0,Very Positive,610.0,0.927868852,,481.0,False
706280,Devil in the Pines,29/09/17,Indie,Difficult | Horror | Indie | Perma Death | Survival Horror,"An Appalachian man makes a desperate final move to save his sick daughter's life. But after unknowingly stepping onto cursed land, he now also finds himself in a fight to save his own.",windows,Family Sharing | Single-player | Steam Achievements,2.79,22.0,5.0,Positive,27.0,0.814814815,,,False
417920,Mistfal,07/07/16,Action | Adventure | Indie | Violent,Action | Adventure | Atmospheric | Dark | First-Person | Free to Play | Horror | Indie | Stealth | Story Rich | Survival | Violent,"Interactive novel, survival horror, psychological thriller - you can find in Mistfal, what you're interested in.And when you pass the game, I'm sure it will not leave you indifferent.Welcome to Mistfal !",windows,Partial Controller Support | Single-player | Steam Trading Cards,0.0,31.0,34.0,Mixed,65.0,0.476923077,,,True
302110,Small Town Terrors Pilgrim's Hook Collector's Edition,16/07/14,Adventure,2D | Adventure | Casual | Conversation | Female Protagonist | Hidden Object | Horror | Lovecraftian | Mystery | Point & Click | Puzzle | Singleplayer | Story Rich,Save your twin brother from the sinister sea menace that overtakes everything and everyone on the troubled island of Pilgrim's Hook.,windows,Family Sharing | Single-player,10.99,112.0,28.0,Very Positive,140.0,0.8,,,False
850940,Space Colonizers,31/05/18,Adventure | Casual | Indie | Simulation | Strategy,2D | Aliens | Cartoon | Casual | Clicker | Exploration | First-Person | Flight | Futuristic | Idler | Indie | Relaxing | Retro | Sci-fi | Simulation | Singleplayer | Space | Space Sim | Spaceships | Strategy,"Space Colonizers is a simulation and strategy idle game of Sci-Fi adventure theme. To explore more planets and meet cute aliens, you have to constantly install parts and upgrade spacecraft.",windows | mac,Family Sharing | In-App Purchases | Single-player | Steam Achievements | Steam Cloud,2.09,14.0,20.0,Mixed,34.0,0.411764706,,,False
893170,MYSTERY HOUSE : SECRET STEALTH,19/07/18,Action | Adventure | Gore | Indie | RPG | Racing | Simulation | Strategy | Violent,Action | Adventure | Gore | Indie | RPG | Racing | Simulation | Strategy | Violent,There are lots of exciting experiences and tasks waiting for you in the game. Do you like the tasks to be solved? Do you like excitement when someone is chasing you and you need to find the key to the mystery? Then this game is for you. We are continually developing and engaging in more and more puzzles and tasks.,windows | mac,Family Sharing | Single-player,2.09,1.0,0.0,1 user reviews,1.0,1.0,,,False
1048960,Leaf,11/04/19,Action | Adventure | Casual | Indie,Action | Action-Adventure | Adventure | Casual | Indie,"Leaf is an exploration driven action adventure game where you're on a quest to stabilize two abandoned worlds. On your adventure you stumble across hidden weapons, spells and special items that might help you on your journey.",windows,Family Sharing | Full controller support | Single-player,11.39,6.0,1.0,7 user reviews,7.0,0.857142857,,,False
434600,Blue Bird,13/04/17,Indie | Violent,Anime | Indie | Nudity | Violent | Visual Novel,"Blue Bird is a Visual Novel following the lives of four youths. The protagonist, Karin, lost someone very dear to him in his childhood… Yet thanks to fate, he meets a young girl who will change his empty life and give it meaning. Be a part of this love story and help lead Karin to a bright future!",windows | mac | linux,Family Sharing | Full controller support | Single-player | Steam Achievements | Steam Cloud,10.29,25.0,25.0,Mixed,50.0,0.5,,,False
532770,Time Leap Paradise SUPER LIVE!,15/12/16,Casual | Free To Play,3D | Anime | Benchmark | Casual | Character Customization | Cute | Dating Sim | Female Protagonist | Free to Play | Funny | Great Soundtrack | Idler | Memes | Music | Nudity | Rhythm | Sexual Content | Singleplayer | Story Rich | Visual Novel,"Watch extremely cute 3D girls dance and sing in this live performance simulator! Fully customize everything about the performance - the song, main vocalist and backup dancers, outfits and accessories, and more - to your heart's content!",windows,Single-player,0.0,187.0,52.0,Mostly Positive,239.0,0.782426778,,,True
567210,Bunnyrama,19/12/16,Adventure | Casual | Indie | Strategy,2D | 2D Platformer | Adventure | Atmospheric | Cartoon | Cartoony | Casual | Controller | Cute | Fantasy | Funny | Indie | Magic | Parody | Platformer | Puzzle | Puzzle Platformer | Retro | Sokoban | Strategy,Bunnyrama is a puzzle adventure game where your goal is to lead the old man through the magical forest full of huge bunnies.,windows | mac | linux,Family Sharing | Full controller support | Single-player | Steam Achievements | Steam Cloud | Steam Trading Cards,1.99,53.0,11.0,Very Positive,64.0,0.828125,,,False
951010,Zero spring episode 1 English translation version,24/10/18,Action | Adventure | Indie,Action | Adventure | Dark | FPS | First-Person | Gore | Horror | Indie | Psychological Horror | Shooter | Singleplayer | Violent,One day she brought home the spring water. A story about mysterious water begins now. This game is an FPS game created using the GameGuru FPS engine. This is Sonic Alpha's first work.,windows,Family Sharing | Single-player,0.79,4.0,2.0,6 user reviews,6.0,0.666666667,,,False
364970,CopperCube 5 Game Engine,01/05/15,Animation & Modeling | Design & Illustration | Education | Software Training | Utilities,Animation & Modeling | Design & Illustration | Education | Game Development | Software Training | Utilities,"CopperCube is a full-featured 3D game engine. No programming needed! Create 3D games, apps and even 3D websites quickly. Includes terrain editor, low poly modelling tools, 3D models, precreated game AI, effects and more.",windows,Includes level editor,55.99,35.0,18.0,Mixed,53.0,0.660377358,,,False
527260,Lurk,08/03/18,Action | Adventure | Indie,Action | Adventure | Horror | Indie,"Lurk is a first-person survival horror game based in medieval fantasy. Experience true fear as you run or hide from encounters with horrific monstrosities, ration supplies found in the expansive Farlands, and uncover the mystery behind the slaughter of your mercenary company.",windows | mac | linux,Family Sharing | Partial Controller Support | Remote Play Together | Single-player | Steam Achievements | Steam Trading Cards,3.99,11.0,1.0,Positive,12.0,0.916666667,,,False
518740,Why is the Princess in a Magic Forest?!,10/11/16,Indie,Indie,"Max is on an epic quest to save the legendary princess in the fabled magic forest where anything is possible. The twist? Max is the weakest hero ever to exist! Help Max reach the goal through a legion of levels, all the while having to deal with magic experiments, explosive sheep, friendzoned specters, black-holes and much much more! Why?",windows,Family Sharing | Single-player | Steam Achievements,5.59,1.0,0.0,1 user reviews,1.0,1.0,,,False
21780,Driver® Parallel Lines,13/02/09,Racing,Action | Automobile Sim | Classic | Controller | Crime | Driving | Great Soundtrack | Open World | Racing | Shooter | Singleplayer | Third Person | Third-Person Shooter,"You were the fastest wheelman on the street. You were a legend. You were money. Until they set you up and sent you down. Twenty-eight years inside for someone else's crime. Now you're getting out. Guess what? You got a new job, it's called getting revenge.",windows,Family Sharing | Single-player,8.59,1093.0,119.0,Very Positive,1212.0,0.901815182,61.0,1152.0,False
953920,Palace of the Azure Dragon,01/12/18,Action | Adventure | Casual | Early Access | Indie | Strategy,Action | Adventure | Casual | Early Access | Indie | Strategy | VR,This game focus on highlighting the immersive experience of virtual reality features. For the players to bring immersive &quot;strong interaction&quot; gaming experience.,windows,Family Sharing | Single-player | Steam Achievements | Tracked Controller Support | VR Only,3.99,5.0,0.0,5 user reviews,5.0,1.0,,,False
736220,Post Scriptum,09/08/18,Action | Indie | Massively Multiplayer | Strategy,Action | Co-op | FPS | First-Person | Historical | Indie | Massively Multiplayer | Military | Multiplayer | Open World | Realistic | Shooter | Simulation | Singleplayer | Strategy | Tactical | Team-Based | Violent | War | World War II,"Team up and join the frontline in Squad 44, the most authentic tactical WW2 shooter. Experience ruthless realism with an immense arsenal of faithfully recreated weapons and vehicles across massive WW2 battlefields.",windows,Multi-player | Online PvP | Partial Controller Support | PvP | Steam Workshop,24.5,17343.0,5399.0,Mostly Positive,22742.0,0.762597837,,17243.0,False
819020,Zanki Zero: Last Beginning,09/04/19,RPG,Action | Adventure | Anime | Dungeon Crawler | First-Person | Gore | Great Soundtrack | Grid-Based Movement | Horror | JRPG | Nudity | Post-apocalyptic | Psychological Horror | RPG | Singleplayer | Story Rich | Survival | Survival Horror | Visual Novel,"Explore the ruins, dungeons, and islands in this post-apocalyptic world through the POV of eight protagonists as they fight for survival and search for meaning in their never-ending cycles of life and death.",windows,Family Sharing | Partial Controller Support | Single-player | Steam Achievements | Steam Cloud | Steam Trading Cards,49.99,490.0,140.0,Mostly Positive,630.0,0.777777778,,587.0,False
788190,SUPER ASTEROIDS,08/03/18,Action | Casual | Indie,Action | Casual | Indie,Super Asteroids is an arcade game based on the classics from the 80's. With a refined and pleasant gameplay. Destroy all the asteroids! And stick your score among the best players around the world!,windows,Family Sharing | Full controller support | Single-player | Steam Achievements | Steam Leaderboards,0.79,14.0,8.0,Mixed,22.0,0.636363636,,,False
338170,Ratz Instagib,27/07/16,Action | Indie,Action | Arena Shooter | Early Access | FPS | Fast-Paced | First-Person | Gore | Great Soundtrack | Indie | Level Editor | Multiplayer | Point & Click | Shooter | Stylized,"Shoot first, eat cheese later! Jump into a fast, frenetic and exciting one-hit, one-kill FPS arena shooter with a totally level playing field, tonnes of maps, customisation and a robust map editor!",windows | mac,Family Sharing | Includes level editor | Multi-player | Stats | Steam Achievements | Steam Leaderboards | Steam Workshop,6.99,3441.0,408.0,Very Positive,3849.0,0.893998441,,2458.0,False
664120,Wildlife Park Gold Reloaded,02/02/18,Casual | Indie | Simulation | Strategy,Adventure | Atmospheric | Building | Casual | City Builder | Cute | Dinosaurs | Economy | Family Friendly | God Game | Horses | Indie | Isometric | Management | Open World | Realistic | Replay Value | Sandbox | Simulation | Strategy,"Establish, create and manage your own amazing zoo, even with extinct animals - and become a Zoo Tycoon! With new UI and full screen resolutions support!",windows,Family Sharing | Single-player | Steam Cloud,6.99,6.0,14.0,Mostly Negative,20.0,0.3,,,False
289440,Perimeter,03/04/14,Strategy,Atmospheric | Classic | Great Soundtrack | RTS | Sci-fi | Space | Strategy,"Perimeter is an innovative Real-Time-Strategy game that pits players against each other or AI opponents in a life and death struggle to seize territory and establish crucial protective “perimeters.” Players will be introduced to the game’s unique terraforming feature, allowing them to move, build, construct and destroy the map...",windows,Family Sharing | Multi-player | Single-player | Steam Cloud | Steam Trading Cards,2.79,202.0,37.0,Very Positive,239.0,0.845188285,77.0,174.0,False
430290,Shmups Skill Test シューティング技能検定,09/06/16,Action,Action | Arcade | Bullet Hell | Shoot 'Em Up,Some say you’re only as old as you feel. Shmups Skill Test says you’re only as old as you shoot! Shmups Skill Test is a clever way to evaluate your shmup skills in the form of a &quot;gamer age&quot;. Challenge and unlock shoot-’em-up-based minigames in a gauntlet of shmup nostalgia goodness.,windows,Family Sharing | Full controller support | Multi-player | PvP | Remote Play Together | Shared/Split Screen PvP | Single-player | Steam Achievements | Steam Cloud,3.99,49.0,4.0,Very Positive,53.0,0.924528302,,,False
31850,Nancy Drew®: Ghost Dogs of Moon Lake,10/10/09,Adventure,2.5D | 2D | Adventure | Atmospheric | Based On A Novel | Casual | Classic | Detective | Drama | Exploration | Family Friendly | Female Protagonist | Funny | Great Soundtrack | Mouse only | Mystery | Point & Click | Puzzle | Retro | Story Rich,Hunt for Clues on the Trail of a Pack of Phantom Hounds!,windows,Family Sharing | Single-player,5.19,212.0,14.0,Very Positive,226.0,0.938053097,,212.0,False
413620,Space Needle VR,19/04/17,Adventure | Casual | Free To Play,Adventure | Casual | Exploration | Free to Play | VR,"Set at Seattle, Washington's most iconic man-made landmark, the Space Needle VR experience offers an opportunity to explore the famous structure like never before.",windows,Single-player | Tracked Controller Support | VR Only,0.0,13.0,15.0,Mixed,28.0,0.464285714,,,True
533540,MONMUSU,11/05/18,Casual | Free To Play | Indie,Anime | Casual | Clicker | Cute | Fantasy | Free to Play | Hentai | Idler | Indie | Mature | NSFW | Nudity | Psychological Horror | Sexual Content | Singleplayer | Visual Novel,You are an up and coming summoner and a lover of monster girls. Earn money to gather up summoning materialsand summon monster girls!,windows,In-App Purchases | Single-player | Steam Achievements | Steam Cloud | Steam Trading Cards,0.0,4207.0,1044.0,Very Positive,5251.0,0.801180727,,,True
610750,Games&Girls,18/04/17,Adventure | Casual | Indie,Adventure | Anime | Casual | Indie | Nudity | Sexual Content | Singleplayer | Visual Novel,An episodic Visual Novel about a Gamer and his life with cute girls.,windows | mac | linux,Family Sharing | Single-player | Steam Achievements | Steam Trading Cards,1.59,203.0,73.0,Mostly Positive,276.0,0.735507246,,210.0,False
713980,Mark After Dark,14/12/17,Indie | RPG | Simulation,Indie | Nudity | RPG | Sexual Content | Simulation,Mark really needs to get laid. Will you give him a happy ending?,windows,Family Sharing | Partial Controller Support | Single-player | Steam Achievements,1.69,6.0,0.0,6 user reviews,6.0,1.0,,,False
741510,The Hong Kong Massacre,21/01/19,Action | Indie,1990's | 2.5D | Action | Arcade | Atmospheric | Blood | Bullet Time | Difficult | Gore | Indie | Realistic | Shoot 'Em Up | Shooter | Singleplayer | Story Rich | Stylized | Top-Down | Top-Down Shooter | Twin Stick Shooter | Violent,"Blast your way through the streets of Hong Kong in a fast-paced, top-down shooter. Inspired by classic action movies, The Hong Kong Massacre places you at the center of a hard-boiled revenge story, filled with brutal, cinematic shootouts and vivid underworld locations.",windows,Family Sharing | Full controller support | Remote Play on TV | Single-player | Steam Achievements | Steam Leaderboards,15.49,1123.0,383.0,Mostly Positive,1506.0,0.745683931,68.0,1279.0,False
347330,HeartZ: Co-Hope Puzzles,07/06/16,Action | Adventure | Indie,Action | Adventure | Indie | Local Co-Op | Puzzle | Puzzle Platformer,"HeartZ offers you a hearty combination of platform, action, puzzle and local co-op gaming. Outsmart traps and solve mysteries in each room and level while getting rid of Dr. Nylus' soldiers and machines! Kick, jump, fart, scare, bite... your way through mischievously designed levels!",windows | mac | linux,Co-op | Family Sharing | Full controller support | Multi-player | Remote Play Together | Remote Play on TV | Shared/Split Screen | Single-player | Steam Achievements | Steam Cloud,7.99,20.0,3.0,Positive,23.0,0.869565217,,,False
305760,Redirection,24/10/16,Casual | Indie,Casual | Cute | Great Soundtrack | Indie | Puzzle | Robots | Sci-fi | Space,"Unknown forces have scattered the Robot crew of the Starship Redirection across a perilous asteroid belt! In this 3D puzzle game, play as the ship’s computer and solve challenging puzzles to rescue your Robotic colleagues.",windows | mac | linux,Family Sharing | Full controller support | Includes level editor | Single-player | Stats | Steam Achievements | Steam Cloud | Steam Leaderboards | Steam Trading Cards | Steam Workshop,2.89,140.0,7.0,Very Positive,147.0,0.952380952,,,False
356770,Astronaut Simulator,02/04/15,Adventure | Indie | Simulation,Adventure | Indie | Simulation | Space,Experience zero gravity flight from the astronaut helmet perspective in this unique flight simulator. Ever wanted to know what it would be like to be an astronaut? Now you can find out.,windows,Family Sharing | Full controller support | Single-player | VR Support,1.59,37.0,21.0,Mixed,58.0,0.637931034,,,False
504750,Lew Pulsipher's Doomstar,16/09/16,Strategy,Abstract | Board Game | Sci-fi | Strategy | Turn-Based,"Doomstar, the hidden unit board game of strategy and cunning, is a new exclusive release from Large Visible Machine and legendary designer Lew Pulsipher (Britannia, Dragon Rage, Sea Kings). Play the AI or against friends or online opponents with fully asynchronous online multiplayer.",windows | mac | linux,Cross-Platform Multiplayer | Family Sharing | Multi-player | Online PvP | PvP | Single-player | Steam Achievements | Steam Cloud | Steam Trading Cards | Steam Turn Notifications,6.99,20.0,5.0,Positive,25.0,0.8,,,False
600690,TROID BLASTER,24/02/17,Action | Indie,Action | Arcade | Indie | Perma Death | Roguelike | Sci-fi | Space,Troid Blaster is a physics based asteroids roguelike with permadeath and perks,windows,Family Sharing | Partial Controller Support | Single-player,1.99,3.0,2.0,5 user reviews,5.0,0.6,,,False
554690,Rotation Phonology: Break,22/01/17,RPG,2D | Casual | Indie | JRPG | RPG,"A simple RPG game, telling a story about overturn the government’s wrong decision.",windows,Family Sharing | Single-player | Steam Achievements | Steam Cloud | Steam Trading Cards,3.99,7.0,0.0,7 user reviews,7.0,1.0,,,False
551060,Creekside Creep Invasion,11/10/17,Action | Indie | RPG,1980s | 2D | Action | Atmospheric | Difficult | GameMaker | Indie | Perma Death | Pixel Graphics | Procedural Generation | RPG | Retro | Roguelike | Roguelite | Shooter | Top-Down | Top-Down Shooter | Twin Stick Shooter,"Stop the bogus creeps in this hardcore action roguelite! Equip rad perk based armor in five slots, wear and unlock new gnarly costumes with active and passive abilities, use tubular randomized guns, unlock tons of new ammo types and upgrade your awesome mini-mart!",windows,Family Sharing | Full controller support | Single-player | Steam Achievements | Steam Cloud,6.99,11.0,3.0,Mostly Positive,14.0,0.785714286,,,False
6210,Vegas: Make It Big™,21/12/06,Strategy,Management | Simulation | Strategy,"Develop a state-of-the art Las Vegas resort complex, using all the money and management skill you can. Customers on the living, breathing Las Vegas boulevard are Notoriously hard to satisfy - can you win the hearts and wallets of Vegas? Amazing real-time 3D graphics show off your resort to the max.",windows,Family Sharing | Single-player,3.99,120.0,40.0,Mostly Positive,160.0,0.75,,132.0,False
412170,City of Chains,08/12/15,Adventure | Indie | RPG | Strategy,2D | Adventure | Choices Matter | Cyberpunk | Dystopian | Great Soundtrack | Indie | Multiple Endings | RPG | RPGMaker | Sci-fi | Strategy | Turn-Based Combat,"City of Chains is a dark sci-fi RPG set in a dystopian city. Take control of a small group of escaped fugitives and lead them to their freedom. Decide whether to fight head on or to avoid combat, to help others or to go your own way, to show mercy or to kill. Your actions could affect the fate of the city.",windows,Family Sharing | Partial Controller Support | Single-player | Steam Achievements | Steam Trading Cards,5.99,241.0,89.0,Mostly Positive,330.0,0.73030303,,153.0,False
923240,The Warrior Of Treasures 2: Skull Hunter,17/09/18,Action | Adventure | Casual | Indie,Action | Adventure | Casual | Indie | Violent,Warrior is back. Collect magic skulls and beware different enemies.,windows,Family Sharing | Single-player,0.79,9.0,14.0,Mostly Negative,23.0,0.391304348,,,False
325060,Parallax,10/03/15,Indie,First-Person | Indie | Puzzle | Puzzle Platformer,"Parallax is a first-person puzzle game with two overlapping worlds. Weave back and forth between black and white as you try to be in the right place, in the right dimension, at the right time. Use switches, boosters and gravity to help you reach the exit. Can you conquer every mind-bending level?",windows | mac | linux,Family Sharing | Full controller support | Single-player | Steam Achievements,3.99,130.0,26.0,Very Positive,156.0,0.833333333,68.0,114.0,False
984170,The Seven Chambers,04/12/18,Adventure | Indie,2D | Adventure | Alternate History | Casual | Colorful | Dark Fantasy | Detective | Drama | Exploration | Fantasy | Female Protagonist | First-Person | Hidden Object | Investigation | Logic | Magic | Mythology | Noir | Point & Click | Puzzle,"Master your destiny, the influence of the planets and the mysterious paths of subconsciousness in this unique fantasy hidden object puzzle adventure game!",windows,Family Sharing | Single-player | Steam Achievements | Steam Cloud,9.99,5.0,9.0,Mostly Negative,14.0,0.357142857,,,False
530520,Aegis,06/10/16,Action | Indie,Action | Indie | Mechs | Open World | Post-apocalyptic | Roguelike | Sci-fi | Shooter | Singleplayer | Tactical | Top-Down,"The bombs have fallen, and the world has long since been covered in frost by a nuclear winter. It's up to you to build the machine that will return the earth to normal.",windows,Family Sharing | Single-player,1.99,20.0,28.0,Mixed,48.0,0.416666667,,,False
535840,Marblize,25/11/16,Casual | Indie,Casual | Indie | Puzzle,"Marblize is a physics-based puzzle platformer where you must traverse through obstacles and hazards, solve challenging logic puzzles, and collect various collectables to customize your marble. Play through over 60 levels of varying difficulty in captivating worlds.",windows,Family Sharing | Partial Controller Support | Single-player | Steam Trading Cards,8.99,13.0,3.0,Positive,16.0,0.8125,,,False
893590,Monopolist: Technological Revolution,26/07/18,Indie | Simulation | Strategy,3D | 4 Player Local | America | Board Game | Capitalism | Economy | Family Friendly | Indie | PvP | Simulation | Singleplayer | Strategy | Turn-Based Strategy | Turn-Based Tactics | Voxel,"Imagine being a monopolist of the late 19th and early 20th centuries. In the game Monopolist: Technological revolution - wins the one who will earn the first 50000$ or eliminate other players from the game, forcing them to go bankrupt.",windows,Family Sharing | Multi-player | Remote Play Together | Shared/Split Screen | Single-player,1.69,5.0,9.0,Mostly Negative,14.0,0.357142857,,,False
612740,Bokida - Heartfelt Reunion,17/05/17,Adventure | Indie,Adventure | Exploration | Great Soundtrack | Indie | Puzzle,"An open-world adventure with puzzle elements and a minimalist aesthetic. Bokida takes place on a dormant, seemingly monochromatic world of light that gradually reveals its beauty. Experience freedom while exploring a peaceful, intriguing environment.",windows,Family Sharing | Partial Controller Support | Single-player | Steam Achievements | Steam Cloud | Steam Trading Cards,13.59,114.0,36.0,Mostly Positive,150.0,0.76,75.0,127.0,False
428260,The Book of Desires,18/12/15,Adventure | Casual,Adventure | Casual | Hidden Object,"Explore an intriguing world in The Book of Desires, a thrilling Hidden Object Puzzle Adventure game! Ashley had a horrible dream where she traveled to a strange world. When she awoke she realized it was just a nightmare, but her reality turns out to be just as scary...",windows,Family Sharing | Single-player,4.99,33.0,40.0,Mixed,73.0,0.452054795,,,False
550360,One Of The Last,20/12/17,Action | Adventure | Casual | Gore | Indie | Strategy | Violent,Action | Adventure | Casual | Gore | Indie | Multiplayer | Strategy | VR | Violent | Zombies,"Fancy pushing the dead around? Real physics based enemies for total immersion with extensive maps to explore! Move freely and join 4 co-op multi-player madness!! Unlock new areas, grab perks, drink soda-can power-ups, wall-buy weapons, build barriers, make crawlers and uber up that gun!!",windows,Co-op | Cross-Platform Multiplayer | Family Sharing | Multi-player | Online Co-op | Online PvP | PvP | Single-player | Steam Achievements | Tracked Controller Support | VR Only,5.79,31.0,19.0,Mixed,50.0,0.62,,,False
736050,Kink,31/10/17,Casual | Indie,Casual | Indie,"Use your drawing skills to trace over looped curves created by the game, and avoid the black spot or you will get kinked.",windows | mac | linux,Family Sharing | Single-player,3.99,1.0,0.0,1 user reviews,1.0,1.0,,,False
594750,Tiles,20/03/17,Indie,2D | Abstract | Action | Difficult | Fast-Paced | Indie | Level Editor | Local Multiplayer | Minimalist | Platformer | Puzzle | Puzzle Platformer | Replay Value | Split Screen,Tiles is a unique action-puzzle game that will both convolute your mind and burn your finger tips!,windows | mac | linux,Co-op | Family Sharing | Full controller support | Includes level editor | Multi-player | PvP | Remote Play Together | Remote Play on TV | Shared/Split Screen | Shared/Split Screen PvP | Single-player | Steam Achievements,2.79,45.0,8.0,Very Positive,53.0,0.849056604,,,False
790390,The Revenge of Johnny Bonasera: Episode 2,05/02/18,Adventure | Indie,Adventure | Indie | Point & Click,Hilarious adventure game in cartoon style.,windows | mac | linux,Family Sharing | Single-player | Steam Achievements,3.99,22.0,1.0,Positive,23.0,0.956521739,,,False
714290,Endless Treasure Hunt,16/10/17,Action | Casual | Indie,Action | Casual | Indie,"Endless Treasure Hunt is a colorful endless runner, your job is to collect as many coins and materials as possible to buy new submarines, warships and helicopters to increase the maximum distance traveled.",windows,Family Sharing | Full controller support | Single-player | Steam Achievements | Steam Cloud,0.79,5.0,3.0,8 user reviews,8.0,0.625,,,False
671690,[MARS] Total Warfare,01/12/18,Action | Free-to-play | Massivement multijoueur | Stratégie,Action | Free to Play | Massively Multiplayer | RTS | Strategy,"[MARS] Total Warfare uses authentic Martian landscapes to create an intense RTS experience best described as a hybrid between team multiplayer and massively multiplayer online. Fight over natural resources vs human or AI opponents and conquer a crater ridden world, with pink sky and blue seas!",windows,JcJ en ligne | MMO | Multijoueur | PvP,0.0,78.0,28.0,Mostly Positive,106.0,0.735849057,,,True
935940,Croquet Pro 2,15/11/18,Indie | Sports,Indie | Sports,The objective of the game is to score 13 points with each ball by running 6 hoops forward and backwards then pegging out. The player can knock other balls and take roquet in order to position the best winning strategy.,windows,Co-op | Family Sharing | Full controller support | Multi-player | PvP | Remote Play Together | Shared/Split Screen | Shared/Split Screen Co-op | Shared/Split Screen PvP | Single-player,1.69,4.0,3.0,7 user reviews,7.0,0.571428571,,,False
12430,SlamIt Pinball Big Score,23/02/09,Casual,Casual | Pinball,"Big Score is based around a classic story of police vs. criminals in a fight for a big score. The fantastic action will leave you breathless and will pump-up your adrenaline while you are rescuing your ball, trying to hit that last glowing target.",windows,Family Sharing | Single-player,3.99,44.0,83.0,Mostly Negative,127.0,0.346456693,,108.0,False
649150,Phobia,09/06/17,Action | Gore | Indie | Violent,Action | First-Person | Gore | Horror | Indie | Violent,Horror. Nightmare. Fear. Monsters. Madness. And again ... And again ....,windows,Family Sharing | Single-player,4.79,18.0,47.0,Mostly Negative,65.0,0.276923077,,,False
711150,Brick Breaker Ultimate,02/10/17,Indie,Indie,"Brick Breaker Ultimate is a &quot;Brick Breaker&quot; style game where you aim to make the best score. To do this, simply break the bricks with your balls that you can recover during your game.",windows,Family Sharing | Single-player,0.79,24.0,33.0,Mixed,57.0,0.421052632,,,False
282050,MX vs. ATV Supercross Encore,27/10/15,Racing | Simulation | Sports,ATV | Bikes | Motocross | Motorbike | Multiplayer | Offroad | Racing | Simulation | Singleplayer | Sports | Third Person,"Rip, jump and scrub your way to victory with over 35 tracks in this vastly extended version! Only the Encore edition features the brand new Rhythm Racing mode, extra outdoor Nationals tracks, and exclusive Waypoint races in open world maps.",windows,Family Sharing | Multi-player | Partial Controller Support | Single-player | Steam Achievements | Steam Cloud | Steam Leaderboards,24.99,492.0,304.0,Mixed,796.0,0.618090452,,605.0,False
39560,Painkiller: Resurrection,27/10/09,Action,Action | Boomer Shooter | FPS | Horror | Shooter | Singleplayer,"William &quot;Bill&quot; Sherman has a problem - he's dead. Blown to pieces by his own C4 payload, which he wanted to eliminate a South American druglord with on behalf of some shady secret service people.",windows,Family Sharing | Multi-player | Single-player,8.99,149.0,403.0,Mostly Negative,552.0,0.269927536,38.0,437.0,False
624780,Cornflower Corbin,17/08/17,Action | Casual | Indie,2D | Action | Arcade | Casual | Classic | Co-op | Comedy | Competitive | Controller | Family Friendly | Funny | Indie | Local Co-Op | Multiplayer | Retro | Sci-fi | Science | Shooter | Singleplayer | Underwater,"Infinite play-ability in endurance mode, or play story mode. An underwater shoot 'em up, that is family friendly and a little campy, featuring a whale (Corbin) with a laser strapped to it's back. You'll also see sharks with lasers, turtles with rockets, and much much more.",windows,Captions available | Co-op | Family Sharing | Full controller support | Multi-player | Remote Play Together | Shared/Split Screen | Shared/Split Screen Co-op | Single-player | Stats | Steam Achievements | Steam Trading Cards,1.69,4.0,1.0,5 user reviews,5.0,0.8,,,False
701460,Billiards,06/09/17,Casual | Indie | Simulation | Sports,Casual | Indie | Simulation | Sports,"Realistic and very easy to play billiards simulation with five different games: 9-Ball, 8-Ball, Straight, 3-Balls and Snooker",windows | mac | linux,Cross-Platform Multiplayer | Family Sharing | Multi-player | Online PvP | PvP | Remote Play Together | Shared/Split Screen | Shared/Split Screen PvP | Single-player,3.99,17.0,15.0,Mixed,32.0,0.53125,,,False
236430,DARK SOULS™ II,25/04/14,Action | RPG,Action | Action RPG | Adventure | Atmospheric | Co-op | Dark | Dark Fantasy | Difficult | Epic | Exploration | Fantasy | Immersive | Multiplayer | Open World | PvP | RPG | Replay Value | Souls-like | Third Person | Unforgiving,"Developed by FROM SOFTWARE, DARK SOULS™ II is the highly anticipated sequel to the gruelling 2011 breakout hit Dark Souls. The unique old-school action RPG experience captivated imaginations of gamers worldwide with incredible challenge and intense emotional reward.",windows,Co-op | Family Sharing | Full controller support | Multi-player | Remote Play on Phone | Remote Play on TV | Remote Play on Tablet | Single-player | Steam Achievements,29.99,38418.0,4976.0,Very Positive,43394.0,0.885329769,91.0,30109.0,False
255390,Max: The Curse of Brotherhood,21/05/14,Adventure,2.5D | 2D | Action | Adventure | Controller | Funny | Indie | Platformer | Puzzle | Puzzle Platformer | Side Scroller | Singleplayer,"Max: The Curse of Brotherhood is a cinematic adventure filled with action-packed platforming and creative puzzle-solving. Armed with only a Magic Marker, Max must confront evil at every turn in a hostile and fantastical world in order to save his kid brother, Felix. Join Max on his great adventure!",windows,Family Sharing | Full controller support | Remote Play on TV | Single-player | Steam Achievements | Steam Cloud,10.99,1442.0,80.0,Very Positive,1522.0,0.947437582,,1392.0,False
423720,Color Chaos,02/05/16,Action | Casual | Indie,Action | Casual | Indie | Twin Stick Shooter,Color Chaos is a twin stick shooter that delivers fun and chaotic color swapping arcade action that will keep you coming back time and time again to beat the highscores on the leaderboards.,windows,Family Sharing | Partial Controller Support | Single-player | Stats | Steam Achievements | Steam Leaderboards | Steam Trading Cards,0.79,39.0,6.0,Positive,45.0,0.866666667,,,False
794990,Geometry Runner Online,07/03/18,Adventure | Casual | Indie | Massively Multiplayer,Adventure | Casual | Indie | Massively Multiplayer,"Best runner for a 1000 years where you can train your reaction while avoiding obstacles. You can play not only alove, but with friends too!",windows,Family Sharing | Multi-player | Online PvP | PvP | Single-player,0.79,5.0,6.0,Mixed,11.0,0.454545455,,,False
808800,Star Singularity,18/10/18,Action | Adventure | Early Access | Indie | RPG,2D | Action | Action RPG | Adventure | Bullet Hell | Crafting | Early Access | Exploration | Futuristic | Indie | Open World | Procedural Generation | RPG | Sci-fi | Shooter | Singleplayer | Space | Top-Down | Top-Down Shooter | Twin Stick Shooter,"A space action-adventure unlike any other: navigate your spacecraft through a galactic-scale mystery. Make sure to loot, craft and upgrade your space fleet. Play the story campaign or test your skills in vicious arena modes against AI opponents.",windows,Family Sharing | Partial Controller Support | Single-player | Steam Achievements | Steam Trading Cards,11.39,48.0,12.0,Very Positive,60.0,0.8,,,False
536450,Vzerthos: The Heir of Thunder,19/01/17,Action | Adventure | Indie | RPG,2D | Action | Action-Adventure | Adventure | Arena Shooter | Atmospheric | Controller | Dark Fantasy | Exploration | GameMaker | Indie | Isometric | Linear | Old School | Retro | Singleplayer | Story Rich | Top-Down | Top-Down Shooter | Zombies,"Vzerthos is a 2D isometric old-school techno-fantasy styled Top-Down Shooter. Player's arsenal includes skills of the Thunder God's heir and three types of guns - use them to slice and dice, burn and blow up your enemies!",windows,Family Sharing | Full controller support | Single-player | Steam Achievements | Steam Cloud | Steam Trading Cards,4.99,74.0,28.0,Mostly Positive,102.0,0.725490196,,,False
868890,Horny Fighter,24/07/18,Action | Casual | Indie,Action | Casual | Indie,Player is Ivanka Horny. Women fighter who needs to fight against hungry mens in this meme fighter,windows,Family Sharing | Single-player,0.79,45.0,33.0,Mixed,78.0,0.576923077,,,False
745960,A Sky Full of Stars,15/12/17,Adventure | Casual | Simulation,Adventure | Anime | Atmospheric | Casual | Choices Matter | Choose Your Own Adventure | Conversation | Cute | Dating Sim | Funny | Multiple Endings | Nudity | Relaxing | Romance | Sexual Content | Simulation | Singleplayer | Space | Story Rich | Visual Novel,"The starry sky spreads far and wide overhead... This story full of love, comedy, and excitement follows our protagonist and his stargazing friends as they grow together. &quot;A Sky Full of Stars&quot; is a coming-of-age astronomy tale by the same team who brought you &quot;If My Heart Had Wings&quot;.",windows,Family Sharing | Single-player | Steam Achievements | Steam Trading Cards,13.99,862.0,29.0,Overwhelmingly Positive,891.0,0.967452301,,820.0,False
587260,Tokyo Xanadu eX+,08/12/17,RPG,Action | Action RPG | Anime | Great Soundtrack | Hack and Slash | JRPG | RPG | Singleplayer | Story Rich | Third Person,"Tokyo Xanadu eX+; a massive action RPG from the masters of the genre, Nihon Falcom! When high school student Kou Tokisaka encounters the nightmare realm known as the Eclipse, his world is forever changed.",windows,Family Sharing | Full controller support | Remote Play on TV | Single-player | Steam Achievements | Steam Cloud | Steam Trading Cards,46.49,1389.0,230.0,Very Positive,1619.0,0.857936998,,1230.0,False
351920,Crazy Machines 3,18/10/16,Simulation | Strategy,Building | Casual | Difficult | Multiplayer | Physics | Puzzle | Sandbox | Simulation | Singleplayer | Strategy,"Crazy Machines 3 is the latest, greatest, most amazing and craziest part of the series and fascinates once more with physic-based puzzles. Build your own crazy machines and share your awesomeness across the world thanks to the Steam® Workshop.",windows,Family Sharing | Includes level editor | Single-player | Steam Achievements | Steam Cloud | Steam Trading Cards | Steam Workshop,7.99,9205.0,543.0,Very Positive,9748.0,0.944296266,71.0,7224.0,False
564920,Smoots Tennis Survival Zombie,20/12/16,Casual | Indie | Sports,Casual | Indie | Sports | VR,Save your Smoot from the hordes of Zombie Smoots!,windows,Family Sharing | Single-player | Steam Leaderboards | Tracked Controller Support | VR Only,3.99,3.0,3.0,6 user reviews,6.0,0.5,,,False
930320,Oops!!! I Slept With Your Mom,21/09/18,Casual | Indie,2D | Arcade | Casual | Cute | Dark Humor | Funny | GameMaker | Hand-drawn | Indie | Perma Death | Pixel Graphics | Retro | Score Attack | Top-Down,"Baby lost Mommy when Baby was too young to remember Mommy 's face. But Baby remembers how warm and cuddly sleeping in Mommy 's hug felt. Now, Baby has to sleep with all the mommies in order to find Mommy. It could be any mommy. It could be your mommy...",windows,Family Sharing | Partial Controller Support | Single-player | Steam Achievements | Steam Cloud | Steam Leaderboards,1.69,25.0,7.0,Mostly Positive,32.0,0.78125,,,False
876210,Zen Space Flight - VR Showcase,05/07/18,Action | Adventure | Casual | Indie,Action | Adventure | Casual | Indie | VR,This is a unique down-tempo Flight VR experience. Listen to your favorite music and enjoy the flight in space.,windows,Family Sharing | Single-player | Tracked Controller Support | VR Only,1.99,2.0,1.0,3 user reviews,3.0,0.666666667,,,False
802550,various fighters,27/03/18,Action | Casual | Indie | Strategy,Action | Casual | Indie | Strategy,"Various fighters is is a strategy game,you need to immediately choose different characteristics of the fighters to fight,there are 16 kinds of fighters in the game,the right time to choose the right fighter is the key to winning.there are 90 levels in the game,and if you upgrade all the fighters to 5,a new game mode will be opened.",windows,Family Sharing | Single-player,2.89,1.0,0.0,1 user reviews,1.0,1.0,,,False
337700,SCS deORBIT,17/08/15,Action | Adventure | Indie | Simulation,Action | Adventure | Indie | Simulation,"SCS deORBIT is a non-linear, non-combat first person game with heavy reliance on exploration, a slight horror vibe, permadeath, limited saves and some puzzles. You can play the original or the updated version.",windows | linux,Family Sharing | Full controller support | Single-player | Steam Achievements | Steam Cloud,0.79,17.0,8.0,Mixed,25.0,0.68,,,False
733760,MegaRace 2,10/11/17,Action | Racing,Action | Classic | Cult Classic | FMV | Racing | Retro | Runner,"MegaRace 2 is the sequel to 1994's combat racing smash hit and is once again developed by Cryo Interactive. The sequel included several upgrades such as fully rendered 3D cars, new weapons, and track shortcuts.",windows | mac | linux,Family Sharing | Single-player,1.99,29.0,6.0,Positive,35.0,0.828571429,,,False
377450,Lost Lands: Dark Overlord,26/06/15,Adventure | Casual,Adventure | Casual | Fantasy | Female Protagonist | Hidden Object | Point & Click | Puzzle,"Susan had just stepped away to answer the phone, but when she returned she saw something pulling her son Jimmy through a shimmering portal. It closed before she could pull him back. To save him, she must find a way to this other world. Before Susan lies a world that no one else has ever seen before...",windows | mac,Family Sharing | Single-player | Steam Achievements | Steam Cloud,4.99,218.0,13.0,Very Positive,231.0,0.943722944,,195.0,False
660520,The IOTA Project,07/09/17,Action | Free To Play | Indie | Simulation,Action | Free to Play | Indie | Mechs | Robots | Simulation | VR,The IOTA Project is a VR game where you are thrown into the cockpit of a giant mech. Pilot IOTA as you destroy the enemies who have taken over the city using your two giant robot fists and an array of powerful weapons. This is a pre-alpha free demo.,windows,Single-player | Tracked Controller Support | VR Only,0.0,68.0,26.0,Mostly Positive,94.0,0.723404255,,,True
951360,Super Potato Bruh,20/10/18,Action,Action | Bullet Hell | Indie | Pixel Graphics | Platformer,"Super Potato Bruh is a difficult platformer that uses some elements of the bullet hell genre to create an intense platforming experience. Potato Bruh is on a journey to save Princess Lechuga from Mr. Ladle. Play through 6 worlds while dodging tons of projectiles, flying &quot;Beef Moocows&quot;, and more!",windows | linux,Family Sharing | Partial Controller Support | Single-player,2.89,19.0,8.0,Mostly Positive,27.0,0.703703704,,,False
650000,DOOM VFR,30/11/17,Action,Action | FPS | First-Person | Gore | Great Soundtrack | Horror | Sci-fi | Shooter | Singleplayer | VR | Violent,"DOOM® VFR brings the fast-paced, brutal gameplay fans of the series love to virtual reality. Play as a cybernetic survivor who is activated by the UAC to fight the demon invasion, maintain order, and prevent catastrophic failure at the Mars facility.",windows,Family Sharing | Single-player | Steam Achievements | Steam Cloud | Tracked Controller Support | VR Only | VR Support,19.99,1636.0,1346.0,Mixed,2982.0,0.548625084,69.0,2118.0,False
363650,Hacker's Beat,25/09/15,Casual | Indie,3D Vision | Action | Arcade | Atmospheric | Casual | Cyberpunk | Experimental | Futuristic | Hacking | Indie | Level Editor | Memes | Music-Based Procedural Generation | Rhythm | Sci-fi | Score Attack | Singleplayer | Soundtrack | Surreal | Typing,"::Game Concept: Rhythm Game + Hacker Theme:: Play out your dangerous hacker fantasies with this clever rhythm game.Welcome, to the Hacker's World...",windows,Family Sharing | Includes level editor | Single-player | Steam Achievements,6.99,31.0,29.0,Mixed,60.0,0.516666667,,,False
836290,Achievement Lurker: Ballad of the Shimapan Warrior - King of Panties,19/06/18,Adventure | Indie | RPG,Adventure | Indie | RPG | RPGMaker,Turn based combat XP system Boss fight NPC,windows,Family Sharing | Single-player,1.69,29.0,9.0,Mostly Positive,38.0,0.763157895,,,False
845040,AegisM,27/07/18,Action | Early Access | Indie | Strategy,3D | Action | Atmospheric | Building | Cartoony | Colorful | Early Access | Family Friendly | Indie | Isometric | Logic | Management | Military | Multiplayer | Real Time Tactics | Shoot 'Em Up | Strategy | Stylized | Top-Down | Tower Defense,"AegisM is a competitive tower defence game crossed with an action shooter, with multiplayer game modes. Play alone or with up to 3 others to achieve the highest survival mode scores or play one of the ever growing list of competitive mini games!",windows | linux,Co-op | Cross-Platform Multiplayer | Family Sharing | Multi-player | Online Co-op | Single-player | Stats | Steam Achievements | Steam Leaderboards,9.99,40.0,3.0,Positive,43.0,0.930232558,,,False
264460,A-Men,24/01/14,Action | Adventure | Indie,Action | Adventure | Indie | Platformer | Puzzle,"What is A-Men?Classic puzzle-platformer, inspired by some oldschool titles like Lemmings and Lost Vikings. What is A-Men like?Hard. No holding your hand, no easy levels, we want to challenge you. If you are a casual, A-Men is not for you.",windows,Family Sharing | Partial Controller Support | Single-player | Steam Achievements | Steam Cloud | Steam Trading Cards,6.99,27.0,28.0,Mixed,55.0,0.490909091,,,False
796060,Riddles of Fate: Memento Mori Collector's Edition,09/02/18,Adventure | Casual,Adventure | Casual | Hidden Object,Death needs help from the only detective he trusts – you!,windows,Family Sharing | Single-player,7.19,5.0,0.0,5 user reviews,5.0,1.0,,,False
549900,Leviathan Starblade,03/11/16,Action,Action | Shoot 'Em Up,"Leviathan Starblade is a vertical scrolling shmups (shoot’em up), but along with the standard forward facing guns each player ship also comes equipped with a turret. This turret can fire or swing your Starblade in any direction. The Starblade can be used to cut down most enemy projectiles.",windows,Family Sharing | Partial Controller Support | Single-player | Steam Trading Cards,1.99,26.0,21.0,Mixed,47.0,0.553191489,,,False
742630,Wonky Ship,20/11/17,Action | Casual | Free To Play,Action | Casual | Free to Play,"You're a daring intergalactic pilot, desperately trying to outmaneuver the ravenous pull of a plasma-fueled black hole. You'll weave, dodge, cuss, flip out, and roll around like you've never done in a video game before. And then you'll die. Often.",windows | mac,Cross-Platform Multiplayer | In-App Purchases | Multi-player | Online PvP | PvP | Single-player | Steam Achievements | Steam Cloud,0.0,29.0,22.0,Mixed,51.0,0.568627451,,,True
460340,Guards,19/08/16,Adventure | Indie | Strategy,Adventure | Fantasy | Indie | Magic | Puzzle | Strategy | Tactical | Tower Defense | Turn-Based | Turn-Based Tactics,"Four heroes are facing a horde of evil! Ultimate abilities, magic artifacts, hero upgrades and clever tactics... All these will help to defeat the Boss.",windows | mac | linux,Commentary available | Family Sharing | Single-player | Stats | Steam Achievements | Steam Trading Cards,3.99,397.0,67.0,Very Positive,464.0,0.855603448,49.0,250.0,False
537200,Defense Of Greece TD,09/11/16,Casual | Indie | Strategy,2.5D | 2D | Casual | Combat | Historical | Indie | Isometric | Military | Multiple Endings | PvE | RTS | Singleplayer | Strategy | Tower Defense | War | Wargame,A game of the genre &quot;Tower Defense&quot;.,windows | mac,Family Sharing | Single-player | Steam Trading Cards,4.79,49.0,27.0,Mixed,76.0,0.644736842,,,False
563390,Children of the Galaxy,14/03/17,Early Access | Indie | Simulation | Strategy,4X | Early Access | Indie | Sci-fi | Simulation | Strategy,"Children of the Galaxy is a grand scale 4x turn-based strategy game with a turn-based combat and tactical elements. You can explore the galaxy, colonize planets and build huge armies of starships to fight in epic space battles.",windows,Family Sharing | Multi-player | Remote Play Together | Shared/Split Screen | Single-player | Steam Cloud | Steam Workshop,14.99,13.0,1.0,Positive,14.0,0.928571429,,,False
758410,AO International Tennis,07/05/18,Sports,Simulation | Sports | Tennis,"AO International Tennis is the most authentic, community-focused tennis game ever. Make use of comprehensive PlayFace™, Stadium Creator, and other customisation features to put a photo-realistic version of yourself in your local tennis competition, up against the greats, including Rafael Nadal.",windows,Co-op | Family Sharing | Full controller support | Multi-player | Online Co-op | Online PvP | PvP | Remote Play Together | Shared/Split Screen | Shared/Split Screen Co-op | Shared/Split Screen PvP | Single-player | Steam Achievements | Steam Cloud,19.99,265.0,105.0,Mostly Positive,370.0,0.716216216,,352.0,False
631270,Haunted Hotel II: Believe the Lies,19/05/17,Adventure | Casual,Adventure | Casual | Hidden Object,"A lone FBI agent has come to the Haunted Hotel, from which no one can escape, until its mysteries are unraveled.",windows,Family Sharing | Single-player,5.19,5.0,8.0,Mostly Negative,13.0,0.384615385,,,False
601200,Pix,01/09/17,Action | Adventure | Early Access | Indie | Strategy,Action | Adventure | Early Access | Indie | Strategy,"Pix jumps through perilous platformer levels on a quest to collect colorful, sparkling pixels. Death lurks around every corner in each risky mission to recover the glowing goodness!",windows | mac | linux,Family Sharing | Partial Controller Support | Single-player | Steam Trading Cards,1.99,7.0,2.0,9 user reviews,9.0,0.777777778,,,False
947390,Doodle Farm,15/11/18,Adventure | Casual | Indie | Simulation,Adventure | Casual | Indie | Simulation,Play God &amp; Create an Amazing Creature Universe!,windows | mac | linux,Family Sharing | Single-player | Steam Cloud,6.19,17.0,5.0,Mostly Positive,22.0,0.772727273,,,False
680890,Where the Money Is,30/08/17,Action | Casual | Indie | Strategy,Action | Casual | Indie | Strategy,"'Where the Money Is' puts you in control of a gang of notorious bank robbers as you attempt to score the biggest payout of your career. Using each member's special ability, you will make your way through 50+ puzzling levels and ensure everyone escapes unscathed.",windows,Family Sharing | Single-player | Steam Achievements | Steam Cloud,2.89,6.0,0.0,6 user reviews,6.0,1.0,,,False
571530,Superdimension Neptune VS Sega Hard Girls | 超次元大戦ネプテューヌVSセガハードガールズ夢の合体スペシャル  | 超次元大戰戰機少女VS SEGA主機娘夢幻合體特別版,12/06/17,Action | RPG,Action | Adventure | Anime | Cute | Female Protagonist | Funny | Great Soundtrack | Hentai | JRPG | Memes | Nudity | RPG | Sexual Content | Singleplayer | Strategy | Turn-Based | Visual Novel,"A collaboration project between ASCII Media Works’ Dengeki Bunko and SEGA, the Sega Hard Girls are made up of various Sega consoles, including the Dreamcast, Sega Saturn, and Mega Drive! These anthropomorphized consoles are girls with an array of personalities and spunk, and this time they are teaming up with Neptune and IF for an...",windows,Family Sharing | Full controller support | Single-player | Steam Achievements | Steam Cloud | Steam Trading Cards,22.99,886.0,68.0,Very Positive,954.0,0.928721174,,838.0,False
386870,Playing History 2 - Slave Trade,27/08/15,Adventure | Casual | Indie,Adventure | Casual | Education | Family Friendly | Historical | Illuminati | Indie | Memes | Point & Click | Psychological Horror | Singleplayer | Third Person,"Travel back in time and witness the horrors of slave trade firsthand. You will be working as young slave steward on a ship crossing the Atlantic. You are to serve the captain and be his eyes and ears. What do you do, when you realize that your own sister has been captured by the slave traders?",windows | mac,Family Sharing | Single-player | Steam Achievements | Steam Trading Cards,3.99,152.0,99.0,Mixed,251.0,0.605577689,,126.0,False
514160,18 Wheels of Steel: Across America,26/08/16,Simulation,Automobile Sim | Driving | Simulation,"Drive faster than your competition, haul your cargo across the entire United States and feel the wind in your face as you control your own destiny. Blast the horn and build a career in the fast-paced world of trucking.",windows,Family Sharing | Single-player,6.99,138.0,21.0,Very Positive,159.0,0.867924528,,138.0,False
291650,Pillars of Eternity,26/03/15,RPG,Adventure | Atmospheric | CRPG | Character Customization | Classic | Crowdfunded | Dark Fantasy | Exploration | Fantasy | Great Soundtrack | Indie | Isometric | Kickstarter | Open World | Party-Based RPG | RPG | Real-Time with Pause | Singleplayer | Story Rich | Strategy,"Prepare to be enchanted by a world where the choices you make and the paths you choose shape your destiny. Obsidian Entertainment, the developer of Fallout: New Vegas™ and South Park: The Stick of Truth™, together with Paradox Interactive is proud to present Pillars of Eternity.",windows | mac | linux,Commentary available | Family Sharing | Remote Play on Tablet | Single-player | Steam Achievements | Steam Cloud | Steam Trading Cards,22.99,20899.0,2787.0,Very Positive,23686.0,0.882335557,89.0,15162.0,False
537170,4x4 Offroad Racing - Nitro,10/03/17,Racing | Simulation | Sports,Racing | Simulation | Sports,"In &quot;4x4 Offroad Racing Nitro&quot; different courses in the three game modes single race, time trial and competition are waiting for the future race champion, and that is you!!! The rapid offroad races lead you through dusty deserts, slippery ice regions and dense forests during day and night.",windows,Family Sharing | Multi-player | Online PvP | Partial Controller Support | PvP | Remote Play Together | Shared/Split Screen PvP | Single-player | Steam Cloud,7.19,1.0,3.0,4 user reviews,4.0,0.25,,,False
959340,Deconstruction Lab,02/11/18,Action | Early Access | Indie | RPG,Action | Early Access | Gore | Indie | RPG | Violent,"First of all, thank you for viewing this page. This page is produced independently by a 14-year-old boy. This game is currently in beta and there may be unknown bugs that will be fixed in a future release.     This game will be updated every weekend.",windows,Family Sharing | Single-player,0.79,1.0,1.0,2 user reviews,2.0,0.5,,,False
907210,Phantom Thief Celianna,15/11/18,Indie | RPG,Adventure | Anime | Female Protagonist | Funny | Hentai | Indie | JRPG | Mature | Memes | Multiple Endings | Nudity | RPG | RPGMaker | Sexual Content,"From the creators of Treasure Hunter Claire and President Yukino, comes a Stealth Action game where you must dodge traps and enemies to steal the treasures of those who would oppress society.",windows,Family Sharing | Single-player | Steam Cloud,10.29,193.0,111.0,Mixed,304.0,0.634868421,,285.0,False
342490,Shipwreck,13/02/15,Adventure | Free To Play | Indie,Adventure | Free to Play | Indie | Pixel Graphics | RPG | Top-Down,"Shipwreck is a top down adventure game in which you must travel the land, explore dungeons, and defeat monsters to earn safe passage off the island on which you are stranded.",windows | mac | linux,Full controller support | Single-player | Steam Achievements | Steam Trading Cards,1.99,193.0,42.0,Very Positive,235.0,0.821276596,,187.0,False
516460,50 Years,26/08/16,Early Access | Indie | Simulation,Early Access | Indie | Simulation | Strategy,50Year's is the strategy game that you protect clan and nations.,windows,Family Sharing | Single-player,4.79,1.0,1.0,2 user reviews,2.0,0.5,,,False
604000,Like Clay,14/03/17,Adventure | Indie,Adventure | Horror | Indie,"Like Clay is a story driven adventure game with horror elements. Find out what happened to a friend of yours by reading messages and listening to audio files. Search for hidden doors and items, solve light puzzles and survive deadly foes and lethal traps.",windows,Family Sharing | Partial Controller Support | Single-player | Steam Achievements | Steam Trading Cards,0.79,100.0,15.0,Very Positive,115.0,0.869565217,,103.0,False
934990,Cute Girls VR,22/09/18,Action | Adventure | Casual | Indie | RPG | Simulation | Sports,Action | Adventure | Anime | Atmospheric | Casual | Female Protagonist | Funny | Horror | Indie | Mature | Nudity | Psychological Horror | RPG | Sexual Content | Simulation | Singleplayer | Sports | Strategy | VR | Visual Novel,Meet cute girls and dance with them to the cool songs. All this inside nice styled locations! Cute girls will let you feel presence of characters like they would be next to you. Prepare for the great party!,windows,Family Sharing | Single-player | Tracked Controller Support | VR Only,6.19,10.0,8.0,Mixed,18.0,0.555555556,,,False
994170,Statue Defender,22/02/19,Action | Indie | RPG,Action | Gore | Indie | RPG | Violent,Defend the statue from being destroyed by waves of enemies. Choose your class. Level up. Customize your hero. Earn achievements and show the world you are the number one statue defender!,windows,Family Sharing | Single-player,2.89,1.0,1.0,2 user reviews,2.0,0.5,,,False
795100,Friday the 13th: Killer Puzzle,12/04/18,Casual | Free To Play | Indie | Strategy,1980s | Action | Atmospheric | Blood | Casual | Cute | Dark Comedy | Difficult | Free to Play | Funny | Gore | Horror | Indie | Multiplayer | Puzzle | Simulation | Singleplayer | Strategy | Turn-Based Strategy | Violent,"Help legendary horror icon Jason Voorhees stalk and slay campers across 100+ puzzle levels in a hilariously off kilter puzzle game. Jason will terrorize victims from the campgrounds of Crystal Lake to the highrises of Manhattan, from supermax prisons to space stations... and beyond!",windows | mac,Family Sharing | Full controller support | In-App Purchases | Single-player | Steam Achievements | Steam Cloud | Steam Trading Cards,0.0,5589.0,371.0,Very Positive,5960.0,0.937751678,,,True
405720,Perfect Universe - Play with Gravity,26/02/16,Action | Indie,4 Player Local | Action | Co-op | Comedy | Competitive | Difficult | Funny | Indie | Local Co-Op | Local Multiplayer | Minimalist | Multiplayer | Physics | Platformer | PvP | Sandbox | Singleplayer | Sports,"Perfect Universe is a collection of 9 gravity inspired games. Featuring 6 hilarious local multiplayer modes and over 70 eye-popping single player levels, this captivating universe has something for everyone.",windows,Family Sharing | Full controller support | Multi-player | Remote Play Together | Remote Play on TV | Shared/Split Screen | Single-player | Steam Achievements | Steam Leaderboards,6.99,94.0,33.0,Mostly Positive,127.0,0.74015748,,,False
353630,Oil Enterprise,20/04/16,Indie | Simulation | Strategy,Early Access | Economy | Indie | Management | Simulation | Strategy,"In Oil Enterprise, you enter the multi-million dollar business of black gold as a shrewd businessman. Accept the challenge and grow from a small-scale en-trepreneur, investing in your first oilfield, to a global oil magnate.",windows | mac | linux,Family Sharing | Multi-player | Single-player | Steam Achievements | Steam Cloud | Steam Trading Cards,17.99,92.0,94.0,Mixed,186.0,0.494623656,,132.0,False
803110,Dread station,22/02/18,Action | Indie,Action | Indie,"Dread station is dark, intense First person shooter with hardcore action and beautiful graphics.",windows,Family Sharing | Single-player,0.79,11.0,11.0,Mixed,22.0,0.5,,,False
500690,Secret Santa,01/12/16,Indie | Strategy,Indie | Pixel Graphics | Stealth | Strategy,"Sneak around children, pets, and the elderly as you deliver Christmas joy. Complete the list of deliveries, and have some cookies.",windows | linux,Full controller support | Single-player | Steam Achievements | Steam Cloud,1.69,85.0,9.0,Very Positive,94.0,0.904255319,,,False
461220,Beglitched,06/10/16,Adventure | Indie,Adventure | Cute | Hacking | Indie | Match 3 | Pixel Graphics | Puzzle,"Beglitched is a game about insecurity, in our computers and ourselves.",windows | mac | linux,Family Sharing | Single-player,7.19,108.0,9.0,Very Positive,117.0,0.923076923,,,False
386770,Caladrius Blaze,11/01/17,Action,Action | Anime | Arcade | Bullet Hell | Female Protagonist | Nudity | Sexual Content | Shoot 'Em Up | Shooter,An epic tale that begins from shooting missiles! The newest work of the Caladrius series with lots of new features that exceeds the original story!,windows,Co-op | Family Sharing | Full controller support | Multi-player | Remote Play Together | Remote Play on TV | Shared/Split Screen | Single-player | Steam Achievements | Steam Cloud | Steam Leaderboards | Steam Trading Cards,18.99,320.0,64.0,Very Positive,384.0,0.833333333,,301.0,False
1001430,Next Stop 3,09/03/19,Casual | Simulation | Strategy,Casual | Simulation | Strategy,"Margaret needs your help once again! You must repair the railway over 50 levels, build a sorting center and win in a billion-dollar escapade!",windows | mac,Family Sharing | Single-player,5.19,19.0,1.0,Positive,20.0,0.95,,,False
1005310,Snake vs Snake,29/03/19,Action | Casual | Indie,2D | 4 Player Local | Action | Arcade | Casual | Classic | Competitive | Cult Classic | Family Friendly | Fast-Paced | Great Soundtrack | Indie | Local Multiplayer | Multiplayer | Party | PvP | Racing | Retro | Simulation | Singleplayer,Snake vs Snake is a fast paced snake game with an insane battle mode with power-ups and much more. Inspired by old classical Snake but with a much faster arcade pace and local multiplayer support.,windows | mac | linux,Family Sharing | Full controller support | Multi-player | PvP | Remote Play Together | Shared/Split Screen | Shared/Split Screen PvP | Single-player | Steam Achievements | Steam Leaderboards,2.89,30.0,0.0,Positive,30.0,1.0,,,False
283230,Spoiler Alert,30/06/14,Adventure | Casual | Indie,2D | Adventure | Casual | Comedy | Indie | Level Editor | Platformer | Short | Singleplayer,Spoiler Alert is a video game that tests your platforming skills… in reverse. It’s a comedy platformer that you play backwards.,windows | mac | linux,Family Sharing | Full controller support | Includes level editor | Single-player | Steam Achievements | Steam Cloud | Steam Leaderboards | Steam Trading Cards | Steam Workshop,1.99,959.0,308.0,Mostly Positive,1267.0,0.756906077,,322.0,False
824620,Jolly Battle,27/07/18,Casual | Indie | Strategy,2D | Board Game | Casual | Colorful | Cute | Family Friendly | Funny | Great Soundtrack | Hand-drawn | Indie | Multiplayer | Naval Combat | PvP | Singleplayer | Strategy | Tactical | Turn-Based Combat | Turn-Based Strategy | Turn-Based Tactics | Tutorial,"An amazing adaptation of a well-known board game. The amusing take on the visuals of the battle team makes the game even more exciting for the whole family. Play against an AI player, or with friends on Steam or rivals from all over the world in real time.",windows | mac | linux,Family Sharing | Multi-player | Online PvP | PvP | Single-player | Steam Achievements | Steam Cloud,0.79,82.0,15.0,Very Positive,97.0,0.845360825,,,False
289300,Faces of War,16/04/14,Action | Simulation | Strategy,Action | Co-op | Multiplayer | RTS | Real Time Tactics | Simulation | Strategy | Tactical | War | World War II,"The second instalment in the series that would become known as Men of War. Through the eyes of Allied, German and Russian squad leaders, experience the most immersive World War II real-time strategy game where each battle is played out and won differently based on your tactical choices.",windows,Family Sharing | Includes level editor | Multi-player | Single-player | Steam Cloud,3.99,919.0,122.0,Very Positive,1041.0,0.882804995,67.0,882.0,False
694760,Sweaty Palms,06/11/17,Action | Early Access | Indie,Action | Early Access | Indie | VR,"Climb, swing, fly, and shoot in a visceral fast-paced VR multiplayer action arena. Fight like a superhero, die like one.",windows,Family Sharing | Multi-player | Online PvP | PvP | Tracked Controller Support | VR Only,7.19,11.0,1.0,Positive,12.0,0.916666667,,,False
464050,Heroes Must Die,15/07/16,RPG,Comedy | Free to Play | Pixel Graphics | RPG | Retro | Story Rich | Tactical RPG,"Heroes Must Die is an action-RPG with aesthetics inspired by the best roleplaying games of the 16 bit era, with the sophisticated story and design of modern epics. Follow a grand and fun story of trying to break the world and then save it. Combat is easy to learn and difficult to master. Best of all, it's free.",windows | mac,Single-player | Steam Achievements,0.0,42.0,12.0,Mostly Positive,54.0,0.777777778,,,True
694440,Man of Law | Judge simulator,22/12/17,Adventure | Casual | Early Access | Indie | Simulation,Adventure | Casual | Early Access | Indie | Interactive Fiction | Simulation | Visual Novel,"In our game you can immerse in the world of the most progressive and controversial justice system in the world, cover a career path from an alumnus of prestigious law school to the head of the county court.",windows,Family Sharing | Single-player,5.19,6.0,17.0,Mostly Negative,23.0,0.260869565,,,False
965760,Super Darts VR,14/11/18,Casual | Early Access | Indie | Sports,Casual | Early Access | Indie | Sports,Super Darts VR is an easy and simple dart game simulator that you can enjoy with other players. You can experience the realistic dart throwing sensation in a virtual space. Face other players in the dart game with pleasant special effects.,windows,Family Sharing | Multi-player | Online PvP | PvP | Tracked Controller Support | VR Only,5.79,1.0,2.0,3 user reviews,3.0,0.333333333,,,False
381000,6 Nights,08/09/16,Casual | Indie | Simulation,Board Game | Casual | Indie | Simulation,A race to earn big money in this buying and selling property game. Outwit your opponents and make them stay for 6 nights. Charge them big rents and claim total domination.,windows,Family Sharing | Multi-player | Remote Play Together | Shared/Split Screen | Single-player | Steam Trading Cards,1.59,29.0,12.0,Mostly Positive,41.0,0.707317073,,,False
687270,Divide,17/11/17,Action | Adventure | Indie,Action | Adventure | Indie,"Divide is a character-driven, science fiction action/adventure game with a modern take on isometric adventures of the past. Search for clues that reveal new insight into the story, interact with fully realized characters, and combat enemies by hacking out of sight, or launching a direct assault.",windows,Captions available | Family Sharing | Full controller support | Remote Play on TV | Single-player | Steam Achievements | Steam Cloud,15.49,5.0,6.0,Mixed,11.0,0.454545455,,,False
543110,Head It!: VR Soccer Heading Game,19/10/16,Action | Casual | Sports,Action | Casual | Sports | VR,Use your whole body and go for the goal! Introducing a soccer heading game for the HTC Vive on Steam. Take the pass from your teammate and head the ball in! Beat the goalkeeper to earn points and aim for the top rankings.,windows,Family Sharing | Single-player | Steam Leaderboards | Tracked Controller Support | VR Only,4.79,8.0,2.0,Positive,10.0,0.8,,,False
339340,Resident Evil 0 / biohazard 0 HD REMASTER,19/01/16,Action | Adventure,Action | Adventure | Atmospheric | Classic | Difficult | Female Protagonist | Gore | Great Soundtrack | Horror | Multiplayer | Puzzle | Remake | Shooter | Singleplayer | Story Rich | Survival | Survival Horror | Third Person | Third-Person Shooter | Zombies,"Before the mansion, before the destruction of Raccoon City, there was Resident Evil 0. Now remastered with improved visuals and sounds, as well as the all-new Wesker Mode, there's never been a better time to experience the origins of the Resident Evil story.",windows,Full controller support | Single-player | Steam Achievements | Steam Cloud | Steam Trading Cards,15.99,10143.0,2286.0,Very Positive,12429.0,0.816075308,,8941.0,False
533470,The Cube Hotel（Ning's Wing 2）,23/09/16,Adventure | Indie | RPG,Adventure | Anime | Casual | Horror | Indie | Puzzle | RPG,"The Cube Hotel (a.k.a. Ning's Wing 2) is a puzzle adventure game. There are in total 4 branches, 10 endings, nearly 50 rooms and 50 puzzles in this game. If you are a fan of escape games, you should not miss this one.",windows,Family Sharing | Single-player,1.99,5.0,6.0,Mixed,11.0,0.454545455,,,False
407560,Killing Room,20/10/16,Action | Indie | RPG,Action | Action RPG | Action Roguelike | Comedy | Dark | Difficult | FPS | Gore | Horror | Indie | Multiple Endings | Perma Death | Procedural Generation | RPG | Replay Value | Roguelike | Roguelite | Shooter | Singleplayer | Survival,"Rogue-like FPS with strong RPG elements set in a 22nd century reality-show parody. Win a fortune or die, but never disappoint your audience. And audience is virtual or real with revolutionary but optional features for streamers and their fans.",windows,Captions available | Family Sharing | Single-player | Stats | Steam Achievements | Steam Trading Cards,6.99,976.0,426.0,Mixed,1402.0,0.696148359,,1222.0,False
538710,Dead Hungry,05/12/16,Action | Casual | Indie,Action | Casual | Cooking | Indie | VR,"Dead Hungry is a fast-paced VR game developed by Q-Games, creators of the PixelJunk series. Restore zombies to human form by loading up huge hamburgers and hurling them to the grateful undead. Your weapons of choice are burgers, pizza, fries--and anything else you can pick up!",windows,Family Sharing | Single-player | Steam Achievements | Tracked Controller Support | VR Only,5.79,54.0,4.0,Very Positive,58.0,0.931034483,,,False
726620,Kitty Rescue,01/11/17,Action | Casual | Simulation,Action | Casual | Simulation | VR,"Oh dear, Kitty is always getting herself into a pickle. Luckily, you’re here to save the day. You must defy death to save our careless kitten from the dangers of a construction site, rescuing her from 3 perilous scenarios. Hope you don’t have a problem with heights!",windows,Single-player | Tracked Controller Support | VR Only,0.79,34.0,11.0,Mostly Positive,45.0,0.755555556,,,False
772460,YangBo Adventure,26/01/18,Adventure | Casual | Free To Play | Indie | RPG,Adventure | Casual | Free to Play | Indie | RPG,YangBo Adventure是一款結合劇情、遊戲和3D環場影片的方式來介紹朝陽科技大學特色的校園導覽遊戲，遊戲內容是在學校的六棟大樓裡闖關，每一棟大樓都有不同的遊戲內容、劇情和環場影片，玩家可以在遊玩中就可以了解到朝陽科技大學的特色。,windows,Single-player,0.0,16.0,5.0,Mostly Positive,21.0,0.761904762,,,True
355920,Pixel Puzzles 2: Space,19/02/16,Casual | Indie | Simulation | Strategy,Casual | Indie | Puzzle | Simulation | Space | Strategy,"Pixel Puzzles 2: Space is a traditional style jigsaw puzzle game in a universal style, each piece uniquely shaped like no physical puzzle could be.",windows,Family Sharing | Single-player | Steam Achievements | Steam Cloud | Steam Trading Cards,6.99,317.0,51.0,Very Positive,368.0,0.861413043,,,False
620340,Cubrick,12/04/17,Casual | Indie | Strategy,Casual | Indie | Puzzle Platformer | Strategy,There is nothing in the Cubrick.,windows | mac,Family Sharing | Single-player | Steam Achievements | Steam Trading Cards,1.59,22.0,1.0,Positive,23.0,0.956521739,,,False
856370,One-Way Ticket  / 单程票,24/10/18,Casual | Indie | RPG,Casual | Gore | Indie | RPG | Visual Novel,"One-Way Ticket is a visual novel loosely based around actual events. A group of men and women, isolated at sea on a long-distance fishing vessel, suddenly find their very humanity at stake as crew members begin turning up dead.",windows,Family Sharing | Single-player | Steam Achievements,3.99,237.0,149.0,Mixed,386.0,0.613989637,,251.0,False
598230,Ascender,17/03/17,Adventure | Indie,2D | 2D Platformer | Action | Adventure | Cartoon | Colorful | Conspiracy | Drama | Exploration | Fantasy | Futuristic | Hand-drawn | Indie | Metroidvania | Platformer | Puzzle | Puzzle Platformer | Retro | Robots | Sci-fi,"Ascender is a 2D explorative puzzle metroidvania. The game is set in the open world of GOA's districts, and the player will face many unique puzzles to solve. Warning!! This game will truly challenge your puzzle and platforming skill :D",windows | mac | linux,Family Sharing | Full controller support | Single-player | Steam Achievements | Steam Trading Cards,5.99,12.0,3.0,Positive,15.0,0.8,,,False
417310,Hiragana Pixel Party,18/03/16,Casual | Indie,Casual | Education | Indie,"A chiptune rhythm-action game that also teaches you something! Learn to read Japanese Hiragana and Katakana characters in a fun chiptune adventure! Not just for people who want to learn Japanese, this is a game anyone can enjoy.",windows,Family Sharing | Full controller support | Single-player | Steam Achievements,5.59,15.0,9.0,Mixed,24.0,0.625,,,False
869870,She is Mermaid,08/09/18,Adventure | Indie,Adventure | Anime | Indie | Visual Novel,"Tired of your normal city life? Maybe it's instinct, maybe it's science, but nature is calling Hiroto back to his rural hometown! Little does he know that his childhood friend has somehow gotten herself turned into a... mermaid!?",windows,Family Sharing | Single-player | Steam Achievements | Steam Cloud,8.29,55.0,12.0,Very Positive,67.0,0.820895522,,,False
289760,ROCKETSROCKETSROCKETS,01/05/15,Action | Casual | Indie | Sports | Strategy,2D | 4 Player Local | Action | Arcade | Casual | Co-op | Colorful | Fast-Paced | Great Soundtrack | Indie | Local Co-Op | Local Multiplayer | Multiplayer | Party Game | Racing | Singleplayer | Soundtrack | Space | Sports | Strategy,"ROCKETS fire ROCKETS at ROCKETS in this action-arcade, arena-combat, gorgeous festival-of-fireworks! It's dogfighting meets figure-skating in space with local multiplayer and single-player fast-paced action modes plus a ZEN MODE where ROCKETS learn to LOVE.",windows | mac | linux,Co-op | Family Sharing | Full controller support | Multi-player | Remote Play Together | Remote Play on Phone | Remote Play on TV | Remote Play on Tablet | Shared/Split Screen | Single-player | Stats | Steam Achievements | Steam Leaderboards | Steam Trading Cards,4.99,408.0,136.0,Mostly Positive,544.0,0.75,,319.0,False
259640,Guise Of The Wolf,24/01/14,Action | Adventure | Indie,Action | Adventure | Fantasy | First-Person | Horror | Indie | Nudity | Puzzle | Singleplayer | Stealth | Survival | Werewolves,"The game is a first person Gothic action adventure game set in the medieval kingdom of Uhorsko. You play Dominik, a young alchemist summoned to protect the kingdom from a ravenous beast. Dominik's goals soon change as he discovers he has been bitten, and cursed to become the very thing he has set out to stop.",windows,Family Sharing | Partial Controller Support | Single-player | Steam Achievements | Steam Trading Cards,1.99,78.0,139.0,Mostly Negative,217.0,0.359447005,,118.0,False
614160,Bug Invaders,23/01/18,Action | Indie,Action | Indie | VR,Protect the survivors from bugs using your giant hands until help arrives! Take advantage of your surroundings to squish those nasty critters and get your people to safety.,windows,Family Sharing | Single-player | Tracked Controller Support | VR Only,0.79,3.0,2.0,5 user reviews,5.0,0.6,,,False
740230,Just Ski - a physics game by Jeff Weber,07/02/18,Action | Indie | Simulation | Sports,2D | Action | Adventure | Casual | Colorful | Dark Humor | Difficult | Funny | Indie | Philosophical | Physics | Platformer | Precision Platformer | Psychological Horror | Side Scroller | Simulation | Singleplayer | Skiing | Snowboarding | Sports,"A difficult, minimalist, one-more-try, physics game. Slide your mouse up and down to control your skier's posture and initiate jumps. Stick the landings. Get to the cabin.",windows | mac,Single-player | Steam Achievements,2.09,161.0,22.0,Very Positive,183.0,0.879781421,,106.0,False
690710,HEIANKYO ALIEN / 平安京エイリアン,13/10/17,Action | Indie,Action | Arcade | Indie | Pixel Graphics | Retro,"The Heiankyo Alien, developed on a personal computer and released in 1979 as an arcade game from Denki Onkyo, is now ported and arranged for Windows! Arranged version &quot;Heiankyo Alien 3671&quot; is a time-based game, overwhelmingly addictive and euphoric, with new features such as seven items buried in the field, various scoring...",windows,Co-op | Family Sharing | Multi-player | Partial Controller Support | Remote Play Together | Shared/Split Screen | Shared/Split Screen Co-op | Single-player | Steam Achievements | Steam Leaderboards,10.59,24.0,4.0,Positive,28.0,0.857142857,,,False
257670,Elder Sign: Omens,27/11/13,Casual | Indie | Strategy,Board Game | Casual | Dice | Horror | Indie | Lovecraftian | Singleplayer | Strategy | Tabletop,"Elder Sign: Omens is a digital version of the popular board game by Fantasy Flight Games. Build a team of unique investigators and fight to keep an all-powerful Ancient One from invading our world! Explore museums, oceans, deserts and more for the arcane Elder Signs that will help seal the Ancient One away.",windows | mac | linux,Family Sharing | Single-player | Steam Trading Cards,4.79,333.0,97.0,Mostly Positive,430.0,0.774418605,,411.0,False
458410,Cabals: Magic & Battle Cards,06/02/18,Early Access | Free To Play | Strategy,Card Game | Early Access | Free to Play | Strategy,"Cabals combines the strategic deck building of card games and tactics of a chess like board game. The classic collectible card game is now designed from the ground up for PC. Choose your side, build your perfect deck and battle in the War of Cabals to decide the fate of humankind!",windows | mac,Cross-Platform Multiplayer | In-App Purchases | Multi-player | Single-player,0.0,42.0,23.0,Mixed,65.0,0.646153846,,,True
978580,Oops!!! Puzzles!!!,29/03/19,Adventure | Casual | Indie,Adventure | Casual | Indie | Violent,"We offer you a puzzle game. The meaning of the game – making a mosaic pattern that you want to add up from a variety of fragments of different shapes. The greatest interest in this game will cause thrill-seekers, as it contains scary pictures (horror).",windows,Family Sharing | Single-player | Steam Achievements,0.79,2.0,3.0,5 user reviews,5.0,0.4,,,False
583000,Fly Away,20/03/17,Casual | Early Access | Indie | Simulation,Casual | Difficult | Early Access | Flight | Indie | Simulation,"Fly Away is a fun, addicting physics-based paperflyer taking a different approach from the classic 3D Platformers. In this you game control a small paper plane with the desire to get to the end of each level with numerous obstacles in your way.",windows | mac,Family Sharing | Single-player,0.79,4.0,0.0,4 user reviews,4.0,1.0,,,False
737330,Pixelord,01/11/17,Action | Indie,Action | Indie,"The simplest click runner for a long distance. Avoid the traps, jump over the abysses, run as far as possible from the haunting danger and maybe at the end expects salvation.",windows,Family Sharing | Single-player,0.79,16.0,13.0,Mixed,29.0,0.551724138,,,False
707010,Will To Live Online,05/04/18,Action | Early Access | Free To Play | Indie | Massively Multiplayer | RPG,Action | Atmospheric | Crafting | Early Access | Exploration | FPS | First-Person | Free to Play | Gore | Indie | MMORPG | Massively Multiplayer | Multiplayer | Open World | Open World Survival Craft | Post-apocalyptic | RPG | Shooter | Survival | Violent,"Will To Live is a MMORPG-shooter whose action takes place in a severe post-apocalyptic world. Explore the world, engage in fights with mutants and other survivors, join the clans in the struggle for existence and prove your right to Live.",windows,In-App Purchases | MMO | Multi-player | Online PvP | PvP | Steam Cloud | Valve Anti-Cheat enabled,9.29,11912.0,5062.0,Mostly Positive,16974.0,0.701779192,,1956.0,False
296280,TownCraft,25/02/15,Indie | Simulation | Strategy,City Builder | Indie | Simulation | Strategy,"TownCraft is a chill-out crafting and city-building game. Instead of just surviving, you must turn your empty plot of land and its rarely-used road into a bustling town full of shops, workers and taverns.",windows | mac,Family Sharing | Single-player,7.19,40.0,61.0,Mostly Negative,101.0,0.396039604,,,False
530860,The Wanderer,25/01/19,Adventure | Strategy,Adventure | Exploration | Great Soundtrack | Hand-drawn | Hex Grid | Open World | Post-apocalyptic | Singleplayer | Strategy | Turn-Based | Turn-Based Combat | Turn-Based Strategy | Turn-Based Tactics | Walking Simulator,Enter a dark wasteland and fight mutants to survive.,windows,Family Sharing | Single-player | Steam Trading Cards,2.09,40.0,16.0,Mostly Positive,56.0,0.714285714,,,False
412310,Labyrinth,07/03/16,Early Access | Free To Play | Indie | RPG | Strategy,Asynchronous Multiplayer | Card Game | Dungeon Crawler | Early Access | Free to Play | Indie | Multiplayer | RPG | Strategy | Tactical RPG | Trading Card Game | Turn-Based | Turn-Based Tactics,"UPDATED! Embark on a new adventure: Assemble powerful decks of Heroes to invade rival dungeons and engage in epic PvP 3D battles--then, use the loot from your conquests to customize your own dungeon and put together a powerful deck of bosses and minions to defend your riches at all costs.",windows | mac,Family Sharing | In-App Purchases | Multi-player | Online PvP | Steam Trading Cards | Steam Turn Notifications,0.0,181.0,92.0,Mixed,273.0,0.663003663,,,True
861770,FrogStatue,13/06/18,Indie | Strategy,Indie | Strategy,"No one knows when the sea that was made up of several small islands was discovered. Most of the islands are made up of desert, gobi or volcanoes. No matter which season the outside is, there will always be snowflakes. The cold weather and hard harsh living environment deter the explorers.",windows,Family Sharing | Single-player | Steam Achievements | Steam Cloud,0.79,1.0,0.0,1 user reviews,1.0,1.0,,,False
502320,Boulder Dash - 30th Anniversary,13/09/16,Action | Casual | Indie,Action | Casual | Indie,"Boulder Dash® - 30th Anniversary™ features classic retro-style gameplay with 220 exciting levels across 11 new, gorgeous and unique worlds, and 10 playable characters. The new level editor and Steam Workshop support offers potentially infinite replay with both user as well as community-created levels.",windows | mac,Family Sharing | Full controller support | Includes level editor | Single-player | Steam Achievements | Steam Workshop,10.99,85.0,20.0,Very Positive,105.0,0.80952381,,,False
588560,VRobot: VR Giant Robot Destruction Simulator,12/09/18,Action | Indie,Action | Destruction | Indie | Multiplayer | Robots | Simulation | VR,"VRobot is an action game designed for VR about a giant robot smashing сities using unique weapons or bare hands. Multiplayer, Lightning Hammer, Transformer Sword, Tornado Gun, Tractor Beam - we got all that!",windows,Cross-Platform Multiplayer | Family Sharing | Multi-player | Online PvP | PvP | Remote Play Together | Shared/Split Screen PvP | Single-player | Steam Achievements | Steam Trading Cards | Tracked Controller Support | VR Only,10.99,56.0,38.0,Mixed,94.0,0.595744681,,,False
268870,Satellite Reign,27/08/15,Action | Indie | Strategy,Action | Atmospheric | Class-Based | Co-op | Cyberpunk | Great Soundtrack | Indie | Isometric | Kickstarter | Multiplayer | Open World | RPG | RTS | Real-Time | Sci-fi | Singleplayer | Stealth | Strategy | Tactical | Top-Down,"Satellite Reign is a real-time, class-based strategy game, set in an open-world cyberpunk city. You command a group of 4 agents through rain-soaked, neon-lit streets, where the law is the will of mega-corporations.",windows | mac | linux,Co-op | Cross-Platform Multiplayer | Family Sharing | LAN Co-op | LAN PvP | Multi-player | Online Co-op | Online PvP | PvP | Single-player | Steam Achievements | Steam Cloud | Steam Leaderboards | Steam Trading Cards,22.99,3688.0,1467.0,Mostly Positive,5155.0,0.71542192,75.0,2510.0,False
216290,Gateways,13/09/12,Indie,2D | Indie | Metroidvania | Pixel Graphics | Platformer | Puzzle | Puzzle Platformer | Sci-fi | Singleplayer | Time Manipulation,"From the creative mind behind The Adventures of Shuggy comes an exciting new retro-styled 2D platformer, a winner of Dream Build Play 2012 and a top 50 game of 2012 according to Game Informer. Grab the gateway guns and explore a huge lab filled with mysterious puzzles in this classic platforming adventure.",windows | mac | linux,Family Sharing | Full controller support | Single-player | Steam Achievements,3.99,223.0,24.0,Very Positive,247.0,0.902834008,72.0,184.0,False
288840,Haunted Past: Realm of Ghosts,10/04/14,Adventure,Adventure | Casual | Hidden Object | Horror | Point & Click | Puzzle,"Many years ago, Emily plummeted from an attic window to her doom. Her house now lies abandoned along with the mystery of her death. Sara has inherited this dark home, only to discover that it is not empty.",windows,Family Sharing | Single-player,3.99,150.0,31.0,Very Positive,181.0,0.828729282,,145.0,False
208710,Colour Bind,24/09/12,Action | Indie,Action | Indie | Puzzle,"Colour Bind is a physics platform-puzzler set in an abstract world where gravity is determined not by mass, but by colour.",windows,Family Sharing | Includes level editor | Multi-player | Partial Controller Support | Remote Play Together | Shared/Split Screen | Single-player | Steam Achievements | Steam Cloud | Steam Leaderboards | Steam Workshop,6.99,24.0,11.0,Mixed,35.0,0.685714286,,,False
652510,ESCAPE Room: Reality,20/06/17,Casual | Indie | RPG,2D | Anime | Casual | Detective | Difficult | Exploration | Hidden Object | Indie | Investigation | JRPG | Mystery | Pixel Graphics | Point & Click | Puzzle | RPG | RPGMaker | Singleplayer | Story Rich | Survival | Visual Novel,"You wake up in a locked classroom with a few strangers and no memories of how you got there... With only your puzzle-solving skills to rely on, can you uncover the secrets and mysteries behind your captivity and escape? Put your skills to the test and escape if you can!!",windows | mac,Family Sharing | Full controller support | Single-player | Steam Achievements,6.19,14.0,1.0,Positive,15.0,0.933333333,,,False
457870,Minigame Party VR,05/04/16,Action | Casual | Indie,Action | Casual | Indie | VR,"Minigame Party VR is a combination of 4 hilarious and entertaining minigames. Throw basketballs, shoot with laser guns, and slash through targets in order to gain a higher score against your friends!",windows,Family Sharing | Single-player | Tracked Controller Support | VR Only,0.79,4.0,2.0,6 user reviews,6.0,0.666666667,,,False
829490,Firebird - Steam version,03/04/18,Action | Indie,2D | Action | Arcade | Classic | Indie | Retro | Shoot 'Em Up | Shooter,"Love retro shooters? Firebird is a blend of some of our teams favourite games from the space invasion genre. Battle aliens, giant space birds, tractor beams, air burst weapons, robot terrorists and massive motherships in a fight for domination.",windows,Family Sharing | Partial Controller Support | Single-player | Steam Achievements,1.69,7.0,1.0,8 user reviews,8.0,0.875,,,False
779160,Realshot,24/01/18,Action | Early Access,Action | Early Access | VR,"Users enters the game lobby and pick your character. You can enjoy shooting games with others through random matching or custom matching. In-game gold, you can buy a variety of characters and weapons. You can enter your friend's nickname and enjoy the game together through custom matching.",windows,Co-op | Family Sharing | Multi-player | Single-player | Tracked Controller Support | VR Only,7.19,1.0,1.0,2 user reviews,2.0,0.5,,,False
684570,Dr. Dungeon's MADMAN!,27/07/17,Adventure | RPG | Strategy,Adventure | Drama | RPG | Sci-fi | Strategy,"Dr. Dungeon's MADMAN! is a large old-school fantasy RPG that features turn-based combat with a strange new world to explore, with towns, dungeons, forests, deserts, swamps and great icy regions.",windows,Family Sharing | Single-player,10.99,4.0,1.0,5 user reviews,5.0,0.8,,,False
202130,Impire,14/02/13,Strategy,Fantasy | Singleplayer | Strategy | Villain Protagonist,"Deep in the underworld of Ardania, a threat of the most evil nature grows and multiplies with an appetite for destruction that is unsurpassed. Summoned from the depths of the Bottomless Pit, the (once) mighty Báal-Abaddon has been torn from his throne of skulls and imprisoned in an earthly body of less-than-imposing stature (he's an Imp,...",windows,Co-op | Family Sharing | Multi-player | Single-player | Steam Achievements | Steam Cloud,14.99,196.0,243.0,Mixed,439.0,0.446469248,45.0,334.0,False
383190,SUMICO - The Numbers Game,03/07/15,Casual | Indie,Casual | Indie | Puzzle,Sumico is a very original number puzzle game. It challenges you with fun but deep gameplay. The game features 84 handmade levels and an Endless Mode which you can style to your liking. Enjoy!,windows,Family Sharing | Single-player,3.99,17.0,1.0,Positive,18.0,0.944444444,,,False
888560,Forest Rabbit,27/07/18,Indie,Adventure | Arcade | Indie | Platformer,A fascinating arcade capable of cheering up players of any age!,windows | mac,Family Sharing | Partial Controller Support | Single-player,1.69,2.0,1.0,3 user reviews,3.0,0.666666667,,,False
356180,Time Machine VR,19/05/16,Adventure | Indie | Simulation,Adventure | Atmospheric | Controller | Dinosaurs | Early Access | Education | Exploration | First-Person | Indie | Mystery | Sci-fi | Science | Simulation | Singleplayer | Time Manipulation | Time Travel | Underwater | VR,"You are a time traveller tasked with exploring the Jurassic era and the creatures that once ruled the prehistoric oceans. Use an array of advanced tech tools to track, examine, and discover the scientific secrets of mosasaurs, livyatans, and megalodons, among others!",windows,Family Sharing | Full controller support | Single-player | Tracked Controller Support | VR Only | VR Support,22.99,75.0,41.0,Mixed,116.0,0.646551724,58.0,114.0,False
11050,Dracula Origin,07/08/08,Adventure | Casual,2.5D | Adventure | Atmospheric | Based On A Novel | Casual | Hidden Object | Indie | Point & Click | Puzzle | Singleplayer | Story Rich | Vampire,"Dracula: Origin reveals the dark origins of the Dracula curse. Step into the shoes of the famous Professor Van Helsing and experience a thrilling journey that will take you from London to Egypt, Austria and through Carpathian Europe right into the terrifying lair of the Dark Prince.",windows,Family Sharing | Single-player,6.99,219.0,88.0,Mostly Positive,307.0,0.713355049,70.0,255.0,False
468100,Aqua Moto Racing Utopia,30/11/16,Action | Indie | Racing | Simulation | Sports,4 Player Local | Action | Arcade | Atmospheric | Indie | Multiplayer | Racing | Simulation | Singleplayer | Sports,"Aqua Moto Racing Utopia let's you race through both big and small waves and make death defying stunts to get that much needed boost that let's you pass your friends on the final stretch. A fun-packed racer with interactive waves, split screen and online racing!",windows,Co-op | Family Sharing | Full controller support | Multi-player | Online PvP | PvP | Remote Play Together | Remote Play on TV | Shared/Split Screen | Shared/Split Screen Co-op | Shared/Split Screen PvP | Single-player | Steam Achievements,18.39,81.0,31.0,Mostly Positive,112.0,0.723214286,,103.0,False
653220,Chroma Blast,07/07/17,Action | Casual | Free To Play | Indie,Action | Casual | Free to Play | Indie | Shooter | Twin Stick Shooter,"Chroma Blast is a fast paced twin stick shooter with many different styles of play where you fight through waves of enemies while constantly leveling up your ships colorful arsenal. Beat your friends and challenge yourself in the leaderboards, or seek out a true test of skill for those good enough to find it.",windows | mac | linux,Full controller support | Single-player | Steam Achievements | Steam Leaderboards,0.0,206.0,46.0,Very Positive,252.0,0.817460317,,,True
805950,Isolated,01/05/18,Action | Indie,2D | Action | Aliens | Indie | Platformer | Sci-fi | Side Scroller | Singleplayer | Space,"Isolated is an action-packed 2D side scrolling shooter in which you shoot, shoot and shoot ALIENS!",windows,Family Sharing | Single-player | Steam Achievements | Steam Cloud,4.79,1.0,0.0,1 user reviews,1.0,1.0,,,False
527160,Cmoar VR Cinema,29/09/16,Simulation,Simulation | Utilities | VR | Video Production,"Cmoar VR Cinema brings the atmosphere of your favourite cinema's auditorium straight to your home! Grab your popcorn, sit comfortably and enjoy the show in the most modern VR Cinema in the world!",windows,Family Sharing | Full controller support | Single-player | Tracked Controller Support | VR Only,6.99,126.0,86.0,Mixed,212.0,0.594339623,,206.0,False
1007140,Future Aero Racing S Ultra,21/02/19,Indie | Racing | Simulation | Sports,Arcade | Futuristic | Indie | Local Multiplayer | Racing | Simulation | Split Screen | Sports,"Enjoy of fast and futuristic arcade races in FAR S ULTRA. Show who is the best driver along 15 exciting circuits and face off the most adverse weather conditions such as rain, snowstorms and sand tornadoes.",windows,Family Sharing | Full controller support | Multi-player | PvP | Remote Play Together | Shared/Split Screen | Shared/Split Screen PvP | Single-player | Stats | Steam Achievements | Steam Cloud | Steam Leaderboards,4.79,11.0,4.0,Mostly Positive,15.0,0.733333333,,,False
588200,MODSORK,16/08/18,Action | Early Access | Indie,2D | Abstract | Action | Arcade | Bullet Hell | Controller | Difficult | Early Access | Fast-Paced | Indie | Local Co-Op | Music | Score Attack | Singleplayer | Twin Stick Shooter,A challenging arcade game about dual-wielding and interactive music that will have you going &quot;just one more try!&quot;.,windows,Co-op | Family Sharing | Full controller support | Multi-player | Remote Play Together | Shared/Split Screen Co-op | Single-player | Steam Achievements | Steam Leaderboards,5.19,18.0,0.0,Positive,18.0,1.0,,,False
761880,The Day They Landed,29/12/17,Action | Early Access | Indie,Action | Early Access | First-Person | Indie | Local Multiplayer | Sci-fi | VR,Battle it out in asymmetrical local multiplayer with VR player vs. desktop player in a game of cat and mouse as aliens with superior capabilities take on ordinary civilians. Will the infestation begin or will humanity live to see another day?,windows,Family Sharing | Multi-player | Partial Controller Support | PvP | Remote Play Together | Shared/Split Screen | Shared/Split Screen PvP | Steam Achievements | Steam Cloud | Tracked Controller Support | VR Only,6.19,1.0,3.0,4 user reviews,4.0,0.25,,,False
2390,Heretic: Shadow of the Serpent Riders,03/08/07,Action,1990's | 2.5D | Action | Adventure | Boomer Shooter | Classic | Dark Fantasy | FPS | Fantasy | First-Person | Horror | Magic | Multiplayer | Old School | Retro | Shooter | Singleplayer,"In a realm corrupted by the evil magic of three brothers known as the Serpent Riders, you are a heretic. As one of the last Sidhe elves, and a capable mage, you embark on a quest for vengeance against those who slaughtered your friends, family, and entire race.",windows,Family Sharing | Multi-player | Single-player | Steam Cloud,2.99,1014.0,66.0,Very Positive,1080.0,0.938888889,,1017.0,False
750800,Egress,08/11/18,Action | Indie | RPG,Action | Atmospheric | Battle Royale | Competitive | Dark Fantasy | Exploration | Indie | Lovecraftian | MOBA | Multiplayer | Online Co-Op | Open World | PvP | RPG | Souls-like | Survival | Third Person,"Fight for one of the many characters on the streets of Insmouth with monsters, obsessed with other adventurers! Keep your mind and stay alive on this madness island!",windows,Co-op | Family Sharing | Full controller support | Multi-player | Online Co-op | Online PvP | PvP | Steam Leaderboards,11.39,94.0,65.0,Mixed,159.0,0.591194969,,108.0,False
586660,Trackless,12/09/17,Adventure | Casual | Indie,Adventure | Atmospheric | Beautiful | Casual | Cyberpunk | Experimental | First-Person | Great Soundtrack | Indie | Interactive Fiction | Mystery | Old School | Philosophical | Puzzle | Relaxing | Singleplayer | Stylized | Text-Based | Walking Simulator | Word Game,Trackless is an atmospheric first-person exploration and puzzle game set in the distant future. Trackless uses text input that allows you to interact with characters and objects. Using your in-game phone will help you find clues and give you special abilities.,windows | mac | linux,Family Sharing | Single-player | Steam Achievements,6.99,67.0,3.0,Very Positive,70.0,0.957142857,,,False
758990,Ancient Warfare 3,21/12/17,Action | Indie | Simulation | Strategy,Action | Building | Early Access | FPS | First-Person | Funny | Games Workshop | Historical | Indie | Moddable | Physics | Pixel Graphics | Sandbox | Shooter | Simulation | Singleplayer | Strategy | Strategy RPG | War | Zombies,"Dive into a sandbox full of action and customization! Choose from different game modes like deathmatch, conquest, king of the hill, zombie survival and many more. Create your own scenarios and content in the easy to use in-game editors or use one of the 50k+ workshop items from other players...",windows | mac | linux,Family Sharing | Includes level editor | Single-player | Steam Achievements | Steam Workshop,6.19,2339.0,121.0,Overwhelmingly Positive,2460.0,0.950813008,,2357.0,False
466580,GOD's DEATH,11/05/16,Indie | RPG,Indie | RPG | RPGMaker,"Get ready for a medieval adventure, full of mysteries and brutal monsters. Play as a little princess who faces against a horde of bloody critters and an invincible dragon god. It's told by the legends that the dragon god is born above the earth and beneath the sky.",windows,Family Sharing | Partial Controller Support | Single-player | Steam Trading Cards,2.79,7.0,13.0,Mostly Negative,20.0,0.35,,,False
604490,Running Through Russia,21/05/17,Adventure | Casual | Early Access | Indie,2D | Adventure | Casual | Early Access | Illuminati | Indie | Memes | Nudity | Pixel Graphics | Platformer | Psychological Horror | Runner | Story Rich,Running Through Russia - funny runner with a bunch of memes about Russia and russian people.,windows | mac | linux,Family Sharing | Single-player | Steam Achievements,0.79,1042.0,403.0,Mostly Positive,1445.0,0.721107266,,1337.0,False
294670,Putt-Putt® Travels Through Time,15/05/14,Adventure | Casual,Adventure | Casual | Classic | Education | Family Friendly | Nostalgia | Point & Click | Psychedelic | Simulation | Singleplayer | Story Rich | Time Travel,"Mr. Firebird's time machine has gone haywire and Putt-Putt's® best pal Pep, is lost somewhere in time.",windows | mac | linux,Family Sharing | Single-player | Steam Cloud | Steam Trading Cards,4.99,299.0,20.0,Very Positive,319.0,0.937304075,,236.0,False
801150,IMM Defense,22/02/18,Action | Casual | Indie | Strategy,2D Platformer | Action | Casual | Indie | Pixel Graphics | Singleplayer | Strategy | Survival | Tabletop | Tower Defense,This is a classic tower defense game. The alien ship is ready to invade this lovely planet. We need to use various weapons to prevent them from reaching the destination.,windows,Family Sharing | Single-player,0.79,1.0,3.0,4 user reviews,4.0,0.25,,,False
952250,Sep-99,10/10/18,Indie,Atmospheric | Dark | First-Person | Free to Play | Gore | Horror | Indie | Multiplayer | Psychological Horror | Short | Singleplayer | Walking Simulator,"A free, VHS styled, first-person found footage horror game, which runs exactly for 5 minutes and 30 seconds.",windows | mac,Single-player,0.0,1890.0,306.0,Very Positive,2196.0,0.860655738,,,True
220200,Kerbal Space Program,27/04/15,Indie | Simulation,Adventure | Building | Comedy | Difficult | Education | Exploration | Funny | Indie | Moddable | Open World | Physics | Replay Value | Sandbox | Sci-fi | Science | Simulation | Singleplayer | Space | Space Sim | Strategy,"In Kerbal Space Program, take charge of the space program for the alien race known as the Kerbals. You have access to an array of parts to assemble fully-functional spacecraft that flies (or doesn’t) based on realistic aerodynamic and orbital physics.",windows | mac | linux,Family Sharing | Partial Controller Support | Single-player | Steam Cloud | Steam Trading Cards | Steam Workshop,29.99,117417.0,6066.0,Overwhelmingly Positive,123483.0,0.950875829,88.0,100316.0,False
512790,Quern - Undying Thoughts,28/11/16,Adventure,3D | Adventure | Atmospheric | Cinematic | Drama | Exploration | First-Person | Investigation | Mystery | Narration | Open World | Point & Click | Puzzle | Relaxing | Singleplayer | Soundtrack | Steampunk | Story Rich | Surreal | Walking Simulator,"Discover the truth about Quern’s past, unfold the mysteries of its present, and be the explorer who shapes its future. Quern introduces reusable puzzle mechanics to the classic genre, making the player think about the game as a whole, and not just as a series of individual challenges.",windows | mac | linux,Captions available | Family Sharing | Partial Controller Support | Single-player | Steam Achievements | Steam Cloud | Steam Trading Cards,18.99,3115.0,285.0,Very Positive,3400.0,0.916176471,83.0,3154.0,False
636310,Concurrency,16/05/17,Adventure | Indie,Adventure | Difficult | Indie | Pixel Graphics | Platformer,"Concurrency is a game with a deceptive amount of content. On the surface, it's a simple rogue-lite with a few enemies and upgrades. If you begin to look deeper, however, it becomes a game where you'll traverse more than half a dozen genres in this sole indie dev's adventure romp.",windows,Family Sharing | Single-player | Steam Achievements | Steam Trading Cards,0.79,21.0,8.0,Mostly Positive,29.0,0.724137931,,,False
621020,Antigraviator,06/06/18,Action | Indie | Racing | Sports,Action | Futuristic | Indie | Racing | Sci-fi | Sports,"Antigraviator is a sleek new take on the anti-gravity racing genre. Use traps, power-ups and boosts to overtake your opponents and dominate the track in single player or multiplayer mode. With no speed limit holding you back, Antigraviator delivers the fastest racing experience of the future.",windows,Family Sharing | Full controller support | Multi-player | PvP | Remote Play Together | Remote Play on TV | Shared/Split Screen | Shared/Split Screen PvP | Single-player | Steam Achievements | Steam Trading Cards,19.49,176.0,88.0,Mixed,264.0,0.666666667,65.0,159.0,False
