user_id,app_id,comment,recommended
300000,321290,"I had a better time with this than I expected at first. It rewarded patience more than I expected, and it felt easy to settle into what the game was trying to do. I can see myself recommending it without much hesitation.",True
300000,517130,"I had a better time with this than I expected at first. It did a lot with its own identity, and it felt easy to settle into what the game was trying to do. I would recommend it to the right player.",True
300001,234080,"This turned out to be an easy game to recommend. It stayed engaging in shorter sessions, and it felt easy to settle into what the game was trying to do. I would point other people toward it.",True
300001,471810,"This was a strong fit for what I wanted from the genre. It worked well in short sessions, and it felt easy to settle into what the game was trying to do. I would point other people toward it.",True
300002,301610,"This was decent overall, but I still had a few reservations. The core loop worked better than I expected, and it felt easy to settle into what the game was trying to do. I would only recommend it if the genre already appeals to you.",False
300002,6030,"This was a strong fit for what I wanted from the genre. It stayed engaging in shorter sessions, and it felt easy to settle into what the game was trying to do. I would recommend it to the right player.",True
300003,410320,"This was a strong fit for what I wanted from the genre. The pacing stayed lively, and it felt easy to settle into what the game was trying to do. It does enough well that I would recommend it.",True
300003,437630,"I had a better time with this than I expected at first. The world was easy to get invested in, and it felt easy to settle into what the game was trying to do. I would recommend it to the right player.",True
300004,13560,"I can see why this game has held onto a good reputation. It stayed engaging in shorter sessions, and it felt easy to settle into what the game was trying to do. I would easily suggest it to someone who likes this genre.",True
300004,429720,"I ended up liking this more than I expected. The moment-to-moment gameplay felt sharp, and it felt easy to settle into what the game was trying to do. I would easily suggest it to someone who likes this genre.",True
300005,895220,"I can see why this game has held onto a good reputation. The sense of progression worked well, and it felt easy to settle into what the game was trying to do. I would easily suggest it to someone who likes this genre.",True
300005,212390,"I ended up liking this more than I expected. The moment-to-moment gameplay felt sharp, and it felt easy to settle into what the game was trying to do. I would recommend it to the right player.",True
300006,252530,"This turned out to be an easy game to recommend. It never felt too demanding to come back to, and it felt easy to settle into what the game was trying to do. I would point other people toward it.",True
300006,562260,"I ended up liking this more than I expected. The moment-to-moment gameplay felt sharp, and it felt easy to settle into what the game was trying to do. I would point other people toward it.",True
300007,485610,"I can see why this game has held onto a good reputation. It captured the competitive feel pretty well, and it felt easy to settle into what the game was trying to do. I would point other people toward it.",True
300007,640890,"I had a better time with this than I expected at first. The moment-to-moment gameplay felt sharp, and it felt easy to settle into what the game was trying to do. It does enough well that I would recommend it.",True
300008,716490,"I can see why this game has held onto a good reputation. It felt like a small project with real personality, and it felt easy to settle into what the game was trying to do. It does enough well that I would recommend it.",True
300008,907470,"This turned out to be an easy game to recommend. The world was easy to get invested in, and it felt easy to settle into what the game was trying to do. I would easily suggest it to someone who likes this genre.",True
300009,428660,"I can see why this game has held onto a good reputation. The moment-to-moment gameplay felt sharp, and it felt easy to settle into what the game was trying to do. I would easily suggest it to someone who likes this genre.",True
300009,469820,"This was a strong fit for what I wanted from the genre. The moment-to-moment gameplay felt sharp, and it felt easy to settle into what the game was trying to do. I would recommend it to the right player.",True
300010,208400,"I ended up liking this more than I expected. It did a lot with its own identity, and it felt easy to settle into what the game was trying to do. I would point other people toward it.",True
300010,500260,"I can see why this game has held onto a good reputation. The pacing stayed lively, and it felt easy to settle into what the game was trying to do. I can see myself recommending it without much hesitation.",True
300011,935880,"I had a better time with this than I expected at first. It never felt too demanding to come back to, and it felt easy to settle into what the game was trying to do. I would point other people toward it.",True
300011,965670,"I ended up liking this more than I expected. It gave me enough room to approach things my own way, and it felt easy to settle into what the game was trying to do. I can see myself recommending it without much hesitation.",True
300012,1048100,"I can see why this game has held onto a good reputation. It stayed engaging in shorter sessions, and it felt easy to settle into what the game was trying to do. I would easily suggest it to someone who likes this genre.",True
300012,954870,"This turned out to be an easy game to recommend. The pacing stayed lively, and it felt easy to settle into what the game was trying to do. I would easily suggest it to someone who likes this genre.",True
300013,461560,"I ended up liking this more than I expected. The world was easy to get invested in, and it felt easy to settle into what the game was trying to do. I would recommend it to the right player.",True
300013,353270,"I can see why this game has held onto a good reputation. It gave me enough room to approach things my own way, and it felt easy to settle into what the game was trying to do. I can see myself recommending it without much hesitation.",True
300014,39650,"I can understand why people like this, but I felt mixed on parts of it. It was satisfying to settle into its systems, and it felt easy to settle into what the game was trying to do. It is not for everyone, but I can still see the appeal.",False
300014,632300,"I can see why this game has held onto a good reputation. The world was easy to get invested in, and it felt easy to settle into what the game was trying to do. I can see myself recommending it without much hesitation.",True
300015,1016730,"There is a solid game here, though it did not completely win me over. The sense of progression worked well, and it felt easy to settle into what the game was trying to do. There is enough here to like, even if I would be selective about recommending it.",False
300015,353090,"This turned out to be an easy game to recommend. The moment-to-moment gameplay felt sharp, and it felt easy to settle into what the game was trying to do. I would easily suggest it to someone who likes this genre.",True
300016,819020,"This was a strong fit for what I wanted from the genre. The progression systems kept me interested, and it felt easy to settle into what the game was trying to do. I would recommend it to the right player.",True
300016,440630,"I can see why this game has held onto a good reputation. The pacing stayed lively, and it felt easy to settle into what the game was trying to do. I would recommend it to the right player.",True
300017,633360,"This turned out to be an easy game to recommend. It stayed engaging in shorter sessions, and it felt easy to settle into what the game was trying to do. I can see myself recommending it without much hesitation.",True
300017,251170,"I ended up liking this more than I expected. The sense of progression worked well, and it felt easy to settle into what the game was trying to do. It does enough well that I would recommend it.",True
300018,286690,"This turned out to be an easy game to recommend. The moment-to-moment gameplay felt sharp, and it felt easy to settle into what the game was trying to do. I would recommend it to the right player.",True
300018,251230,"I ended up liking this more than I expected. The moment-to-moment gameplay felt sharp, and it felt easy to settle into what the game was trying to do. I would recommend it to the right player.",True
300019,466910,"This turned out to be an easy game to recommend. It was easy to pick up and enjoy, and it felt easy to settle into what the game was trying to do. I can see myself recommending it without much hesitation.",True
300019,275470,"I had a better time with this than I expected at first. The pacing stayed lively, and it felt easy to settle into what the game was trying to do. I would recommend it to the right player.",True
300020,285010,"I had a better time with this than I expected at first. The pacing stayed lively, and it felt easy to settle into what the game was trying to do. I would point other people toward it.",True
300020,727020,"I had a better time with this than I expected at first. It stayed engaging in shorter sessions, and it felt easy to settle into what the game was trying to do. I would recommend it to the right player.",True
300021,802730,"This has some clear strengths, even if it did not fully click for me. It never felt too demanding to come back to, and it felt easy to settle into what the game was trying to do. There is enough here to like, even if I would be selective about recommending it.",False
300021,245470,"This turned out to be an easy game to recommend. It had a distinct style that made it memorable, and it felt easy to settle into what the game was trying to do. I would point other people toward it.",True
300022,388800,"I can see why this game has held onto a good reputation. The moment-to-moment gameplay felt sharp, and it felt easy to settle into what the game was trying to do. I would point other people toward it.",True
300022,314790,"There is a solid game here, though it did not completely win me over. It kept me curious about what came next, and it felt easy to settle into what the game was trying to do. I can understand the audience for it, even if I am not fully sold.",False
300023,239820,"This was a strong fit for what I wanted from the genre. It never felt too demanding to come back to, and it felt easy to settle into what the game was trying to do. I can see myself recommending it without much hesitation.",True
300023,667870,"I had a better time with this than I expected at first. The core loop worked better than I expected, and it felt easy to settle into what the game was trying to do. I would recommend it to the right player.",True
300024,623080,"There is a solid game here, though it did not completely win me over. It kept me curious about what came next, and it felt easy to settle into what the game was trying to do. I could still recommend it with the right expectations.",False
300024,450670,"I ended up liking this more than I expected. The moment-to-moment gameplay felt sharp, and it felt easy to settle into what the game was trying to do. I would point other people toward it.",True
300025,525040,"I ended up liking this more than I expected. The pacing stayed lively, and it felt easy to settle into what the game was trying to do. I would recommend it to the right player.",True
300025,726590,"I had a better time with this than I expected at first. The matches were easy to stay invested in, and it felt easy to settle into what the game was trying to do. I would recommend it to the right player.",True
300026,332800,"I ended up liking this more than I expected. It felt like a small project with real personality, and it felt easy to settle into what the game was trying to do. I can see myself recommending it without much hesitation.",True
300026,346330,"I can see why this game has held onto a good reputation. The moment-to-moment gameplay felt sharp, and it felt easy to settle into what the game was trying to do. I can see myself recommending it without much hesitation.",True
300027,304240,"I had a better time with this than I expected at first. The moment-to-moment gameplay felt sharp, and it felt easy to settle into what the game was trying to do. I would recommend it to the right player.",True
300027,234190,"I had a better time with this than I expected at first. It stayed engaging in shorter sessions, and it felt easy to settle into what the game was trying to do. I would recommend it to the right player.",True
300028,420000,"I ended up liking this more than I expected. The management side had a good rhythm, and it felt easy to settle into what the game was trying to do. I can see myself recommending it without much hesitation.",True
300028,671720,"I had a better time with this than I expected at first. It worked well in short sessions, and it felt easy to settle into what the game was trying to do. I would easily suggest it to someone who likes this genre.",True
300029,568090,"I had a better time with this than I expected at first. It stayed engaging in shorter sessions, and it felt easy to settle into what the game was trying to do. I would easily suggest it to someone who likes this genre.",True
300029,587620,"I can see why this game has held onto a good reputation. It kept me curious about what came next, and it felt easy to settle into what the game was trying to do. I can see myself recommending it without much hesitation.",True
300030,231160,"I had a better time with this than I expected at first. It stayed engaging in shorter sessions, and it felt easy to settle into what the game was trying to do. I would recommend it to the right player.",True
300030,377670,"I ended up liking this more than I expected. The sense of progression worked well, and it felt easy to settle into what the game was trying to do. It does enough well that I would recommend it.",True
300031,298480,"This was decent overall, but I still had a few reservations. It stayed engaging in shorter sessions, and it felt easy to settle into what the game was trying to do. I can understand the audience for it, even if I am not fully sold.",False
300031,429540,"I can see why this game has held onto a good reputation. The core loop worked better than I expected, and it felt easy to settle into what the game was trying to do. I would recommend it to the right player.",True
300032,505640,"I had a better time with this than I expected at first. It had a distinct style that made it memorable, and it felt easy to settle into what the game was trying to do. It does enough well that I would recommend it.",True
300032,213030,"I ended up liking this more than I expected. It felt like a small project with real personality, and it felt easy to settle into what the game was trying to do. I would point other people toward it.",True
300033,812140,"This has some clear strengths, even if it did not fully click for me. The pacing stayed lively, and it felt easy to settle into what the game was trying to do. I would only recommend it if the genre already appeals to you.",False
300033,650510,"This was a strong fit for what I wanted from the genre. The pacing stayed lively, and it felt easy to settle into what the game was trying to do. I would easily suggest it to someone who likes this genre.",True
300034,227080,"This was a strong fit for what I wanted from the genre. It kept me curious about what came next, and it felt easy to settle into what the game was trying to do. I would point other people toward it.",True
300034,552500,"I ended up liking this more than I expected. The moment-to-moment gameplay felt sharp, and it felt easy to settle into what the game was trying to do. I can see myself recommending it without much hesitation.",True
300035,429680,"I ended up liking this more than I expected. The core loop worked better than I expected, and it felt easy to settle into what the game was trying to do. I would point other people toward it.",True
300035,554310,"This was a strong fit for what I wanted from the genre. The world was easy to get invested in, and it felt easy to settle into what the game was trying to do. I would recommend it to the right player.",True
300036,746930,"I had a better time with this than I expected at first. It had a distinct style that made it memorable, and it felt easy to settle into what the game was trying to do. I would point other people toward it.",True
300036,867490,"I can see why this game has held onto a good reputation. It felt like a small project with real personality, and it felt easy to settle into what the game was trying to do. I would point other people toward it.",True
300037,673450,"I liked parts of this, though I do not think it works equally well for everyone. The moment-to-moment gameplay felt sharp, and it felt easy to settle into what the game was trying to do. I can understand the audience for it, even if I am not fully sold.",False
300037,708340,"I liked parts of this, though I do not think it works equally well for everyone. It stayed engaging in shorter sessions, and it felt easy to settle into what the game was trying to do. I can understand the audience for it, even if I am not fully sold.",False
300038,866440,"This was a strong fit for what I wanted from the genre. The sense of progression worked well, and it felt easy to settle into what the game was trying to do. I would point other people toward it.",True
300038,214590,"I can see why this game has held onto a good reputation. It stayed engaging in shorter sessions, and it felt easy to settle into what the game was trying to do. I would easily suggest it to someone who likes this genre.",True
300039,509220,"This was a strong fit for what I wanted from the genre. It was easy to pick up and enjoy, and it felt easy to settle into what the game was trying to do. I would easily suggest it to someone who likes this genre.",True
300039,290510,"I had a better time with this than I expected at first. The sense of progression worked well, and it felt easy to settle into what the game was trying to do. I would easily suggest it to someone who likes this genre.",True
300040,263020,"I had a better time with this than I expected at first. It stayed engaging in shorter sessions, and it felt easy to settle into what the game was trying to do. I would easily suggest it to someone who likes this genre.",True
300040,20540,"I can see why this game has held onto a good reputation. The decisions felt meaningful more often than not, and it felt easy to settle into what the game was trying to do. I would recommend it to the right player.",True
300041,405290,"This was a strong fit for what I wanted from the genre. It stayed engaging in shorter sessions, and it felt easy to settle into what the game was trying to do. It does enough well that I would recommend it.",True
300041,21010,"This has some clear strengths, even if it did not fully click for me. It stayed engaging in shorter sessions, and it felt easy to settle into what the game was trying to do. I could still recommend it with the right expectations.",False
300042,547360,"I ended up liking this more than I expected. The moment-to-moment gameplay felt sharp, and it felt easy to settle into what the game was trying to do. I would recommend it to the right player.",True
300042,80310,"I had a better time with this than I expected at first. It kept me curious about what came next, and it felt easy to settle into what the game was trying to do. I would point other people toward it.",True
300043,563560,"I ended up liking this more than I expected. The moment-to-moment gameplay felt sharp, and it felt easy to settle into what the game was trying to do. It does enough well that I would recommend it.",True
300043,357780,"This turned out to be an easy game to recommend. It stayed engaging in shorter sessions, and it felt easy to settle into what the game was trying to do. I would recommend it to the right player.",True
300044,376730,"There is a solid game here, though it did not completely win me over. The moment-to-moment gameplay felt sharp, and it felt easy to settle into what the game was trying to do. I could still recommend it with the right expectations.",False
300044,629220,"There is a solid game here, though it did not completely win me over. It kept me curious about what came next, and it felt easy to settle into what the game was trying to do. It is not for everyone, but I can still see the appeal.",False
300045,211340,"I can see why this game has held onto a good reputation. The world was easy to get invested in, and it felt easy to settle into what the game was trying to do. I would point other people toward it.",True
300045,566860,"This was a strong fit for what I wanted from the genre. The pacing stayed lively, and it felt easy to settle into what the game was trying to do. It does enough well that I would recommend it.",True
300046,404480,"I ended up liking this more than I expected. The sense of progression worked well, and it felt easy to settle into what the game was trying to do. I would point other people toward it.",True
300046,627690,"I had a better time with this than I expected at first. The moment-to-moment gameplay felt sharp, and it felt easy to settle into what the game was trying to do. I can see myself recommending it without much hesitation.",True
300047,477160,"This turned out to be an easy game to recommend. The world was easy to get invested in, and it felt easy to settle into what the game was trying to do. I can see myself recommending it without much hesitation.",True
300047,226840,"I can see why this game has held onto a good reputation. Building out a character felt rewarding, and it felt easy to settle into what the game was trying to do. I would point other people toward it.",True
300048,22450,"This has some clear strengths, even if it did not fully click for me. It stayed engaging in shorter sessions, and it felt easy to settle into what the game was trying to do. I would only recommend it if the genre already appeals to you.",False
300048,3483,"I ended up liking this more than I expected. It never felt too demanding to come back to, and it felt easy to settle into what the game was trying to do. I would point other people toward it.",True
300049,332480,"I ended up liking this more than I expected. The pacing stayed lively, and it felt easy to settle into what the game was trying to do. I would recommend it to the right player.",True
300049,390720,"I had a better time with this than I expected at first. The pacing stayed lively, and it felt easy to settle into what the game was trying to do. I would point other people toward it.",True
300050,239840,"I can understand why people like this, but I felt mixed on parts of it. It had a distinct style that made it memorable, and it felt easy to settle into what the game was trying to do. There is enough here to like, even if I would be selective about recommending it.",False
300050,676820,"This turned out to be an easy game to recommend. It kept me curious about what came next, and it felt easy to settle into what the game was trying to do. I would recommend it to the right player.",True
300051,283680,"I had a better time with this than I expected at first. The moment-to-moment gameplay felt sharp, and it felt easy to settle into what the game was trying to do. I would recommend it to the right player.",True
300051,857690,"I had a better time with this than I expected at first. It kept me curious about what came next, and it felt easy to settle into what the game was trying to do. I would point other people toward it.",True
300052,711660,"I had a better time with this than I expected at first. The world was easy to get invested in, and it felt easy to settle into what the game was trying to do. I would easily suggest it to someone who likes this genre.",True
300052,518790,"This was a strong fit for what I wanted from the genre. It kept me curious about what came next, and it felt easy to settle into what the game was trying to do. I would easily suggest it to someone who likes this genre.",True
300053,375480,"This was a strong fit for what I wanted from the genre. It stayed engaging in shorter sessions, and it felt easy to settle into what the game was trying to do. It does enough well that I would recommend it.",True
300053,290470,"This was decent overall, but I still had a few reservations. It stayed engaging in shorter sessions, and it felt easy to settle into what the game was trying to do. I can understand the audience for it, even if I am not fully sold.",False
300054,254320,"I ended up liking this more than I expected. It had a distinct style that made it memorable, and it felt easy to settle into what the game was trying to do. I would recommend it to the right player.",True
300054,478980,"I ended up liking this more than I expected. It kept me curious about what came next, and it felt easy to settle into what the game was trying to do. I would easily suggest it to someone who likes this genre.",True
300055,34900,"This turned out to be an easy game to recommend. It had a distinct style that made it memorable, and it felt easy to settle into what the game was trying to do. I would easily suggest it to someone who likes this genre.",True
300055,204860,"I had a better time with this than I expected at first. The pacing stayed lively, and it felt easy to settle into what the game was trying to do. It does enough well that I would recommend it.",True
300056,1530,"This turned out to be an easy game to recommend. It did a lot with its own identity, and it felt easy to settle into what the game was trying to do. I would recommend it to the right player.",True
300056,245620,"This turned out to be an easy game to recommend. Building out a character felt rewarding, and it felt easy to settle into what the game was trying to do. It does enough well that I would recommend it.",True
300057,249330,"I can see why this game has held onto a good reputation. It had a distinct style that made it memorable, and it felt easy to settle into what the game was trying to do. I would easily suggest it to someone who likes this genre.",True
300057,317620,"I can see why this game has held onto a good reputation. The progression systems kept me interested, and it felt easy to settle into what the game was trying to do. I would recommend it to the right player.",True
300058,365160,"This turned out to be an easy game to recommend. The world was easy to get invested in, and it felt easy to settle into what the game was trying to do. I can see myself recommending it without much hesitation.",True
300058,246110,"There is a solid game here, though it did not completely win me over. It did a lot with its own identity, and it felt easy to settle into what the game was trying to do. I can understand the audience for it, even if I am not fully sold.",False
300059,7610,"This turned out to be an easy game to recommend. It rewarded planning in a satisfying way, and it felt easy to settle into what the game was trying to do. I would point other people toward it.",True
300059,15710,"This was a strong fit for what I wanted from the genre. It kept me curious about what came next, and it felt easy to settle into what the game was trying to do. I can see myself recommending it without much hesitation.",True
300060,551770,"I can see why this game has held onto a good reputation. It stayed engaging in shorter sessions, and it felt easy to settle into what the game was trying to do. I would easily suggest it to someone who likes this genre.",True
300060,303610,"There is a solid game here, though it did not completely win me over. The moment-to-moment gameplay felt sharp, and it felt easy to settle into what the game was trying to do. There is enough here to like, even if I would be selective about recommending it.",False
300061,946090,"This has some clear strengths, even if it did not fully click for me. It was easy to pick up and enjoy, and it felt easy to settle into what the game was trying to do. I can understand the audience for it, even if I am not fully sold.",False
300061,550,"I ended up liking this more than I expected. The pacing stayed lively, and it felt easy to settle into what the game was trying to do. It does enough well that I would recommend it.",True
300062,1043340,"This was a strong fit for what I wanted from the genre. It stayed engaging in shorter sessions, and it felt easy to settle into what the game was trying to do. I would easily suggest it to someone who likes this genre.",True
300062,469990,"I had a better time with this than I expected at first. It was easy to pick up and enjoy, and it felt easy to settle into what the game was trying to do. I would easily suggest it to someone who likes this genre.",True
300063,352400,"I ended up liking this more than I expected. It stayed engaging in shorter sessions, and it felt easy to settle into what the game was trying to do. I would point other people toward it.",True
300063,436110,"I had a better time with this than I expected at first. It stayed engaging in shorter sessions, and it felt easy to settle into what the game was trying to do. I would recommend it to the right player.",True
300064,240440,"This was a strong fit for what I wanted from the genre. It stayed engaging in shorter sessions, and it felt easy to settle into what the game was trying to do. I would point other people toward it.",True
300064,330830,"I ended up liking this more than I expected. It kept me curious about what came next, and it felt easy to settle into what the game was trying to do. It does enough well that I would recommend it.",True
300065,18040,"I had a better time with this than I expected at first. The moment-to-moment gameplay felt sharp, and it felt easy to settle into what the game was trying to do. I would easily suggest it to someone who likes this genre.",True
300065,22670,"I ended up liking this more than I expected. It stayed engaging in shorter sessions, and it felt easy to settle into what the game was trying to do. I would recommend it to the right player.",True
300066,271360,"This turned out to be an easy game to recommend. It was satisfying to settle into its systems, and it felt easy to settle into what the game was trying to do. I would easily suggest it to someone who likes this genre.",True
300066,326150,"I had a better time with this than I expected at first. The moment-to-moment gameplay felt sharp, and it felt easy to settle into what the game was trying to do. I would recommend it to the right player.",True
300067,237890,"I can see why this game has held onto a good reputation. It kept me curious about what came next, and it felt easy to settle into what the game was trying to do. I can see myself recommending it without much hesitation.",True
300067,40700,"I can see why this game has held onto a good reputation. The sense of progression worked well, and it felt easy to settle into what the game was trying to do. I would easily suggest it to someone who likes this genre.",True
300068,622720,"I had a better time with this than I expected at first. It felt like a small project with real personality, and it felt easy to settle into what the game was trying to do. It does enough well that I would recommend it.",True
300068,463390,"This was a strong fit for what I wanted from the genre. It worked well in short sessions, and it felt easy to settle into what the game was trying to do. I would easily suggest it to someone who likes this genre.",True
300069,732370,"This was a strong fit for what I wanted from the genre. It stayed engaging in shorter sessions, and it felt easy to settle into what the game was trying to do. I can see myself recommending it without much hesitation.",True
300069,215470,"This was a strong fit for what I wanted from the genre. The moment-to-moment gameplay felt sharp, and it felt easy to settle into what the game was trying to do. I can see myself recommending it without much hesitation.",True
300070,39540,"I liked parts of this, though I do not think it works equally well for everyone. It stayed engaging in shorter sessions, and it felt easy to settle into what the game was trying to do. There is enough here to like, even if I would be selective about recommending it.",False
300070,304430,"This was a strong fit for what I wanted from the genre. It stayed engaging in shorter sessions, and it felt easy to settle into what the game was trying to do. I can see myself recommending it without much hesitation.",True
300071,942930,"I ended up liking this more than I expected. It kept me curious about what came next, and it felt easy to settle into what the game was trying to do. I can see myself recommending it without much hesitation.",True
300071,8190,"I had a better time with this than I expected at first. The pacing stayed lively, and it felt easy to settle into what the game was trying to do. I would recommend it to the right player.",True
300072,334920,"I ended up liking this more than I expected. The core loop worked better than I expected, and it felt easy to settle into what the game was trying to do. I would point other people toward it.",True
300072,415350,"This was a strong fit for what I wanted from the genre. The moment-to-moment gameplay felt sharp, and it felt easy to settle into what the game was trying to do. I would point other people toward it.",True
300073,205020,"This turned out to be an easy game to recommend. The world was easy to get invested in, and it felt easy to settle into what the game was trying to do. It does enough well that I would recommend it.",True
300073,321870,"I ended up liking this more than I expected. The sense of progression worked well, and it felt easy to settle into what the game was trying to do. I would point other people toward it.",True
300074,657200,"I can see why this game has held onto a good reputation. The management side had a good rhythm, and it felt easy to settle into what the game was trying to do. I would recommend it to the right player.",True
300074,289600,"I can see why this game has held onto a good reputation. It gave me enough room to approach things my own way, and it felt easy to settle into what the game was trying to do. I would easily suggest it to someone who likes this genre.",True
300075,590380,"I can see why this game has held onto a good reputation. It did a lot with its own identity, and it felt easy to settle into what the game was trying to do. I can see myself recommending it without much hesitation.",True
300075,495990,"This was decent overall, but I still had a few reservations. It kept me curious about what came next, and it felt easy to settle into what the game was trying to do. There is enough here to like, even if I would be selective about recommending it.",False
300076,319170,"I liked parts of this, though I do not think it works equally well for everyone. The moment-to-moment gameplay felt sharp, and it felt easy to settle into what the game was trying to do. It is not for everyone, but I can still see the appeal.",False
300076,312450,"This was a strong fit for what I wanted from the genre. The core loop worked better than I expected, and it felt easy to settle into what the game was trying to do. I would easily suggest it to someone who likes this genre.",True
300077,598700,"I can see why this game has held onto a good reputation. The pacing stayed lively, and it felt easy to settle into what the game was trying to do. I would easily suggest it to someone who likes this genre.",True
300077,208750,"This turned out to be an easy game to recommend. The moment-to-moment gameplay felt sharp, and it felt easy to settle into what the game was trying to do. I would easily suggest it to someone who likes this genre.",True
300078,365300,"I had a better time with this than I expected at first. It stayed engaging in shorter sessions, and it felt easy to settle into what the game was trying to do. I can see myself recommending it without much hesitation.",True
300078,885140,"This turned out to be an easy game to recommend. The sense of progression worked well, and it felt easy to settle into what the game was trying to do. It does enough well that I would recommend it.",True
300079,791930,"I had a better time with this than I expected at first. It was easy to pick up and enjoy, and it felt easy to settle into what the game was trying to do. I would point other people toward it.",True
300079,307580,"I had a better time with this than I expected at first. The sense of progression worked well, and it felt easy to settle into what the game was trying to do. I would recommend it to the right player.",True
300080,468700,"This turned out to be an easy game to recommend. It was easy to pick up and enjoy, and it felt easy to settle into what the game was trying to do. I can see myself recommending it without much hesitation.",True
300080,497780,"This turned out to be an easy game to recommend. It kept me curious about what came next, and it felt easy to settle into what the game was trying to do. I would point other people toward it.",True
300081,585420,"This turned out to be an easy game to recommend. The pacing stayed lively, and it felt easy to settle into what the game was trying to do. It does enough well that I would recommend it.",True
300081,351100,"This was a strong fit for what I wanted from the genre. The pacing stayed lively, and it felt easy to settle into what the game was trying to do. I would recommend it to the right player.",True
300082,840720,"I had a better time with this than I expected at first. The progression systems kept me interested, and it felt easy to settle into what the game was trying to do. I would easily suggest it to someone who likes this genre.",True
300082,577690,"This was a strong fit for what I wanted from the genre. The moment-to-moment gameplay felt sharp, and it felt easy to settle into what the game was trying to do. I would easily suggest it to someone who likes this genre.",True
300083,580200,"This has some clear strengths, even if it did not fully click for me. The world was easy to get invested in, and it felt easy to settle into what the game was trying to do. There is enough here to like, even if I would be selective about recommending it.",False
300083,584980,"I liked parts of this, though I do not think it works equally well for everyone. The world was easy to get invested in, and it felt easy to settle into what the game was trying to do. I would only recommend it if the genre already appeals to you.",False
300084,914690,"This was a strong fit for what I wanted from the genre. The moment-to-moment gameplay felt sharp, and it felt easy to settle into what the game was trying to do. It does enough well that I would recommend it.",True
300084,242700,"I ended up liking this more than I expected. The core loop worked better than I expected, and it felt easy to settle into what the game was trying to do. I would point other people toward it.",True
300085,314020,"This turned out to be an easy game to recommend. The sense of progression worked well, and it felt easy to settle into what the game was trying to do. I would point other people toward it.",True
300085,357190,"I had a better time with this than I expected at first. The core loop worked better than I expected, and it felt easy to settle into what the game was trying to do. I can see myself recommending it without much hesitation.",True
300086,789760,"This was a strong fit for what I wanted from the genre. The moment-to-moment gameplay felt sharp, and it felt easy to settle into what the game was trying to do. I would point other people toward it.",True
300086,760060,"I had a better time with this than I expected at first. It gave me enough room to approach things my own way, and it felt easy to settle into what the game was trying to do. I would easily suggest it to someone who likes this genre.",True
300087,250400,"This turned out to be an easy game to recommend. It stayed engaging in shorter sessions, and it felt easy to settle into what the game was trying to do. I would recommend it to the right player.",True
300087,658850,"This was a strong fit for what I wanted from the genre. It felt like a small project with real personality, and it felt easy to settle into what the game was trying to do. I can see myself recommending it without much hesitation.",True
300088,911220,"This was a strong fit for what I wanted from the genre. The pacing stayed lively, and it felt easy to settle into what the game was trying to do. I would point other people toward it.",True
300088,571740,"I had a better time with this than I expected at first. It worked well in short sessions, and it felt easy to settle into what the game was trying to do. I would recommend it to the right player.",True
300089,680980,"I can understand why people like this, but I felt mixed on parts of it. The world was easy to get invested in, and it felt easy to settle into what the game was trying to do. I can understand the audience for it, even if I am not fully sold.",False
300089,241910,"This turned out to be an easy game to recommend. The world was easy to get invested in, and it felt easy to settle into what the game was trying to do. I would easily suggest it to someone who likes this genre.",True
300090,115800,"This turned out to be an easy game to recommend. The pacing stayed lively, and it felt easy to settle into what the game was trying to do. I can see myself recommending it without much hesitation.",True
300090,6980,"There is a solid game here, though it did not completely win me over. The pacing stayed lively, and it felt easy to settle into what the game was trying to do. There is enough here to like, even if I would be selective about recommending it.",False
300091,333930,"I had a better time with this than I expected at first. The moment-to-moment gameplay felt sharp, and it felt easy to settle into what the game was trying to do. I would recommend it to the right player.",True
300091,814380,"I had a better time with this than I expected at first. The pacing stayed lively, and it felt easy to settle into what the game was trying to do. I can see myself recommending it without much hesitation.",True
300092,572890,"I ended up liking this more than I expected. The pacing stayed lively, and it felt easy to settle into what the game was trying to do. It does enough well that I would recommend it.",True
300092,676430,"I had a better time with this than I expected at first. It worked well in short sessions, and it felt easy to settle into what the game was trying to do. I would recommend it to the right player.",True
300093,385370,"I ended up liking this more than I expected. It stayed engaging in shorter sessions, and it felt easy to settle into what the game was trying to do. I would easily suggest it to someone who likes this genre.",True
300093,207230,"There is a solid game here, though it did not completely win me over. It stayed engaging in shorter sessions, and it felt easy to settle into what the game was trying to do. I could still recommend it with the right expectations.",False
300094,855010,"I ended up liking this more than I expected. It rewarded planning in a satisfying way, and it felt easy to settle into what the game was trying to do. I would recommend it to the right player.",True
300094,203510,"This turned out to be an easy game to recommend. It stayed engaging in shorter sessions, and it felt easy to settle into what the game was trying to do. It does enough well that I would recommend it.",True
300095,331500,"I can see why this game has held onto a good reputation. The pacing stayed lively, and it felt easy to settle into what the game was trying to do. I would recommend it to the right player.",True
300095,265550,"I ended up liking this more than I expected. The moment-to-moment gameplay felt sharp, and it felt easy to settle into what the game was trying to do. I would recommend it to the right player.",True
300096,644540,"I ended up liking this more than I expected. The world was easy to get invested in, and it felt easy to settle into what the game was trying to do. I would point other people toward it.",True
300096,645630,"I can see why this game has held onto a good reputation. The core mechanics were strong enough to carry it, and it felt easy to settle into what the game was trying to do. It does enough well that I would recommend it.",True
300097,55140,"I had a better time with this than I expected at first. The driving loop stayed satisfying, and it felt easy to settle into what the game was trying to do. I can see myself recommending it without much hesitation.",True
300097,863590,"This turned out to be an easy game to recommend. The pacing stayed lively, and it felt easy to settle into what the game was trying to do. I can see myself recommending it without much hesitation.",True
300098,569860,"I ended up liking this more than I expected. The world was easy to get invested in, and it felt easy to settle into what the game was trying to do. I would recommend it to the right player.",True
300098,825630,"I ended up liking this more than I expected. The sense of progression worked well, and it felt easy to settle into what the game was trying to do. It does enough well that I would recommend it.",True
300099,211360,"This turned out to be an easy game to recommend. The sense of progression worked well, and it felt easy to settle into what the game was trying to do. I would recommend it to the right player.",True
300099,429790,"I had a better time with this than I expected at first. The moment-to-moment gameplay felt sharp, and it felt easy to settle into what the game was trying to do. I would point other people toward it.",True
300100,400160,"This turned out to be an easy game to recommend. It had a distinct style that made it memorable, and it felt easy to settle into what the game was trying to do. I would easily suggest it to someone who likes this genre.",True
300100,437570,"I can see why this game has held onto a good reputation. It did a lot with its own identity, and it felt easy to settle into what the game was trying to do. I can see myself recommending it without much hesitation.",True
300101,70620,"I can see why this game has held onto a good reputation. The matches were easy to stay invested in, and it felt easy to settle into what the game was trying to do. It does enough well that I would recommend it.",True
300101,588950,"I can see why this game has held onto a good reputation. It kept me curious about what came next, and it felt easy to settle into what the game was trying to do. It does enough well that I would recommend it.",True
300102,280720,"I can understand why people like this, but I felt mixed on parts of it. It had a distinct style that made it memorable, and it felt easy to settle into what the game was trying to do. There is enough here to like, even if I would be selective about recommending it.",False
300102,722730,"This turned out to be an easy game to recommend. It kept me curious about what came next, and it felt easy to settle into what the game was trying to do. It does enough well that I would recommend it.",True
300103,363440,"This turned out to be an easy game to recommend. The moment-to-moment gameplay felt sharp, and it felt easy to settle into what the game was trying to do. I can see myself recommending it without much hesitation.",True
300103,214770,"This was decent overall, but I still had a few reservations. The moment-to-moment gameplay felt sharp, and it felt easy to settle into what the game was trying to do. I would only recommend it if the genre already appeals to you.",False
300104,368360,"This turned out to be an easy game to recommend. The world was easy to get invested in, and it felt easy to settle into what the game was trying to do. I would easily suggest it to someone who likes this genre.",True
300104,22200,"This was a strong fit for what I wanted from the genre. The moment-to-moment gameplay felt sharp, and it felt easy to settle into what the game was trying to do. I can see myself recommending it without much hesitation.",True
300105,7760,"This was a strong fit for what I wanted from the genre. The systems gave me enough to think about, and it felt easy to settle into what the game was trying to do. It does enough well that I would recommend it.",True
300105,829590,"This has some clear strengths, even if it did not fully click for me. It stayed engaging in shorter sessions, and it felt easy to settle into what the game was trying to do. I could still recommend it with the right expectations.",False
300106,896160,"I had a better time with this than I expected at first. It did a lot with its own identity, and it felt easy to settle into what the game was trying to do. I would recommend it to the right player.",True
300106,551730,"I can understand why people like this, but I felt mixed on parts of it. It stayed engaging in shorter sessions, and it felt easy to settle into what the game was trying to do. It is not for everyone, but I can still see the appeal.",False
300107,286940,"This turned out to be an easy game to recommend. It stayed engaging in shorter sessions, and it felt easy to settle into what the game was trying to do. I would point other people toward it.",True
300107,207350,"I had a better time with this than I expected at first. It stayed engaging in shorter sessions, and it felt easy to settle into what the game was trying to do. I would recommend it to the right player.",True
300108,937580,"This turned out to be an easy game to recommend. The pacing stayed lively, and it felt easy to settle into what the game was trying to do. I would point other people toward it.",True
300108,260190,"This turned out to be an easy game to recommend. It stayed engaging in shorter sessions, and it felt easy to settle into what the game was trying to do. I can see myself recommending it without much hesitation.",True
300109,753930,"This was a strong fit for what I wanted from the genre. The sense of progression worked well, and it felt easy to settle into what the game was trying to do. I would easily suggest it to someone who likes this genre.",True
300109,21670,"I had a better time with this than I expected at first. The pacing stayed lively, and it felt easy to settle into what the game was trying to do. I would easily suggest it to someone who likes this genre.",True
300110,498660,"I ended up liking this more than I expected. It worked well in short sessions, and it felt easy to settle into what the game was trying to do. I would easily suggest it to someone who likes this genre.",True
300110,797430,"I can understand why people like this, but I felt mixed on parts of it. It never felt too demanding to come back to, and it felt easy to settle into what the game was trying to do. There is enough here to like, even if I would be selective about recommending it.",False
300111,308040,"This turned out to be an easy game to recommend. The pacing stayed lively, and it felt easy to settle into what the game was trying to do. I would recommend it to the right player.",True
300111,320430,"I had a better time with this than I expected at first. It never felt too demanding to come back to, and it felt easy to settle into what the game was trying to do. I would recommend it to the right player.",True
300112,553640,"I ended up liking this more than I expected. The moment-to-moment gameplay felt sharp, and it felt easy to settle into what the game was trying to do. I can see myself recommending it without much hesitation.",True
300112,885810,"This turned out to be an easy game to recommend. The world was easy to get invested in, and it felt easy to settle into what the game was trying to do. I would point other people toward it.",True
300113,406090,"There is a solid game here, though it did not completely win me over. It shows enough promise to be worth watching, and it felt easy to settle into what the game was trying to do. I would only recommend it if the genre already appeals to you.",False
300113,927270,"This turned out to be an easy game to recommend. The moment-to-moment gameplay felt sharp, and it felt easy to settle into what the game was trying to do. I would point other people toward it.",True
300114,275200,"This turned out to be an easy game to recommend. The pacing stayed lively, and it felt easy to settle into what the game was trying to do. I would point other people toward it.",True
300114,32430,"I can see why this game has held onto a good reputation. It stayed engaging in shorter sessions, and it felt easy to settle into what the game was trying to do. It does enough well that I would recommend it.",True
300115,656600,"This was a strong fit for what I wanted from the genre. It stayed engaging in shorter sessions, and it felt easy to settle into what the game was trying to do. I would point other people toward it.",True
300115,475490,"This has some clear strengths, even if it did not fully click for me. The sense of progression worked well, and it felt easy to settle into what the game was trying to do. There is enough here to like, even if I would be selective about recommending it.",False
300116,308060,"This has some clear strengths, even if it did not fully click for me. It stayed engaging in shorter sessions, and it felt easy to settle into what the game was trying to do. It is not for everyone, but I can still see the appeal.",False
300116,790710,"This turned out to be an easy game to recommend. The pacing stayed lively, and it felt easy to settle into what the game was trying to do. I would easily suggest it to someone who likes this genre.",True
300117,717640,"This turned out to be an easy game to recommend. It never felt too demanding to come back to, and it felt easy to settle into what the game was trying to do. I would recommend it to the right player.",True
300117,445980,"I can see why this game has held onto a good reputation. It stayed engaging in shorter sessions, and it felt easy to settle into what the game was trying to do. It does enough well that I would recommend it.",True
300118,320760,"I can see why this game has held onto a good reputation. The world was easy to get invested in, and it felt easy to settle into what the game was trying to do. It does enough well that I would recommend it.",True
300118,469920,"I can understand why people like this, but I felt mixed on parts of it. It felt like a small project with real personality, and it felt easy to settle into what the game was trying to do. There is enough here to like, even if I would be selective about recommending it.",False
300119,203160,"This was a strong fit for what I wanted from the genre. It stayed engaging in shorter sessions, and it felt easy to settle into what the game was trying to do. I would point other people toward it.",True
300119,378360,"I can see why this game has held onto a good reputation. It shows enough promise to be worth watching, and it felt easy to settle into what the game was trying to do. I would recommend it to the right player.",True
300120,224480,"There is a solid game here, though it did not completely win me over. It stayed engaging in shorter sessions, and it felt easy to settle into what the game was trying to do. I can understand the audience for it, even if I am not fully sold.",False
300120,716710,"I can see why this game has held onto a good reputation. The pacing stayed lively, and it felt easy to settle into what the game was trying to do. It does enough well that I would recommend it.",True
300121,357300,"This was a strong fit for what I wanted from the genre. It had a distinct style that made it memorable, and it felt easy to settle into what the game was trying to do. I would point other people toward it.",True
300121,327860,"I had a better time with this than I expected at first. The moment-to-moment gameplay felt sharp, and it felt easy to settle into what the game was trying to do. I can see myself recommending it without much hesitation.",True
300122,37000,"I can see why this game has held onto a good reputation. It stayed engaging in shorter sessions, and it felt easy to settle into what the game was trying to do. I would easily suggest it to someone who likes this genre.",True
300122,48190,"This turned out to be an easy game to recommend. The pacing stayed lively, and it felt easy to settle into what the game was trying to do. I would easily suggest it to someone who likes this genre.",True
300123,569800,"This was a strong fit for what I wanted from the genre. The world was easy to get invested in, and it felt easy to settle into what the game was trying to do. I can see myself recommending it without much hesitation.",True
300123,527290,"I can see why this game has held onto a good reputation. Building out a character felt rewarding, and it felt easy to settle into what the game was trying to do. I would point other people toward it.",True
300124,215930,"This turned out to be an easy game to recommend. It gave me enough room to approach things my own way, and it felt easy to settle into what the game was trying to do. I would recommend it to the right player.",True
300124,979060,"I can see why this game has held onto a good reputation. It stayed engaging in shorter sessions, and it felt easy to settle into what the game was trying to do. I can see myself recommending it without much hesitation.",True
300125,235800,"There is a solid game here, though it did not completely win me over. It had a distinct style that made it memorable, and it felt easy to settle into what the game was trying to do. I could still recommend it with the right expectations.",False
300125,393190,"I ended up liking this more than I expected. The world was easy to get invested in, and it felt easy to settle into what the game was trying to do. It does enough well that I would recommend it.",True
300126,604490,"I can understand why people like this, but I felt mixed on parts of it. It kept me curious about what came next, and it felt easy to settle into what the game was trying to do. I can understand the audience for it, even if I am not fully sold.",False
300126,329070,"I can understand why people like this, but I felt mixed on parts of it. The pacing stayed lively, and it felt easy to settle into what the game was trying to do. It is not for everyone, but I can still see the appeal.",False
300127,560170,"I can understand why people like this, but I felt mixed on parts of it. It stayed engaging in shorter sessions, and it felt easy to settle into what the game was trying to do. It is not for everyone, but I can still see the appeal.",False
300127,758190,"I can see why this game has held onto a good reputation. It kept me curious about what came next, and it felt easy to settle into what the game was trying to do. It does enough well that I would recommend it.",True
300128,333600,"I can see why this game has held onto a good reputation. It was easy to pick up and enjoy, and it felt easy to settle into what the game was trying to do. I would point other people toward it.",True
300128,260160,"This turned out to be an easy game to recommend. The pacing stayed lively, and it felt easy to settle into what the game was trying to do. I would easily suggest it to someone who likes this genre.",True
300129,696170,"I ended up liking this more than I expected. The moment-to-moment gameplay felt sharp, and it felt easy to settle into what the game was trying to do. I would recommend it to the right player.",True
300129,415030,"This turned out to be an easy game to recommend. It stayed engaging in shorter sessions, and it felt easy to settle into what the game was trying to do. I would point other people toward it.",True
300130,701160,"This was a strong fit for what I wanted from the genre. The sense of progression worked well, and it felt easy to settle into what the game was trying to do. I would easily suggest it to someone who likes this genre.",True
300130,216260,"I can see why this game has held onto a good reputation. It did a lot with its own identity, and it felt easy to settle into what the game was trying to do. I would point other people toward it.",True
300131,108600,"I can see why this game has held onto a good reputation. It shows enough promise to be worth watching, and it felt easy to settle into what the game was trying to do. I would recommend it to the right player.",True
300131,927890,"This was a strong fit for what I wanted from the genre. It never felt too demanding to come back to, and it felt easy to settle into what the game was trying to do. I would recommend it to the right player.",True
300132,388880,"I ended up liking this more than I expected. The sense of progression worked well, and it felt easy to settle into what the game was trying to do. I can see myself recommending it without much hesitation.",True
300132,3170,"This was a strong fit for what I wanted from the genre. The progression systems kept me interested, and it felt easy to settle into what the game was trying to do. I can see myself recommending it without much hesitation.",True
300133,264160,"This was a strong fit for what I wanted from the genre. The pacing stayed lively, and it felt easy to settle into what the game was trying to do. I would recommend it to the right player.",True
300133,332200,"This turned out to be an easy game to recommend. The moment-to-moment gameplay felt sharp, and it felt easy to settle into what the game was trying to do. It does enough well that I would recommend it.",True
300134,363600,"This turned out to be an easy game to recommend. It felt like a small project with real personality, and it felt easy to settle into what the game was trying to do. I would easily suggest it to someone who likes this genre.",True
300134,702810,"I ended up liking this more than I expected. The pacing stayed lively, and it felt easy to settle into what the game was trying to do. I would easily suggest it to someone who likes this genre.",True
300135,303210,"I can see why this game has held onto a good reputation. The sense of progression worked well, and it felt easy to settle into what the game was trying to do. I would point other people toward it.",True
300135,370020,"This turned out to be an easy game to recommend. It stayed engaging in shorter sessions, and it felt easy to settle into what the game was trying to do. I can see myself recommending it without much hesitation.",True
300136,15750,"I ended up liking this more than I expected. The moment-to-moment gameplay felt sharp, and it felt easy to settle into what the game was trying to do. I would easily suggest it to someone who likes this genre.",True
300136,810670,"I can see why this game has held onto a good reputation. The sense of progression worked well, and it felt easy to settle into what the game was trying to do. I would easily suggest it to someone who likes this genre.",True
300137,39210,"I had a better time with this than I expected at first. It felt built around a clear community appeal, and it felt easy to settle into what the game was trying to do. I would point other people toward it.",True
300137,284390,"This turned out to be an easy game to recommend. The sense of progression worked well, and it felt easy to settle into what the game was trying to do. I would recommend it to the right player.",True
300138,250050,"This was a strong fit for what I wanted from the genre. The pacing stayed lively, and it felt easy to settle into what the game was trying to do. I can see myself recommending it without much hesitation.",True
300138,458730,"This was decent overall, but I still had a few reservations. It gave me enough room to approach things my own way, and it felt easy to settle into what the game was trying to do. It is not for everyone, but I can still see the appeal.",False
300139,585690,"This was a strong fit for what I wanted from the genre. The pacing stayed lively, and it felt easy to settle into what the game was trying to do. I can see myself recommending it without much hesitation.",True
300139,409590,"There is a solid game here, though it did not completely win me over. The moment-to-moment gameplay felt sharp, and it felt easy to settle into what the game was trying to do. It is not for everyone, but I can still see the appeal.",False
300140,230050,"This was a strong fit for what I wanted from the genre. It felt like a small project with real personality, and it felt easy to settle into what the game was trying to do. It does enough well that I would recommend it.",True
300140,622220,"I had a better time with this than I expected at first. The moment-to-moment gameplay felt sharp, and it felt easy to settle into what the game was trying to do. I would recommend it to the right player.",True
300141,831560,"This turned out to be an easy game to recommend. It stayed engaging in shorter sessions, and it felt easy to settle into what the game was trying to do. I can see myself recommending it without much hesitation.",True
300141,508980,"This turned out to be an easy game to recommend. It stayed engaging in shorter sessions, and it felt easy to settle into what the game was trying to do. I would point other people toward it.",True
300142,8500,"I had a better time with this than I expected at first. The moment-to-moment gameplay felt sharp, and it felt easy to settle into what the game was trying to do. I can see myself recommending it without much hesitation.",True
300142,591630,"I can see why this game has held onto a good reputation. The pacing stayed lively, and it felt easy to settle into what the game was trying to do. I would recommend it to the right player.",True
300143,306130,"This was a strong fit for what I wanted from the genre. The moment-to-moment gameplay felt sharp, and it felt easy to settle into what the game was trying to do. I would point other people toward it.",True
300143,370540,"I had a better time with this than I expected at first. The management side had a good rhythm, and it felt easy to settle into what the game was trying to do. It does enough well that I would recommend it.",True
300144,802200,"I ended up liking this more than I expected. The moment-to-moment gameplay felt sharp, and it felt easy to settle into what the game was trying to do. I would recommend it to the right player.",True
300144,510050,"I can see why this game has held onto a good reputation. It had a clear identity, and it felt easy to settle into what the game was trying to do. It does enough well that I would recommend it.",True
300145,700330,"This turned out to be an easy game to recommend. It stayed engaging in shorter sessions, and it felt easy to settle into what the game was trying to do. I would point other people toward it.",True
300145,836450,"I ended up liking this more than I expected. It did a lot with its own identity, and it felt easy to settle into what the game was trying to do. I would point other people toward it.",True
300146,702120,"I had a better time with this than I expected at first. The moment-to-moment gameplay felt sharp, and it felt easy to settle into what the game was trying to do. I can see myself recommending it without much hesitation.",True
300146,223330,"I can see why this game has held onto a good reputation. The progression systems kept me interested, and it felt easy to settle into what the game was trying to do. It does enough well that I would recommend it.",True
300147,344850,"This was a strong fit for what I wanted from the genre. It felt like a small project with real personality, and it felt easy to settle into what the game was trying to do. I would recommend it to the right player.",True
300147,570780,"I can see why this game has held onto a good reputation. The progression systems kept me interested, and it felt easy to settle into what the game was trying to do. I would point other people toward it.",True
300148,482450,"I had a better time with this than I expected at first. The pacing stayed lively, and it felt easy to settle into what the game was trying to do. I would easily suggest it to someone who likes this genre.",True
300148,487220,"I had a better time with this than I expected at first. It was easy to pick up and enjoy, and it felt easy to settle into what the game was trying to do. I would point other people toward it.",True
300149,336060,"I had a better time with this than I expected at first. It stayed engaging in shorter sessions, and it felt easy to settle into what the game was trying to do. I would easily suggest it to someone who likes this genre.",True
300149,409870,"This turned out to be an easy game to recommend. Building out a character felt rewarding, and it felt easy to settle into what the game was trying to do. I would recommend it to the right player.",True
300150,8170,"This was a strong fit for what I wanted from the genre. The moment-to-moment gameplay felt sharp, and it felt easy to settle into what the game was trying to do. I would point other people toward it.",True
300150,960090,"This turned out to be an easy game to recommend. The decisions felt meaningful more often than not, and it felt easy to settle into what the game was trying to do. I would recommend it to the right player.",True
300151,19800,"I had a better time with this than I expected at first. It stayed engaging in shorter sessions, and it felt easy to settle into what the game was trying to do. I would recommend it to the right player.",True
300151,490820,"I can see why this game has held onto a good reputation. The moment-to-moment gameplay felt sharp, and it felt easy to settle into what the game was trying to do. I would easily suggest it to someone who likes this genre.",True
300152,723090,"This turned out to be an easy game to recommend. Building out a character felt rewarding, and it felt easy to settle into what the game was trying to do. I would point other people toward it.",True
300152,528660,"I can understand why people like this, but I felt mixed on parts of it. The moment-to-moment gameplay felt sharp, and it felt easy to settle into what the game was trying to do. I can understand the audience for it, even if I am not fully sold.",False
300153,936720,"I can see why this game has held onto a good reputation. There is already a good foundation here, and it felt easy to settle into what the game was trying to do. I would easily suggest it to someone who likes this genre.",True
300153,317710,"I had a better time with this than I expected at first. The pacing stayed lively, and it felt easy to settle into what the game was trying to do. I would easily suggest it to someone who likes this genre.",True
300154,265610,"This was a strong fit for what I wanted from the genre. The sense of progression worked well, and it felt easy to settle into what the game was trying to do. I would point other people toward it.",True
300154,281990,"I had a better time with this than I expected at first. The management side had a good rhythm, and it felt easy to settle into what the game was trying to do. It does enough well that I would recommend it.",True
300155,593280,"I can see why this game has held onto a good reputation. The moment-to-moment gameplay felt sharp, and it felt easy to settle into what the game was trying to do. I would easily suggest it to someone who likes this genre.",True
300155,277590,"This was a strong fit for what I wanted from the genre. The moment-to-moment gameplay felt sharp, and it felt easy to settle into what the game was trying to do. I can see myself recommending it without much hesitation.",True
300156,360940,"This turned out to be an easy game to recommend. It stayed engaging in shorter sessions, and it felt easy to settle into what the game was trying to do. I would easily suggest it to someone who likes this genre.",True
300156,431590,"This has some clear strengths, even if it did not fully click for me. The pacing stayed lively, and it felt easy to settle into what the game was trying to do. There is enough here to like, even if I would be selective about recommending it.",False
300157,283620,"This was decent overall, but I still had a few reservations. It was easy to pick up and enjoy, and it felt easy to settle into what the game was trying to do. There is enough here to like, even if I would be selective about recommending it.",False
300157,518150,"This turned out to be an easy game to recommend. The core idea is already doing a lot right, and it felt easy to settle into what the game was trying to do. I would easily suggest it to someone who likes this genre.",True
300158,310060,"I can see why this game has held onto a good reputation. The world was easy to get invested in, and it felt easy to settle into what the game was trying to do. It does enough well that I would recommend it.",True
300158,289950,"I liked parts of this, though I do not think it works equally well for everyone. It worked well in short sessions, and it felt easy to settle into what the game was trying to do. I could still recommend it with the right expectations.",False
300159,415610,"I can see why this game has held onto a good reputation. The sense of progression worked well, and it felt easy to settle into what the game was trying to do. I would easily suggest it to someone who likes this genre.",True
300159,2610,"This was a strong fit for what I wanted from the genre. It stayed engaging in shorter sessions, and it felt easy to settle into what the game was trying to do. I would recommend it to the right player.",True
300160,235320,"This was a strong fit for what I wanted from the genre. It had a distinct style that made it memorable, and it felt easy to settle into what the game was trying to do. I would recommend it to the right player.",True
300160,1630,"This turned out to be an easy game to recommend. It rewarded planning in a satisfying way, and it felt easy to settle into what the game was trying to do. I would easily suggest it to someone who likes this genre.",True
300161,90200,"This turned out to be an easy game to recommend. It was satisfying to settle into its systems, and it felt easy to settle into what the game was trying to do. It does enough well that I would recommend it.",True
300161,335070,"This was a strong fit for what I wanted from the genre. The moment-to-moment gameplay felt sharp, and it felt easy to settle into what the game was trying to do. I would point other people toward it.",True
300162,263720,"This has some clear strengths, even if it did not fully click for me. The pacing stayed lively, and it felt easy to settle into what the game was trying to do. I could still recommend it with the right expectations.",False
300162,956450,"I ended up liking this more than I expected. The sense of progression worked well, and it felt easy to settle into what the game was trying to do. It does enough well that I would recommend it.",True
300163,400800,"This was a strong fit for what I wanted from the genre. The driving loop stayed satisfying, and it felt easy to settle into what the game was trying to do. It does enough well that I would recommend it.",True
300163,26900,"I ended up liking this more than I expected. It worked well in short sessions, and it felt easy to settle into what the game was trying to do. I would point other people toward it.",True
300164,745880,"This was a strong fit for what I wanted from the genre. The pacing stayed lively, and it felt easy to settle into what the game was trying to do. I would point other people toward it.",True
300164,221540,"This turned out to be an easy game to recommend. It felt like a small project with real personality, and it felt easy to settle into what the game was trying to do. I can see myself recommending it without much hesitation.",True
300165,231040,"This turned out to be an easy game to recommend. The moment-to-moment gameplay felt sharp, and it felt easy to settle into what the game was trying to do. It does enough well that I would recommend it.",True
300165,200210,"I can see why this game has held onto a good reputation. The pacing stayed lively, and it felt easy to settle into what the game was trying to do. I would recommend it to the right player.",True
300166,6200,"I ended up liking this more than I expected. It rewarded planning in a satisfying way, and it felt easy to settle into what the game was trying to do. I would recommend it to the right player.",True
300166,809880,"I had a better time with this than I expected at first. The sense of progression worked well, and it felt easy to settle into what the game was trying to do. I would point other people toward it.",True
300167,820730,"This turned out to be an easy game to recommend. It kept me curious about what came next, and it felt easy to settle into what the game was trying to do. I would recommend it to the right player.",True
300167,252470,"This turned out to be an easy game to recommend. The moment-to-moment gameplay felt sharp, and it felt easy to settle into what the game was trying to do. I can see myself recommending it without much hesitation.",True
300168,405640,"I had a better time with this than I expected at first. It felt like a small project with real personality, and it felt easy to settle into what the game was trying to do. I can see myself recommending it without much hesitation.",True
300168,31270,"This was a strong fit for what I wanted from the genre. The pacing stayed lively, and it felt easy to settle into what the game was trying to do. It does enough well that I would recommend it.",True
300169,286240,"I had a better time with this than I expected at first. It did a lot with its own identity, and it felt easy to settle into what the game was trying to do. I would point other people toward it.",True
300169,774201,"I can see why this game has held onto a good reputation. The sense of progression worked well, and it felt easy to settle into what the game was trying to do. It does enough well that I would recommend it.",True
300170,682530,"This was a strong fit for what I wanted from the genre. It did a lot with its own identity, and it felt easy to settle into what the game was trying to do. It does enough well that I would recommend it.",True
300170,205650,"This turned out to be an easy game to recommend. The world was easy to get invested in, and it felt easy to settle into what the game was trying to do. I can see myself recommending it without much hesitation.",True
300171,598960,"This turned out to be an easy game to recommend. There is already a good foundation here, and it felt easy to settle into what the game was trying to do. I would recommend it to the right player.",True
300171,695290,"I ended up liking this more than I expected. It did a lot with its own identity, and it felt easy to settle into what the game was trying to do. I would recommend it to the right player.",True
300172,3010,"I ended up liking this more than I expected. The driving loop stayed satisfying, and it felt easy to settle into what the game was trying to do. I would recommend it to the right player.",True
300172,846110,"I ended up liking this more than I expected. The pacing stayed lively, and it felt easy to settle into what the game was trying to do. It does enough well that I would recommend it.",True
300173,833360,"This was a strong fit for what I wanted from the genre. The pacing stayed lively, and it felt easy to settle into what the game was trying to do. It does enough well that I would recommend it.",True
300173,211780,"I ended up liking this more than I expected. The pacing stayed lively, and it felt easy to settle into what the game was trying to do. It does enough well that I would recommend it.",True
300174,331600,"I can see why this game has held onto a good reputation. The pacing stayed lively, and it felt easy to settle into what the game was trying to do. I would point other people toward it.",True
300174,420520,"I had a better time with this than I expected at first. It felt like a small project with real personality, and it felt easy to settle into what the game was trying to do. It does enough well that I would recommend it.",True
300175,416590,"I liked parts of this, though I do not think it works equally well for everyone. The pacing stayed lively, and it felt easy to settle into what the game was trying to do. I can understand the audience for it, even if I am not fully sold.",False
300175,407310,"This turned out to be an easy game to recommend. It stayed engaging in shorter sessions, and it felt easy to settle into what the game was trying to do. I can see myself recommending it without much hesitation.",True
300176,311340,"This has some clear strengths, even if it did not fully click for me. The pacing stayed lively, and it felt easy to settle into what the game was trying to do. It is not for everyone, but I can still see the appeal.",False
300176,619910,"I had a better time with this than I expected at first. It stayed engaging in shorter sessions, and it felt easy to settle into what the game was trying to do. I would point other people toward it.",True
300177,952250,"I can see why this game has held onto a good reputation. It did a lot with its own identity, and it felt easy to settle into what the game was trying to do. I would point other people toward it.",True
300177,427190,"This was a strong fit for what I wanted from the genre. The pacing stayed lively, and it felt easy to settle into what the game was trying to do. I can see myself recommending it without much hesitation.",True
300178,246760,"I can see why this game has held onto a good reputation. The world was easy to get invested in, and it felt easy to settle into what the game was trying to do. It does enough well that I would recommend it.",True
300178,339580,"I can see why this game has held onto a good reputation. The sense of progression worked well, and it felt easy to settle into what the game was trying to do. I can see myself recommending it without much hesitation.",True
300179,206690,"I can see why this game has held onto a good reputation. It was easy to pick up and enjoy, and it felt easy to settle into what the game was trying to do. It does enough well that I would recommend it.",True
300179,331750,"This was a strong fit for what I wanted from the genre. It kept me curious about what came next, and it felt easy to settle into what the game was trying to do. I can see myself recommending it without much hesitation.",True
300180,411970,"This was a strong fit for what I wanted from the genre. The moment-to-moment gameplay felt sharp, and it felt easy to settle into what the game was trying to do. I would point other people toward it.",True
300180,618140,"This was a strong fit for what I wanted from the genre. It worked well in short sessions, and it felt easy to settle into what the game was trying to do. I would recommend it to the right player.",True
300181,92800,"This turned out to be an easy game to recommend. It felt like a small project with real personality, and it felt easy to settle into what the game was trying to do. I would point other people toward it.",True
300181,248860,"I had a better time with this than I expected at first. The core loop worked better than I expected, and it felt easy to settle into what the game was trying to do. I can see myself recommending it without much hesitation.",True
300182,571880,"I can see why this game has held onto a good reputation. The sense of progression worked well, and it felt easy to settle into what the game was trying to do. It does enough well that I would recommend it.",True
300182,590590,"I can see why this game has held onto a good reputation. It stayed engaging in shorter sessions, and it felt easy to settle into what the game was trying to do. I would recommend it to the right player.",True
300183,858940,"There is a solid game here, though it did not completely win me over. It was easy to pick up and enjoy, and it felt easy to settle into what the game was trying to do. It is not for everyone, but I can still see the appeal.",False
300183,80350,"I ended up liking this more than I expected. The sense of progression worked well, and it felt easy to settle into what the game was trying to do. I can see myself recommending it without much hesitation.",True
300184,250560,"I had a better time with this than I expected at first. It did a lot with its own identity, and it felt easy to settle into what the game was trying to do. It does enough well that I would recommend it.",True
300184,544610,"I can see why this game has held onto a good reputation. The systems gave me enough to think about, and it felt easy to settle into what the game was trying to do. I can see myself recommending it without much hesitation.",True
300185,1031480,"This was a strong fit for what I wanted from the genre. It felt like a small project with real personality, and it felt easy to settle into what the game was trying to do. I would point other people toward it.",True
300185,561770,"I ended up liking this more than I expected. The world was easy to get invested in, and it felt easy to settle into what the game was trying to do. I would point other people toward it.",True
300186,673560,"I liked parts of this, though I do not think it works equally well for everyone. The core idea is already doing a lot right, and it felt easy to settle into what the game was trying to do. There is enough here to like, even if I would be selective about recommending it.",False
300186,617700,"This was a strong fit for what I wanted from the genre. It was easy to pick up and enjoy, and it felt easy to settle into what the game was trying to do. It does enough well that I would recommend it.",True
300187,517160,"This has some clear strengths, even if it did not fully click for me. It never felt too demanding to come back to, and it felt easy to settle into what the game was trying to do. I can understand the audience for it, even if I am not fully sold.",False
300187,534370,"This turned out to be an easy game to recommend. The management side had a good rhythm, and it felt easy to settle into what the game was trying to do. I would recommend it to the right player.",True
300188,287020,"I ended up liking this more than I expected. It kept me curious about what came next, and it felt easy to settle into what the game was trying to do. It does enough well that I would recommend it.",True
300188,589870,"This was a strong fit for what I wanted from the genre. The moment-to-moment gameplay felt sharp, and it felt easy to settle into what the game was trying to do. I would easily suggest it to someone who likes this genre.",True
300189,212800,"I ended up liking this more than I expected. The pacing stayed lively, and it felt easy to settle into what the game was trying to do. I would recommend it to the right player.",True
300189,206500,"This turned out to be an easy game to recommend. The moment-to-moment gameplay felt sharp, and it felt easy to settle into what the game was trying to do. I can see myself recommending it without much hesitation.",True
300190,115320,"This was a strong fit for what I wanted from the genre. The pacing stayed lively, and it felt easy to settle into what the game was trying to do. It does enough well that I would recommend it.",True
300190,674520,"This turned out to be an easy game to recommend. The pacing stayed lively, and it felt easy to settle into what the game was trying to do. I would recommend it to the right player.",True
300191,552620,"This was a strong fit for what I wanted from the genre. It gave me enough room to approach things my own way, and it felt easy to settle into what the game was trying to do. I would point other people toward it.",True
300191,234390,"I liked parts of this, though I do not think it works equally well for everyone. The moment-to-moment gameplay felt sharp, and it felt easy to settle into what the game was trying to do. It is not for everyone, but I can still see the appeal.",False
300192,868360,"This was decent overall, but I still had a few reservations. It felt like a small project with real personality, and it felt easy to settle into what the game was trying to do. It is not for everyone, but I can still see the appeal.",False
300192,1900,"There is a solid game here, though it did not completely win me over. The decisions felt meaningful more often than not, and it felt easy to settle into what the game was trying to do. I can understand the audience for it, even if I am not fully sold.",False
300193,24810,"I had a better time with this than I expected at first. The decisions felt meaningful more often than not, and it felt easy to settle into what the game was trying to do. I would recommend it to the right player.",True
300193,866540,"This was a strong fit for what I wanted from the genre. The world was easy to get invested in, and it felt easy to settle into what the game was trying to do. I would recommend it to the right player.",True
300194,340490,"I had a better time with this than I expected at first. It had a distinct style that made it memorable, and it felt easy to settle into what the game was trying to do. It does enough well that I would recommend it.",True
300194,248330,"I can see why this game has held onto a good reputation. It stayed engaging in shorter sessions, and it felt easy to settle into what the game was trying to do. I can see myself recommending it without much hesitation.",True
300195,339280,"This turned out to be an easy game to recommend. It stayed engaging in shorter sessions, and it felt easy to settle into what the game was trying to do. I would point other people toward it.",True
300195,542310,"I had a better time with this than I expected at first. It kept me curious about what came next, and it felt easy to settle into what the game was trying to do. I can see myself recommending it without much hesitation.",True
300196,312780,"This was a strong fit for what I wanted from the genre. The moment-to-moment gameplay felt sharp, and it felt easy to settle into what the game was trying to do. I would point other people toward it.",True
300196,462990,"I ended up liking this more than I expected. The world was easy to get invested in, and it felt easy to settle into what the game was trying to do. It does enough well that I would recommend it.",True
300197,221100,"I liked parts of this, though I do not think it works equally well for everyone. The moment-to-moment gameplay felt sharp, and it felt easy to settle into what the game was trying to do. There is enough here to like, even if I would be selective about recommending it.",False
300197,279940,"I had a better time with this than I expected at first. The world was easy to get invested in, and it felt easy to settle into what the game was trying to do. I would recommend it to the right player.",True
300198,862480,"I can see why this game has held onto a good reputation. The world was easy to get invested in, and it felt easy to settle into what the game was trying to do. I would recommend it to the right player.",True
300198,281750,"I can see why this game has held onto a good reputation. The sense of progression worked well, and it felt easy to settle into what the game was trying to do. I would recommend it to the right player.",True
300199,95400,"I ended up liking this more than I expected. The moment-to-moment gameplay felt sharp, and it felt easy to settle into what the game was trying to do. I can see myself recommending it without much hesitation.",True
300199,214420,"This has some clear strengths, even if it did not fully click for me. The pacing stayed lively, and it felt easy to settle into what the game was trying to do. It is not for everyone, but I can still see the appeal.",False
300200,251570,"I can see why this game has held onto a good reputation. It stayed engaging in shorter sessions, and it felt easy to settle into what the game was trying to do. I would point other people toward it.",True
300200,871420,"This has some clear strengths, even if it did not fully click for me. The moment-to-moment gameplay felt sharp, and it felt easy to settle into what the game was trying to do. There is enough here to like, even if I would be selective about recommending it.",False
300201,364930,"This turned out to be an easy game to recommend. It worked well in short sessions, and it felt easy to settle into what the game was trying to do. I would easily suggest it to someone who likes this genre.",True
300201,264710,"I can see why this game has held onto a good reputation. The core loop worked better than I expected, and it felt easy to settle into what the game was trying to do. I would point other people toward it.",True
300202,568220,"I ended up liking this more than I expected. It did a lot with its own identity, and it felt easy to settle into what the game was trying to do. I would easily suggest it to someone who likes this genre.",True
300202,566540,"I ended up liking this more than I expected. Building out a character felt rewarding, and it felt easy to settle into what the game was trying to do. I would recommend it to the right player.",True
300203,462770,"This turned out to be an easy game to recommend. The moment-to-moment gameplay felt sharp, and it felt easy to settle into what the game was trying to do. I can see myself recommending it without much hesitation.",True
300203,736260,"I had a better time with this than I expected at first. It did a lot with its own identity, and it felt easy to settle into what the game was trying to do. I would easily suggest it to someone who likes this genre.",True
300204,966680,"I ended up liking this more than I expected. The sense of progression worked well, and it felt easy to settle into what the game was trying to do. It does enough well that I would recommend it.",True
300204,848450,"This turned out to be an easy game to recommend. The world was easy to get invested in, and it felt easy to settle into what the game was trying to do. I would point other people toward it.",True
300205,440880,"I can see why this game has held onto a good reputation. It kept me curious about what came next, and it felt easy to settle into what the game was trying to do. I would easily suggest it to someone who likes this genre.",True
300205,360740,"This was decent overall, but I still had a few reservations. The moment-to-moment gameplay felt sharp, and it felt easy to settle into what the game was trying to do. I can understand the audience for it, even if I am not fully sold.",False
300206,377330,"I can understand why people like this, but I felt mixed on parts of it. The sense of progression worked well, and it felt easy to settle into what the game was trying to do. I would only recommend it if the genre already appeals to you.",False
300206,704270,"This was a strong fit for what I wanted from the genre. The moment-to-moment gameplay felt sharp, and it felt easy to settle into what the game was trying to do. It does enough well that I would recommend it.",True
300207,675010,"I had a better time with this than I expected at first. The management side had a good rhythm, and it felt easy to settle into what the game was trying to do. I can see myself recommending it without much hesitation.",True
300207,485380,"I ended up liking this more than I expected. The core loop worked better than I expected, and it felt easy to settle into what the game was trying to do. It does enough well that I would recommend it.",True
300208,483420,"I had a better time with this than I expected at first. It kept me curious about what came next, and it felt easy to settle into what the game was trying to do. I would recommend it to the right player.",True
300208,377860,"This turned out to be an easy game to recommend. The pacing stayed lively, and it felt easy to settle into what the game was trying to do. I would point other people toward it.",True
300209,287450,"I ended up liking this more than I expected. It rewarded patience more than I expected, and it felt easy to settle into what the game was trying to do. I would point other people toward it.",True
300209,842910,"I ended up liking this more than I expected. The pacing stayed lively, and it felt easy to settle into what the game was trying to do. I would easily suggest it to someone who likes this genre.",True
300210,888090,"I can see why this game has held onto a good reputation. It never felt too demanding to come back to, and it felt easy to settle into what the game was trying to do. I would recommend it to the right player.",True
300210,249870,"I ended up liking this more than I expected. The moment-to-moment gameplay felt sharp, and it felt easy to settle into what the game was trying to do. I would easily suggest it to someone who likes this genre.",True
300211,284730,"This was a strong fit for what I wanted from the genre. The sense of progression worked well, and it felt easy to settle into what the game was trying to do. I would easily suggest it to someone who likes this genre.",True
300211,735580,"I ended up liking this more than I expected. It kept me curious about what came next, and it felt easy to settle into what the game was trying to do. I can see myself recommending it without much hesitation.",True
300212,885000,"I can see why this game has held onto a good reputation. The pacing stayed lively, and it felt easy to settle into what the game was trying to do. I would recommend it to the right player.",True
300212,12710,"I had a better time with this than I expected at first. It gave me enough room to approach things my own way, and it felt easy to settle into what the game was trying to do. I would point other people toward it.",True
300213,335000,"This turned out to be an easy game to recommend. The sense of progression worked well, and it felt easy to settle into what the game was trying to do. I can see myself recommending it without much hesitation.",True
300213,691690,"There is a solid game here, though it did not completely win me over. The sense of progression worked well, and it felt easy to settle into what the game was trying to do. There is enough here to like, even if I would be selective about recommending it.",False
300214,376210,"I ended up liking this more than I expected. It stayed engaging in shorter sessions, and it felt easy to settle into what the game was trying to do. I would easily suggest it to someone who likes this genre.",True
300214,270630,"I had a better time with this than I expected at first. The moment-to-moment gameplay felt sharp, and it felt easy to settle into what the game was trying to do. I would easily suggest it to someone who likes this genre.",True
300215,460700,"This turned out to be an easy game to recommend. The world was easy to get invested in, and it felt easy to settle into what the game was trying to do. It does enough well that I would recommend it.",True
300215,688420,"There is a solid game here, though it did not completely win me over. The core loop worked better than I expected, and it felt easy to settle into what the game was trying to do. I could still recommend it with the right expectations.",False
300216,836490,"I ended up liking this more than I expected. It had a distinct style that made it memorable, and it felt easy to settle into what the game was trying to do. It does enough well that I would recommend it.",True
300216,439940,"This turned out to be an easy game to recommend. It was easy to pick up and enjoy, and it felt easy to settle into what the game was trying to do. I would recommend it to the right player.",True
300217,63700,"I had a better time with this than I expected at first. The pacing stayed lively, and it felt easy to settle into what the game was trying to do. I would easily suggest it to someone who likes this genre.",True
300217,203750,"This turned out to be an easy game to recommend. It had a clear identity, and it felt easy to settle into what the game was trying to do. I would easily suggest it to someone who likes this genre.",True
300218,318230,"This has some clear strengths, even if it did not fully click for me. It stayed engaging in shorter sessions, and it felt easy to settle into what the game was trying to do. I can understand the audience for it, even if I am not fully sold.",False
300218,418070,"I can see why this game has held onto a good reputation. It was easy to pick up and enjoy, and it felt easy to settle into what the game was trying to do. I can see myself recommending it without much hesitation.",True
300219,266310,"I had a better time with this than I expected at first. The core loop worked better than I expected, and it felt easy to settle into what the game was trying to do. I would easily suggest it to someone who likes this genre.",True
300219,214950,"I can see why this game has held onto a good reputation. It rewarded planning in a satisfying way, and it felt easy to settle into what the game was trying to do. I would easily suggest it to someone who likes this genre.",True
300220,466560,"I ended up liking this more than I expected. It kept me curious about what came next, and it felt easy to settle into what the game was trying to do. It does enough well that I would recommend it.",True
300220,677120,"This turned out to be an easy game to recommend. It stayed engaging in shorter sessions, and it felt easy to settle into what the game was trying to do. It does enough well that I would recommend it.",True
300221,532210,"I had a better time with this than I expected at first. The world was easy to get invested in, and it felt easy to settle into what the game was trying to do. I would easily suggest it to someone who likes this genre.",True
300221,488550,"This was a strong fit for what I wanted from the genre. It felt like a small project with real personality, and it felt easy to settle into what the game was trying to do. I would point other people toward it.",True
300222,57640,"I can see why this game has held onto a good reputation. The sense of progression worked well, and it felt easy to settle into what the game was trying to do. I can see myself recommending it without much hesitation.",True
300222,897330,"I ended up liking this more than I expected. It worked well in short sessions, and it felt easy to settle into what the game was trying to do. I can see myself recommending it without much hesitation.",True
300223,580720,"This was a strong fit for what I wanted from the genre. It was satisfying to settle into its systems, and it felt easy to settle into what the game was trying to do. I would easily suggest it to someone who likes this genre.",True
300223,717310,"I can see why this game has held onto a good reputation. The moment-to-moment gameplay felt sharp, and it felt easy to settle into what the game was trying to do. I would point other people toward it.",True
300224,876850,"I had a better time with this than I expected at first. The world was easy to get invested in, and it felt easy to settle into what the game was trying to do. It does enough well that I would recommend it.",True
300224,248310,"I had a better time with this than I expected at first. The moment-to-moment gameplay felt sharp, and it felt easy to settle into what the game was trying to do. I would point other people toward it.",True
300225,278360,"This turned out to be an easy game to recommend. The sense of progression worked well, and it felt easy to settle into what the game was trying to do. It does enough well that I would recommend it.",True
300225,746710,"I had a better time with this than I expected at first. It felt like a small project with real personality, and it felt easy to settle into what the game was trying to do. I would easily suggest it to someone who likes this genre.",True
300226,17500,"I can see why this game has held onto a good reputation. The pacing stayed lively, and it felt easy to settle into what the game was trying to do. I would recommend it to the right player.",True
300226,115110,"I can see why this game has held onto a good reputation. It kept me curious about what came next, and it felt easy to settle into what the game was trying to do. I would point other people toward it.",True
300227,45400,"I can see why this game has held onto a good reputation. It felt like a small project with real personality, and it felt easy to settle into what the game was trying to do. It does enough well that I would recommend it.",True
300227,761460,"This turned out to be an easy game to recommend. The world was easy to get invested in, and it felt easy to settle into what the game was trying to do. I would easily suggest it to someone who likes this genre.",True
300228,899440,"This turned out to be an easy game to recommend. The pacing stayed lively, and it felt easy to settle into what the game was trying to do. I can see myself recommending it without much hesitation.",True
300228,512060,"This was a strong fit for what I wanted from the genre. The sense of progression worked well, and it felt easy to settle into what the game was trying to do. I can see myself recommending it without much hesitation.",True
300229,236430,"I had a better time with this than I expected at first. It stayed engaging in shorter sessions, and it felt easy to settle into what the game was trying to do. It does enough well that I would recommend it.",True
300229,601510,"I ended up liking this more than I expected. The core loop worked better than I expected, and it felt easy to settle into what the game was trying to do. It does enough well that I would recommend it.",True
300230,833040,"This was a strong fit for what I wanted from the genre. It kept me curious about what came next, and it felt easy to settle into what the game was trying to do. It does enough well that I would recommend it.",True
300230,323060,"This was a strong fit for what I wanted from the genre. It never felt too demanding to come back to, and it felt easy to settle into what the game was trying to do. I would recommend it to the right player.",True
300231,673750,"I had a better time with this than I expected at first. The pacing stayed lively, and it felt easy to settle into what the game was trying to do. I would easily suggest it to someone who likes this genre.",True
300231,209670,"I can see why this game has held onto a good reputation. The pacing stayed lively, and it felt easy to settle into what the game was trying to do. It does enough well that I would recommend it.",True
300232,220200,"I had a better time with this than I expected at first. It felt like a small project with real personality, and it felt easy to settle into what the game was trying to do. I can see myself recommending it without much hesitation.",True
300232,218230,"This was a strong fit for what I wanted from the genre. The pacing stayed lively, and it felt easy to settle into what the game was trying to do. I would point other people toward it.",True
300233,350810,"I had a better time with this than I expected at first. It stayed engaging in shorter sessions, and it felt easy to settle into what the game was trying to do. I can see myself recommending it without much hesitation.",True
300233,8870,"This turned out to be an easy game to recommend. It stayed engaging in shorter sessions, and it felt easy to settle into what the game was trying to do. I would point other people toward it.",True
300234,427700,"This was a strong fit for what I wanted from the genre. The moment-to-moment gameplay felt sharp, and it felt easy to settle into what the game was trying to do. I would point other people toward it.",True
300234,383230,"I liked parts of this, though I do not think it works equally well for everyone. It stayed engaging in shorter sessions, and it felt easy to settle into what the game was trying to do. It is not for everyone, but I can still see the appeal.",False
300235,362960,"I can see why this game has held onto a good reputation. The sense of progression worked well, and it felt easy to settle into what the game was trying to do. I would recommend it to the right player.",True
300235,396790,"I had a better time with this than I expected at first. It worked well in short sessions, and it felt easy to settle into what the game was trying to do. It does enough well that I would recommend it.",True
300236,461840,"I ended up liking this more than I expected. It was easy to pick up and enjoy, and it felt easy to settle into what the game was trying to do. I would recommend it to the right player.",True
300236,732810,"There is a solid game here, though it did not completely win me over. It never felt too demanding to come back to, and it felt easy to settle into what the game was trying to do. I would only recommend it if the genre already appeals to you.",False
300237,345650,"I can see why this game has held onto a good reputation. The core loop worked better than I expected, and it felt easy to settle into what the game was trying to do. It does enough well that I would recommend it.",True
300237,477770,"This turned out to be an easy game to recommend. It was easy to jump in and start having fun, and it felt easy to settle into what the game was trying to do. It does enough well that I would recommend it.",True
300238,225160,"I had a better time with this than I expected at first. The pacing stayed lively, and it felt easy to settle into what the game was trying to do. I would point other people toward it.",True
300238,262470,"This was a strong fit for what I wanted from the genre. The pacing stayed lively, and it felt easy to settle into what the game was trying to do. I would point other people toward it.",True
300239,690040,"I ended up liking this more than I expected. The moment-to-moment gameplay felt sharp, and it felt easy to settle into what the game was trying to do. I would recommend it to the right player.",True
300239,745960,"This was a strong fit for what I wanted from the genre. It kept me curious about what came next, and it felt easy to settle into what the game was trying to do. I can see myself recommending it without much hesitation.",True
300240,530890,"This was a strong fit for what I wanted from the genre. It stayed engaging in shorter sessions, and it felt easy to settle into what the game was trying to do. I can see myself recommending it without much hesitation.",True
300240,432350,"This was a strong fit for what I wanted from the genre. The world was easy to get invested in, and it felt easy to settle into what the game was trying to do. I would point other people toward it.",True
300241,292500,"This turned out to be an easy game to recommend. The pacing stayed lively, and it felt easy to settle into what the game was trying to do. It does enough well that I would recommend it.",True
300241,225540,"I can see why this game has held onto a good reputation. It stayed engaging in shorter sessions, and it felt easy to settle into what the game was trying to do. I would easily suggest it to someone who likes this genre.",True
300242,255320,"This was a strong fit for what I wanted from the genre. The sense of progression worked well, and it felt easy to settle into what the game was trying to do. I can see myself recommending it without much hesitation.",True
300242,852110,"This turned out to be an easy game to recommend. It never felt too demanding to come back to, and it felt easy to settle into what the game was trying to do. I would point other people toward it.",True
300243,1012240,"This turned out to be an easy game to recommend. It did a lot with its own identity, and it felt easy to settle into what the game was trying to do. It does enough well that I would recommend it.",True
300243,270210,"I had a better time with this than I expected at first. It felt like a small project with real personality, and it felt easy to settle into what the game was trying to do. I would recommend it to the right player.",True
300244,513230,"I had a better time with this than I expected at first. The sense of progression worked well, and it felt easy to settle into what the game was trying to do. I would recommend it to the right player.",True
300244,658550,"I had a better time with this than I expected at first. It never felt too demanding to come back to, and it felt easy to settle into what the game was trying to do. I can see myself recommending it without much hesitation.",True
300245,740200,"I ended up liking this more than I expected. It stayed engaging in shorter sessions, and it felt easy to settle into what the game was trying to do. It does enough well that I would recommend it.",True
300245,242570,"I had a better time with this than I expected at first. It did a lot with its own identity, and it felt easy to settle into what the game was trying to do. I would easily suggest it to someone who likes this genre.",True
300246,858210,"This was a strong fit for what I wanted from the genre. The pacing stayed lively, and it felt easy to settle into what the game was trying to do. I can see myself recommending it without much hesitation.",True
300246,734750,"This was a strong fit for what I wanted from the genre. The sense of progression worked well, and it felt easy to settle into what the game was trying to do. I can see myself recommending it without much hesitation.",True
300247,600370,"I had a better time with this than I expected at first. The world was easy to get invested in, and it felt easy to settle into what the game was trying to do. I would recommend it to the right player.",True
300247,40300,"I ended up liking this more than I expected. Building out a character felt rewarding, and it felt easy to settle into what the game was trying to do. I would point other people toward it.",True
300248,635200,"I ended up liking this more than I expected. It kept me curious about what came next, and it felt easy to settle into what the game was trying to do. I can see myself recommending it without much hesitation.",True
300248,992300,"I can understand why people like this, but I felt mixed on parts of it. The core loop worked better than I expected, and it felt easy to settle into what the game was trying to do. There is enough here to like, even if I would be selective about recommending it.",False
300249,420440,"I ended up liking this more than I expected. It rewarded patience more than I expected, and it felt easy to settle into what the game was trying to do. I would easily suggest it to someone who likes this genre.",True
300249,984560,"I had a better time with this than I expected at first. It had a distinct style that made it memorable, and it felt easy to settle into what the game was trying to do. I would point other people toward it.",True
300250,555150,"I ended up liking this more than I expected. It kept me curious about what came next, and it felt easy to settle into what the game was trying to do. I can see myself recommending it without much hesitation.",True
300250,647830,"I ended up liking this more than I expected. The moment-to-moment gameplay felt sharp, and it felt easy to settle into what the game was trying to do. I would point other people toward it.",True
300251,240970,"This was a strong fit for what I wanted from the genre. The pacing stayed lively, and it felt easy to settle into what the game was trying to do. I would easily suggest it to someone who likes this genre.",True
300251,298050,"I ended up liking this more than I expected. The decisions felt meaningful more often than not, and it felt easy to settle into what the game was trying to do. I would easily suggest it to someone who likes this genre.",True
300252,447120,"This was a strong fit for what I wanted from the genre. The sense of progression worked well, and it felt easy to settle into what the game was trying to do. I would point other people toward it.",True
300252,390710,"I ended up liking this more than I expected. It stayed engaging in shorter sessions, and it felt easy to settle into what the game was trying to do. I would point other people toward it.",True
300253,846470,"I had a better time with this than I expected at first. The pacing stayed lively, and it felt easy to settle into what the game was trying to do. I can see myself recommending it without much hesitation.",True
300253,394510,"I ended up liking this more than I expected. The pacing stayed lively, and it felt easy to settle into what the game was trying to do. I would recommend it to the right player.",True
300254,351940,"I ended up liking this more than I expected. It kept me curious about what came next, and it felt easy to settle into what the game was trying to do. I would recommend it to the right player.",True
300254,508390,"This turned out to be an easy game to recommend. The pacing stayed lively, and it felt easy to settle into what the game was trying to do. I would recommend it to the right player.",True
300255,963000,"This turned out to be an easy game to recommend. The sense of progression worked well, and it felt easy to settle into what the game was trying to do. I would easily suggest it to someone who likes this genre.",True
300255,282100,"I can see why this game has held onto a good reputation. The pacing stayed lively, and it felt easy to settle into what the game was trying to do. I would point other people toward it.",True
300256,557040,"I can see why this game has held onto a good reputation. The pacing stayed lively, and it felt easy to settle into what the game was trying to do. It does enough well that I would recommend it.",True
300256,744800,"This was a strong fit for what I wanted from the genre. It worked well in short sessions, and it felt easy to settle into what the game was trying to do. I can see myself recommending it without much hesitation.",True
300257,2620,"This turned out to be an easy game to recommend. The pacing stayed lively, and it felt easy to settle into what the game was trying to do. I would recommend it to the right player.",True
300257,25900,"I had a better time with this than I expected at first. The progression systems kept me interested, and it felt easy to settle into what the game was trying to do. I would point other people toward it.",True
300258,671800,"This turned out to be an easy game to recommend. The world was easy to get invested in, and it felt easy to settle into what the game was trying to do. I would recommend it to the right player.",True
300258,17390,"This turned out to be an easy game to recommend. The pacing stayed lively, and it felt easy to settle into what the game was trying to do. I would recommend it to the right player.",True
300259,568930,"This turned out to be an easy game to recommend. It kept me curious about what came next, and it felt easy to settle into what the game was trying to do. I can see myself recommending it without much hesitation.",True
300259,359100,"I ended up liking this more than I expected. The moment-to-moment gameplay felt sharp, and it felt easy to settle into what the game was trying to do. I would point other people toward it.",True
300260,235250,"I had a better time with this than I expected at first. It never felt too demanding to come back to, and it felt easy to settle into what the game was trying to do. I would easily suggest it to someone who likes this genre.",True
300260,373180,"I can see why this game has held onto a good reputation. The pacing stayed lively, and it felt easy to settle into what the game was trying to do. I would easily suggest it to someone who likes this genre.",True
300261,994280,"I can understand why people like this, but I felt mixed on parts of it. Building out a character felt rewarding, and it felt easy to settle into what the game was trying to do. There is enough here to like, even if I would be selective about recommending it.",False
300261,22380,"I can see why this game has held onto a good reputation. The pacing stayed lively, and it felt easy to settle into what the game was trying to do. I would point other people toward it.",True
300262,434260,"This turned out to be an easy game to recommend. It worked well in short sessions, and it felt easy to settle into what the game was trying to do. I would recommend it to the right player.",True
300262,261700,"I had a better time with this than I expected at first. It stayed engaging in shorter sessions, and it felt easy to settle into what the game was trying to do. I would point other people toward it.",True
300263,366240,"I ended up liking this more than I expected. The pacing stayed lively, and it felt easy to settle into what the game was trying to do. I would point other people toward it.",True
300263,691770,"This turned out to be an easy game to recommend. It was easy to pick up and enjoy, and it felt easy to settle into what the game was trying to do. I would recommend it to the right player.",True
300264,347720,"I ended up liking this more than I expected. The moment-to-moment gameplay felt sharp, and it felt easy to settle into what the game was trying to do. I can see myself recommending it without much hesitation.",True
300264,687850,"This was a strong fit for what I wanted from the genre. The core loop made sense right away, and it felt easy to settle into what the game was trying to do. It does enough well that I would recommend it.",True
300265,433280,"This was a strong fit for what I wanted from the genre. It rewarded planning in a satisfying way, and it felt easy to settle into what the game was trying to do. I would easily suggest it to someone who likes this genre.",True
300265,274350,"I ended up liking this more than I expected. The sense of progression worked well, and it felt easy to settle into what the game was trying to do. I can see myself recommending it without much hesitation.",True
300266,336610,"This was a strong fit for what I wanted from the genre. It stayed engaging in shorter sessions, and it felt easy to settle into what the game was trying to do. I would recommend it to the right player.",True
300266,238370,"I can see why this game has held onto a good reputation. The moment-to-moment gameplay felt sharp, and it felt easy to settle into what the game was trying to do. I would point other people toward it.",True
300267,336240,"I had a better time with this than I expected at first. The sense of progression worked well, and it felt easy to settle into what the game was trying to do. It does enough well that I would recommend it.",True
300267,530320,"I ended up liking this more than I expected. The world was easy to get invested in, and it felt easy to settle into what the game was trying to do. I would recommend it to the right player.",True
300268,17080,"This turned out to be an easy game to recommend. It stayed engaging in shorter sessions, and it felt easy to settle into what the game was trying to do. I would point other people toward it.",True
300268,573410,"This was a strong fit for what I wanted from the genre. It did a lot with its own identity, and it felt easy to settle into what the game was trying to do. I would point other people toward it.",True
300269,322500,"I ended up liking this more than I expected. It stayed engaging in shorter sessions, and it felt easy to settle into what the game was trying to do. I would easily suggest it to someone who likes this genre.",True
300269,204300,"I ended up liking this more than I expected. The moment-to-moment gameplay felt sharp, and it felt easy to settle into what the game was trying to do. I would point other people toward it.",True
300270,208140,"I can see why this game has held onto a good reputation. The decisions felt meaningful more often than not, and it felt easy to settle into what the game was trying to do. I would easily suggest it to someone who likes this genre.",True
300270,410710,"This was a strong fit for what I wanted from the genre. The pacing stayed lively, and it felt easy to settle into what the game was trying to do. I would point other people toward it.",True
300271,794600,"This turned out to be an easy game to recommend. It stayed engaging in shorter sessions, and it felt easy to settle into what the game was trying to do. I would easily suggest it to someone who likes this genre.",True
300271,350640,"I had a better time with this than I expected at first. The pacing stayed lively, and it felt easy to settle into what the game was trying to do. It does enough well that I would recommend it.",True
300272,774861,"I had a better time with this than I expected at first. The pacing stayed lively, and it felt easy to settle into what the game was trying to do. It does enough well that I would recommend it.",True
300272,566190,"I ended up liking this more than I expected. The sense of progression worked well, and it felt easy to settle into what the game was trying to do. I can see myself recommending it without much hesitation.",True
300273,448370,"This turned out to be an easy game to recommend. The pacing stayed lively, and it felt easy to settle into what the game was trying to do. I would point other people toward it.",True
300273,641990,"This was a strong fit for what I wanted from the genre. It did a lot with its own identity, and it felt easy to settle into what the game was trying to do. I can see myself recommending it without much hesitation.",True
300274,459090,"I had a better time with this than I expected at first. It did a lot with its own identity, and it felt easy to settle into what the game was trying to do. It does enough well that I would recommend it.",True
300274,273500,"I had a better time with this than I expected at first. The pacing stayed lively, and it felt easy to settle into what the game was trying to do. I can see myself recommending it without much hesitation.",True
300275,281640,"I had a better time with this than I expected at first. It had a distinct style that made it memorable, and it felt easy to settle into what the game was trying to do. It does enough well that I would recommend it.",True
300275,549260,"This turned out to be an easy game to recommend. The world was easy to get invested in, and it felt easy to settle into what the game was trying to do. I can see myself recommending it without much hesitation.",True
300276,742120,"This was a strong fit for what I wanted from the genre. The progression systems kept me interested, and it felt easy to settle into what the game was trying to do. I would point other people toward it.",True
300276,963690,"I had a better time with this than I expected at first. It never felt too demanding to come back to, and it felt easy to settle into what the game was trying to do. I would recommend it to the right player.",True
300277,262280,"This turned out to be an easy game to recommend. The progression systems kept me interested, and it felt easy to settle into what the game was trying to do. I would point other people toward it.",True
300277,490370,"This was a strong fit for what I wanted from the genre. The systems gave me enough to think about, and it felt easy to settle into what the game was trying to do. I can see myself recommending it without much hesitation.",True
300278,238460,"This turned out to be an easy game to recommend. It stayed engaging in shorter sessions, and it felt easy to settle into what the game was trying to do. I would recommend it to the right player.",True
300278,425580,"This was a strong fit for what I wanted from the genre. The world was easy to get invested in, and it felt easy to settle into what the game was trying to do. I would recommend it to the right player.",True
300279,878320,"I can see why this game has held onto a good reputation. It kept me curious about what came next, and it felt easy to settle into what the game was trying to do. I would recommend it to the right player.",True
300279,212030,"I can understand why people like this, but I felt mixed on parts of it. The moment-to-moment gameplay felt sharp, and it felt easy to settle into what the game was trying to do. It is not for everyone, but I can still see the appeal.",False
300280,319140,"This turned out to be an easy game to recommend. The moment-to-moment gameplay felt sharp, and it felt easy to settle into what the game was trying to do. I would point other people toward it.",True
300280,91900,"This turned out to be an easy game to recommend. The pacing stayed lively, and it felt easy to settle into what the game was trying to do. It does enough well that I would recommend it.",True
300281,616560,"This was a strong fit for what I wanted from the genre. The pacing stayed lively, and it felt easy to settle into what the game was trying to do. I would point other people toward it.",True
300281,251630,"I ended up liking this more than I expected. It did a lot with its own identity, and it felt easy to settle into what the game was trying to do. I would point other people toward it.",True
300282,962730,"I ended up liking this more than I expected. The pacing stayed lively, and it felt easy to settle into what the game was trying to do. I can see myself recommending it without much hesitation.",True
300282,389570,"I had a better time with this than I expected at first. It worked well in short sessions, and it felt easy to settle into what the game was trying to do. I can see myself recommending it without much hesitation.",True
300283,653530,"I ended up liking this more than I expected. It kept me curious about what came next, and it felt easy to settle into what the game was trying to do. It does enough well that I would recommend it.",True
300283,407230,"I had a better time with this than I expected at first. The moment-to-moment gameplay felt sharp, and it felt easy to settle into what the game was trying to do. I would easily suggest it to someone who likes this genre.",True
300284,64000,"This turned out to be an easy game to recommend. The systems gave me enough to think about, and it felt easy to settle into what the game was trying to do. I would point other people toward it.",True
300284,447820,"I can see why this game has held onto a good reputation. The pacing stayed lively, and it felt easy to settle into what the game was trying to do. I can see myself recommending it without much hesitation.",True
300285,373390,"This turned out to be an easy game to recommend. The sense of progression worked well, and it felt easy to settle into what the game was trying to do. I would easily suggest it to someone who likes this genre.",True
300285,209630,"I had a better time with this than I expected at first. It stayed engaging in shorter sessions, and it felt easy to settle into what the game was trying to do. I can see myself recommending it without much hesitation.",True
300286,32450,"I had a better time with this than I expected at first. The sense of progression worked well, and it felt easy to settle into what the game was trying to do. I would easily suggest it to someone who likes this genre.",True
300286,765410,"I can see why this game has held onto a good reputation. The moment-to-moment gameplay felt sharp, and it felt easy to settle into what the game was trying to do. I would point other people toward it.",True
300287,55040,"This turned out to be an easy game to recommend. It felt like a small project with real personality, and it felt easy to settle into what the game was trying to do. It does enough well that I would recommend it.",True
300287,610180,"I had a better time with this than I expected at first. It worked well in short sessions, and it felt easy to settle into what the game was trying to do. I can see myself recommending it without much hesitation.",True
300288,253330,"This turned out to be an easy game to recommend. The pacing stayed lively, and it felt easy to settle into what the game was trying to do. It does enough well that I would recommend it.",True
300288,34030,"I ended up liking this more than I expected. The systems gave me enough to think about, and it felt easy to settle into what the game was trying to do. I would recommend it to the right player.",True
300289,840010,"This was a strong fit for what I wanted from the genre. It kept me curious about what came next, and it felt easy to settle into what the game was trying to do. I can see myself recommending it without much hesitation.",True
300289,642090,"I can see why this game has held onto a good reputation. It was easy to pick up and enjoy, and it felt easy to settle into what the game was trying to do. I would easily suggest it to someone who likes this genre.",True
300290,2640,"I ended up liking this more than I expected. The moment-to-moment gameplay felt sharp, and it felt easy to settle into what the game was trying to do. It does enough well that I would recommend it.",True
300290,523780,"This was a strong fit for what I wanted from the genre. The world was easy to get invested in, and it felt easy to settle into what the game was trying to do. I would point other people toward it.",True
300291,265210,"I ended up liking this more than I expected. The core loop worked better than I expected, and it felt easy to settle into what the game was trying to do. I would point other people toward it.",True
300291,345660,"I ended up liking this more than I expected. The core mechanics were strong enough to carry it, and it felt easy to settle into what the game was trying to do. I would recommend it to the right player.",True
300292,519860,"I liked parts of this, though I do not think it works equally well for everyone. The pacing stayed lively, and it felt easy to settle into what the game was trying to do. I can understand the audience for it, even if I am not fully sold.",False
300292,209230,"I can see why this game has held onto a good reputation. The sense of progression worked well, and it felt easy to settle into what the game was trying to do. I can see myself recommending it without much hesitation.",True
300293,390290,"This turned out to be an easy game to recommend. It kept me curious about what came next, and it felt easy to settle into what the game was trying to do. It does enough well that I would recommend it.",True
300293,268990,"I had a better time with this than I expected at first. The pacing stayed lively, and it felt easy to settle into what the game was trying to do. I would recommend it to the right player.",True
300294,12500,"I can understand why people like this, but I felt mixed on parts of it. It worked well in short sessions, and it felt easy to settle into what the game was trying to do. I can understand the audience for it, even if I am not fully sold.",False
300294,461950,"There is a solid game here, though it did not completely win me over. The sense of progression worked well, and it felt easy to settle into what the game was trying to do. I can understand the audience for it, even if I am not fully sold.",False
300295,671440,"This turned out to be an easy game to recommend. It had a distinct style that made it memorable, and it felt easy to settle into what the game was trying to do. I would recommend it to the right player.",True
300295,353330,"This was a strong fit for what I wanted from the genre. It had a distinct style that made it memorable, and it felt easy to settle into what the game was trying to do. It does enough well that I would recommend it.",True
300296,218740,"This turned out to be an easy game to recommend. The world was easy to get invested in, and it felt easy to settle into what the game was trying to do. It does enough well that I would recommend it.",True
300296,474750,"This has some clear strengths, even if it did not fully click for me. The world was easy to get invested in, and it felt easy to settle into what the game was trying to do. It is not for everyone, but I can still see the appeal.",False
300297,12810,"I liked parts of this, though I do not think it works equally well for everyone. It gave me enough room to approach things my own way, and it felt easy to settle into what the game was trying to do. I would only recommend it if the genre already appeals to you.",False
300297,525620,"I liked parts of this, though I do not think it works equally well for everyone. The pacing stayed lively, and it felt easy to settle into what the game was trying to do. I could still recommend it with the right expectations.",False
300298,945360,"This was a strong fit for what I wanted from the genre. It worked well in short sessions, and it felt easy to settle into what the game was trying to do. It does enough well that I would recommend it.",True
300298,336130,"I had a better time with this than I expected at first. The world was easy to get invested in, and it felt easy to settle into what the game was trying to do. It does enough well that I would recommend it.",True
300299,535480,"I can see why this game has held onto a good reputation. It stayed engaging in shorter sessions, and it felt easy to settle into what the game was trying to do. I would easily suggest it to someone who likes this genre.",True
300299,805940,"I ended up liking this more than I expected. The moment-to-moment gameplay felt sharp, and it felt easy to settle into what the game was trying to do. I can see myself recommending it without much hesitation.",True
300300,302610,"This was a strong fit for what I wanted from the genre. The moment-to-moment gameplay felt sharp, and it felt easy to settle into what the game was trying to do. I can see myself recommending it without much hesitation.",True
300300,913550,"I had a better time with this than I expected at first. The moment-to-moment gameplay felt sharp, and it felt easy to settle into what the game was trying to do. I would recommend it to the right player.",True
300301,301840,"This turned out to be an easy game to recommend. It stayed engaging in shorter sessions, and it felt easy to settle into what the game was trying to do. It does enough well that I would recommend it.",True
300301,285330,"This was a strong fit for what I wanted from the genre. It rewarded patience more than I expected, and it felt easy to settle into what the game was trying to do. I would easily suggest it to someone who likes this genre.",True
300302,929200,"I ended up liking this more than I expected. It kept me curious about what came next, and it felt easy to settle into what the game was trying to do. I would recommend it to the right player.",True
300302,18820,"I ended up liking this more than I expected. The moment-to-moment gameplay felt sharp, and it felt easy to settle into what the game was trying to do. I would recommend it to the right player.",True
300303,565120,"This turned out to be an easy game to recommend. The world was easy to get invested in, and it felt easy to settle into what the game was trying to do. I can see myself recommending it without much hesitation.",True
300303,10,"This turned out to be an easy game to recommend. The pacing stayed lively, and it felt easy to settle into what the game was trying to do. I can see myself recommending it without much hesitation.",True
300304,575640,"I ended up liking this more than I expected. It worked well in short sessions, and it felt easy to settle into what the game was trying to do. I can see myself recommending it without much hesitation.",True
300304,11480,"I had a better time with this than I expected at first. The systems gave me enough to think about, and it felt easy to settle into what the game was trying to do. I would recommend it to the right player.",True
300305,574090,"I ended up liking this more than I expected. It stayed engaging in shorter sessions, and it felt easy to settle into what the game was trying to do. I would point other people toward it.",True
300305,534290,"This turned out to be an easy game to recommend. The pacing stayed lively, and it felt easy to settle into what the game was trying to do. I can see myself recommending it without much hesitation.",True
300306,628730,"I can see why this game has held onto a good reputation. The world was easy to get invested in, and it felt easy to settle into what the game was trying to do. I would point other people toward it.",True
300306,559650,"This turned out to be an easy game to recommend. It stayed engaging in shorter sessions, and it felt easy to settle into what the game was trying to do. I can see myself recommending it without much hesitation.",True
300307,857450,"I ended up liking this more than I expected. It kept me curious about what came next, and it felt easy to settle into what the game was trying to do. I would point other people toward it.",True
300307,339790,"I had a better time with this than I expected at first. It was easy to jump in and start having fun, and it felt easy to settle into what the game was trying to do. I would easily suggest it to someone who likes this genre.",True
300308,426000,"This was a strong fit for what I wanted from the genre. It did a lot with its own identity, and it felt easy to settle into what the game was trying to do. I can see myself recommending it without much hesitation.",True
300308,428550,"I ended up liking this more than I expected. The pacing stayed lively, and it felt easy to settle into what the game was trying to do. I would point other people toward it.",True
300309,269330,"I had a better time with this than I expected at first. The world was easy to get invested in, and it felt easy to settle into what the game was trying to do. I would point other people toward it.",True
300309,259390,"This was a strong fit for what I wanted from the genre. The pacing stayed lively, and it felt easy to settle into what the game was trying to do. I would point other people toward it.",True
300310,72000,"I ended up liking this more than I expected. It had a distinct style that made it memorable, and it felt easy to settle into what the game was trying to do. I would point other people toward it.",True
300310,323850,"I can see why this game has held onto a good reputation. It stayed engaging in shorter sessions, and it felt easy to settle into what the game was trying to do. I would point other people toward it.",True
300311,340000,"I can see why this game has held onto a good reputation. It stayed engaging in shorter sessions, and it felt easy to settle into what the game was trying to do. I would easily suggest it to someone who likes this genre.",True
300311,670260,"I can see why this game has held onto a good reputation. It kept me curious about what came next, and it felt easy to settle into what the game was trying to do. I would easily suggest it to someone who likes this genre.",True
300312,6040,"I had a better time with this than I expected at first. It kept me curious about what came next, and it felt easy to settle into what the game was trying to do. I would recommend it to the right player.",True
300312,626610,"I had a better time with this than I expected at first. The pacing stayed lively, and it felt easy to settle into what the game was trying to do. I can see myself recommending it without much hesitation.",True
300313,288120,"This turned out to be an easy game to recommend. The sense of progression worked well, and it felt easy to settle into what the game was trying to do. I would easily suggest it to someone who likes this genre.",True
300313,444200,"I ended up liking this more than I expected. The moment-to-moment gameplay felt sharp, and it felt easy to settle into what the game was trying to do. I would point other people toward it.",True
300314,408520,"This was a strong fit for what I wanted from the genre. The world was easy to get invested in, and it felt easy to settle into what the game was trying to do. I would recommend it to the right player.",True
300314,453270,"This turned out to be an easy game to recommend. The moment-to-moment gameplay felt sharp, and it felt easy to settle into what the game was trying to do. I would recommend it to the right player.",True
300315,660160,"This turned out to be an easy game to recommend. It was satisfying to settle into its systems, and it felt easy to settle into what the game was trying to do. It does enough well that I would recommend it.",True
300315,603260,"This was a strong fit for what I wanted from the genre. The moment-to-moment gameplay felt sharp, and it felt easy to settle into what the game was trying to do. I can see myself recommending it without much hesitation.",True
300316,644560,"I can see why this game has held onto a good reputation. The world was easy to get invested in, and it felt easy to settle into what the game was trying to do. I can see myself recommending it without much hesitation.",True
300316,207140,"This was a strong fit for what I wanted from the genre. The pacing stayed lively, and it felt easy to settle into what the game was trying to do. I can see myself recommending it without much hesitation.",True
300317,414660,"I can understand why people like this, but I felt mixed on parts of it. The world was easy to get invested in, and it felt easy to settle into what the game was trying to do. It is not for everyone, but I can still see the appeal.",False
300317,495140,"There is a solid game here, though it did not completely win me over. The pacing stayed lively, and it felt easy to settle into what the game was trying to do. I would only recommend it if the genre already appeals to you.",False
300318,41500,"I ended up liking this more than I expected. The progression systems kept me interested, and it felt easy to settle into what the game was trying to do. I would point other people toward it.",True
300318,331670,"I can see why this game has held onto a good reputation. It worked well in short sessions, and it felt easy to settle into what the game was trying to do. I would recommend it to the right player.",True
300319,234160,"This was a strong fit for what I wanted from the genre. It stayed engaging in shorter sessions, and it felt easy to settle into what the game was trying to do. I would point other people toward it.",True
300319,252410,"This turned out to be an easy game to recommend. It stayed engaging in shorter sessions, and it felt easy to settle into what the game was trying to do. I would point other people toward it.",True
300320,3330,"This has some clear strengths, even if it did not fully click for me. It worked well in short sessions, and it felt easy to settle into what the game was trying to do. I can understand the audience for it, even if I am not fully sold.",False
300320,418300,"I can see why this game has held onto a good reputation. The moment-to-moment gameplay felt sharp, and it felt easy to settle into what the game was trying to do. I can see myself recommending it without much hesitation.",True
300321,206440,"I can see why this game has held onto a good reputation. The world was easy to get invested in, and it felt easy to settle into what the game was trying to do. I can see myself recommending it without much hesitation.",True
300321,47890,"This has some clear strengths, even if it did not fully click for me. It was satisfying to settle into its systems, and it felt easy to settle into what the game was trying to do. There is enough here to like, even if I would be selective about recommending it.",False
300322,755980,"This turned out to be an easy game to recommend. It stayed engaging in shorter sessions, and it felt easy to settle into what the game was trying to do. I would point other people toward it.",True
300322,400910,"This turned out to be an easy game to recommend. The pacing stayed lively, and it felt easy to settle into what the game was trying to do. I would recommend it to the right player.",True
300323,307940,"This turned out to be an easy game to recommend. The moment-to-moment gameplay felt sharp, and it felt easy to settle into what the game was trying to do. I can see myself recommending it without much hesitation.",True
300323,802870,"This turned out to be an easy game to recommend. The world was easy to get invested in, and it felt easy to settle into what the game was trying to do. I can see myself recommending it without much hesitation.",True
300324,204120,"I ended up liking this more than I expected. It kept me curious about what came next, and it felt easy to settle into what the game was trying to do. I would point other people toward it.",True
300324,637670,"I liked parts of this, though I do not think it works equally well for everyone. It stayed engaging in shorter sessions, and it felt easy to settle into what the game was trying to do. I would only recommend it if the genre already appeals to you.",False
300325,225640,"This turned out to be an easy game to recommend. It gave me enough room to approach things my own way, and it felt easy to settle into what the game was trying to do. I would point other people toward it.",True
300325,290730,"This turned out to be an easy game to recommend. It was easy to pick up and enjoy, and it felt easy to settle into what the game was trying to do. I would point other people toward it.",True
300326,351090,"I ended up liking this more than I expected. It never felt too demanding to come back to, and it felt easy to settle into what the game was trying to do. I would point other people toward it.",True
300326,215510,"This turned out to be an easy game to recommend. The sense of progression worked well, and it felt easy to settle into what the game was trying to do. I would point other people toward it.",True
300327,619280,"This was a strong fit for what I wanted from the genre. The pacing stayed lively, and it felt easy to settle into what the game was trying to do. I can see myself recommending it without much hesitation.",True
300327,364390,"I ended up liking this more than I expected. The world was easy to get invested in, and it felt easy to settle into what the game was trying to do. I can see myself recommending it without much hesitation.",True
300328,581120,"This was decent overall, but I still had a few reservations. It did a lot with its own identity, and it felt easy to settle into what the game was trying to do. I can understand the audience for it, even if I am not fully sold.",False
300328,592260,"I can see why this game has held onto a good reputation. It had a clear identity, and it felt easy to settle into what the game was trying to do. It does enough well that I would recommend it.",True
300329,13540,"I can see why this game has held onto a good reputation. The moment-to-moment gameplay felt sharp, and it felt easy to settle into what the game was trying to do. It does enough well that I would recommend it.",True
300329,798510,"I had a better time with this than I expected at first. The decisions felt meaningful more often than not, and it felt easy to settle into what the game was trying to do. It does enough well that I would recommend it.",True
300330,846800,"I had a better time with this than I expected at first. The moment-to-moment gameplay felt sharp, and it felt easy to settle into what the game was trying to do. I would recommend it to the right player.",True
300330,368730,"I ended up liking this more than I expected. It stayed engaging in shorter sessions, and it felt easy to settle into what the game was trying to do. It does enough well that I would recommend it.",True
300331,302080,"I had a better time with this than I expected at first. It felt like a small project with real personality, and it felt easy to settle into what the game was trying to do. I would point other people toward it.",True
300331,253980,"I had a better time with this than I expected at first. It stayed engaging in shorter sessions, and it felt easy to settle into what the game was trying to do. It does enough well that I would recommend it.",True
300332,415420,"I can see why this game has held onto a good reputation. It stayed engaging in shorter sessions, and it felt easy to settle into what the game was trying to do. It does enough well that I would recommend it.",True
300332,230820,"I had a better time with this than I expected at first. It kept me curious about what came next, and it felt easy to settle into what the game was trying to do. I would easily suggest it to someone who likes this genre.",True
300333,876160,"I had a better time with this than I expected at first. It worked well in short sessions, and it felt easy to settle into what the game was trying to do. I would point other people toward it.",True
300333,348250,"This was a strong fit for what I wanted from the genre. The sense of progression worked well, and it felt easy to settle into what the game was trying to do. I would recommend it to the right player.",True
300334,367450,"This turned out to be an easy game to recommend. It felt like a small project with real personality, and it felt easy to settle into what the game was trying to do. I would point other people toward it.",True
300334,516110,"This was a strong fit for what I wanted from the genre. It kept me curious about what came next, and it felt easy to settle into what the game was trying to do. I would point other people toward it.",True
300335,321480,"I had a better time with this than I expected at first. It never felt too demanding to come back to, and it felt easy to settle into what the game was trying to do. I would easily suggest it to someone who likes this genre.",True
300335,604240,"I ended up liking this more than I expected. It stayed engaging in shorter sessions, and it felt easy to settle into what the game was trying to do. I would point other people toward it.",True
300336,642560,"I had a better time with this than I expected at first. It never felt too demanding to come back to, and it felt easy to settle into what the game was trying to do. I can see myself recommending it without much hesitation.",True
300336,328590,"This turned out to be an easy game to recommend. The moment-to-moment gameplay felt sharp, and it felt easy to settle into what the game was trying to do. I can see myself recommending it without much hesitation.",True
300337,209370,"I had a better time with this than I expected at first. It felt like a small project with real personality, and it felt easy to settle into what the game was trying to do. I would recommend it to the right player.",True
300337,1009990,"This turned out to be an easy game to recommend. It did a lot with its own identity, and it felt easy to settle into what the game was trying to do. I would easily suggest it to someone who likes this genre.",True
300338,62000,"This turned out to be an easy game to recommend. The moment-to-moment gameplay felt sharp, and it felt easy to settle into what the game was trying to do. I would point other people toward it.",True
300338,269170,"I can see why this game has held onto a good reputation. It worked well in short sessions, and it felt easy to settle into what the game was trying to do. I would easily suggest it to someone who likes this genre.",True
300339,278460,"This turned out to be an easy game to recommend. It never felt too demanding to come back to, and it felt easy to settle into what the game was trying to do. It does enough well that I would recommend it.",True
300339,407900,"I can see why this game has held onto a good reputation. The moment-to-moment gameplay felt sharp, and it felt easy to settle into what the game was trying to do. It does enough well that I would recommend it.",True
300340,637090,"This was a strong fit for what I wanted from the genre. The moment-to-moment gameplay felt sharp, and it felt easy to settle into what the game was trying to do. I would recommend it to the right player.",True
300340,253110,"I can see why this game has held onto a good reputation. It kept me curious about what came next, and it felt easy to settle into what the game was trying to do. I would point other people toward it.",True
300341,355130,"I can see why this game has held onto a good reputation. It was easy to jump in and start having fun, and it felt easy to settle into what the game was trying to do. I can see myself recommending it without much hesitation.",True
300341,269710,"I had a better time with this than I expected at first. It stayed engaging in shorter sessions, and it felt easy to settle into what the game was trying to do. I would recommend it to the right player.",True
300342,882140,"I ended up liking this more than I expected. It kept me curious about what came next, and it felt easy to settle into what the game was trying to do. I would point other people toward it.",True
300342,400660,"This turned out to be an easy game to recommend. The moment-to-moment gameplay felt sharp, and it felt easy to settle into what the game was trying to do. It does enough well that I would recommend it.",True
300343,222480,"This turned out to be an easy game to recommend. The pacing stayed lively, and it felt easy to settle into what the game was trying to do. I would easily suggest it to someone who likes this genre.",True
300343,381940,"This was a strong fit for what I wanted from the genre. The moment-to-moment gameplay felt sharp, and it felt easy to settle into what the game was trying to do. I would point other people toward it.",True
300344,573090,"I ended up liking this more than I expected. It was satisfying to settle into its systems, and it felt easy to settle into what the game was trying to do. I would point other people toward it.",True
300344,814540,"I had a better time with this than I expected at first. The sense of progression worked well, and it felt easy to settle into what the game was trying to do. It does enough well that I would recommend it.",True
300345,513450,"This turned out to be an easy game to recommend. It worked well in short sessions, and it felt easy to settle into what the game was trying to do. I would point other people toward it.",True
300345,274500,"I ended up liking this more than I expected. The moment-to-moment gameplay felt sharp, and it felt easy to settle into what the game was trying to do. It does enough well that I would recommend it.",True
300346,747340,"This turned out to be an easy game to recommend. It stayed engaging in shorter sessions, and it felt easy to settle into what the game was trying to do. It does enough well that I would recommend it.",True
300346,321270,"This was a strong fit for what I wanted from the genre. The moment-to-moment gameplay felt sharp, and it felt easy to settle into what the game was trying to do. It does enough well that I would recommend it.",True
300347,393520,"This has some clear strengths, even if it did not fully click for me. It stayed engaging in shorter sessions, and it felt easy to settle into what the game was trying to do. There is enough here to like, even if I would be selective about recommending it.",False
300347,246580,"This was a strong fit for what I wanted from the genre. It stayed engaging in shorter sessions, and it felt easy to settle into what the game was trying to do. I can see myself recommending it without much hesitation.",True
300348,393980,"I can see why this game has held onto a good reputation. It was easy to pick up and enjoy, and it felt easy to settle into what the game was trying to do. I would point other people toward it.",True
300348,33230,"This was a strong fit for what I wanted from the genre. The moment-to-moment gameplay felt sharp, and it felt easy to settle into what the game was trying to do. I would recommend it to the right player.",True
300349,367120,"I had a better time with this than I expected at first. It was easy to pick up and enjoy, and it felt easy to settle into what the game was trying to do. I can see myself recommending it without much hesitation.",True
300349,364420,"I had a better time with this than I expected at first. It stayed engaging in shorter sessions, and it felt easy to settle into what the game was trying to do. I would point other people toward it.",True
300350,498240,"I can see why this game has held onto a good reputation. It kept me curious about what came next, and it felt easy to settle into what the game was trying to do. I can see myself recommending it without much hesitation.",True
300350,383120,"I can see why this game has held onto a good reputation. It had a clear identity, and it felt easy to settle into what the game was trying to do. It does enough well that I would recommend it.",True
300351,687260,"This was a strong fit for what I wanted from the genre. The sense of progression worked well, and it felt easy to settle into what the game was trying to do. I would point other people toward it.",True
300351,275180,"This was a strong fit for what I wanted from the genre. The sense of progression worked well, and it felt easy to settle into what the game was trying to do. I would easily suggest it to someone who likes this genre.",True
300352,316010,"I can see why this game has held onto a good reputation. It had a clear identity, and it felt easy to settle into what the game was trying to do. I can see myself recommending it without much hesitation.",True
300352,553790,"This turned out to be an easy game to recommend. The sense of progression worked well, and it felt easy to settle into what the game was trying to do. I would easily suggest it to someone who likes this genre.",True
300353,9800,"I can understand why people like this, but I felt mixed on parts of it. The moment-to-moment gameplay felt sharp, and it felt easy to settle into what the game was trying to do. I would only recommend it if the genre already appeals to you.",False
300353,628060,"This turned out to be an easy game to recommend. The systems gave me enough to think about, and it felt easy to settle into what the game was trying to do. It does enough well that I would recommend it.",True
300354,355790,"I ended up liking this more than I expected. The pacing stayed lively, and it felt easy to settle into what the game was trying to do. It does enough well that I would recommend it.",True
300354,773670,"This turned out to be an easy game to recommend. It worked well in short sessions, and it felt easy to settle into what the game was trying to do. I can see myself recommending it without much hesitation.",True
300355,21800,"I liked parts of this, though I do not think it works equally well for everyone. The decisions felt meaningful more often than not, and it felt easy to settle into what the game was trying to do. I can understand the audience for it, even if I am not fully sold.",False
300355,459820,"This was decent overall, but I still had a few reservations. It never felt too demanding to come back to, and it felt easy to settle into what the game was trying to do. I would only recommend it if the genre already appeals to you.",False
300356,518730,"This turned out to be an easy game to recommend. The moment-to-moment gameplay felt sharp, and it felt easy to settle into what the game was trying to do. I would recommend it to the right player.",True
300356,645730,"I can see why this game has held onto a good reputation. Building out a character felt rewarding, and it felt easy to settle into what the game was trying to do. I would point other people toward it.",True
300357,301520,"I liked parts of this, though I do not think it works equally well for everyone. The moment-to-moment gameplay felt sharp, and it felt easy to settle into what the game was trying to do. I would only recommend it if the genre already appeals to you.",False
300357,424280,"This was a strong fit for what I wanted from the genre. It stayed engaging in shorter sessions, and it felt easy to settle into what the game was trying to do. It does enough well that I would recommend it.",True
300358,635260,"I ended up liking this more than I expected. It felt built around a clear community appeal, and it felt easy to settle into what the game was trying to do. I would recommend it to the right player.",True
300358,299950,"There is a solid game here, though it did not completely win me over. The pacing stayed lively, and it felt easy to settle into what the game was trying to do. I can understand the audience for it, even if I am not fully sold.",False
300359,532840,"This turned out to be an easy game to recommend. It kept me curious about what came next, and it felt easy to settle into what the game was trying to do. It does enough well that I would recommend it.",True
300359,220740,"I liked parts of this, though I do not think it works equally well for everyone. The sense of progression worked well, and it felt easy to settle into what the game was trying to do. I would only recommend it if the genre already appeals to you.",False
300360,541570,"I can see why this game has held onto a good reputation. It kept me curious about what came next, and it felt easy to settle into what the game was trying to do. I would point other people toward it.",True
300360,382140,"I can see why this game has held onto a good reputation. It kept me curious about what came next, and it felt easy to settle into what the game was trying to do. I would recommend it to the right player.",True
300361,573120,"I can see why this game has held onto a good reputation. The sense of progression worked well, and it felt easy to settle into what the game was trying to do. I would recommend it to the right player.",True
300361,557630,"I had a better time with this than I expected at first. The world was easy to get invested in, and it felt easy to settle into what the game was trying to do. It does enough well that I would recommend it.",True
300362,523000,"This turned out to be an easy game to recommend. It was satisfying to settle into its systems, and it felt easy to settle into what the game was trying to do. It does enough well that I would recommend it.",True
300362,496620,"This turned out to be an easy game to recommend. It stayed engaging in shorter sessions, and it felt easy to settle into what the game was trying to do. I would point other people toward it.",True
300363,520010,"I can see why this game has held onto a good reputation. It was easy to jump in and start having fun, and it felt easy to settle into what the game was trying to do. I would point other people toward it.",True
300363,2710,"I can see why this game has held onto a good reputation. The moment-to-moment gameplay felt sharp, and it felt easy to settle into what the game was trying to do. I can see myself recommending it without much hesitation.",True
300364,428690,"This has some clear strengths, even if it did not fully click for me. The sense of progression worked well, and it felt easy to settle into what the game was trying to do. It is not for everyone, but I can still see the appeal.",False
300364,10500,"This was a strong fit for what I wanted from the genre. The systems gave me enough to think about, and it felt easy to settle into what the game was trying to do. I would easily suggest it to someone who likes this genre.",True
300365,301760,"This was a strong fit for what I wanted from the genre. The pacing stayed lively, and it felt easy to settle into what the game was trying to do. I would recommend it to the right player.",True
300365,47790,"I ended up liking this more than I expected. It stayed engaging in shorter sessions, and it felt easy to settle into what the game was trying to do. I can see myself recommending it without much hesitation.",True
300366,673610,"This was a strong fit for what I wanted from the genre. It felt like a small project with real personality, and it felt easy to settle into what the game was trying to do. I would easily suggest it to someone who likes this genre.",True
300366,678950,"I had a better time with this than I expected at first. It stayed engaging in shorter sessions, and it felt easy to settle into what the game was trying to do. I would easily suggest it to someone who likes this genre.",True
300367,241600,"I ended up liking this more than I expected. The moment-to-moment gameplay felt sharp, and it felt easy to settle into what the game was trying to do. I would recommend it to the right player.",True
300367,33570,"I can see why this game has held onto a good reputation. It gave me enough room to approach things my own way, and it felt easy to settle into what the game was trying to do. I can see myself recommending it without much hesitation.",True
300368,250380,"This was a strong fit for what I wanted from the genre. It kept me curious about what came next, and it felt easy to settle into what the game was trying to do. It does enough well that I would recommend it.",True
300368,910630,"I had a better time with this than I expected at first. It had a distinct style that made it memorable, and it felt easy to settle into what the game was trying to do. I would easily suggest it to someone who likes this genre.",True
300369,601530,"This turned out to be an easy game to recommend. The sense of progression worked well, and it felt easy to settle into what the game was trying to do. I would recommend it to the right player.",True
300369,403940,"This turned out to be an easy game to recommend. The moment-to-moment gameplay felt sharp, and it felt easy to settle into what the game was trying to do. It does enough well that I would recommend it.",True
300370,258760,"This was decent overall, but I still had a few reservations. It felt like a small project with real personality, and it felt easy to settle into what the game was trying to do. It is not for everyone, but I can still see the appeal.",False
300370,7940,"I had a better time with this than I expected at first. The moment-to-moment gameplay felt sharp, and it felt easy to settle into what the game was trying to do. It does enough well that I would recommend it.",True
300371,507490,"I can see why this game has held onto a good reputation. It rewarded patience more than I expected, and it felt easy to settle into what the game was trying to do. I would recommend it to the right player.",True
300371,203290,"This turned out to be an easy game to recommend. The moment-to-moment gameplay felt sharp, and it felt easy to settle into what the game was trying to do. It does enough well that I would recommend it.",True
300372,552520,"I liked parts of this, though I do not think it works equally well for everyone. It stayed engaging in shorter sessions, and it felt easy to settle into what the game was trying to do. I would only recommend it if the genre already appeals to you.",False
300372,632070,"I ended up liking this more than I expected. The world was easy to get invested in, and it felt easy to settle into what the game was trying to do. I would point other people toward it.",True
300373,339610,"I can understand why people like this, but I felt mixed on parts of it. The pacing stayed lively, and it felt easy to settle into what the game was trying to do. I can understand the audience for it, even if I am not fully sold.",False
300373,664180,"I liked parts of this, though I do not think it works equally well for everyone. It was easy to pick up and enjoy, and it felt easy to settle into what the game was trying to do. I would only recommend it if the genre already appeals to you.",False
300374,727850,"I can see why this game has held onto a good reputation. The pacing stayed lively, and it felt easy to settle into what the game was trying to do. I would easily suggest it to someone who likes this genre.",True
300374,402570,"This turned out to be an easy game to recommend. It had a clear identity, and it felt easy to settle into what the game was trying to do. I would point other people toward it.",True
300375,204240,"I ended up liking this more than I expected. It kept me curious about what came next, and it felt easy to settle into what the game was trying to do. It does enough well that I would recommend it.",True
300375,666140,"I can see why this game has held onto a good reputation. The world was easy to get invested in, and it felt easy to settle into what the game was trying to do. I would point other people toward it.",True
300376,670290,"This was a strong fit for what I wanted from the genre. It stayed engaging in shorter sessions, and it felt easy to settle into what the game was trying to do. I would point other people toward it.",True
300376,1046030,"I can see why this game has held onto a good reputation. It was easy to pick up and enjoy, and it felt easy to settle into what the game was trying to do. I would recommend it to the right player.",True
300377,232090,"This was a strong fit for what I wanted from the genre. The moment-to-moment gameplay felt sharp, and it felt easy to settle into what the game was trying to do. It does enough well that I would recommend it.",True
300377,503350,"I had a better time with this than I expected at first. The pacing stayed lively, and it felt easy to settle into what the game was trying to do. It does enough well that I would recommend it.",True
300378,12470,"I had a better time with this than I expected at first. It rewarded planning in a satisfying way, and it felt easy to settle into what the game was trying to do. It does enough well that I would recommend it.",True
300378,265750,"This was a strong fit for what I wanted from the genre. The moment-to-moment gameplay felt sharp, and it felt easy to settle into what the game was trying to do. It does enough well that I would recommend it.",True
300379,48720,"I had a better time with this than I expected at first. The moment-to-moment gameplay felt sharp, and it felt easy to settle into what the game was trying to do. I would recommend it to the right player.",True
300379,471710,"This was a strong fit for what I wanted from the genre. It kept me curious about what came next, and it felt easy to settle into what the game was trying to do. I can see myself recommending it without much hesitation.",True
300380,496810,"This turned out to be an easy game to recommend. The moment-to-moment gameplay felt sharp, and it felt easy to settle into what the game was trying to do. I would point other people toward it.",True
300380,604780,"I had a better time with this than I expected at first. The world was easy to get invested in, and it felt easy to settle into what the game was trying to do. I would easily suggest it to someone who likes this genre.",True
300381,748040,"I had a better time with this than I expected at first. It stayed engaging in shorter sessions, and it felt easy to settle into what the game was trying to do. I would recommend it to the right player.",True
300381,39190,"This was a strong fit for what I wanted from the genre. Building out a character felt rewarding, and it felt easy to settle into what the game was trying to do. I would easily suggest it to someone who likes this genre.",True
300382,697550,"I had a better time with this than I expected at first. It stayed engaging in shorter sessions, and it felt easy to settle into what the game was trying to do. I would easily suggest it to someone who likes this genre.",True
300382,442070,"This was a strong fit for what I wanted from the genre. It worked well in short sessions, and it felt easy to settle into what the game was trying to do. I would easily suggest it to someone who likes this genre.",True
300383,403120,"I can see why this game has held onto a good reputation. The sense of progression worked well, and it felt easy to settle into what the game was trying to do. I would point other people toward it.",True
300383,811870,"This has some clear strengths, even if it did not fully click for me. The moment-to-moment gameplay felt sharp, and it felt easy to settle into what the game was trying to do. It is not for everyone, but I can still see the appeal.",False
300384,665370,"I had a better time with this than I expected at first. It never felt too demanding to come back to, and it felt easy to settle into what the game was trying to do. I would point other people toward it.",True
300384,558100,"I ended up liking this more than I expected. The core idea is already doing a lot right, and it felt easy to settle into what the game was trying to do. It does enough well that I would recommend it.",True
300385,453090,"I can see why this game has held onto a good reputation. It worked well in short sessions, and it felt easy to settle into what the game was trying to do. I would point other people toward it.",True
300385,302790,"This turned out to be an easy game to recommend. The moment-to-moment gameplay felt sharp, and it felt easy to settle into what the game was trying to do. I would easily suggest it to someone who likes this genre.",True
300386,250340,"This turned out to be an easy game to recommend. It stayed engaging in shorter sessions, and it felt easy to settle into what the game was trying to do. I would recommend it to the right player.",True
300386,562500,"This turned out to be an easy game to recommend. It felt like a small project with real personality, and it felt easy to settle into what the game was trying to do. I would easily suggest it to someone who likes this genre.",True
300387,301200,"I had a better time with this than I expected at first. The moment-to-moment gameplay felt sharp, and it felt easy to settle into what the game was trying to do. I would easily suggest it to someone who likes this genre.",True
300387,244710,"This was a strong fit for what I wanted from the genre. The world was easy to get invested in, and it felt easy to settle into what the game was trying to do. I would easily suggest it to someone who likes this genre.",True
300388,473770,"I can see why this game has held onto a good reputation. It stayed engaging in shorter sessions, and it felt easy to settle into what the game was trying to do. I would recommend it to the right player.",True
300388,262390,"This was decent overall, but I still had a few reservations. It stayed engaging in shorter sessions, and it felt easy to settle into what the game was trying to do. I could still recommend it with the right expectations.",False
300389,15080,"This turned out to be an easy game to recommend. The pacing stayed lively, and it felt easy to settle into what the game was trying to do. I would easily suggest it to someone who likes this genre.",True
300389,469790,"I had a better time with this than I expected at first. The pacing stayed lively, and it felt easy to settle into what the game was trying to do. I can see myself recommending it without much hesitation.",True
300390,346940,"This turned out to be an easy game to recommend. It kept me curious about what came next, and it felt easy to settle into what the game was trying to do. I would point other people toward it.",True
300390,488310,"This was a strong fit for what I wanted from the genre. It never felt too demanding to come back to, and it felt easy to settle into what the game was trying to do. I would recommend it to the right player.",True
300391,22180,"This turned out to be an easy game to recommend. The moment-to-moment gameplay felt sharp, and it felt easy to settle into what the game was trying to do. I would easily suggest it to someone who likes this genre.",True
300391,645790,"I ended up liking this more than I expected. The pacing stayed lively, and it felt easy to settle into what the game was trying to do. I would easily suggest it to someone who likes this genre.",True
300392,331690,"This turned out to be an easy game to recommend. The pacing stayed lively, and it felt easy to settle into what the game was trying to do. I would easily suggest it to someone who likes this genre.",True
300392,360870,"This turned out to be an easy game to recommend. It was easy to pick up and enjoy, and it felt easy to settle into what the game was trying to do. I can see myself recommending it without much hesitation.",True
300393,707010,"This was a strong fit for what I wanted from the genre. The moment-to-moment gameplay felt sharp, and it felt easy to settle into what the game was trying to do. I would point other people toward it.",True
300393,441830,"This turned out to be an easy game to recommend. It gave me enough room to approach things my own way, and it felt easy to settle into what the game was trying to do. I would easily suggest it to someone who likes this genre.",True
300394,631570,"I had a better time with this than I expected at first. It kept me curious about what came next, and it felt easy to settle into what the game was trying to do. I would easily suggest it to someone who likes this genre.",True
300394,788770,"This was a strong fit for what I wanted from the genre. The pacing stayed lively, and it felt easy to settle into what the game was trying to do. I would recommend it to the right player.",True
300395,348200,"I can see why this game has held onto a good reputation. The core loop worked better than I expected, and it felt easy to settle into what the game was trying to do. I would point other people toward it.",True
300395,429940,"This turned out to be an easy game to recommend. It kept me curious about what came next, and it felt easy to settle into what the game was trying to do. I would point other people toward it.",True
300396,757210,"This was a strong fit for what I wanted from the genre. It was satisfying to settle into its systems, and it felt easy to settle into what the game was trying to do. I would point other people toward it.",True
300396,212010,"I can see why this game has held onto a good reputation. The moment-to-moment gameplay felt sharp, and it felt easy to settle into what the game was trying to do. I can see myself recommending it without much hesitation.",True
300397,330820,"I can see why this game has held onto a good reputation. The world was easy to get invested in, and it felt easy to settle into what the game was trying to do. I would recommend it to the right player.",True
300397,211260,"I can understand why people like this, but I felt mixed on parts of it. It stayed engaging in shorter sessions, and it felt easy to settle into what the game was trying to do. I can understand the audience for it, even if I am not fully sold.",False
300398,11280,"This turned out to be an easy game to recommend. The pacing stayed lively, and it felt easy to settle into what the game was trying to do. I would recommend it to the right player.",True
300398,466810,"I had a better time with this than I expected at first. The world was easy to get invested in, and it felt easy to settle into what the game was trying to do. It does enough well that I would recommend it.",True
300399,689910,"This turned out to be an easy game to recommend. It was easy to pick up and enjoy, and it felt easy to settle into what the game was trying to do. I can see myself recommending it without much hesitation.",True
300399,345430,"I ended up liking this more than I expected. It kept me curious about what came next, and it felt easy to settle into what the game was trying to do. It does enough well that I would recommend it.",True
300400,543240,"I ended up liking this more than I expected. It kept me curious about what came next, and it felt easy to settle into what the game was trying to do. I would point other people toward it.",True
300400,878380,"I can see why this game has held onto a good reputation. The moment-to-moment gameplay felt sharp, and it felt easy to settle into what the game was trying to do. I would easily suggest it to someone who likes this genre.",True
300401,650760,"I ended up liking this more than I expected. The sense of progression worked well, and it felt easy to settle into what the game was trying to do. It does enough well that I would recommend it.",True
300401,209830,"This turned out to be an easy game to recommend. The moment-to-moment gameplay felt sharp, and it felt easy to settle into what the game was trying to do. I can see myself recommending it without much hesitation.",True
300402,9200,"I can understand why people like this, but I felt mixed on parts of it. It stayed engaging in shorter sessions, and it felt easy to settle into what the game was trying to do. I could still recommend it with the right expectations.",False
300402,658260,"I ended up liking this more than I expected. It gave me enough room to approach things my own way, and it felt easy to settle into what the game was trying to do. It does enough well that I would recommend it.",True
300403,893180,"This was decent overall, but I still had a few reservations. It kept me curious about what came next, and it felt easy to settle into what the game was trying to do. I would only recommend it if the genre already appeals to you.",False
300403,213670,"I ended up liking this more than I expected. It stayed engaging in shorter sessions, and it felt easy to settle into what the game was trying to do. I can see myself recommending it without much hesitation.",True
300404,523210,"This turned out to be an easy game to recommend. It never felt too demanding to come back to, and it felt easy to settle into what the game was trying to do. I can see myself recommending it without much hesitation.",True
300404,243470,"I had a better time with this than I expected at first. It stayed engaging in shorter sessions, and it felt easy to settle into what the game was trying to do. I would point other people toward it.",True
300405,252870,"This was a strong fit for what I wanted from the genre. The pacing stayed lively, and it felt easy to settle into what the game was trying to do. I would point other people toward it.",True
300405,351470,"I can see why this game has held onto a good reputation. The pacing stayed lively, and it felt easy to settle into what the game was trying to do. It does enough well that I would recommend it.",True
300406,290770,"This turned out to be an easy game to recommend. It stayed engaging in shorter sessions, and it felt easy to settle into what the game was trying to do. I would point other people toward it.",True
300406,218090,"This was a strong fit for what I wanted from the genre. It did a lot with its own identity, and it felt easy to settle into what the game was trying to do. I would recommend it to the right player.",True
300407,448320,"This turned out to be an easy game to recommend. The pacing stayed lively, and it felt easy to settle into what the game was trying to do. I can see myself recommending it without much hesitation.",True
300407,449140,"I had a better time with this than I expected at first. It had a clear identity, and it felt easy to settle into what the game was trying to do. I would easily suggest it to someone who likes this genre.",True
300408,421120,"I ended up liking this more than I expected. The sense of progression worked well, and it felt easy to settle into what the game was trying to do. I would easily suggest it to someone who likes this genre.",True
300408,269030,"I can see why this game has held onto a good reputation. It did a lot with its own identity, and it felt easy to settle into what the game was trying to do. I would point other people toward it.",True
300409,292930,"I had a better time with this than I expected at first. It kept me curious about what came next, and it felt easy to settle into what the game was trying to do. I would recommend it to the right player.",True
300409,11340,"This was a strong fit for what I wanted from the genre. It stayed engaging in shorter sessions, and it felt easy to settle into what the game was trying to do. I can see myself recommending it without much hesitation.",True
300410,666020,"I ended up liking this more than I expected. It kept me curious about what came next, and it felt easy to settle into what the game was trying to do. I can see myself recommending it without much hesitation.",True
300410,35140,"This was a strong fit for what I wanted from the genre. The moment-to-moment gameplay felt sharp, and it felt easy to settle into what the game was trying to do. I would recommend it to the right player.",True
300411,224300,"I ended up liking this more than I expected. The moment-to-moment gameplay felt sharp, and it felt easy to settle into what the game was trying to do. It does enough well that I would recommend it.",True
300411,538070,"I ended up liking this more than I expected. The sense of progression worked well, and it felt easy to settle into what the game was trying to do. I would easily suggest it to someone who likes this genre.",True
300412,720280,"This turned out to be an easy game to recommend. The world was easy to get invested in, and it felt easy to settle into what the game was trying to do. I would point other people toward it.",True
300412,885640,"This was a strong fit for what I wanted from the genre. It had a clear identity, and it felt easy to settle into what the game was trying to do. I would easily suggest it to someone who likes this genre.",True
300413,324810,"I ended up liking this more than I expected. The moment-to-moment gameplay felt sharp, and it felt easy to settle into what the game was trying to do. It does enough well that I would recommend it.",True
300413,307050,"I can understand why people like this, but I felt mixed on parts of it. The sense of progression worked well, and it felt easy to settle into what the game was trying to do. I could still recommend it with the right expectations.",False
300414,581130,"I ended up liking this more than I expected. The world was easy to get invested in, and it felt easy to settle into what the game was trying to do. I would recommend it to the right player.",True
300414,286810,"I had a better time with this than I expected at first. The moment-to-moment gameplay felt sharp, and it felt easy to settle into what the game was trying to do. I would easily suggest it to someone who likes this genre.",True
300415,319480,"I had a better time with this than I expected at first. It stayed engaging in shorter sessions, and it felt easy to settle into what the game was trying to do. I would point other people toward it.",True
300415,320300,"I can see why this game has held onto a good reputation. The core mechanics were strong enough to carry it, and it felt easy to settle into what the game was trying to do. I can see myself recommending it without much hesitation.",True
300416,310360,"I can see why this game has held onto a good reputation. It kept me curious about what came next, and it felt easy to settle into what the game was trying to do. I would recommend it to the right player.",True
300416,614570,"I had a better time with this than I expected at first. The moment-to-moment gameplay felt sharp, and it felt easy to settle into what the game was trying to do. I can see myself recommending it without much hesitation.",True
300417,577940,"This was a strong fit for what I wanted from the genre. The moment-to-moment gameplay felt sharp, and it felt easy to settle into what the game was trying to do. It does enough well that I would recommend it.",True
300417,40100,"I ended up liking this more than I expected. It rewarded planning in a satisfying way, and it felt easy to settle into what the game was trying to do. I would recommend it to the right player.",True
300418,621220,"I ended up liking this more than I expected. It kept me curious about what came next, and it felt easy to settle into what the game was trying to do. I can see myself recommending it without much hesitation.",True
300418,294860,"I can see why this game has held onto a good reputation. The moment-to-moment gameplay felt sharp, and it felt easy to settle into what the game was trying to do. I would point other people toward it.",True
300419,612930,"I ended up liking this more than I expected. It stayed engaging in shorter sessions, and it felt easy to settle into what the game was trying to do. I would point other people toward it.",True
300419,304950,"I liked parts of this, though I do not think it works equally well for everyone. The world was easy to get invested in, and it felt easy to settle into what the game was trying to do. I could still recommend it with the right expectations.",False
300420,958480,"I ended up liking this more than I expected. It stayed engaging in shorter sessions, and it felt easy to settle into what the game was trying to do. I would easily suggest it to someone who likes this genre.",True
300420,70420,"This was a strong fit for what I wanted from the genre. The moment-to-moment gameplay felt sharp, and it felt easy to settle into what the game was trying to do. I would recommend it to the right player.",True
300421,211600,"I ended up liking this more than I expected. The moment-to-moment gameplay felt sharp, and it felt easy to settle into what the game was trying to do. I would easily suggest it to someone who likes this genre.",True
300421,251110,"I ended up liking this more than I expected. The world was easy to get invested in, and it felt easy to settle into what the game was trying to do. It does enough well that I would recommend it.",True
300422,358130,"This was a strong fit for what I wanted from the genre. It did a lot with its own identity, and it felt easy to settle into what the game was trying to do. It does enough well that I would recommend it.",True
300422,624270,"This was a strong fit for what I wanted from the genre. It kept me curious about what came next, and it felt easy to settle into what the game was trying to do. I would recommend it to the right player.",True
300423,203350,"I can see why this game has held onto a good reputation. The progression systems kept me interested, and it felt easy to settle into what the game was trying to do. I would point other people toward it.",True
300423,319630,"I had a better time with this than I expected at first. It stayed engaging in shorter sessions, and it felt easy to settle into what the game was trying to do. I would recommend it to the right player.",True
300424,63500,"I can see why this game has held onto a good reputation. The pacing stayed lively, and it felt easy to settle into what the game was trying to do. I would easily suggest it to someone who likes this genre.",True
300424,262550,"There is a solid game here, though it did not completely win me over. It stayed engaging in shorter sessions, and it felt easy to settle into what the game was trying to do. I can understand the audience for it, even if I am not fully sold.",False
300425,1032520,"This turned out to be an easy game to recommend. It worked well in short sessions, and it felt easy to settle into what the game was trying to do. I would easily suggest it to someone who likes this genre.",True
300425,220860,"I had a better time with this than I expected at first. It stayed engaging in shorter sessions, and it felt easy to settle into what the game was trying to do. I would recommend it to the right player.",True
300426,32330,"I had a better time with this than I expected at first. The moment-to-moment gameplay felt sharp, and it felt easy to settle into what the game was trying to do. I can see myself recommending it without much hesitation.",True
300426,359220,"This was a strong fit for what I wanted from the genre. The core mechanics were strong enough to carry it, and it felt easy to settle into what the game was trying to do. It does enough well that I would recommend it.",True
300427,440900,"This was a strong fit for what I wanted from the genre. It stayed engaging in shorter sessions, and it felt easy to settle into what the game was trying to do. It does enough well that I would recommend it.",True
300427,229870,"I liked parts of this, though I do not think it works equally well for everyone. The moment-to-moment gameplay felt sharp, and it felt easy to settle into what the game was trying to do. There is enough here to like, even if I would be selective about recommending it.",False
300428,608800,"I ended up liking this more than I expected. It stayed engaging in shorter sessions, and it felt easy to settle into what the game was trying to do. I would recommend it to the right player.",True
300428,236390,"I can see why this game has held onto a good reputation. The pacing stayed lively, and it felt easy to settle into what the game was trying to do. I would recommend it to the right player.",True
300429,757240,"I can see why this game has held onto a good reputation. The pacing stayed lively, and it felt easy to settle into what the game was trying to do. I can see myself recommending it without much hesitation.",True
300429,9880,"I ended up liking this more than I expected. It had a clear identity, and it felt easy to settle into what the game was trying to do. I can see myself recommending it without much hesitation.",True
300430,24870,"This turned out to be an easy game to recommend. The core mechanics were strong enough to carry it, and it felt easy to settle into what the game was trying to do. I would recommend it to the right player.",True
300430,233350,"I can see why this game has held onto a good reputation. The moment-to-moment gameplay felt sharp, and it felt easy to settle into what the game was trying to do. I would recommend it to the right player.",True
300431,1028570,"I can see why this game has held onto a good reputation. It felt like a small project with real personality, and it felt easy to settle into what the game was trying to do. I would easily suggest it to someone who likes this genre.",True
300431,464450,"This turned out to be an easy game to recommend. The moment-to-moment gameplay felt sharp, and it felt easy to settle into what the game was trying to do. I would recommend it to the right player.",True
300432,20,"This was a strong fit for what I wanted from the genre. It stayed engaging in shorter sessions, and it felt easy to settle into what the game was trying to do. I would point other people toward it.",True
300432,397350,"This was a strong fit for what I wanted from the genre. The progression systems kept me interested, and it felt easy to settle into what the game was trying to do. It does enough well that I would recommend it.",True
300433,736190,"This was a strong fit for what I wanted from the genre. It was easy to pick up and enjoy, and it felt easy to settle into what the game was trying to do. I can see myself recommending it without much hesitation.",True
300433,715510,"I had a better time with this than I expected at first. The world was easy to get invested in, and it felt easy to settle into what the game was trying to do. I would point other people toward it.",True
300434,289200,"I can see why this game has held onto a good reputation. Building out a character felt rewarding, and it felt easy to settle into what the game was trying to do. It does enough well that I would recommend it.",True
300434,209540,"This turned out to be an easy game to recommend. It stayed engaging in shorter sessions, and it felt easy to settle into what the game was trying to do. It does enough well that I would recommend it.",True
300435,926140,"I ended up liking this more than I expected. It kept me curious about what came next, and it felt easy to settle into what the game was trying to do. It does enough well that I would recommend it.",True
300435,443580,"This was a strong fit for what I wanted from the genre. It worked well in short sessions, and it felt easy to settle into what the game was trying to do. I would recommend it to the right player.",True
300436,65780,"This was a strong fit for what I wanted from the genre. It stayed engaging in shorter sessions, and it felt easy to settle into what the game was trying to do. It does enough well that I would recommend it.",True
300436,265630,"This turned out to be an easy game to recommend. The moment-to-moment gameplay felt sharp, and it felt easy to settle into what the game was trying to do. I would easily suggest it to someone who likes this genre.",True
300437,286360,"I can understand why people like this, but I felt mixed on parts of it. The world was easy to get invested in, and it felt easy to settle into what the game was trying to do. There is enough here to like, even if I would be selective about recommending it.",False
300437,250180,"This was decent overall, but I still had a few reservations. The moment-to-moment gameplay felt sharp, and it felt easy to settle into what the game was trying to do. There is enough here to like, even if I would be selective about recommending it.",False
300438,560130,"I can see why this game has held onto a good reputation. Building out a character felt rewarding, and it felt easy to settle into what the game was trying to do. I would easily suggest it to someone who likes this genre.",True
300438,668630,"I had a better time with this than I expected at first. The world was easy to get invested in, and it felt easy to settle into what the game was trying to do. I would easily suggest it to someone who likes this genre.",True
300439,508840,"This turned out to be an easy game to recommend. The moment-to-moment gameplay felt sharp, and it felt easy to settle into what the game was trying to do. I would recommend it to the right player.",True
300439,357310,"This turned out to be an easy game to recommend. It felt like a small project with real personality, and it felt easy to settle into what the game was trying to do. I would easily suggest it to someone who likes this genre.",True
300440,480650,"This turned out to be an easy game to recommend. The management side had a good rhythm, and it felt easy to settle into what the game was trying to do. I can see myself recommending it without much hesitation.",True
300440,665090,"This was a strong fit for what I wanted from the genre. The pacing stayed lively, and it felt easy to settle into what the game was trying to do. I would easily suggest it to someone who likes this genre.",True
300441,33620,"I ended up liking this more than I expected. It stayed engaging in shorter sessions, and it felt easy to settle into what the game was trying to do. I would recommend it to the right player.",True
300441,1510,"This turned out to be an easy game to recommend. It did a lot with its own identity, and it felt easy to settle into what the game was trying to do. I would recommend it to the right player.",True
300442,641960,"I liked parts of this, though I do not think it works equally well for everyone. The moment-to-moment gameplay felt sharp, and it felt easy to settle into what the game was trying to do. I can understand the audience for it, even if I am not fully sold.",False
300442,580170,"This has some clear strengths, even if it did not fully click for me. The sense of progression worked well, and it felt easy to settle into what the game was trying to do. I can understand the audience for it, even if I am not fully sold.",False
300443,550080,"This turned out to be an easy game to recommend. The pacing stayed lively, and it felt easy to settle into what the game was trying to do. I would point other people toward it.",True
300443,418370,"I ended up liking this more than I expected. It stayed engaging in shorter sessions, and it felt easy to settle into what the game was trying to do. I can see myself recommending it without much hesitation.",True
300444,869760,"I had a better time with this than I expected at first. The world was easy to get invested in, and it felt easy to settle into what the game was trying to do. It does enough well that I would recommend it.",True
300444,582500,"I ended up liking this more than I expected. The pacing stayed lively, and it felt easy to settle into what the game was trying to do. I would easily suggest it to someone who likes this genre.",True
300445,450500,"I ended up liking this more than I expected. The pacing stayed lively, and it felt easy to settle into what the game was trying to do. I would recommend it to the right player.",True
300445,392470,"This was a strong fit for what I wanted from the genre. The systems gave me enough to think about, and it felt easy to settle into what the game was trying to do. I can see myself recommending it without much hesitation.",True
300446,824720,"I can see why this game has held onto a good reputation. It never felt too demanding to come back to, and it felt easy to settle into what the game was trying to do. I can see myself recommending it without much hesitation.",True
300446,248390,"I can see why this game has held onto a good reputation. It did a lot with its own identity, and it felt easy to settle into what the game was trying to do. I can see myself recommending it without much hesitation.",True
300447,242760,"This was a strong fit for what I wanted from the genre. The moment-to-moment gameplay felt sharp, and it felt easy to settle into what the game was trying to do. I would easily suggest it to someone who likes this genre.",True
300447,767930,"This has some clear strengths, even if it did not fully click for me. It stayed engaging in shorter sessions, and it felt easy to settle into what the game was trying to do. I could still recommend it with the right expectations.",False
300448,400450,"I had a better time with this than I expected at first. It stayed engaging in shorter sessions, and it felt easy to settle into what the game was trying to do. I can see myself recommending it without much hesitation.",True
300448,260730,"I can see why this game has held onto a good reputation. The moment-to-moment gameplay felt sharp, and it felt easy to settle into what the game was trying to do. It does enough well that I would recommend it.",True
300449,477730,"I can see why this game has held onto a good reputation. It felt like a small project with real personality, and it felt easy to settle into what the game was trying to do. I can see myself recommending it without much hesitation.",True
300449,744190,"I had a better time with this than I expected at first. It kept me curious about what came next, and it felt easy to settle into what the game was trying to do. It does enough well that I would recommend it.",True
300450,613100,"This turned out to be an easy game to recommend. It did a lot with its own identity, and it felt easy to settle into what the game was trying to do. I can see myself recommending it without much hesitation.",True
300450,406870,"This was decent overall, but I still had a few reservations. The sense of progression worked well, and it felt easy to settle into what the game was trying to do. I could still recommend it with the right expectations.",False
300451,618720,"This turned out to be an easy game to recommend. The world was easy to get invested in, and it felt easy to settle into what the game was trying to do. I can see myself recommending it without much hesitation.",True
300451,451340,"I had a better time with this than I expected at first. It did a lot with its own identity, and it felt easy to settle into what the game was trying to do. I would point other people toward it.",True
300452,265690,"I ended up liking this more than I expected. It kept me curious about what came next, and it felt easy to settle into what the game was trying to do. I would easily suggest it to someone who likes this genre.",True
300452,906390,"This was a strong fit for what I wanted from the genre. The pacing stayed lively, and it felt easy to settle into what the game was trying to do. I would easily suggest it to someone who likes this genre.",True
300453,220260,"This turned out to be an easy game to recommend. It worked well in short sessions, and it felt easy to settle into what the game was trying to do. I can see myself recommending it without much hesitation.",True
300453,643870,"This was a strong fit for what I wanted from the genre. The sense of progression worked well, and it felt easy to settle into what the game was trying to do. I would easily suggest it to someone who likes this genre.",True
300454,45450,"I ended up liking this more than I expected. It worked well in short sessions, and it felt easy to settle into what the game was trying to do. I can see myself recommending it without much hesitation.",True
300454,793350,"I can see why this game has held onto a good reputation. The pacing stayed lively, and it felt easy to settle into what the game was trying to do. I would recommend it to the right player.",True
300455,824190,"This was decent overall, but I still had a few reservations. The sense of progression worked well, and it felt easy to settle into what the game was trying to do. I could still recommend it with the right expectations.",False
300455,456750,"This turned out to be an easy game to recommend. The sense of progression worked well, and it felt easy to settle into what the game was trying to do. It does enough well that I would recommend it.",True
300456,555880,"I can understand why people like this, but I felt mixed on parts of it. It stayed engaging in shorter sessions, and it felt easy to settle into what the game was trying to do. I would only recommend it if the genre already appeals to you.",False
300456,514310,"This was a strong fit for what I wanted from the genre. It worked well in short sessions, and it felt easy to settle into what the game was trying to do. I can see myself recommending it without much hesitation.",True
300457,408410,"I ended up liking this more than I expected. The moment-to-moment gameplay felt sharp, and it felt easy to settle into what the game was trying to do. I would recommend it to the right player.",True
300457,485460,"I ended up liking this more than I expected. It had a distinct style that made it memorable, and it felt easy to settle into what the game was trying to do. It does enough well that I would recommend it.",True
300458,347830,"This was a strong fit for what I wanted from the genre. It gave me enough room to approach things my own way, and it felt easy to settle into what the game was trying to do. It does enough well that I would recommend it.",True
300458,3590,"I ended up liking this more than I expected. The systems gave me enough to think about, and it felt easy to settle into what the game was trying to do. I would easily suggest it to someone who likes this genre.",True
300459,386260,"I had a better time with this than I expected at first. The moment-to-moment gameplay felt sharp, and it felt easy to settle into what the game was trying to do. I would easily suggest it to someone who likes this genre.",True
300459,674750,"This turned out to be an easy game to recommend. The moment-to-moment gameplay felt sharp, and it felt easy to settle into what the game was trying to do. I would recommend it to the right player.",True
300460,419480,"I liked parts of this, though I do not think it works equally well for everyone. The pacing stayed lively, and it felt easy to settle into what the game was trying to do. I would only recommend it if the genre already appeals to you.",False
300460,350970,"There is a solid game here, though it did not completely win me over. It stayed engaging in shorter sessions, and it felt easy to settle into what the game was trying to do. I could still recommend it with the right expectations.",False
300461,970570,"This turned out to be an easy game to recommend. The world was easy to get invested in, and it felt easy to settle into what the game was trying to do. I would point other people toward it.",True
300461,460060,"I can see why this game has held onto a good reputation. The world was easy to get invested in, and it felt easy to settle into what the game was trying to do. I can see myself recommending it without much hesitation.",True
300462,304930,"I had a better time with this than I expected at first. The pacing stayed lively, and it felt easy to settle into what the game was trying to do. I would point other people toward it.",True
300462,219830,"This turned out to be an easy game to recommend. The pacing stayed lively, and it felt easy to settle into what the game was trying to do. I would easily suggest it to someone who likes this genre.",True
300463,607050,"I can see why this game has held onto a good reputation. It did a lot with its own identity, and it felt easy to settle into what the game was trying to do. I would easily suggest it to someone who likes this genre.",True
300463,220,"I can see why this game has held onto a good reputation. The moment-to-moment gameplay felt sharp, and it felt easy to settle into what the game was trying to do. I can see myself recommending it without much hesitation.",True
300464,45100,"I ended up liking this more than I expected. It never felt too demanding to come back to, and it felt easy to settle into what the game was trying to do. I would point other people toward it.",True
300464,369070,"I can see why this game has held onto a good reputation. It stayed engaging in shorter sessions, and it felt easy to settle into what the game was trying to do. It does enough well that I would recommend it.",True
300465,9480,"This turned out to be an easy game to recommend. It stayed engaging in shorter sessions, and it felt easy to settle into what the game was trying to do. I can see myself recommending it without much hesitation.",True
300465,443810,"There is a solid game here, though it did not completely win me over. The world was easy to get invested in, and it felt easy to settle into what the game was trying to do. It is not for everyone, but I can still see the appeal.",False
300466,639790,"I had a better time with this than I expected at first. The moment-to-moment gameplay felt sharp, and it felt easy to settle into what the game was trying to do. I can see myself recommending it without much hesitation.",True
300466,3910,"I had a better time with this than I expected at first. The systems gave me enough to think about, and it felt easy to settle into what the game was trying to do. I would easily suggest it to someone who likes this genre.",True
300467,203650,"This was decent overall, but I still had a few reservations. The sense of progression worked well, and it felt easy to settle into what the game was trying to do. There is enough here to like, even if I would be selective about recommending it.",False
300467,470260,"I ended up liking this more than I expected. The sense of progression worked well, and it felt easy to settle into what the game was trying to do. It does enough well that I would recommend it.",True
300468,589290,"I had a better time with this than I expected at first. The moment-to-moment gameplay felt sharp, and it felt easy to settle into what the game was trying to do. It does enough well that I would recommend it.",True
300468,33100,"I ended up liking this more than I expected. The pacing stayed lively, and it felt easy to settle into what the game was trying to do. I would easily suggest it to someone who likes this genre.",True
300469,433530,"This was a strong fit for what I wanted from the genre. It stayed engaging in shorter sessions, and it felt easy to settle into what the game was trying to do. I would point other people toward it.",True
300469,895670,"I liked parts of this, though I do not think it works equally well for everyone. It stayed engaging in shorter sessions, and it felt easy to settle into what the game was trying to do. I would only recommend it if the genre already appeals to you.",False
300470,670160,"I ended up liking this more than I expected. The pacing stayed lively, and it felt easy to settle into what the game was trying to do. I can see myself recommending it without much hesitation.",True
300470,351970,"I ended up liking this more than I expected. The progression systems kept me interested, and it felt easy to settle into what the game was trying to do. I would easily suggest it to someone who likes this genre.",True
300471,251370,"This was a strong fit for what I wanted from the genre. The moment-to-moment gameplay felt sharp, and it felt easy to settle into what the game was trying to do. I would point other people toward it.",True
300471,262490,"This turned out to be an easy game to recommend. The core loop worked better than I expected, and it felt easy to settle into what the game was trying to do. I would point other people toward it.",True
300472,61600,"This was a strong fit for what I wanted from the genre. It never felt too demanding to come back to, and it felt easy to settle into what the game was trying to do. I would point other people toward it.",True
300472,722060,"This was a strong fit for what I wanted from the genre. It felt like a small project with real personality, and it felt easy to settle into what the game was trying to do. I would point other people toward it.",True
300473,379210,"I had a better time with this than I expected at first. The world was easy to get invested in, and it felt easy to settle into what the game was trying to do. I would recommend it to the right player.",True
300473,882020,"This was a strong fit for what I wanted from the genre. The core mechanics were strong enough to carry it, and it felt easy to settle into what the game was trying to do. It does enough well that I would recommend it.",True
300474,222420,"I ended up liking this more than I expected. It stayed engaging in shorter sessions, and it felt easy to settle into what the game was trying to do. I would recommend it to the right player.",True
300474,99910,"This turned out to be an easy game to recommend. The sense of progression worked well, and it felt easy to settle into what the game was trying to do. It does enough well that I would recommend it.",True
300475,667970,"I ended up liking this more than I expected. The moment-to-moment gameplay felt sharp, and it felt easy to settle into what the game was trying to do. It does enough well that I would recommend it.",True
300475,265590,"This has some clear strengths, even if it did not fully click for me. The decisions felt meaningful more often than not, and it felt easy to settle into what the game was trying to do. I can understand the audience for it, even if I am not fully sold.",False
300476,576470,"I ended up liking this more than I expected. The world was easy to get invested in, and it felt easy to settle into what the game was trying to do. I would point other people toward it.",True
300476,475550,"I had a better time with this than I expected at first. It had a clear identity, and it felt easy to settle into what the game was trying to do. I would point other people toward it.",True
300477,816490,"I can see why this game has held onto a good reputation. It worked well in short sessions, and it felt easy to settle into what the game was trying to do. I would easily suggest it to someone who likes this genre.",True
300477,631510,"This was a strong fit for what I wanted from the genre. The moment-to-moment gameplay felt sharp, and it felt easy to settle into what the game was trying to do. I would easily suggest it to someone who likes this genre.",True
300478,325120,"I had a better time with this than I expected at first. It kept me curious about what came next, and it felt easy to settle into what the game was trying to do. I would recommend it to the right player.",True
300478,35480,"I had a better time with this than I expected at first. It never felt too demanding to come back to, and it felt easy to settle into what the game was trying to do. I would recommend it to the right player.",True
300479,349040,"This turned out to be an easy game to recommend. The pacing stayed lively, and it felt easy to settle into what the game was trying to do. I would recommend it to the right player.",True
300479,248170,"I had a better time with this than I expected at first. The core loop worked better than I expected, and it felt easy to settle into what the game was trying to do. I can see myself recommending it without much hesitation.",True
300480,40970,"This was a strong fit for what I wanted from the genre. It was satisfying to settle into its systems, and it felt easy to settle into what the game was trying to do. I would easily suggest it to someone who likes this genre.",True
300480,502770,"I ended up liking this more than I expected. It never felt too demanding to come back to, and it felt easy to settle into what the game was trying to do. It does enough well that I would recommend it.",True
300481,394690,"This turned out to be an easy game to recommend. The pacing stayed lively, and it felt easy to settle into what the game was trying to do. It does enough well that I would recommend it.",True
300481,868980,"I ended up liking this more than I expected. It stayed engaging in shorter sessions, and it felt easy to settle into what the game was trying to do. I would point other people toward it.",True
300482,324740,"I can understand why people like this, but I felt mixed on parts of it. The pacing stayed lively, and it felt easy to settle into what the game was trying to do. I would only recommend it if the genre already appeals to you.",False
300482,606150,"I can see why this game has held onto a good reputation. The moment-to-moment gameplay felt sharp, and it felt easy to settle into what the game was trying to do. It does enough well that I would recommend it.",True
300483,453890,"This turned out to be an easy game to recommend. The world was easy to get invested in, and it felt easy to settle into what the game was trying to do. I would easily suggest it to someone who likes this genre.",True
300483,1930,"I ended up liking this more than I expected. The progression systems kept me interested, and it felt easy to settle into what the game was trying to do. I would point other people toward it.",True
300484,502280,"This was a strong fit for what I wanted from the genre. The pacing stayed lively, and it felt easy to settle into what the game was trying to do. I would point other people toward it.",True
300484,311870,"I had a better time with this than I expected at first. It stayed engaging in shorter sessions, and it felt easy to settle into what the game was trying to do. I would easily suggest it to someone who likes this genre.",True
300485,516480,"I can understand why people like this, but I felt mixed on parts of it. The moment-to-moment gameplay felt sharp, and it felt easy to settle into what the game was trying to do. I could still recommend it with the right expectations.",False
300485,366090,"I can see why this game has held onto a good reputation. It stayed engaging in shorter sessions, and it felt easy to settle into what the game was trying to do. I can see myself recommending it without much hesitation.",True
300486,341000,"This turned out to be an easy game to recommend. It worked well in short sessions, and it felt easy to settle into what the game was trying to do. I can see myself recommending it without much hesitation.",True
300486,407300,"This was a strong fit for what I wanted from the genre. It did a lot with its own identity, and it felt easy to settle into what the game was trying to do. I can see myself recommending it without much hesitation.",True
300487,39680,"I can see why this game has held onto a good reputation. The management side had a good rhythm, and it felt easy to settle into what the game was trying to do. I would recommend it to the right player.",True
300487,400180,"This was a strong fit for what I wanted from the genre. The pacing stayed lively, and it felt easy to settle into what the game was trying to do. I can see myself recommending it without much hesitation.",True
300488,314810,"I had a better time with this than I expected at first. The world was easy to get invested in, and it felt easy to settle into what the game was trying to do. I would recommend it to the right player.",True
300488,546430,"I liked parts of this, though I do not think it works equally well for everyone. It kept me curious about what came next, and it felt easy to settle into what the game was trying to do. I would only recommend it if the genre already appeals to you.",False
300489,298520,"This turned out to be an easy game to recommend. The moment-to-moment gameplay felt sharp, and it felt easy to settle into what the game was trying to do. It does enough well that I would recommend it.",True
300489,372800,"This turned out to be an easy game to recommend. The sense of progression worked well, and it felt easy to settle into what the game was trying to do. I would point other people toward it.",True
300490,469600,"I had a better time with this than I expected at first. It never felt too demanding to come back to, and it felt easy to settle into what the game was trying to do. I would recommend it to the right player.",True
300490,9340,"This turned out to be an easy game to recommend. The moment-to-moment gameplay felt sharp, and it felt easy to settle into what the game was trying to do. I can see myself recommending it without much hesitation.",True
300491,254440,"I had a better time with this than I expected at first. It was easy to pick up and enjoy, and it felt easy to settle into what the game was trying to do. I can see myself recommending it without much hesitation.",True
300491,219990,"I ended up liking this more than I expected. It stayed engaging in shorter sessions, and it felt easy to settle into what the game was trying to do. I can see myself recommending it without much hesitation.",True
300492,313730,"I can see why this game has held onto a good reputation. The core loop worked better than I expected, and it felt easy to settle into what the game was trying to do. It does enough well that I would recommend it.",True
300492,284750,"I had a better time with this than I expected at first. The world was easy to get invested in, and it felt easy to settle into what the game was trying to do. I would easily suggest it to someone who likes this genre.",True
300493,612880,"I ended up liking this more than I expected. It stayed engaging in shorter sessions, and it felt easy to settle into what the game was trying to do. I would easily suggest it to someone who likes this genre.",True
300493,42120,"This turned out to be an easy game to recommend. The pacing stayed lively, and it felt easy to settle into what the game was trying to do. I would point other people toward it.",True
300494,356570,"This turned out to be an easy game to recommend. It stayed engaging in shorter sessions, and it felt easy to settle into what the game was trying to do. I would point other people toward it.",True
300494,2630,"This turned out to be an easy game to recommend. The pacing stayed lively, and it felt easy to settle into what the game was trying to do. I can see myself recommending it without much hesitation.",True
300495,201870,"I can see why this game has held onto a good reputation. The pacing stayed lively, and it felt easy to settle into what the game was trying to do. I would point other people toward it.",True
300495,336150,"I can see why this game has held onto a good reputation. The core loop made sense right away, and it felt easy to settle into what the game was trying to do. I can see myself recommending it without much hesitation.",True
300496,433100,"This turned out to be an easy game to recommend. The sense of progression worked well, and it felt easy to settle into what the game was trying to do. I can see myself recommending it without much hesitation.",True
300496,447020,"I can see why this game has held onto a good reputation. The management side had a good rhythm, and it felt easy to settle into what the game was trying to do. I would point other people toward it.",True
300497,12330,"This was a strong fit for what I wanted from the genre. The moment-to-moment gameplay felt sharp, and it felt easy to settle into what the game was trying to do. I would recommend it to the right player.",True
300497,259060,"I can see why this game has held onto a good reputation. It felt like a small project with real personality, and it felt easy to settle into what the game was trying to do. I would point other people toward it.",True
300498,280010,"This turned out to be an easy game to recommend. It stayed engaging in shorter sessions, and it felt easy to settle into what the game was trying to do. I can see myself recommending it without much hesitation.",True
300498,303430,"I ended up liking this more than I expected. The pacing stayed lively, and it felt easy to settle into what the game was trying to do. It does enough well that I would recommend it.",True
300499,733300,"This turned out to be an easy game to recommend. It kept me curious about what came next, and it felt easy to settle into what the game was trying to do. I would point other people toward it.",True
300499,386070,"This turned out to be an easy game to recommend. The pacing stayed lively, and it felt easy to settle into what the game was trying to do. I would recommend it to the right player.",True
300500,263300,"This turned out to be an easy game to recommend. It stayed engaging in shorter sessions, and it felt easy to settle into what the game was trying to do. I would point other people toward it.",True
300500,498500,"I had a better time with this than I expected at first. The moment-to-moment gameplay felt sharp, and it felt easy to settle into what the game was trying to do. I can see myself recommending it without much hesitation.",True
300501,38700,"I ended up liking this more than I expected. It worked well in short sessions, and it felt easy to settle into what the game was trying to do. I can see myself recommending it without much hesitation.",True
300501,223750,"I ended up liking this more than I expected. It had a clear identity, and it felt easy to settle into what the game was trying to do. I would point other people toward it.",True
300502,91200,"This turned out to be an easy game to recommend. The moment-to-moment gameplay felt sharp, and it felt easy to settle into what the game was trying to do. It does enough well that I would recommend it.",True
300502,404530,"I can see why this game has held onto a good reputation. The moment-to-moment gameplay felt sharp, and it felt easy to settle into what the game was trying to do. I would recommend it to the right player.",True
300503,312540,"I ended up liking this more than I expected. It stayed engaging in shorter sessions, and it felt easy to settle into what the game was trying to do. I would recommend it to the right player.",True
300503,552700,"This was a strong fit for what I wanted from the genre. Building out a character felt rewarding, and it felt easy to settle into what the game was trying to do. I would recommend it to the right player.",True
300504,271240,"I ended up liking this more than I expected. It had a distinct style that made it memorable, and it felt easy to settle into what the game was trying to do. I would recommend it to the right player.",True
300504,107310,"This turned out to be an easy game to recommend. It had a distinct style that made it memorable, and it felt easy to settle into what the game was trying to do. I would recommend it to the right player.",True
300505,343440,"This turned out to be an easy game to recommend. The moment-to-moment gameplay felt sharp, and it felt easy to settle into what the game was trying to do. I can see myself recommending it without much hesitation.",True
300505,352890,"I ended up liking this more than I expected. The sense of progression worked well, and it felt easy to settle into what the game was trying to do. I would recommend it to the right player.",True
300506,733340,"This turned out to be an easy game to recommend. The world was easy to get invested in, and it felt easy to settle into what the game was trying to do. I would recommend it to the right player.",True
300506,944220,"I had a better time with this than I expected at first. The pacing stayed lively, and it felt easy to settle into what the game was trying to do. I would point other people toward it.",True
300507,11140,"I ended up liking this more than I expected. The world was easy to get invested in, and it felt easy to settle into what the game was trying to do. I would easily suggest it to someone who likes this genre.",True
300507,312670,"I had a better time with this than I expected at first. The core loop worked better than I expected, and it felt easy to settle into what the game was trying to do. I can see myself recommending it without much hesitation.",True
300508,324680,"This turned out to be an easy game to recommend. It rewarded planning in a satisfying way, and it felt easy to settle into what the game was trying to do. I would easily suggest it to someone who likes this genre.",True
300508,9940,"I ended up liking this more than I expected. It stayed engaging in shorter sessions, and it felt easy to settle into what the game was trying to do. I would point other people toward it.",True
300509,660880,"I had a better time with this than I expected at first. It was easy to pick up and enjoy, and it felt easy to settle into what the game was trying to do. I can see myself recommending it without much hesitation.",True
300509,1003400,"I ended up liking this more than I expected. It kept me curious about what came next, and it felt easy to settle into what the game was trying to do. I can see myself recommending it without much hesitation.",True
300510,228760,"This turned out to be an easy game to recommend. The driving loop stayed satisfying, and it felt easy to settle into what the game was trying to do. I would easily suggest it to someone who likes this genre.",True
300510,455980,"I had a better time with this than I expected at first. It had a distinct style that made it memorable, and it felt easy to settle into what the game was trying to do. I would point other people toward it.",True
300511,267530,"This was decent overall, but I still had a few reservations. The moment-to-moment gameplay felt sharp, and it felt easy to settle into what the game was trying to do. There is enough here to like, even if I would be selective about recommending it.",False
300511,272510,"I ended up liking this more than I expected. It had a clear identity, and it felt easy to settle into what the game was trying to do. I would easily suggest it to someone who likes this genre.",True
300512,311560,"I ended up liking this more than I expected. The moment-to-moment gameplay felt sharp, and it felt easy to settle into what the game was trying to do. I would recommend it to the right player.",True
300512,80340,"This was a strong fit for what I wanted from the genre. It kept me curious about what came next, and it felt easy to settle into what the game was trying to do. I would recommend it to the right player.",True
300513,80,"I can see why this game has held onto a good reputation. The moment-to-moment gameplay felt sharp, and it felt easy to settle into what the game was trying to do. I would easily suggest it to someone who likes this genre.",True
300513,252130,"I had a better time with this than I expected at first. The sense of progression worked well, and it felt easy to settle into what the game was trying to do. I can see myself recommending it without much hesitation.",True
300514,703320,"I can see why this game has held onto a good reputation. It stayed engaging in shorter sessions, and it felt easy to settle into what the game was trying to do. I would point other people toward it.",True
300514,1011510,"I had a better time with this than I expected at first. The core loop worked better than I expected, and it felt easy to settle into what the game was trying to do. It does enough well that I would recommend it.",True
300515,283230,"I can see why this game has held onto a good reputation. It kept me curious about what came next, and it felt easy to settle into what the game was trying to do. I can see myself recommending it without much hesitation.",True
300515,266110,"This turned out to be an easy game to recommend. The moment-to-moment gameplay felt sharp, and it felt easy to settle into what the game was trying to do. I would recommend it to the right player.",True
300516,461640,"This turned out to be an easy game to recommend. It stayed engaging in shorter sessions, and it felt easy to settle into what the game was trying to do. It does enough well that I would recommend it.",True
300516,91100,"This turned out to be an easy game to recommend. It did a lot with its own identity, and it felt easy to settle into what the game was trying to do. It does enough well that I would recommend it.",True
300517,552970,"I had a better time with this than I expected at first. The moment-to-moment gameplay felt sharp, and it felt easy to settle into what the game was trying to do. I would recommend it to the right player.",True
300517,233190,"This turned out to be an easy game to recommend. The pacing stayed lively, and it felt easy to settle into what the game was trying to do. I would point other people toward it.",True
300518,328080,"This turned out to be an easy game to recommend. It felt like a small project with real personality, and it felt easy to settle into what the game was trying to do. I can see myself recommending it without much hesitation.",True
300518,466500,"I ended up liking this more than I expected. It felt like a small project with real personality, and it felt easy to settle into what the game was trying to do. It does enough well that I would recommend it.",True
300519,286320,"This turned out to be an easy game to recommend. The sense of progression worked well, and it felt easy to settle into what the game was trying to do. I can see myself recommending it without much hesitation.",True
300519,378610,"This turned out to be an easy game to recommend. It stayed engaging in shorter sessions, and it felt easy to settle into what the game was trying to do. I would recommend it to the right player.",True
300520,899970,"I ended up liking this more than I expected. It worked well in short sessions, and it felt easy to settle into what the game was trying to do. I would point other people toward it.",True
300520,2270,"This turned out to be an easy game to recommend. It stayed engaging in shorter sessions, and it felt easy to settle into what the game was trying to do. I would easily suggest it to someone who likes this genre.",True
300521,732240,"I ended up liking this more than I expected. It felt like a small project with real personality, and it felt easy to settle into what the game was trying to do. I would point other people toward it.",True
300521,17470,"I can see why this game has held onto a good reputation. The pacing stayed lively, and it felt easy to settle into what the game was trying to do. I would easily suggest it to someone who likes this genre.",True
300522,239800,"This turned out to be an easy game to recommend. The pacing stayed lively, and it felt easy to settle into what the game was trying to do. It does enough well that I would recommend it.",True
300522,252610,"I had a better time with this than I expected at first. The moment-to-moment gameplay felt sharp, and it felt easy to settle into what the game was trying to do. I would easily suggest it to someone who likes this genre.",True
300523,555160,"I had a better time with this than I expected at first. The pacing stayed lively, and it felt easy to settle into what the game was trying to do. I would easily suggest it to someone who likes this genre.",True
300523,327890,"This was a strong fit for what I wanted from the genre. The moment-to-moment gameplay felt sharp, and it felt easy to settle into what the game was trying to do. I would easily suggest it to someone who likes this genre.",True
300524,41000,"This was a strong fit for what I wanted from the genre. The pacing stayed lively, and it felt easy to settle into what the game was trying to do. I would recommend it to the right player.",True
300524,504370,"This was a strong fit for what I wanted from the genre. It stayed engaging in shorter sessions, and it felt easy to settle into what the game was trying to do. It does enough well that I would recommend it.",True
300525,356190,"This turned out to be an easy game to recommend. The core loop worked better than I expected, and it felt easy to settle into what the game was trying to do. I would point other people toward it.",True
300525,233230,"I can see why this game has held onto a good reputation. It kept me curious about what came next, and it felt easy to settle into what the game was trying to do. I can see myself recommending it without much hesitation.",True
300526,721090,"I liked parts of this, though I do not think it works equally well for everyone. The core loop worked better than I expected, and it felt easy to settle into what the game was trying to do. I could still recommend it with the right expectations.",False
300526,214830,"This was a strong fit for what I wanted from the genre. The moment-to-moment gameplay felt sharp, and it felt easy to settle into what the game was trying to do. I can see myself recommending it without much hesitation.",True
300527,802890,"I had a better time with this than I expected at first. The sense of progression worked well, and it felt easy to settle into what the game was trying to do. I can see myself recommending it without much hesitation.",True
300527,851530,"I ended up liking this more than I expected. It stayed engaging in shorter sessions, and it felt easy to settle into what the game was trying to do. It does enough well that I would recommend it.",True
300528,485040,"I had a better time with this than I expected at first. It kept me curious about what came next, and it felt easy to settle into what the game was trying to do. I would recommend it to the right player.",True
300528,93200,"I had a better time with this than I expected at first. The pacing stayed lively, and it felt easy to settle into what the game was trying to do. I would easily suggest it to someone who likes this genre.",True
300529,25800,"I had a better time with this than I expected at first. It rewarded planning in a satisfying way, and it felt easy to settle into what the game was trying to do. I would point other people toward it.",True
300529,598980,"This was a strong fit for what I wanted from the genre. It kept me curious about what came next, and it felt easy to settle into what the game was trying to do. I would easily suggest it to someone who likes this genre.",True
300530,714080,"I ended up liking this more than I expected. The moment-to-moment gameplay felt sharp, and it felt easy to settle into what the game was trying to do. It does enough well that I would recommend it.",True
300530,436320,"This turned out to be an easy game to recommend. The pacing stayed lively, and it felt easy to settle into what the game was trying to do. It does enough well that I would recommend it.",True
300531,939400,"I can see why this game has held onto a good reputation. It kept me curious about what came next, and it felt easy to settle into what the game was trying to do. I can see myself recommending it without much hesitation.",True
300531,272040,"This was a strong fit for what I wanted from the genre. It never felt too demanding to come back to, and it felt easy to settle into what the game was trying to do. I would point other people toward it.",True
300532,243950,"This has some clear strengths, even if it did not fully click for me. The moment-to-moment gameplay felt sharp, and it felt easy to settle into what the game was trying to do. There is enough here to like, even if I would be selective about recommending it.",False
300532,249230,"I can see why this game has held onto a good reputation. It gave me enough room to approach things my own way, and it felt easy to settle into what the game was trying to do. I would easily suggest it to someone who likes this genre.",True
300533,568570,"I had a better time with this than I expected at first. The pacing stayed lively, and it felt easy to settle into what the game was trying to do. I would recommend it to the right player.",True
300533,964350,"This was a strong fit for what I wanted from the genre. The world was easy to get invested in, and it felt easy to settle into what the game was trying to do. I can see myself recommending it without much hesitation.",True
300534,359840,"I can see why this game has held onto a good reputation. It stayed engaging in shorter sessions, and it felt easy to settle into what the game was trying to do. I would easily suggest it to someone who likes this genre.",True
300534,299030,"I can see why this game has held onto a good reputation. The pacing stayed lively, and it felt easy to settle into what the game was trying to do. I would easily suggest it to someone who likes this genre.",True
300535,427730,"This turned out to be an easy game to recommend. It stayed engaging in shorter sessions, and it felt easy to settle into what the game was trying to do. I would easily suggest it to someone who likes this genre.",True
300535,222940,"I ended up liking this more than I expected. The moment-to-moment gameplay felt sharp, and it felt easy to settle into what the game was trying to do. I would point other people toward it.",True
300536,598330,"This has some clear strengths, even if it did not fully click for me. It never felt too demanding to come back to, and it felt easy to settle into what the game was trying to do. I can understand the audience for it, even if I am not fully sold.",False
300536,350070,"I ended up liking this more than I expected. It stayed engaging in shorter sessions, and it felt easy to settle into what the game was trying to do. It does enough well that I would recommend it.",True
300537,57690,"This turned out to be an easy game to recommend. It rewarded patience more than I expected, and it felt easy to settle into what the game was trying to do. I would point other people toward it.",True
300537,650220,"I had a better time with this than I expected at first. It felt like a small project with real personality, and it felt easy to settle into what the game was trying to do. I would point other people toward it.",True
300538,263360,"This turned out to be an easy game to recommend. The pacing stayed lively, and it felt easy to settle into what the game was trying to do. I would point other people toward it.",True
300538,628750,"This turned out to be an easy game to recommend. The sense of progression worked well, and it felt easy to settle into what the game was trying to do. I would easily suggest it to someone who likes this genre.",True
300539,604450,"This was a strong fit for what I wanted from the genre. It kept me curious about what came next, and it felt easy to settle into what the game was trying to do. It does enough well that I would recommend it.",True
300539,248820,"This was a strong fit for what I wanted from the genre. The moment-to-moment gameplay felt sharp, and it felt easy to settle into what the game was trying to do. I can see myself recommending it without much hesitation.",True
300540,20530,"I can see why this game has held onto a good reputation. The moment-to-moment gameplay felt sharp, and it felt easy to settle into what the game was trying to do. I can see myself recommending it without much hesitation.",True
300540,689580,"This was a strong fit for what I wanted from the genre. It had a clear identity, and it felt easy to settle into what the game was trying to do. It does enough well that I would recommend it.",True
300541,312610,"This turned out to be an easy game to recommend. It stayed engaging in shorter sessions, and it felt easy to settle into what the game was trying to do. I would recommend it to the right player.",True
300541,423950,"I ended up liking this more than I expected. It stayed engaging in shorter sessions, and it felt easy to settle into what the game was trying to do. I would point other people toward it.",True
300542,246840,"I can see why this game has held onto a good reputation. The moment-to-moment gameplay felt sharp, and it felt easy to settle into what the game was trying to do. I would point other people toward it.",True
300542,602520,"I ended up liking this more than I expected. It worked well in short sessions, and it felt easy to settle into what the game was trying to do. I would recommend it to the right player.",True
300543,618080,"I ended up liking this more than I expected. The core loop worked better than I expected, and it felt easy to settle into what the game was trying to do. It does enough well that I would recommend it.",True
300543,405780,"I had a better time with this than I expected at first. The world was easy to get invested in, and it felt easy to settle into what the game was trying to do. I would easily suggest it to someone who likes this genre.",True
300544,15560,"This was decent overall, but I still had a few reservations. The pacing stayed lively, and it felt easy to settle into what the game was trying to do. There is enough here to like, even if I would be selective about recommending it.",False
300544,240720,"This turned out to be an easy game to recommend. The pacing stayed lively, and it felt easy to settle into what the game was trying to do. I would point other people toward it.",True
300545,219680,"This turned out to be an easy game to recommend. The sense of progression worked well, and it felt easy to settle into what the game was trying to do. I would easily suggest it to someone who likes this genre.",True
300545,431180,"This was a strong fit for what I wanted from the genre. It felt like a small project with real personality, and it felt easy to settle into what the game was trying to do. I would point other people toward it.",True
300546,276810,"This turned out to be an easy game to recommend. The progression systems kept me interested, and it felt easy to settle into what the game was trying to do. I would point other people toward it.",True
300546,605230,"I had a better time with this than I expected at first. It shows enough promise to be worth watching, and it felt easy to settle into what the game was trying to do. I would point other people toward it.",True
300547,278080,"This has some clear strengths, even if it did not fully click for me. It stayed engaging in shorter sessions, and it felt easy to settle into what the game was trying to do. I would only recommend it if the genre already appeals to you.",False
300547,211440,"I had a better time with this than I expected at first. It had a distinct style that made it memorable, and it felt easy to settle into what the game was trying to do. I would easily suggest it to someone who likes this genre.",True
300548,632360,"I ended up liking this more than I expected. The moment-to-moment gameplay felt sharp, and it felt easy to settle into what the game was trying to do. I can see myself recommending it without much hesitation.",True
300548,878750,"This was a strong fit for what I wanted from the genre. It never felt too demanding to come back to, and it felt easy to settle into what the game was trying to do. I would point other people toward it.",True
300549,23530,"There is a solid game here, though it did not completely win me over. The pacing stayed lively, and it felt easy to settle into what the game was trying to do. There is enough here to like, even if I would be selective about recommending it.",False
300549,994220,"I ended up liking this more than I expected. The pacing stayed lively, and it felt easy to settle into what the game was trying to do. I can see myself recommending it without much hesitation.",True
300550,606280,"I had a better time with this than I expected at first. The pacing stayed lively, and it felt easy to settle into what the game was trying to do. I can see myself recommending it without much hesitation.",True
300550,571310,"I can see why this game has held onto a good reputation. The pacing stayed lively, and it felt easy to settle into what the game was trying to do. I would point other people toward it.",True
300551,636040,"There is a solid game here, though it did not completely win me over. The sense of progression worked well, and it felt easy to settle into what the game was trying to do. There is enough here to like, even if I would be selective about recommending it.",False
300551,307670,"This was a strong fit for what I wanted from the genre. It kept me curious about what came next, and it felt easy to settle into what the game was trying to do. It does enough well that I would recommend it.",True
300552,843380,"I ended up liking this more than I expected. It stayed engaging in shorter sessions, and it felt easy to settle into what the game was trying to do. It does enough well that I would recommend it.",True
300552,976940,"I ended up liking this more than I expected. It never felt too demanding to come back to, and it felt easy to settle into what the game was trying to do. I can see myself recommending it without much hesitation.",True
300553,235600,"This turned out to be an easy game to recommend. It stayed engaging in shorter sessions, and it felt easy to settle into what the game was trying to do. I would easily suggest it to someone who likes this genre.",True
300553,584400,"I can see why this game has held onto a good reputation. The moment-to-moment gameplay felt sharp, and it felt easy to settle into what the game was trying to do. I would recommend it to the right player.",True
300554,520720,"This turned out to be an easy game to recommend. The world was easy to get invested in, and it felt easy to settle into what the game was trying to do. I would point other people toward it.",True
300554,559680,"This was a strong fit for what I wanted from the genre. The progression systems kept me interested, and it felt easy to settle into what the game was trying to do. It does enough well that I would recommend it.",True
300555,493200,"I ended up liking this more than I expected. The sense of progression worked well, and it felt easy to settle into what the game was trying to do. I would recommend it to the right player.",True
300555,34600,"I ended up liking this more than I expected. The decisions felt meaningful more often than not, and it felt easy to settle into what the game was trying to do. I would recommend it to the right player.",True
300556,327400,"This turned out to be an easy game to recommend. It kept me curious about what came next, and it felt easy to settle into what the game was trying to do. I would point other people toward it.",True
300556,204630,"I had a better time with this than I expected at first. The moment-to-moment gameplay felt sharp, and it felt easy to settle into what the game was trying to do. I would recommend it to the right player.",True
300557,403400,"I can see why this game has held onto a good reputation. It stayed engaging in shorter sessions, and it felt easy to settle into what the game was trying to do. I would easily suggest it to someone who likes this genre.",True
300557,364230,"I can see why this game has held onto a good reputation. It stayed engaging in shorter sessions, and it felt easy to settle into what the game was trying to do. It does enough well that I would recommend it.",True
300558,12770,"This was a strong fit for what I wanted from the genre. The progression systems kept me interested, and it felt easy to settle into what the game was trying to do. I can see myself recommending it without much hesitation.",True
300558,368340,"There is a solid game here, though it did not completely win me over. It stayed engaging in shorter sessions, and it felt easy to settle into what the game was trying to do. There is enough here to like, even if I would be selective about recommending it.",False
300559,904740,"This turned out to be an easy game to recommend. It was easy to pick up and enjoy, and it felt easy to settle into what the game was trying to do. I would point other people toward it.",True
300559,274270,"I can understand why people like this, but I felt mixed on parts of it. The moment-to-moment gameplay felt sharp, and it felt easy to settle into what the game was trying to do. I would only recommend it if the genre already appeals to you.",False
300560,859680,"I had a better time with this than I expected at first. The pacing stayed lively, and it felt easy to settle into what the game was trying to do. I can see myself recommending it without much hesitation.",True
300560,270850,"This was a strong fit for what I wanted from the genre. It was satisfying to settle into its systems, and it felt easy to settle into what the game was trying to do. I would recommend it to the right player.",True
300561,935580,"I ended up liking this more than I expected. It kept me curious about what came next, and it felt easy to settle into what the game was trying to do. I would point other people toward it.",True
300561,324510,"I had a better time with this than I expected at first. It stayed engaging in shorter sessions, and it felt easy to settle into what the game was trying to do. I would recommend it to the right player.",True
300562,312840,"This turned out to be an easy game to recommend. The world was easy to get invested in, and it felt easy to settle into what the game was trying to do. I can see myself recommending it without much hesitation.",True
300562,551860,"I had a better time with this than I expected at first. It kept me curious about what came next, and it felt easy to settle into what the game was trying to do. I would point other people toward it.",True
300563,504210,"This was a strong fit for what I wanted from the genre. It had a distinct style that made it memorable, and it felt easy to settle into what the game was trying to do. I would easily suggest it to someone who likes this genre.",True
300563,294750,"This was a strong fit for what I wanted from the genre. The moment-to-moment gameplay felt sharp, and it felt easy to settle into what the game was trying to do. I would point other people toward it.",True
300564,322170,"I had a better time with this than I expected at first. It stayed engaging in shorter sessions, and it felt easy to settle into what the game was trying to do. I can see myself recommending it without much hesitation.",True
300564,15700,"This was a strong fit for what I wanted from the genre. The world was easy to get invested in, and it felt easy to settle into what the game was trying to do. I can see myself recommending it without much hesitation.",True
300565,402330,"This was a strong fit for what I wanted from the genre. It stayed engaging in shorter sessions, and it felt easy to settle into what the game was trying to do. It does enough well that I would recommend it.",True
300565,524660,"This was a strong fit for what I wanted from the genre. The core loop worked better than I expected, and it felt easy to settle into what the game was trying to do. I would recommend it to the right player.",True
300566,1520,"I can see why this game has held onto a good reputation. It felt like a small project with real personality, and it felt easy to settle into what the game was trying to do. I can see myself recommending it without much hesitation.",True
300566,366870,"I can understand why people like this, but I felt mixed on parts of it. The sense of progression worked well, and it felt easy to settle into what the game was trying to do. There is enough here to like, even if I would be selective about recommending it.",False
300567,703840,"This was a strong fit for what I wanted from the genre. It stayed engaging in shorter sessions, and it felt easy to settle into what the game was trying to do. I would easily suggest it to someone who likes this genre.",True
300567,262150,"This was a strong fit for what I wanted from the genre. The pacing stayed lively, and it felt easy to settle into what the game was trying to do. I would easily suggest it to someone who likes this genre.",True
300568,12150,"I can see why this game has held onto a good reputation. The moment-to-moment gameplay felt sharp, and it felt easy to settle into what the game was trying to do. I would point other people toward it.",True
300568,244870,"This was a strong fit for what I wanted from the genre. It stayed engaging in shorter sessions, and it felt easy to settle into what the game was trying to do. I can see myself recommending it without much hesitation.",True
300569,351340,"This was a strong fit for what I wanted from the genre. It kept me curious about what came next, and it felt easy to settle into what the game was trying to do. I can see myself recommending it without much hesitation.",True
300569,262260,"This has some clear strengths, even if it did not fully click for me. The moment-to-moment gameplay felt sharp, and it felt easy to settle into what the game was trying to do. I can understand the audience for it, even if I am not fully sold.",False
300570,242920,"I ended up liking this more than I expected. It had a distinct style that made it memorable, and it felt easy to settle into what the game was trying to do. I would recommend it to the right player.",True
300570,389270,"I ended up liking this more than I expected. It kept me curious about what came next, and it felt easy to settle into what the game was trying to do. I would recommend it to the right player.",True
300571,20920,"I ended up liking this more than I expected. The progression systems kept me interested, and it felt easy to settle into what the game was trying to do. It does enough well that I would recommend it.",True
300571,620590,"This turned out to be an easy game to recommend. The systems gave me enough to think about, and it felt easy to settle into what the game was trying to do. I would point other people toward it.",True
300572,589760,"I ended up liking this more than I expected. The moment-to-moment gameplay felt sharp, and it felt easy to settle into what the game was trying to do. It does enough well that I would recommend it.",True
300572,402620,"I can see why this game has held onto a good reputation. It kept me curious about what came next, and it felt easy to settle into what the game was trying to do. I would recommend it to the right player.",True
300573,435120,"This was decent overall, but I still had a few reservations. The sense of progression worked well, and it felt easy to settle into what the game was trying to do. There is enough here to like, even if I would be selective about recommending it.",False
300573,395520,"I had a better time with this than I expected at first. It kept me curious about what came next, and it felt easy to settle into what the game was trying to do. It does enough well that I would recommend it.",True
300574,271920,"I can see why this game has held onto a good reputation. The management side had a good rhythm, and it felt easy to settle into what the game was trying to do. I would point other people toward it.",True
300574,280790,"I had a better time with this than I expected at first. The moment-to-moment gameplay felt sharp, and it felt easy to settle into what the game was trying to do. I would easily suggest it to someone who likes this genre.",True
300575,239160,"This turned out to be an easy game to recommend. It stayed engaging in shorter sessions, and it felt easy to settle into what the game was trying to do. I would easily suggest it to someone who likes this genre.",True
300575,803600,"I had a better time with this than I expected at first. Building out a character felt rewarding, and it felt easy to settle into what the game was trying to do. I can see myself recommending it without much hesitation.",True
300576,464880,"This turned out to be an easy game to recommend. It had a distinct style that made it memorable, and it felt easy to settle into what the game was trying to do. It does enough well that I would recommend it.",True
300576,252330,"This was a strong fit for what I wanted from the genre. The moment-to-moment gameplay felt sharp, and it felt easy to settle into what the game was trying to do. It does enough well that I would recommend it.",True
300577,742250,"This turned out to be an easy game to recommend. The sense of progression worked well, and it felt easy to settle into what the game was trying to do. It does enough well that I would recommend it.",True
300577,465780,"This turned out to be an easy game to recommend. It stayed engaging in shorter sessions, and it felt easy to settle into what the game was trying to do. It does enough well that I would recommend it.",True
300578,496890,"I ended up liking this more than I expected. It kept me curious about what came next, and it felt easy to settle into what the game was trying to do. I would easily suggest it to someone who likes this genre.",True
300578,277430,"This has some clear strengths, even if it did not fully click for me. It stayed engaging in shorter sessions, and it felt easy to settle into what the game was trying to do. I can understand the audience for it, even if I am not fully sold.",False
300579,458000,"I liked parts of this, though I do not think it works equally well for everyone. The sense of progression worked well, and it felt easy to settle into what the game was trying to do. I could still recommend it with the right expectations.",False
300579,376680,"I ended up liking this more than I expected. It was easy to pick up and enjoy, and it felt easy to settle into what the game was trying to do. I can see myself recommending it without much hesitation.",True
300580,457680,"I can see why this game has held onto a good reputation. The world was easy to get invested in, and it felt easy to settle into what the game was trying to do. I would recommend it to the right player.",True
300580,495050,"This turned out to be an easy game to recommend. It stayed engaging in shorter sessions, and it felt easy to settle into what the game was trying to do. I would point other people toward it.",True
300581,67370,"This turned out to be an easy game to recommend. The moment-to-moment gameplay felt sharp, and it felt easy to settle into what the game was trying to do. I would point other people toward it.",True
300581,257710,"I had a better time with this than I expected at first. It was easy to pick up and enjoy, and it felt easy to settle into what the game was trying to do. It does enough well that I would recommend it.",True
300582,215160,"I can see why this game has held onto a good reputation. The sense of progression worked well, and it felt easy to settle into what the game was trying to do. I would easily suggest it to someone who likes this genre.",True
300582,422510,"This was a strong fit for what I wanted from the genre. The pacing stayed lively, and it felt easy to settle into what the game was trying to do. I would recommend it to the right player.",True
300583,503940,"I had a better time with this than I expected at first. It was satisfying to settle into its systems, and it felt easy to settle into what the game was trying to do. I can see myself recommending it without much hesitation.",True
300583,472870,"I ended up liking this more than I expected. The world was easy to get invested in, and it felt easy to settle into what the game was trying to do. I would recommend it to the right player.",True
300584,283960,"This was decent overall, but I still had a few reservations. The world was easy to get invested in, and it felt easy to settle into what the game was trying to do. It is not for everyone, but I can still see the appeal.",False
300584,673130,"This turned out to be an easy game to recommend. The pacing stayed lively, and it felt easy to settle into what the game was trying to do. I would recommend it to the right player.",True
300585,323720,"There is a solid game here, though it did not completely win me over. It kept me curious about what came next, and it felt easy to settle into what the game was trying to do. I can understand the audience for it, even if I am not fully sold.",False
300585,394870,"This was a strong fit for what I wanted from the genre. The moment-to-moment gameplay felt sharp, and it felt easy to settle into what the game was trying to do. It does enough well that I would recommend it.",True
300586,395850,"This turned out to be an easy game to recommend. The moment-to-moment gameplay felt sharp, and it felt easy to settle into what the game was trying to do. I can see myself recommending it without much hesitation.",True
300586,302590,"This turned out to be an easy game to recommend. It stayed engaging in shorter sessions, and it felt easy to settle into what the game was trying to do. I would point other people toward it.",True
300587,459080,"This has some clear strengths, even if it did not fully click for me. It felt like a small project with real personality, and it felt easy to settle into what the game was trying to do. There is enough here to like, even if I would be selective about recommending it.",False
300587,333250,"I had a better time with this than I expected at first. The moment-to-moment gameplay felt sharp, and it felt easy to settle into what the game was trying to do. I would point other people toward it.",True
300588,449040,"I can see why this game has held onto a good reputation. It stayed engaging in shorter sessions, and it felt easy to settle into what the game was trying to do. It does enough well that I would recommend it.",True
300588,889510,"I ended up liking this more than I expected. The moment-to-moment gameplay felt sharp, and it felt easy to settle into what the game was trying to do. I would recommend it to the right player.",True
300589,449800,"This was a strong fit for what I wanted from the genre. It stayed engaging in shorter sessions, and it felt easy to settle into what the game was trying to do. I would easily suggest it to someone who likes this genre.",True
300589,574820,"I can see why this game has held onto a good reputation. It never felt too demanding to come back to, and it felt easy to settle into what the game was trying to do. I would point other people toward it.",True
300590,454100,"I can see why this game has held onto a good reputation. It stayed engaging in shorter sessions, and it felt easy to settle into what the game was trying to do. I would point other people toward it.",True
300590,412830,"This was a strong fit for what I wanted from the genre. The world was easy to get invested in, and it felt easy to settle into what the game was trying to do. It does enough well that I would recommend it.",True
300591,15300,"I had a better time with this than I expected at first. It stayed engaging in shorter sessions, and it felt easy to settle into what the game was trying to do. I would point other people toward it.",True
300591,397100,"I can see why this game has held onto a good reputation. The core idea is already doing a lot right, and it felt easy to settle into what the game was trying to do. I would point other people toward it.",True
300592,729040,"I can see why this game has held onto a good reputation. It stayed engaging in shorter sessions, and it felt easy to settle into what the game was trying to do. It does enough well that I would recommend it.",True
300592,243200,"I ended up liking this more than I expected. It kept me curious about what came next, and it felt easy to settle into what the game was trying to do. It does enough well that I would recommend it.",True
300593,579180,"There is a solid game here, though it did not completely win me over. The pacing stayed lively, and it felt easy to settle into what the game was trying to do. I can understand the audience for it, even if I am not fully sold.",False
300593,369420,"This was a strong fit for what I wanted from the genre. The sense of progression worked well, and it felt easy to settle into what the game was trying to do. I can see myself recommending it without much hesitation.",True
300594,451020,"This was a strong fit for what I wanted from the genre. It felt like a small project with real personality, and it felt easy to settle into what the game was trying to do. I can see myself recommending it without much hesitation.",True
300594,95300,"This turned out to be an easy game to recommend. The moment-to-moment gameplay felt sharp, and it felt easy to settle into what the game was trying to do. I would point other people toward it.",True
300595,493340,"This was decent overall, but I still had a few reservations. It stayed engaging in shorter sessions, and it felt easy to settle into what the game was trying to do. I would only recommend it if the genre already appeals to you.",False
300595,494150,"I can see why this game has held onto a good reputation. It stayed engaging in shorter sessions, and it felt easy to settle into what the game was trying to do. I would point other people toward it.",True
300596,402840,"This was a strong fit for what I wanted from the genre. It worked well in short sessions, and it felt easy to settle into what the game was trying to do. I would recommend it to the right player.",True
300596,830820,"I liked parts of this, though I do not think it works equally well for everyone. It stayed engaging in shorter sessions, and it felt easy to settle into what the game was trying to do. I could still recommend it with the right expectations.",False
300597,2360,"This turned out to be an easy game to recommend. It stayed engaging in shorter sessions, and it felt easy to settle into what the game was trying to do. I would recommend it to the right player.",True
300597,437920,"This was a strong fit for what I wanted from the genre. It was easy to pick up and enjoy, and it felt easy to settle into what the game was trying to do. I would point other people toward it.",True
300598,589360,"This has some clear strengths, even if it did not fully click for me. It kept me curious about what came next, and it felt easy to settle into what the game was trying to do. I could still recommend it with the right expectations.",False
300598,302710,"I ended up liking this more than I expected. The pacing stayed lively, and it felt easy to settle into what the game was trying to do. I can see myself recommending it without much hesitation.",True
300599,942970,"I had a better time with this than I expected at first. It felt like a small project with real personality, and it felt easy to settle into what the game was trying to do. I would easily suggest it to someone who likes this genre.",True
300599,405820,"I can see why this game has held onto a good reputation. The pacing stayed lively, and it felt easy to settle into what the game was trying to do. I would point other people toward it.",True
300600,397460,"I had a better time with this than I expected at first. It was easy to pick up and enjoy, and it felt easy to settle into what the game was trying to do. I would point other people toward it.",True
300600,838310,"I had a better time with this than I expected at first. The pacing stayed lively, and it felt easy to settle into what the game was trying to do. It does enough well that I would recommend it.",True
300601,427760,"I had a better time with this than I expected at first. The sense of progression worked well, and it felt easy to settle into what the game was trying to do. I can see myself recommending it without much hesitation.",True
300601,460790,"I ended up liking this more than I expected. The pacing stayed lively, and it felt easy to settle into what the game was trying to do. I would point other people toward it.",True
300602,636480,"I ended up liking this more than I expected. The pacing stayed lively, and it felt easy to settle into what the game was trying to do. I would recommend it to the right player.",True
300602,359390,"I ended up liking this more than I expected. The world was easy to get invested in, and it felt easy to settle into what the game was trying to do. I can see myself recommending it without much hesitation.",True
300603,298160,"This turned out to be an easy game to recommend. It worked well in short sessions, and it felt easy to settle into what the game was trying to do. I would easily suggest it to someone who likes this genre.",True
300603,270110,"I ended up liking this more than I expected. It stayed engaging in shorter sessions, and it felt easy to settle into what the game was trying to do. I can see myself recommending it without much hesitation.",True
300604,959890,"This was a strong fit for what I wanted from the genre. The sense of progression worked well, and it felt easy to settle into what the game was trying to do. It does enough well that I would recommend it.",True
300604,611500,"I liked parts of this, though I do not think it works equally well for everyone. The moment-to-moment gameplay felt sharp, and it felt easy to settle into what the game was trying to do. I would only recommend it if the genre already appeals to you.",False
300605,289300,"I can see why this game has held onto a good reputation. The pacing stayed lively, and it felt easy to settle into what the game was trying to do. It does enough well that I would recommend it.",True
300605,223510,"I ended up liking this more than I expected. The pacing stayed lively, and it felt easy to settle into what the game was trying to do. I can see myself recommending it without much hesitation.",True
300606,559330,"This was a strong fit for what I wanted from the genre. It kept me curious about what came next, and it felt easy to settle into what the game was trying to do. It does enough well that I would recommend it.",True
300606,957790,"I ended up liking this more than I expected. The moment-to-moment gameplay felt sharp, and it felt easy to settle into what the game was trying to do. I can see myself recommending it without much hesitation.",True
300607,915600,"I can see why this game has held onto a good reputation. The moment-to-moment gameplay felt sharp, and it felt easy to settle into what the game was trying to do. I would recommend it to the right player.",True
300607,301860,"I can understand why people like this, but I felt mixed on parts of it. It kept me curious about what came next, and it felt easy to settle into what the game was trying to do. I can understand the audience for it, even if I am not fully sold.",False
300608,41300,"This was a strong fit for what I wanted from the genre. It stayed engaging in shorter sessions, and it felt easy to settle into what the game was trying to do. It does enough well that I would recommend it.",True
300608,519140,"I liked parts of this, though I do not think it works equally well for everyone. The pacing stayed lively, and it felt easy to settle into what the game was trying to do. I would only recommend it if the genre already appeals to you.",False
300609,370360,"I had a better time with this than I expected at first. It had a distinct style that made it memorable, and it felt easy to settle into what the game was trying to do. I would easily suggest it to someone who likes this genre.",True
300609,40400,"I can see why this game has held onto a good reputation. It felt like a small project with real personality, and it felt easy to settle into what the game was trying to do. I can see myself recommending it without much hesitation.",True
300610,758370,"I ended up liking this more than I expected. It did a lot with its own identity, and it felt easy to settle into what the game was trying to do. I would recommend it to the right player.",True
300610,427980,"I had a better time with this than I expected at first. The sense of progression worked well, and it felt easy to settle into what the game was trying to do. I would easily suggest it to someone who likes this genre.",True
300611,556180,"I can see why this game has held onto a good reputation. The decisions felt meaningful more often than not, and it felt easy to settle into what the game was trying to do. I would easily suggest it to someone who likes this genre.",True
300611,755500,"I ended up liking this more than I expected. The pacing stayed lively, and it felt easy to settle into what the game was trying to do. It does enough well that I would recommend it.",True
300612,718560,"This was a strong fit for what I wanted from the genre. It rewarded planning in a satisfying way, and it felt easy to settle into what the game was trying to do. I can see myself recommending it without much hesitation.",True
300612,889480,"This was a strong fit for what I wanted from the genre. It kept me curious about what came next, and it felt easy to settle into what the game was trying to do. I would easily suggest it to someone who likes this genre.",True
300613,850000,"This turned out to be an easy game to recommend. The sense of progression worked well, and it felt easy to settle into what the game was trying to do. I would point other people toward it.",True
300613,228260,"This was a strong fit for what I wanted from the genre. It had a distinct style that made it memorable, and it felt easy to settle into what the game was trying to do. I would point other people toward it.",True
300614,207530,"This turned out to be an easy game to recommend. It stayed engaging in shorter sessions, and it felt easy to settle into what the game was trying to do. I would easily suggest it to someone who likes this genre.",True
300614,358750,"This was a strong fit for what I wanted from the genre. It had a distinct style that made it memorable, and it felt easy to settle into what the game was trying to do. I would point other people toward it.",True
300615,326840,"I ended up liking this more than I expected. It stayed engaging in shorter sessions, and it felt easy to settle into what the game was trying to do. I would point other people toward it.",True
300615,646270,"This turned out to be an easy game to recommend. The world was easy to get invested in, and it felt easy to settle into what the game was trying to do. I would easily suggest it to someone who likes this genre.",True
300616,683900,"This was a strong fit for what I wanted from the genre. It was satisfying to settle into its systems, and it felt easy to settle into what the game was trying to do. I can see myself recommending it without much hesitation.",True
300616,460430,"I can see why this game has held onto a good reputation. It kept me curious about what came next, and it felt easy to settle into what the game was trying to do. I would point other people toward it.",True
300617,758480,"I can see why this game has held onto a good reputation. The sense of progression worked well, and it felt easy to settle into what the game was trying to do. I would point other people toward it.",True
300617,236090,"I can see why this game has held onto a good reputation. It stayed engaging in shorter sessions, and it felt easy to settle into what the game was trying to do. I would point other people toward it.",True
300618,624970,"This turned out to be an easy game to recommend. It stayed engaging in shorter sessions, and it felt easy to settle into what the game was trying to do. I would point other people toward it.",True
300618,214550,"I ended up liking this more than I expected. It never felt too demanding to come back to, and it felt easy to settle into what the game was trying to do. I would point other people toward it.",True
300619,460960,"This turned out to be an easy game to recommend. The world was easy to get invested in, and it felt easy to settle into what the game was trying to do. I would recommend it to the right player.",True
300619,318600,"This was a strong fit for what I wanted from the genre. The moment-to-moment gameplay felt sharp, and it felt easy to settle into what the game was trying to do. I can see myself recommending it without much hesitation.",True
300620,871200,"I had a better time with this than I expected at first. The pacing stayed lively, and it felt easy to settle into what the game was trying to do. I would easily suggest it to someone who likes this genre.",True
300620,758990,"I can see why this game has held onto a good reputation. The pacing stayed lively, and it felt easy to settle into what the game was trying to do. It does enough well that I would recommend it.",True
300621,251270,"I can see why this game has held onto a good reputation. The world was easy to get invested in, and it felt easy to settle into what the game was trying to do. I would easily suggest it to someone who likes this genre.",True
300621,409670,"This turned out to be an easy game to recommend. It stayed engaging in shorter sessions, and it felt easy to settle into what the game was trying to do. I would recommend it to the right player.",True
300622,416600,"I ended up liking this more than I expected. It stayed engaging in shorter sessions, and it felt easy to settle into what the game was trying to do. I would easily suggest it to someone who likes this genre.",True
300622,733990,"This was a strong fit for what I wanted from the genre. It worked well in short sessions, and it felt easy to settle into what the game was trying to do. It does enough well that I would recommend it.",True
300623,238320,"I can see why this game has held onto a good reputation. It had a clear identity, and it felt easy to settle into what the game was trying to do. I would recommend it to the right player.",True
300623,640590,"This has some clear strengths, even if it did not fully click for me. The moment-to-moment gameplay felt sharp, and it felt easy to settle into what the game was trying to do. I could still recommend it with the right expectations.",False
300624,250680,"This was a strong fit for what I wanted from the genre. The moment-to-moment gameplay felt sharp, and it felt easy to settle into what the game was trying to do. I would easily suggest it to someone who likes this genre.",True
300624,254200,"This was decent overall, but I still had a few reservations. The sense of progression worked well, and it felt easy to settle into what the game was trying to do. I could still recommend it with the right expectations.",False
300625,382310,"This was a strong fit for what I wanted from the genre. There is already a good foundation here, and it felt easy to settle into what the game was trying to do. I would point other people toward it.",True
300625,331870,"I ended up liking this more than I expected. It kept me curious about what came next, and it felt easy to settle into what the game was trying to do. I can see myself recommending it without much hesitation.",True
300626,248650,"I ended up liking this more than I expected. The world was easy to get invested in, and it felt easy to settle into what the game was trying to do. I would recommend it to the right player.",True
300626,1052070,"I can see why this game has held onto a good reputation. The world was easy to get invested in, and it felt easy to settle into what the game was trying to do. It does enough well that I would recommend it.",True
300627,464060,"I had a better time with this than I expected at first. The pacing stayed lively, and it felt easy to settle into what the game was trying to do. I can see myself recommending it without much hesitation.",True
300627,1017100,"This turned out to be an easy game to recommend. It had a clear identity, and it felt easy to settle into what the game was trying to do. It does enough well that I would recommend it.",True
300628,489520,"I can see why this game has held onto a good reputation. The core loop worked better than I expected, and it felt easy to settle into what the game was trying to do. It does enough well that I would recommend it.",True
300628,644930,"This was decent overall, but I still had a few reservations. The systems gave me enough to think about, and it felt easy to settle into what the game was trying to do. I would only recommend it if the genre already appeals to you.",False
300629,284160,"I can see why this game has held onto a good reputation. The core idea is already doing a lot right, and it felt easy to settle into what the game was trying to do. I would recommend it to the right player.",True
300629,340730,"This was a strong fit for what I wanted from the genre. It never felt too demanding to come back to, and it felt easy to settle into what the game was trying to do. I would easily suggest it to someone who likes this genre.",True
300630,373930,"I can see why this game has held onto a good reputation. It rewarded planning in a satisfying way, and it felt easy to settle into what the game was trying to do. I would recommend it to the right player.",True
300630,322770,"I had a better time with this than I expected at first. The moment-to-moment gameplay felt sharp, and it felt easy to settle into what the game was trying to do. It does enough well that I would recommend it.",True
300631,522040,"This turned out to be an easy game to recommend. It stayed engaging in shorter sessions, and it felt easy to settle into what the game was trying to do. It does enough well that I would recommend it.",True
300631,995460,"I had a better time with this than I expected at first. It worked well in short sessions, and it felt easy to settle into what the game was trying to do. I would recommend it to the right player.",True
300632,38740,"I ended up liking this more than I expected. The pacing stayed lively, and it felt easy to settle into what the game was trying to do. I can see myself recommending it without much hesitation.",True
300632,219910,"This was a strong fit for what I wanted from the genre. The sense of progression worked well, and it felt easy to settle into what the game was trying to do. I would point other people toward it.",True
300633,473690,"This turned out to be an easy game to recommend. The pacing stayed lively, and it felt easy to settle into what the game was trying to do. I would point other people toward it.",True
300633,40980,"This was a strong fit for what I wanted from the genre. The management side had a good rhythm, and it felt easy to settle into what the game was trying to do. It does enough well that I would recommend it.",True
300634,626680,"This turned out to be an easy game to recommend. The core loop worked better than I expected, and it felt easy to settle into what the game was trying to do. I would recommend it to the right player.",True
300634,300300,"I had a better time with this than I expected at first. It was easy to pick up and enjoy, and it felt easy to settle into what the game was trying to do. I would easily suggest it to someone who likes this genre.",True
300635,460950,"I ended up liking this more than I expected. The moment-to-moment gameplay felt sharp, and it felt easy to settle into what the game was trying to do. It does enough well that I would recommend it.",True
300635,383150,"I had a better time with this than I expected at first. The pacing stayed lively, and it felt easy to settle into what the game was trying to do. I would easily suggest it to someone who likes this genre.",True
300636,262450,"I ended up liking this more than I expected. It never felt too demanding to come back to, and it felt easy to settle into what the game was trying to do. I would easily suggest it to someone who likes this genre.",True
300636,770100,"There is a solid game here, though it did not completely win me over. The sense of progression worked well, and it felt easy to settle into what the game was trying to do. I can understand the audience for it, even if I am not fully sold.",False
300637,531640,"I can understand why people like this, but I felt mixed on parts of it. It was easy to pick up and enjoy, and it felt easy to settle into what the game was trying to do. It is not for everyone, but I can still see the appeal.",False
300637,256290,"This was a strong fit for what I wanted from the genre. The progression systems kept me interested, and it felt easy to settle into what the game was trying to do. I would point other people toward it.",True
300638,466130,"I can see why this game has held onto a good reputation. The pacing stayed lively, and it felt easy to settle into what the game was trying to do. It does enough well that I would recommend it.",True
300638,303590,"This was a strong fit for what I wanted from the genre. It stayed engaging in shorter sessions, and it felt easy to settle into what the game was trying to do. I can see myself recommending it without much hesitation.",True
300639,448780,"This was decent overall, but I still had a few reservations. It kept me curious about what came next, and it felt easy to settle into what the game was trying to do. There is enough here to like, even if I would be selective about recommending it.",False
300639,301910,"This was a strong fit for what I wanted from the genre. The pacing stayed lively, and it felt easy to settle into what the game was trying to do. I would point other people toward it.",True
300640,546390,"I had a better time with this than I expected at first. It stayed engaging in shorter sessions, and it felt easy to settle into what the game was trying to do. It does enough well that I would recommend it.",True
300640,200710,"This was a strong fit for what I wanted from the genre. The moment-to-moment gameplay felt sharp, and it felt easy to settle into what the game was trying to do. I would point other people toward it.",True
300641,401680,"This was a strong fit for what I wanted from the genre. It stayed engaging in shorter sessions, and it felt easy to settle into what the game was trying to do. I would recommend it to the right player.",True
300641,572430,"I can see why this game has held onto a good reputation. It stayed engaging in shorter sessions, and it felt easy to settle into what the game was trying to do. It does enough well that I would recommend it.",True
300642,282760,"I can see why this game has held onto a good reputation. It worked well in short sessions, and it felt easy to settle into what the game was trying to do. I would easily suggest it to someone who likes this genre.",True
300642,311190,"This turned out to be an easy game to recommend. It stayed engaging in shorter sessions, and it felt easy to settle into what the game was trying to do. I would point other people toward it.",True
300643,303290,"I ended up liking this more than I expected. It kept me curious about what came next, and it felt easy to settle into what the game was trying to do. I can see myself recommending it without much hesitation.",True
300643,234900,"This turned out to be an easy game to recommend. The pacing stayed lively, and it felt easy to settle into what the game was trying to do. I would recommend it to the right player.",True
300644,606680,"I ended up liking this more than I expected. It stayed engaging in shorter sessions, and it felt easy to settle into what the game was trying to do. I would recommend it to the right player.",True
300644,314070,"I can see why this game has held onto a good reputation. It had a distinct style that made it memorable, and it felt easy to settle into what the game was trying to do. It does enough well that I would recommend it.",True
300645,351920,"I had a better time with this than I expected at first. The management side had a good rhythm, and it felt easy to settle into what the game was trying to do. I would recommend it to the right player.",True
300645,200900,"I ended up liking this more than I expected. The moment-to-moment gameplay felt sharp, and it felt easy to settle into what the game was trying to do. I would recommend it to the right player.",True
300646,289650,"I had a better time with this than I expected at first. It stayed engaging in shorter sessions, and it felt easy to settle into what the game was trying to do. It does enough well that I would recommend it.",True
300646,368230,"I can see why this game has held onto a good reputation. It felt like a small project with real personality, and it felt easy to settle into what the game was trying to do. It does enough well that I would recommend it.",True
300647,581630,"I can see why this game has held onto a good reputation. It stayed engaging in shorter sessions, and it felt easy to settle into what the game was trying to do. I can see myself recommending it without much hesitation.",True
300647,231430,"This was a strong fit for what I wanted from the genre. The decisions felt meaningful more often than not, and it felt easy to settle into what the game was trying to do. I would recommend it to the right player.",True
300648,333420,"I can see why this game has held onto a good reputation. The pacing stayed lively, and it felt easy to settle into what the game was trying to do. I would point other people toward it.",True
300648,621060,"I ended up liking this more than I expected. It felt like a small project with real personality, and it felt easy to settle into what the game was trying to do. It does enough well that I would recommend it.",True
300649,72850,"This was a strong fit for what I wanted from the genre. The progression systems kept me interested, and it felt easy to settle into what the game was trying to do. I can see myself recommending it without much hesitation.",True
300649,259190,"I ended up liking this more than I expected. It stayed engaging in shorter sessions, and it felt easy to settle into what the game was trying to do. I would recommend it to the right player.",True
300650,927250,"This was a strong fit for what I wanted from the genre. It stayed engaging in shorter sessions, and it felt easy to settle into what the game was trying to do. I would easily suggest it to someone who likes this genre.",True
300650,625980,"I had a better time with this than I expected at first. It kept me curious about what came next, and it felt easy to settle into what the game was trying to do. I would easily suggest it to someone who likes this genre.",True
300651,684680,"I had a better time with this than I expected at first. It stayed engaging in shorter sessions, and it felt easy to settle into what the game was trying to do. I can see myself recommending it without much hesitation.",True
300651,609320,"This was a strong fit for what I wanted from the genre. The pacing stayed lively, and it felt easy to settle into what the game was trying to do. It does enough well that I would recommend it.",True
300652,50130,"I can see why this game has held onto a good reputation. The pacing stayed lively, and it felt easy to settle into what the game was trying to do. I would recommend it to the right player.",True
300652,345610,"I ended up liking this more than I expected. It kept me curious about what came next, and it felt easy to settle into what the game was trying to do. I would recommend it to the right player.",True
300653,33120,"This was a strong fit for what I wanted from the genre. It stayed engaging in shorter sessions, and it felt easy to settle into what the game was trying to do. I can see myself recommending it without much hesitation.",True
300653,35320,"I can see why this game has held onto a good reputation. The driving loop stayed satisfying, and it felt easy to settle into what the game was trying to do. I would recommend it to the right player.",True
300654,369530,"There is a solid game here, though it did not completely win me over. The pacing stayed lively, and it felt easy to settle into what the game was trying to do. I can understand the audience for it, even if I am not fully sold.",False
300654,438140,"I ended up liking this more than I expected. The systems gave me enough to think about, and it felt easy to settle into what the game was trying to do. It does enough well that I would recommend it.",True
300655,923260,"I had a better time with this than I expected at first. It never felt too demanding to come back to, and it felt easy to settle into what the game was trying to do. I would recommend it to the right player.",True
300655,99300,"This was a strong fit for what I wanted from the genre. The pacing stayed lively, and it felt easy to settle into what the game was trying to do. I can see myself recommending it without much hesitation.",True
300656,485350,"This was a strong fit for what I wanted from the genre. It worked well in short sessions, and it felt easy to settle into what the game was trying to do. I would recommend it to the right player.",True
300656,1051310,"I ended up liking this more than I expected. The moment-to-moment gameplay felt sharp, and it felt easy to settle into what the game was trying to do. I would point other people toward it.",True
300657,738520,"There is a solid game here, though it did not completely win me over. The pacing stayed lively, and it felt easy to settle into what the game was trying to do. I can understand the audience for it, even if I am not fully sold.",False
300657,368650,"I ended up liking this more than I expected. The sense of progression worked well, and it felt easy to settle into what the game was trying to do. I can see myself recommending it without much hesitation.",True
300658,402040,"I had a better time with this than I expected at first. The world was easy to get invested in, and it felt easy to settle into what the game was trying to do. I would recommend it to the right player.",True
300658,209060,"I had a better time with this than I expected at first. The pacing stayed lively, and it felt easy to settle into what the game was trying to do. I would point other people toward it.",True
300659,350080,"I ended up liking this more than I expected. It stayed engaging in shorter sessions, and it felt easy to settle into what the game was trying to do. I would easily suggest it to someone who likes this genre.",True
300659,78000,"I ended up liking this more than I expected. It worked well in short sessions, and it felt easy to settle into what the game was trying to do. I would recommend it to the right player.",True
300660,509580,"I can see why this game has held onto a good reputation. It kept me curious about what came next, and it felt easy to settle into what the game was trying to do. It does enough well that I would recommend it.",True
300660,501590,"This was a strong fit for what I wanted from the genre. It stayed engaging in shorter sessions, and it felt easy to settle into what the game was trying to do. I would point other people toward it.",True
300661,315840,"I had a better time with this than I expected at first. It stayed engaging in shorter sessions, and it felt easy to settle into what the game was trying to do. I would point other people toward it.",True
300661,239430,"This turned out to be an easy game to recommend. It stayed engaging in shorter sessions, and it felt easy to settle into what the game was trying to do. I can see myself recommending it without much hesitation.",True
300662,274940,"This turned out to be an easy game to recommend. The moment-to-moment gameplay felt sharp, and it felt easy to settle into what the game was trying to do. I would recommend it to the right player.",True
300662,486310,"I ended up liking this more than I expected. It kept me curious about what came next, and it felt easy to settle into what the game was trying to do. It does enough well that I would recommend it.",True
300663,232890,"I can see why this game has held onto a good reputation. It was satisfying to settle into its systems, and it felt easy to settle into what the game was trying to do. I can see myself recommending it without much hesitation.",True
300663,536890,"I had a better time with this than I expected at first. It was satisfying to settle into its systems, and it felt easy to settle into what the game was trying to do. I can see myself recommending it without much hesitation.",True
300664,236850,"This turned out to be an easy game to recommend. It rewarded patience more than I expected, and it felt easy to settle into what the game was trying to do. I can see myself recommending it without much hesitation.",True
300664,25890,"There is a solid game here, though it did not completely win me over. The systems gave me enough to think about, and it felt easy to settle into what the game was trying to do. There is enough here to like, even if I would be selective about recommending it.",False
300665,420930,"I can see why this game has held onto a good reputation. The sense of progression worked well, and it felt easy to settle into what the game was trying to do. I would point other people toward it.",True
300665,257510,"This was a strong fit for what I wanted from the genre. The pacing stayed lively, and it felt easy to settle into what the game was trying to do. I can see myself recommending it without much hesitation.",True
300666,331480,"I ended up liking this more than I expected. The sense of progression worked well, and it felt easy to settle into what the game was trying to do. I would easily suggest it to someone who likes this genre.",True
300666,978270,"I ended up liking this more than I expected. The moment-to-moment gameplay felt sharp, and it felt easy to settle into what the game was trying to do. I would recommend it to the right player.",True
300667,304050,"I had a better time with this than I expected at first. It stayed engaging in shorter sessions, and it felt easy to settle into what the game was trying to do. I would easily suggest it to someone who likes this genre.",True
300667,319250,"This turned out to be an easy game to recommend. It stayed engaging in shorter sessions, and it felt easy to settle into what the game was trying to do. I would recommend it to the right player.",True
300668,392950,"I can see why this game has held onto a good reputation. The world was easy to get invested in, and it felt easy to settle into what the game was trying to do. I would point other people toward it.",True
300668,441870,"I can understand why people like this, but I felt mixed on parts of it. It was easy to pick up and enjoy, and it felt easy to settle into what the game was trying to do. It is not for everyone, but I can still see the appeal.",False
300669,345240,"I ended up liking this more than I expected. The moment-to-moment gameplay felt sharp, and it felt easy to settle into what the game was trying to do. I would recommend it to the right player.",True
300669,723270,"I can see why this game has held onto a good reputation. The sense of progression worked well, and it felt easy to settle into what the game was trying to do. I can see myself recommending it without much hesitation.",True
300670,844930,"I ended up liking this more than I expected. The world was easy to get invested in, and it felt easy to settle into what the game was trying to do. I would point other people toward it.",True
300670,496300,"I had a better time with this than I expected at first. It felt like a small project with real personality, and it felt easy to settle into what the game was trying to do. I can see myself recommending it without much hesitation.",True
300671,594130,"I ended up liking this more than I expected. The world was easy to get invested in, and it felt easy to settle into what the game was trying to do. I would easily suggest it to someone who likes this genre.",True
300671,253430,"I ended up liking this more than I expected. The pacing stayed lively, and it felt easy to settle into what the game was trying to do. I would easily suggest it to someone who likes this genre.",True
300672,233840,"I had a better time with this than I expected at first. The decisions felt meaningful more often than not, and it felt easy to settle into what the game was trying to do. I would recommend it to the right player.",True
300672,237430,"I ended up liking this more than I expected. It had a distinct style that made it memorable, and it felt easy to settle into what the game was trying to do. It does enough well that I would recommend it.",True
300673,389730,"I can see why this game has held onto a good reputation. The moment-to-moment gameplay felt sharp, and it felt easy to settle into what the game was trying to do. I would point other people toward it.",True
300673,564230,"This turned out to be an easy game to recommend. It was satisfying to settle into its systems, and it felt easy to settle into what the game was trying to do. I would point other people toward it.",True
300674,344770,"I can see why this game has held onto a good reputation. It felt like a small project with real personality, and it felt easy to settle into what the game was trying to do. It does enough well that I would recommend it.",True
300674,914620,"I can understand why people like this, but I felt mixed on parts of it. It stayed engaging in shorter sessions, and it felt easy to settle into what the game was trying to do. It is not for everyone, but I can still see the appeal.",False
300675,597230,"I ended up liking this more than I expected. The moment-to-moment gameplay felt sharp, and it felt easy to settle into what the game was trying to do. I would recommend it to the right player.",True
300675,202750,"I had a better time with this than I expected at first. The moment-to-moment gameplay felt sharp, and it felt easy to settle into what the game was trying to do. I can see myself recommending it without much hesitation.",True
300676,282440,"I had a better time with this than I expected at first. The pacing stayed lively, and it felt easy to settle into what the game was trying to do. I would recommend it to the right player.",True
300676,249130,"I ended up liking this more than I expected. The pacing stayed lively, and it felt easy to settle into what the game was trying to do. I would recommend it to the right player.",True
300677,374320,"I had a better time with this than I expected at first. The moment-to-moment gameplay felt sharp, and it felt easy to settle into what the game was trying to do. It does enough well that I would recommend it.",True
300677,248530,"This has some clear strengths, even if it did not fully click for me. The moment-to-moment gameplay felt sharp, and it felt easy to settle into what the game was trying to do. I would only recommend it if the genre already appeals to you.",False
300678,865090,"I had a better time with this than I expected at first. It stayed engaging in shorter sessions, and it felt easy to settle into what the game was trying to do. I would easily suggest it to someone who likes this genre.",True
300678,403190,"I ended up liking this more than I expected. It had a distinct style that made it memorable, and it felt easy to settle into what the game was trying to do. I can see myself recommending it without much hesitation.",True
300679,497640,"This was a strong fit for what I wanted from the genre. The world was easy to get invested in, and it felt easy to settle into what the game was trying to do. I can see myself recommending it without much hesitation.",True
300679,448850,"I ended up liking this more than I expected. The moment-to-moment gameplay felt sharp, and it felt easy to settle into what the game was trying to do. I would recommend it to the right player.",True
300680,409690,"This was a strong fit for what I wanted from the genre. The moment-to-moment gameplay felt sharp, and it felt easy to settle into what the game was trying to do. I can see myself recommending it without much hesitation.",True
300680,203830,"I had a better time with this than I expected at first. The world was easy to get invested in, and it felt easy to settle into what the game was trying to do. I can see myself recommending it without much hesitation.",True
300681,256460,"This has some clear strengths, even if it did not fully click for me. It did a lot with its own identity, and it felt easy to settle into what the game was trying to do. There is enough here to like, even if I would be selective about recommending it.",False
300681,425220,"I had a better time with this than I expected at first. The moment-to-moment gameplay felt sharp, and it felt easy to settle into what the game was trying to do. It does enough well that I would recommend it.",True
300682,209000,"I can see why this game has held onto a good reputation. It stayed engaging in shorter sessions, and it felt easy to settle into what the game was trying to do. I would point other people toward it.",True
300682,994930,"I ended up liking this more than I expected. It captured the competitive feel pretty well, and it felt easy to settle into what the game was trying to do. I would point other people toward it.",True
300683,749250,"This was a strong fit for what I wanted from the genre. The sense of progression worked well, and it felt easy to settle into what the game was trying to do. I would recommend it to the right player.",True
300683,238910,"I ended up liking this more than I expected. It felt like a small project with real personality, and it felt easy to settle into what the game was trying to do. I would recommend it to the right player.",True
300684,406290,"There is a solid game here, though it did not completely win me over. It rewarded patience more than I expected, and it felt easy to settle into what the game was trying to do. I would only recommend it if the genre already appeals to you.",False
300684,223220,"This was a strong fit for what I wanted from the genre. The pacing stayed lively, and it felt easy to settle into what the game was trying to do. I would point other people toward it.",True
300685,363890,"This was a strong fit for what I wanted from the genre. The core loop worked better than I expected, and it felt easy to settle into what the game was trying to do. I would easily suggest it to someone who likes this genre.",True
300685,931500,"I ended up liking this more than I expected. The sense of progression worked well, and it felt easy to settle into what the game was trying to do. It does enough well that I would recommend it.",True
300686,460920,"I had a better time with this than I expected at first. The pacing stayed lively, and it felt easy to settle into what the game was trying to do. I would point other people toward it.",True
300686,24800,"I can see why this game has held onto a good reputation. The systems gave me enough to think about, and it felt easy to settle into what the game was trying to do. I would recommend it to the right player.",True
300687,581320,"There is a solid game here, though it did not completely win me over. The moment-to-moment gameplay felt sharp, and it felt easy to settle into what the game was trying to do. I could still recommend it with the right expectations.",False
300687,94300,"This turned out to be an easy game to recommend. The world was easy to get invested in, and it felt easy to settle into what the game was trying to do. I would easily suggest it to someone who likes this genre.",True
300688,572410,"I can understand why people like this, but I felt mixed on parts of it. It stayed engaging in shorter sessions, and it felt easy to settle into what the game was trying to do. It is not for everyone, but I can still see the appeal.",False
300688,621830,"This was a strong fit for what I wanted from the genre. The driving loop stayed satisfying, and it felt easy to settle into what the game was trying to do. I can see myself recommending it without much hesitation.",True
300689,241240,"I can see why this game has held onto a good reputation. It worked well in short sessions, and it felt easy to settle into what the game was trying to do. It does enough well that I would recommend it.",True
300689,595280,"I can see why this game has held onto a good reputation. The progression systems kept me interested, and it felt easy to settle into what the game was trying to do. I would easily suggest it to someone who likes this genre.",True
300690,219950,"I can see why this game has held onto a good reputation. The sense of progression worked well, and it felt easy to settle into what the game was trying to do. It does enough well that I would recommend it.",True
300690,260790,"I can see why this game has held onto a good reputation. It stayed engaging in shorter sessions, and it felt easy to settle into what the game was trying to do. It does enough well that I would recommend it.",True
300691,558260,"This has some clear strengths, even if it did not fully click for me. The driving loop stayed satisfying, and it felt easy to settle into what the game was trying to do. I can understand the audience for it, even if I am not fully sold.",False
300691,282140,"I can see why this game has held onto a good reputation. The moment-to-moment gameplay felt sharp, and it felt easy to settle into what the game was trying to do. I would point other people toward it.",True
300692,438640,"I can see why this game has held onto a good reputation. The pacing stayed lively, and it felt easy to settle into what the game was trying to do. I can see myself recommending it without much hesitation.",True
300692,548430,"I ended up liking this more than I expected. It stayed engaging in shorter sessions, and it felt easy to settle into what the game was trying to do. It does enough well that I would recommend it.",True
300693,243780,"This has some clear strengths, even if it did not fully click for me. The decisions felt meaningful more often than not, and it felt easy to settle into what the game was trying to do. I would only recommend it if the genre already appeals to you.",False
300693,771060,"I can see why this game has held onto a good reputation. The pacing stayed lively, and it felt easy to settle into what the game was trying to do. I would recommend it to the right player.",True
300694,312660,"This was a strong fit for what I wanted from the genre. It stayed engaging in shorter sessions, and it felt easy to settle into what the game was trying to do. It does enough well that I would recommend it.",True
300694,965310,"I can see why this game has held onto a good reputation. The systems gave me enough to think about, and it felt easy to settle into what the game was trying to do. I can see myself recommending it without much hesitation.",True
300695,269190,"This has some clear strengths, even if it did not fully click for me. The pacing stayed lively, and it felt easy to settle into what the game was trying to do. There is enough here to like, even if I would be selective about recommending it.",False
300695,108710,"This turned out to be an easy game to recommend. It stayed engaging in shorter sessions, and it felt easy to settle into what the game was trying to do. I would recommend it to the right player.",True
300696,346810,"This has some clear strengths, even if it did not fully click for me. It had a distinct style that made it memorable, and it felt easy to settle into what the game was trying to do. There is enough here to like, even if I would be selective about recommending it.",False
300696,567290,"I had a better time with this than I expected at first. The moment-to-moment gameplay felt sharp, and it felt easy to settle into what the game was trying to do. I would easily suggest it to someone who likes this genre.",True
300697,471330,"I can see why this game has held onto a good reputation. It stayed engaging in shorter sessions, and it felt easy to settle into what the game was trying to do. I can see myself recommending it without much hesitation.",True
300697,107410,"I ended up liking this more than I expected. It stayed engaging in shorter sessions, and it felt easy to settle into what the game was trying to do. I would easily suggest it to someone who likes this genre.",True
300698,269650,"I had a better time with this than I expected at first. The moment-to-moment gameplay felt sharp, and it felt easy to settle into what the game was trying to do. I would recommend it to the right player.",True
300698,6810,"This was a strong fit for what I wanted from the genre. The moment-to-moment gameplay felt sharp, and it felt easy to settle into what the game was trying to do. It does enough well that I would recommend it.",True
300699,339800,"I ended up liking this more than I expected. It did a lot with its own identity, and it felt easy to settle into what the game was trying to do. I would point other people toward it.",True
300699,312750,"I can understand why people like this, but I felt mixed on parts of it. Building out a character felt rewarding, and it felt easy to settle into what the game was trying to do. There is enough here to like, even if I would be selective about recommending it.",False
300700,656970,"I can see why this game has held onto a good reputation. The moment-to-moment gameplay felt sharp, and it felt easy to settle into what the game was trying to do. I can see myself recommending it without much hesitation.",True
300700,367670,"I ended up liking this more than I expected. The core loop worked better than I expected, and it felt easy to settle into what the game was trying to do. I would easily suggest it to someone who likes this genre.",True
300701,518580,"I can see why this game has held onto a good reputation. It kept me curious about what came next, and it felt easy to settle into what the game was trying to do. I would recommend it to the right player.",True
300701,484950,"This was a strong fit for what I wanted from the genre. It stayed engaging in shorter sessions, and it felt easy to settle into what the game was trying to do. I would recommend it to the right player.",True
300702,431260,"I can understand why people like this, but I felt mixed on parts of it. It kept me curious about what came next, and it felt easy to settle into what the game was trying to do. I can understand the audience for it, even if I am not fully sold.",False
300702,501790,"This turned out to be an easy game to recommend. The sense of progression worked well, and it felt easy to settle into what the game was trying to do. I would easily suggest it to someone who likes this genre.",True
300703,920680,"I ended up liking this more than I expected. It had a distinct style that made it memorable, and it felt easy to settle into what the game was trying to do. I would recommend it to the right player.",True
300703,798420,"This turned out to be an easy game to recommend. The moment-to-moment gameplay felt sharp, and it felt easy to settle into what the game was trying to do. I can see myself recommending it without much hesitation.",True
300704,620210,"I ended up liking this more than I expected. The world was easy to get invested in, and it felt easy to settle into what the game was trying to do. I can see myself recommending it without much hesitation.",True
300704,397060,"I had a better time with this than I expected at first. The sense of progression worked well, and it felt easy to settle into what the game was trying to do. It does enough well that I would recommend it.",True
300705,415200,"This turned out to be an easy game to recommend. The core mechanics were strong enough to carry it, and it felt easy to settle into what the game was trying to do. I would point other people toward it.",True
300705,601810,"This was a strong fit for what I wanted from the genre. The pacing stayed lively, and it felt easy to settle into what the game was trying to do. I can see myself recommending it without much hesitation.",True
300706,1036950,"I can see why this game has held onto a good reputation. It never felt too demanding to come back to, and it felt easy to settle into what the game was trying to do. I can see myself recommending it without much hesitation.",True
300706,537110,"This was a strong fit for what I wanted from the genre. The sense of progression worked well, and it felt easy to settle into what the game was trying to do. I can see myself recommending it without much hesitation.",True
300707,841770,"This was a strong fit for what I wanted from the genre. Building out a character felt rewarding, and it felt easy to settle into what the game was trying to do. I would point other people toward it.",True
300707,270550,"I ended up liking this more than I expected. The moment-to-moment gameplay felt sharp, and it felt easy to settle into what the game was trying to do. I can see myself recommending it without much hesitation.",True
300708,654050,"I had a better time with this than I expected at first. The pacing stayed lively, and it felt easy to settle into what the game was trying to do. I would recommend it to the right player.",True
300708,601430,"I had a better time with this than I expected at first. It stayed engaging in shorter sessions, and it felt easy to settle into what the game was trying to do. I would easily suggest it to someone who likes this genre.",True
300709,377160,"I had a better time with this than I expected at first. Building out a character felt rewarding, and it felt easy to settle into what the game was trying to do. I would recommend it to the right player.",True
300709,365810,"I ended up liking this more than I expected. The moment-to-moment gameplay felt sharp, and it felt easy to settle into what the game was trying to do. I can see myself recommending it without much hesitation.",True
300710,407980,"I ended up liking this more than I expected. It worked well in short sessions, and it felt easy to settle into what the game was trying to do. I would point other people toward it.",True
300710,420,"This turned out to be an easy game to recommend. It stayed engaging in shorter sessions, and it felt easy to settle into what the game was trying to do. I would easily suggest it to someone who likes this genre.",True
300711,234330,"This turned out to be an easy game to recommend. It never felt too demanding to come back to, and it felt easy to settle into what the game was trying to do. I would point other people toward it.",True
300711,595740,"This was a strong fit for what I wanted from the genre. The pacing stayed lively, and it felt easy to settle into what the game was trying to do. It does enough well that I would recommend it.",True
300712,286000,"I had a better time with this than I expected at first. The pacing stayed lively, and it felt easy to settle into what the game was trying to do. I can see myself recommending it without much hesitation.",True
300712,976010,"This was a strong fit for what I wanted from the genre. It had a distinct style that made it memorable, and it felt easy to settle into what the game was trying to do. It does enough well that I would recommend it.",True
300713,12220,"There is a solid game here, though it did not completely win me over. It stayed engaging in shorter sessions, and it felt easy to settle into what the game was trying to do. I could still recommend it with the right expectations.",False
300713,426790,"I had a better time with this than I expected at first. It kept me curious about what came next, and it felt easy to settle into what the game was trying to do. I would easily suggest it to someone who likes this genre.",True
300714,304410,"This was a strong fit for what I wanted from the genre. It was easy to pick up and enjoy, and it felt easy to settle into what the game was trying to do. I would easily suggest it to someone who likes this genre.",True
300714,242780,"I ended up liking this more than I expected. It kept me curious about what came next, and it felt easy to settle into what the game was trying to do. I would point other people toward it.",True
300715,896890,"I had a better time with this than I expected at first. It felt like a small project with real personality, and it felt easy to settle into what the game was trying to do. I can see myself recommending it without much hesitation.",True
300715,500670,"This turned out to be an easy game to recommend. The moment-to-moment gameplay felt sharp, and it felt easy to settle into what the game was trying to do. I would recommend it to the right player.",True
300716,328760,"This was a strong fit for what I wanted from the genre. It stayed engaging in shorter sessions, and it felt easy to settle into what the game was trying to do. I would easily suggest it to someone who likes this genre.",True
300716,483980,"I ended up liking this more than I expected. It kept me curious about what came next, and it felt easy to settle into what the game was trying to do. I would point other people toward it.",True
300717,949290,"I had a better time with this than I expected at first. It worked well in short sessions, and it felt easy to settle into what the game was trying to do. It does enough well that I would recommend it.",True
300717,113020,"This was a strong fit for what I wanted from the genre. The moment-to-moment gameplay felt sharp, and it felt easy to settle into what the game was trying to do. I would easily suggest it to someone who likes this genre.",True
300718,9900,"This was a strong fit for what I wanted from the genre. The core loop worked better than I expected, and it felt easy to settle into what the game was trying to do. I would recommend it to the right player.",True
300718,612390,"This was a strong fit for what I wanted from the genre. It stayed engaging in shorter sessions, and it felt easy to settle into what the game was trying to do. I would recommend it to the right player.",True
300719,629650,"I can see why this game has held onto a good reputation. The sense of progression worked well, and it felt easy to settle into what the game was trying to do. I would recommend it to the right player.",True
300719,673260,"I liked parts of this, though I do not think it works equally well for everyone. The moment-to-moment gameplay felt sharp, and it felt easy to settle into what the game was trying to do. It is not for everyone, but I can still see the appeal.",False
300720,712730,"I had a better time with this than I expected at first. The sense of progression worked well, and it felt easy to settle into what the game was trying to do. I would easily suggest it to someone who likes this genre.",True
300720,268870,"This has some clear strengths, even if it did not fully click for me. The pacing stayed lively, and it felt easy to settle into what the game was trying to do. I would only recommend it if the genre already appeals to you.",False
300721,336420,"I ended up liking this more than I expected. The pacing stayed lively, and it felt easy to settle into what the game was trying to do. I would point other people toward it.",True
300721,544550,"This has some clear strengths, even if it did not fully click for me. The pacing stayed lively, and it felt easy to settle into what the game was trying to do. It is not for everyone, but I can still see the appeal.",False
300722,472680,"This has some clear strengths, even if it did not fully click for me. The sense of progression worked well, and it felt easy to settle into what the game was trying to do. I would only recommend it if the genre already appeals to you.",False
300722,314000,"This turned out to be an easy game to recommend. It was easy to pick up and enjoy, and it felt easy to settle into what the game was trying to do. I would recommend it to the right player.",True
300723,508900,"I ended up liking this more than I expected. It never felt too demanding to come back to, and it felt easy to settle into what the game was trying to do. I would recommend it to the right player.",True
300723,512300,"I ended up liking this more than I expected. It stayed engaging in shorter sessions, and it felt easy to settle into what the game was trying to do. I can see myself recommending it without much hesitation.",True
300724,881690,"This was a strong fit for what I wanted from the genre. It stayed engaging in shorter sessions, and it felt easy to settle into what the game was trying to do. I can see myself recommending it without much hesitation.",True
300724,633060,"I can understand why people like this, but I felt mixed on parts of it. The sense of progression worked well, and it felt easy to settle into what the game was trying to do. It is not for everyone, but I can still see the appeal.",False
300725,442120,"I had a better time with this than I expected at first. It rewarded patience more than I expected, and it felt easy to settle into what the game was trying to do. I would recommend it to the right player.",True
300725,529520,"This turned out to be an easy game to recommend. The pacing stayed lively, and it felt easy to settle into what the game was trying to do. I would recommend it to the right player.",True
300726,250320,"I ended up liking this more than I expected. It stayed engaging in shorter sessions, and it felt easy to settle into what the game was trying to do. I would recommend it to the right player.",True
300726,422910,"This turned out to be an easy game to recommend. It felt like a small project with real personality, and it felt easy to settle into what the game was trying to do. I would easily suggest it to someone who likes this genre.",True
300727,544330,"I ended up liking this more than I expected. It kept me curious about what came next, and it felt easy to settle into what the game was trying to do. I would recommend it to the right player.",True
300727,313630,"This was a strong fit for what I wanted from the genre. The world was easy to get invested in, and it felt easy to settle into what the game was trying to do. I can see myself recommending it without much hesitation.",True
300728,29800,"This has some clear strengths, even if it did not fully click for me. The pacing stayed lively, and it felt easy to settle into what the game was trying to do. It is not for everyone, but I can still see the appeal.",False
300728,328070,"I ended up liking this more than I expected. The pacing stayed lively, and it felt easy to settle into what the game was trying to do. I would easily suggest it to someone who likes this genre.",True
300729,677160,"I can see why this game has held onto a good reputation. The sense of progression worked well, and it felt easy to settle into what the game was trying to do. I would recommend it to the right player.",True
300729,94590,"I liked parts of this, though I do not think it works equally well for everyone. The pacing stayed lively, and it felt easy to settle into what the game was trying to do. I can understand the audience for it, even if I am not fully sold.",False
300730,375950,"I had a better time with this than I expected at first. It worked well in short sessions, and it felt easy to settle into what the game was trying to do. I would recommend it to the right player.",True
300730,205710,"I can see why this game has held onto a good reputation. It had a clear identity, and it felt easy to settle into what the game was trying to do. I would recommend it to the right player.",True
300731,97000,"I had a better time with this than I expected at first. The moment-to-moment gameplay felt sharp, and it felt easy to settle into what the game was trying to do. I would easily suggest it to someone who likes this genre.",True
300731,32510,"I can see why this game has held onto a good reputation. The pacing stayed lively, and it felt easy to settle into what the game was trying to do. I would recommend it to the right player.",True
300732,228280,"I ended up liking this more than I expected. The sense of progression worked well, and it felt easy to settle into what the game was trying to do. I would recommend it to the right player.",True
300732,422970,"This was a strong fit for what I wanted from the genre. It stayed engaging in shorter sessions, and it felt easy to settle into what the game was trying to do. I would point other people toward it.",True
300733,4920,"I ended up liking this more than I expected. The pacing stayed lively, and it felt easy to settle into what the game was trying to do. I would point other people toward it.",True
300733,42670,"I had a better time with this than I expected at first. It stayed engaging in shorter sessions, and it felt easy to settle into what the game was trying to do. I would easily suggest it to someone who likes this genre.",True
300734,601050,"This turned out to be an easy game to recommend. It stayed engaging in shorter sessions, and it felt easy to settle into what the game was trying to do. I can see myself recommending it without much hesitation.",True
300734,675260,"I can see why this game has held onto a good reputation. It kept me curious about what came next, and it felt easy to settle into what the game was trying to do. I would easily suggest it to someone who likes this genre.",True
300735,359320,"I ended up liking this more than I expected. The moment-to-moment gameplay felt sharp, and it felt easy to settle into what the game was trying to do. I would recommend it to the right player.",True
300735,219190,"I ended up liking this more than I expected. The pacing stayed lively, and it felt easy to settle into what the game was trying to do. I would recommend it to the right player.",True
300736,352720,"This turned out to be an easy game to recommend. It had a distinct style that made it memorable, and it felt easy to settle into what the game was trying to do. I would easily suggest it to someone who likes this genre.",True
300736,521890,"I ended up liking this more than I expected. The sense of progression worked well, and it felt easy to settle into what the game was trying to do. I would point other people toward it.",True
300737,408930,"This was a strong fit for what I wanted from the genre. The core loop worked better than I expected, and it felt easy to settle into what the game was trying to do. I would easily suggest it to someone who likes this genre.",True
300737,307110,"This was a strong fit for what I wanted from the genre. The moment-to-moment gameplay felt sharp, and it felt easy to settle into what the game was trying to do. I would point other people toward it.",True
300738,291650,"I had a better time with this than I expected at first. It gave me enough room to approach things my own way, and it felt easy to settle into what the game was trying to do. I would easily suggest it to someone who likes this genre.",True
300738,507010,"This was a strong fit for what I wanted from the genre. The moment-to-moment gameplay felt sharp, and it felt easy to settle into what the game was trying to do. It does enough well that I would recommend it.",True
300739,80360,"I had a better time with this than I expected at first. It kept me curious about what came next, and it felt easy to settle into what the game was trying to do. I would recommend it to the right player.",True
300739,620220,"This turned out to be an easy game to recommend. The moment-to-moment gameplay felt sharp, and it felt easy to settle into what the game was trying to do. I would recommend it to the right player.",True
300740,222730,"I ended up liking this more than I expected. It had a distinct style that made it memorable, and it felt easy to settle into what the game was trying to do. I would point other people toward it.",True
300740,703700,"This turned out to be an easy game to recommend. It kept me curious about what came next, and it felt easy to settle into what the game was trying to do. It does enough well that I would recommend it.",True
300741,246900,"I ended up liking this more than I expected. It did a lot with its own identity, and it felt easy to settle into what the game was trying to do. I would point other people toward it.",True
300741,475190,"I ended up liking this more than I expected. It kept me curious about what came next, and it felt easy to settle into what the game was trying to do. I would point other people toward it.",True
300742,9180,"This was a strong fit for what I wanted from the genre. It stayed engaging in shorter sessions, and it felt easy to settle into what the game was trying to do. I can see myself recommending it without much hesitation.",True
300742,301190,"This was a strong fit for what I wanted from the genre. The pacing stayed lively, and it felt easy to settle into what the game was trying to do. I would point other people toward it.",True
300743,889600,"I had a better time with this than I expected at first. The progression systems kept me interested, and it felt easy to settle into what the game was trying to do. I would recommend it to the right player.",True
300743,640120,"I had a better time with this than I expected at first. The pacing stayed lively, and it felt easy to settle into what the game was trying to do. I would recommend it to the right player.",True
300744,632000,"I had a better time with this than I expected at first. It never felt too demanding to come back to, and it felt easy to settle into what the game was trying to do. I would recommend it to the right player.",True
300744,268050,"This was a strong fit for what I wanted from the genre. It stayed engaging in shorter sessions, and it felt easy to settle into what the game was trying to do. It does enough well that I would recommend it.",True
300745,258890,"I ended up liking this more than I expected. The pacing stayed lively, and it felt easy to settle into what the game was trying to do. I would point other people toward it.",True
300745,400940,"I ended up liking this more than I expected. The pacing stayed lively, and it felt easy to settle into what the game was trying to do. I would point other people toward it.",True
300746,540840,"I had a better time with this than I expected at first. The world was easy to get invested in, and it felt easy to settle into what the game was trying to do. I would point other people toward it.",True
300746,467820,"This was a strong fit for what I wanted from the genre. The moment-to-moment gameplay felt sharp, and it felt easy to settle into what the game was trying to do. It does enough well that I would recommend it.",True
300747,607260,"This was a strong fit for what I wanted from the genre. It felt like a small project with real personality, and it felt easy to settle into what the game was trying to do. I would point other people toward it.",True
300747,287390,"This was a strong fit for what I wanted from the genre. The pacing stayed lively, and it felt easy to settle into what the game was trying to do. I can see myself recommending it without much hesitation.",True
300748,224980,"This turned out to be an easy game to recommend. The moment-to-moment gameplay felt sharp, and it felt easy to settle into what the game was trying to do. I would easily suggest it to someone who likes this genre.",True
300748,527340,"I ended up liking this more than I expected. The moment-to-moment gameplay felt sharp, and it felt easy to settle into what the game was trying to do. It does enough well that I would recommend it.",True
300749,665490,"This was a strong fit for what I wanted from the genre. It had a clear identity, and it felt easy to settle into what the game was trying to do. I would recommend it to the right player.",True
300749,261110,"This was a strong fit for what I wanted from the genre. The moment-to-moment gameplay felt sharp, and it felt easy to settle into what the game was trying to do. I can see myself recommending it without much hesitation.",True
300750,403180,"This was a strong fit for what I wanted from the genre. The world was easy to get invested in, and it felt easy to settle into what the game was trying to do. It does enough well that I would recommend it.",True
300750,201230,"I can see why this game has held onto a good reputation. The core loop worked better than I expected, and it felt easy to settle into what the game was trying to do. I would easily suggest it to someone who likes this genre.",True
300751,33520,"I had a better time with this than I expected at first. It rewarded patience more than I expected, and it felt easy to settle into what the game was trying to do. I would easily suggest it to someone who likes this genre.",True
300751,787740,"I liked parts of this, though I do not think it works equally well for everyone. It rewarded patience more than I expected, and it felt easy to settle into what the game was trying to do. It is not for everyone, but I can still see the appeal.",False
300752,360730,"This was a strong fit for what I wanted from the genre. The core loop worked better than I expected, and it felt easy to settle into what the game was trying to do. I would point other people toward it.",True
300752,232970,"I can understand why people like this, but I felt mixed on parts of it. The moment-to-moment gameplay felt sharp, and it felt easy to settle into what the game was trying to do. I can understand the audience for it, even if I am not fully sold.",False
300753,640820,"I ended up liking this more than I expected. The sense of progression worked well, and it felt easy to settle into what the game was trying to do. I would easily suggest it to someone who likes this genre.",True
300753,38420,"I can see why this game has held onto a good reputation. The decisions felt meaningful more often than not, and it felt easy to settle into what the game was trying to do. I can see myself recommending it without much hesitation.",True
300754,883100,"I had a better time with this than I expected at first. The moment-to-moment gameplay felt sharp, and it felt easy to settle into what the game was trying to do. I would recommend it to the right player.",True
300754,1043180,"I can see why this game has held onto a good reputation. It was easy to pick up and enjoy, and it felt easy to settle into what the game was trying to do. I would easily suggest it to someone who likes this genre.",True
300755,289620,"I had a better time with this than I expected at first. The moment-to-moment gameplay felt sharp, and it felt easy to settle into what the game was trying to do. I can see myself recommending it without much hesitation.",True
300755,354380,"This turned out to be an easy game to recommend. The pacing stayed lively, and it felt easy to settle into what the game was trying to do. I would recommend it to the right player.",True
300756,365360,"I ended up liking this more than I expected. It felt like a small project with real personality, and it felt easy to settle into what the game was trying to do. It does enough well that I would recommend it.",True
300756,725340,"I ended up liking this more than I expected. It was easy to pick up and enjoy, and it felt easy to settle into what the game was trying to do. I would point other people toward it.",True
300757,791330,"I had a better time with this than I expected at first. The world was easy to get invested in, and it felt easy to settle into what the game was trying to do. I would recommend it to the right player.",True
300757,785740,"I can see why this game has held onto a good reputation. It kept me curious about what came next, and it felt easy to settle into what the game was trying to do. It does enough well that I would recommend it.",True
300758,745850,"This turned out to be an easy game to recommend. It worked well in short sessions, and it felt easy to settle into what the game was trying to do. I can see myself recommending it without much hesitation.",True
300758,891220,"I ended up liking this more than I expected. The moment-to-moment gameplay felt sharp, and it felt easy to settle into what the game was trying to do. I would recommend it to the right player.",True
300759,300820,"This turned out to be an easy game to recommend. The moment-to-moment gameplay felt sharp, and it felt easy to settle into what the game was trying to do. I can see myself recommending it without much hesitation.",True
300759,202710,"I ended up liking this more than I expected. The core loop worked better than I expected, and it felt easy to settle into what the game was trying to do. I would point other people toward it.",True
300760,12140,"This was a strong fit for what I wanted from the genre. The pacing stayed lively, and it felt easy to settle into what the game was trying to do. I would easily suggest it to someone who likes this genre.",True
300760,7660,"I can see why this game has held onto a good reputation. The decisions felt meaningful more often than not, and it felt easy to settle into what the game was trying to do. I would recommend it to the right player.",True
300761,499440,"I had a better time with this than I expected at first. It was easy to pick up and enjoy, and it felt easy to settle into what the game was trying to do. I can see myself recommending it without much hesitation.",True
300761,244210,"I can see why this game has held onto a good reputation. It felt like a small project with real personality, and it felt easy to settle into what the game was trying to do. I would point other people toward it.",True
300762,265890,"This turned out to be an easy game to recommend. It never felt too demanding to come back to, and it felt easy to settle into what the game was trying to do. I would point other people toward it.",True
300762,349500,"I ended up liking this more than I expected. It felt like a small project with real personality, and it felt easy to settle into what the game was trying to do. I would point other people toward it.",True
300763,926520,"I ended up liking this more than I expected. The systems gave me enough to think about, and it felt easy to settle into what the game was trying to do. I would recommend it to the right player.",True
300763,702670,"This turned out to be an easy game to recommend. The world was easy to get invested in, and it felt easy to settle into what the game was trying to do. I would easily suggest it to someone who likes this genre.",True
300764,786520,"I can see why this game has held onto a good reputation. It shows enough promise to be worth watching, and it felt easy to settle into what the game was trying to do. I would point other people toward it.",True
300764,253840,"I can see why this game has held onto a good reputation. The pacing stayed lively, and it felt easy to settle into what the game was trying to do. I would recommend it to the right player.",True
300765,248570,"This turned out to be an easy game to recommend. The moment-to-moment gameplay felt sharp, and it felt easy to settle into what the game was trying to do. I would point other people toward it.",True
300765,576130,"I had a better time with this than I expected at first. The moment-to-moment gameplay felt sharp, and it felt easy to settle into what the game was trying to do. I would point other people toward it.",True
300766,535520,"This was a strong fit for what I wanted from the genre. The moment-to-moment gameplay felt sharp, and it felt easy to settle into what the game was trying to do. I can see myself recommending it without much hesitation.",True
300766,512470,"I had a better time with this than I expected at first. It stayed engaging in shorter sessions, and it felt easy to settle into what the game was trying to do. I would point other people toward it.",True
300767,965300,"This turned out to be an easy game to recommend. The decisions felt meaningful more often than not, and it felt easy to settle into what the game was trying to do. I can see myself recommending it without much hesitation.",True
300767,17740,"This turned out to be an easy game to recommend. The pacing stayed lively, and it felt easy to settle into what the game was trying to do. I can see myself recommending it without much hesitation.",True
300768,323320,"This was a strong fit for what I wanted from the genre. It kept me curious about what came next, and it felt easy to settle into what the game was trying to do. I would point other people toward it.",True
300768,94200,"I had a better time with this than I expected at first. It stayed engaging in shorter sessions, and it felt easy to settle into what the game was trying to do. It does enough well that I would recommend it.",True
300769,422810,"I ended up liking this more than I expected. It stayed engaging in shorter sessions, and it felt easy to settle into what the game was trying to do. I would recommend it to the right player.",True
300769,517790,"This turned out to be an easy game to recommend. It was satisfying to settle into its systems, and it felt easy to settle into what the game was trying to do. I can see myself recommending it without much hesitation.",True
300770,759940,"I can see why this game has held onto a good reputation. It had a distinct style that made it memorable, and it felt easy to settle into what the game was trying to do. I would recommend it to the right player.",True
300770,982580,"I ended up liking this more than I expected. It never felt too demanding to come back to, and it felt easy to settle into what the game was trying to do. I would easily suggest it to someone who likes this genre.",True
300771,452060,"This was a strong fit for what I wanted from the genre. It stayed engaging in shorter sessions, and it felt easy to settle into what the game was trying to do. I would point other people toward it.",True
300771,434030,"I can see why this game has held onto a good reputation. The pacing stayed lively, and it felt easy to settle into what the game was trying to do. I would point other people toward it.",True
300772,268850,"I ended up liking this more than I expected. The core loop worked better than I expected, and it felt easy to settle into what the game was trying to do. It does enough well that I would recommend it.",True
300772,815780,"I can see why this game has held onto a good reputation. It did a lot with its own identity, and it felt easy to settle into what the game was trying to do. I would easily suggest it to someone who likes this genre.",True
300773,255280,"I ended up liking this more than I expected. The world was easy to get invested in, and it felt easy to settle into what the game was trying to do. I would easily suggest it to someone who likes this genre.",True
300773,444090,"I can see why this game has held onto a good reputation. The moment-to-moment gameplay felt sharp, and it felt easy to settle into what the game was trying to do. I would easily suggest it to someone who likes this genre.",True
300774,201290,"This was a strong fit for what I wanted from the genre. It did a lot with its own identity, and it felt easy to settle into what the game was trying to do. I would recommend it to the right player.",True
300774,418190,"This was a strong fit for what I wanted from the genre. It never felt too demanding to come back to, and it felt easy to settle into what the game was trying to do. I would recommend it to the right player.",True
300775,319050,"I can understand why people like this, but I felt mixed on parts of it. It did a lot with its own identity, and it felt easy to settle into what the game was trying to do. There is enough here to like, even if I would be selective about recommending it.",False
300775,588030,"I ended up liking this more than I expected. It kept me curious about what came next, and it felt easy to settle into what the game was trying to do. I can see myself recommending it without much hesitation.",True
300776,325090,"This was a strong fit for what I wanted from the genre. The world was easy to get invested in, and it felt easy to settle into what the game was trying to do. I would easily suggest it to someone who likes this genre.",True
300776,1044450,"I had a better time with this than I expected at first. It worked well in short sessions, and it felt easy to settle into what the game was trying to do. I can see myself recommending it without much hesitation.",True
300777,108800,"I liked parts of this, though I do not think it works equally well for everyone. It stayed engaging in shorter sessions, and it felt easy to settle into what the game was trying to do. I could still recommend it with the right expectations.",False
300777,223710,"This turned out to be an easy game to recommend. The moment-to-moment gameplay felt sharp, and it felt easy to settle into what the game was trying to do. I would easily suggest it to someone who likes this genre.",True
300778,792710,"I ended up liking this more than I expected. The pacing stayed lively, and it felt easy to settle into what the game was trying to do. I would easily suggest it to someone who likes this genre.",True
300778,577230,"I can understand why people like this, but I felt mixed on parts of it. It felt like a small project with real personality, and it felt easy to settle into what the game was trying to do. I would only recommend it if the genre already appeals to you.",False
300779,263620,"I had a better time with this than I expected at first. The moment-to-moment gameplay felt sharp, and it felt easy to settle into what the game was trying to do. I would easily suggest it to someone who likes this genre.",True
300779,274310,"I ended up liking this more than I expected. It did a lot with its own identity, and it felt easy to settle into what the game was trying to do. I can see myself recommending it without much hesitation.",True
300780,17330,"This was a strong fit for what I wanted from the genre. The moment-to-moment gameplay felt sharp, and it felt easy to settle into what the game was trying to do. I would easily suggest it to someone who likes this genre.",True
300780,405710,"There is a solid game here, though it did not completely win me over. It did a lot with its own identity, and it felt easy to settle into what the game was trying to do. I could still recommend it with the right expectations.",False
300781,4890,"I ended up liking this more than I expected. The systems gave me enough to think about, and it felt easy to settle into what the game was trying to do. I would easily suggest it to someone who likes this genre.",True
300781,284050,"I had a better time with this than I expected at first. It kept me curious about what came next, and it felt easy to settle into what the game was trying to do. It does enough well that I would recommend it.",True
300782,401810,"This was a strong fit for what I wanted from the genre. The pacing stayed lively, and it felt easy to settle into what the game was trying to do. I would recommend it to the right player.",True
300782,513510,"I had a better time with this than I expected at first. It stayed engaging in shorter sessions, and it felt easy to settle into what the game was trying to do. I would recommend it to the right player.",True
300783,346900,"There is a solid game here, though it did not completely win me over. It never felt too demanding to come back to, and it felt easy to settle into what the game was trying to do. It is not for everyone, but I can still see the appeal.",False
300783,598060,"I ended up liking this more than I expected. It stayed engaging in shorter sessions, and it felt easy to settle into what the game was trying to do. I would easily suggest it to someone who likes this genre.",True
300784,225320,"This was a strong fit for what I wanted from the genre. The pacing stayed lively, and it felt easy to settle into what the game was trying to do. I would easily suggest it to someone who likes this genre.",True
300784,724300,"I can see why this game has held onto a good reputation. It stayed engaging in shorter sessions, and it felt easy to settle into what the game was trying to do. It does enough well that I would recommend it.",True
300785,489360,"I ended up liking this more than I expected. The moment-to-moment gameplay felt sharp, and it felt easy to settle into what the game was trying to do. I would easily suggest it to someone who likes this genre.",True
300785,585450,"I had a better time with this than I expected at first. The moment-to-moment gameplay felt sharp, and it felt easy to settle into what the game was trying to do. I can see myself recommending it without much hesitation.",True
300786,216890,"This turned out to be an easy game to recommend. It captured the competitive feel pretty well, and it felt easy to settle into what the game was trying to do. I can see myself recommending it without much hesitation.",True
300786,491530,"I ended up liking this more than I expected. It stayed engaging in shorter sessions, and it felt easy to settle into what the game was trying to do. I can see myself recommending it without much hesitation.",True
300787,696480,"This turned out to be an easy game to recommend. It kept me curious about what came next, and it felt easy to settle into what the game was trying to do. It does enough well that I would recommend it.",True
300787,404790,"This turned out to be an easy game to recommend. The core loop worked better than I expected, and it felt easy to settle into what the game was trying to do. I would point other people toward it.",True
300788,706990,"This was decent overall, but I still had a few reservations. The pacing stayed lively, and it felt easy to settle into what the game was trying to do. I could still recommend it with the right expectations.",False
300788,347430,"This was decent overall, but I still had a few reservations. The sense of progression worked well, and it felt easy to settle into what the game was trying to do. It is not for everyone, but I can still see the appeal.",False
300789,38410,"I ended up liking this more than I expected. The progression systems kept me interested, and it felt easy to settle into what the game was trying to do. I can see myself recommending it without much hesitation.",True
300789,1300,"I can see why this game has held onto a good reputation. The moment-to-moment gameplay felt sharp, and it felt easy to settle into what the game was trying to do. I would recommend it to the right player.",True
300790,3720,"I had a better time with this than I expected at first. It rewarded planning in a satisfying way, and it felt easy to settle into what the game was trying to do. I would recommend it to the right player.",True
300790,900270,"I ended up liking this more than I expected. It kept me curious about what came next, and it felt easy to settle into what the game was trying to do. I can see myself recommending it without much hesitation.",True
300791,311800,"This turned out to be an easy game to recommend. The pacing stayed lively, and it felt easy to settle into what the game was trying to do. I would recommend it to the right player.",True
300791,19900,"I can see why this game has held onto a good reputation. The moment-to-moment gameplay felt sharp, and it felt easy to settle into what the game was trying to do. I would recommend it to the right player.",True
300792,468920,"This was a strong fit for what I wanted from the genre. It never felt too demanding to come back to, and it felt easy to settle into what the game was trying to do. It does enough well that I would recommend it.",True
300792,637850,"This was a strong fit for what I wanted from the genre. It kept me curious about what came next, and it felt easy to settle into what the game was trying to do. I can see myself recommending it without much hesitation.",True
300793,294440,"This has some clear strengths, even if it did not fully click for me. It kept me curious about what came next, and it felt easy to settle into what the game was trying to do. There is enough here to like, even if I would be selective about recommending it.",False
300793,886900,"This was decent overall, but I still had a few reservations. It was satisfying to settle into its systems, and it felt easy to settle into what the game was trying to do. I could still recommend it with the right expectations.",False
300794,585840,"I had a better time with this than I expected at first. The world was easy to get invested in, and it felt easy to settle into what the game was trying to do. I would recommend it to the right player.",True
300794,361550,"I had a better time with this than I expected at first. The world was easy to get invested in, and it felt easy to settle into what the game was trying to do. I would point other people toward it.",True
300795,470220,"This turned out to be an easy game to recommend. It never felt too demanding to come back to, and it felt easy to settle into what the game was trying to do. I would easily suggest it to someone who likes this genre.",True
300795,848350,"I ended up liking this more than I expected. The moment-to-moment gameplay felt sharp, and it felt easy to settle into what the game was trying to do. I would point other people toward it.",True
300796,345820,"I can see why this game has held onto a good reputation. The moment-to-moment gameplay felt sharp, and it felt easy to settle into what the game was trying to do. It does enough well that I would recommend it.",True
300796,332950,"I ended up liking this more than I expected. The pacing stayed lively, and it felt easy to settle into what the game was trying to do. I would recommend it to the right player.",True
300797,3700,"I ended up liking this more than I expected. It stayed engaging in shorter sessions, and it felt easy to settle into what the game was trying to do. I would recommend it to the right player.",True
300797,251430,"I ended up liking this more than I expected. The sense of progression worked well, and it felt easy to settle into what the game was trying to do. I would easily suggest it to someone who likes this genre.",True
300798,403950,"This turned out to be an easy game to recommend. It felt like a small project with real personality, and it felt easy to settle into what the game was trying to do. It does enough well that I would recommend it.",True
300798,754150,"I can see why this game has held onto a good reputation. It was easy to pick up and enjoy, and it felt easy to settle into what the game was trying to do. I would easily suggest it to someone who likes this genre.",True
300799,236730,"I had a better time with this than I expected at first. The moment-to-moment gameplay felt sharp, and it felt easy to settle into what the game was trying to do. I would recommend it to the right player.",True
300799,4780,"This turned out to be an easy game to recommend. The decisions felt meaningful more often than not, and it felt easy to settle into what the game was trying to do. I would recommend it to the right player.",True
300800,61520,"I ended up liking this more than I expected. Building out a character felt rewarding, and it felt easy to settle into what the game was trying to do. I can see myself recommending it without much hesitation.",True
300800,227100,"I ended up liking this more than I expected. The pacing stayed lively, and it felt easy to settle into what the game was trying to do. I would recommend it to the right player.",True
300801,979080,"I had a better time with this than I expected at first. The moment-to-moment gameplay felt sharp, and it felt easy to settle into what the game was trying to do. I would recommend it to the right player.",True
300801,736850,"This turned out to be an easy game to recommend. The decisions felt meaningful more often than not, and it felt easy to settle into what the game was trying to do. It does enough well that I would recommend it.",True
300802,355170,"I had a better time with this than I expected at first. It kept me curious about what came next, and it felt easy to settle into what the game was trying to do. I would recommend it to the right player.",True
300802,466110,"I had a better time with this than I expected at first. It stayed engaging in shorter sessions, and it felt easy to settle into what the game was trying to do. It does enough well that I would recommend it.",True
300803,383870,"I ended up liking this more than I expected. The world was easy to get invested in, and it felt easy to settle into what the game was trying to do. It does enough well that I would recommend it.",True
300803,39510,"This turned out to be an easy game to recommend. The moment-to-moment gameplay felt sharp, and it felt easy to settle into what the game was trying to do. I would easily suggest it to someone who likes this genre.",True
300804,280680,"I can see why this game has held onto a good reputation. The core loop worked better than I expected, and it felt easy to settle into what the game was trying to do. I can see myself recommending it without much hesitation.",True
300804,421670,"This turned out to be an easy game to recommend. It had a clear identity, and it felt easy to settle into what the game was trying to do. It does enough well that I would recommend it.",True
300805,747360,"I can see why this game has held onto a good reputation. The world was easy to get invested in, and it felt easy to settle into what the game was trying to do. It does enough well that I would recommend it.",True
300805,388750,"I ended up liking this more than I expected. The moment-to-moment gameplay felt sharp, and it felt easy to settle into what the game was trying to do. I would recommend it to the right player.",True
300806,776960,"I liked parts of this, though I do not think it works equally well for everyone. It stayed engaging in shorter sessions, and it felt easy to settle into what the game was trying to do. It is not for everyone, but I can still see the appeal.",False
300806,776340,"I can see why this game has held onto a good reputation. It was easy to pick up and enjoy, and it felt easy to settle into what the game was trying to do. I can see myself recommending it without much hesitation.",True
300807,603880,"I had a better time with this than I expected at first. The sense of progression worked well, and it felt easy to settle into what the game was trying to do. I can see myself recommending it without much hesitation.",True
300807,613830,"This turned out to be an easy game to recommend. It gave me enough room to approach things my own way, and it felt easy to settle into what the game was trying to do. I would point other people toward it.",True
300808,342200,"I had a better time with this than I expected at first. The moment-to-moment gameplay felt sharp, and it felt easy to settle into what the game was trying to do. I would easily suggest it to someone who likes this genre.",True
300808,361630,"This turned out to be an easy game to recommend. The moment-to-moment gameplay felt sharp, and it felt easy to settle into what the game was trying to do. It does enough well that I would recommend it.",True
300809,634160,"I ended up liking this more than I expected. It worked well in short sessions, and it felt easy to settle into what the game was trying to do. I would easily suggest it to someone who likes this genre.",True
300809,414700,"I had a better time with this than I expected at first. The moment-to-moment gameplay felt sharp, and it felt easy to settle into what the game was trying to do. I would point other people toward it.",True
300810,253290,"This has some clear strengths, even if it did not fully click for me. The pacing stayed lively, and it felt easy to settle into what the game was trying to do. I can understand the audience for it, even if I am not fully sold.",False
300810,638110,"This was a strong fit for what I wanted from the genre. It never felt too demanding to come back to, and it felt easy to settle into what the game was trying to do. I would recommend it to the right player.",True
300811,3480,"I had a better time with this than I expected at first. It worked well in short sessions, and it felt easy to settle into what the game was trying to do. I can see myself recommending it without much hesitation.",True
300811,12360,"I ended up liking this more than I expected. The driving loop stayed satisfying, and it felt easy to settle into what the game was trying to do. I would point other people toward it.",True
300812,648580,"This was a strong fit for what I wanted from the genre. The world was easy to get invested in, and it felt easy to settle into what the game was trying to do. It does enough well that I would recommend it.",True
300812,404540,"This has some clear strengths, even if it did not fully click for me. It stayed engaging in shorter sessions, and it felt easy to settle into what the game was trying to do. I would only recommend it if the genre already appeals to you.",False
300813,595690,"I can see why this game has held onto a good reputation. It did a lot with its own identity, and it felt easy to settle into what the game was trying to do. I would point other people toward it.",True
300813,317250,"I ended up liking this more than I expected. It stayed engaging in shorter sessions, and it felt easy to settle into what the game was trying to do. I would recommend it to the right player.",True
300814,638650,"This turned out to be an easy game to recommend. The progression systems kept me interested, and it felt easy to settle into what the game was trying to do. I would recommend it to the right player.",True
300814,209190,"I ended up liking this more than I expected. The moment-to-moment gameplay felt sharp, and it felt easy to settle into what the game was trying to do. I would recommend it to the right player.",True
300815,774811,"I liked parts of this, though I do not think it works equally well for everyone. It stayed engaging in shorter sessions, and it felt easy to settle into what the game was trying to do. I could still recommend it with the right expectations.",False
300815,360830,"This turned out to be an easy game to recommend. It stayed engaging in shorter sessions, and it felt easy to settle into what the game was trying to do. I would easily suggest it to someone who likes this genre.",True
300816,465240,"This turned out to be an easy game to recommend. The pacing stayed lively, and it felt easy to settle into what the game was trying to do. I would point other people toward it.",True
300816,247430,"I can see why this game has held onto a good reputation. The pacing stayed lively, and it felt easy to settle into what the game was trying to do. I can see myself recommending it without much hesitation.",True
300817,6850,"I ended up liking this more than I expected. It stayed engaging in shorter sessions, and it felt easy to settle into what the game was trying to do. I would point other people toward it.",True
300817,449710,"I ended up liking this more than I expected. It had a distinct style that made it memorable, and it felt easy to settle into what the game was trying to do. I would point other people toward it.",True
300818,934580,"I can see why this game has held onto a good reputation. It had a distinct style that made it memorable, and it felt easy to settle into what the game was trying to do. I would recommend it to the right player.",True
300818,217790,"I ended up liking this more than I expected. The management side had a good rhythm, and it felt easy to settle into what the game was trying to do. It does enough well that I would recommend it.",True
300819,692920,"I liked parts of this, though I do not think it works equally well for everyone. It was easy to pick up and enjoy, and it felt easy to settle into what the game was trying to do. There is enough here to like, even if I would be selective about recommending it.",False
300819,589780,"I had a better time with this than I expected at first. The world was easy to get invested in, and it felt easy to settle into what the game was trying to do. I can see myself recommending it without much hesitation.",True
300820,559610,"I can see why this game has held onto a good reputation. It never felt too demanding to come back to, and it felt easy to settle into what the game was trying to do. It does enough well that I would recommend it.",True
300820,948830,"This was a strong fit for what I wanted from the genre. The sense of progression worked well, and it felt easy to settle into what the game was trying to do. It does enough well that I would recommend it.",True
300821,277450,"I can see why this game has held onto a good reputation. The decisions felt meaningful more often than not, and it felt easy to settle into what the game was trying to do. I would easily suggest it to someone who likes this genre.",True
300821,238260,"I had a better time with this than I expected at first. It had a clear identity, and it felt easy to settle into what the game was trying to do. I would point other people toward it.",True
300822,24670,"This turned out to be an easy game to recommend. The management side had a good rhythm, and it felt easy to settle into what the game was trying to do. I would recommend it to the right player.",True
300822,266390,"This turned out to be an easy game to recommend. It never felt too demanding to come back to, and it felt easy to settle into what the game was trying to do. I can see myself recommending it without much hesitation.",True
300823,70600,"I had a better time with this than I expected at first. The systems gave me enough to think about, and it felt easy to settle into what the game was trying to do. I would point other people toward it.",True
300823,261640,"I can see why this game has held onto a good reputation. The moment-to-moment gameplay felt sharp, and it felt easy to settle into what the game was trying to do. I would recommend it to the right player.",True
300824,879160,"I can see why this game has held onto a good reputation. The moment-to-moment gameplay felt sharp, and it felt easy to settle into what the game was trying to do. I would point other people toward it.",True
300824,882710,"I ended up liking this more than I expected. The pacing stayed lively, and it felt easy to settle into what the game was trying to do. I would easily suggest it to someone who likes this genre.",True
300825,462780,"I can see why this game has held onto a good reputation. It stayed engaging in shorter sessions, and it felt easy to settle into what the game was trying to do. I can see myself recommending it without much hesitation.",True
300825,438180,"I had a better time with this than I expected at first. It stayed engaging in shorter sessions, and it felt easy to settle into what the game was trying to do. I would recommend it to the right player.",True
300826,438490,"This was a strong fit for what I wanted from the genre. The pacing stayed lively, and it felt easy to settle into what the game was trying to do. I would easily suggest it to someone who likes this genre.",True
300826,22230,"I ended up liking this more than I expected. It stayed engaging in shorter sessions, and it felt easy to settle into what the game was trying to do. I would recommend it to the right player.",True
300827,312200,"I can see why this game has held onto a good reputation. The pacing stayed lively, and it felt easy to settle into what the game was trying to do. It does enough well that I would recommend it.",True
300827,666570,"This was a strong fit for what I wanted from the genre. It had a distinct style that made it memorable, and it felt easy to settle into what the game was trying to do. It does enough well that I would recommend it.",True
300828,938220,"I can see why this game has held onto a good reputation. The pacing stayed lively, and it felt easy to settle into what the game was trying to do. I would point other people toward it.",True
300828,577670,"This turned out to be an easy game to recommend. It had a distinct style that made it memorable, and it felt easy to settle into what the game was trying to do. I can see myself recommending it without much hesitation.",True
300829,312280,"This turned out to be an easy game to recommend. It never felt too demanding to come back to, and it felt easy to settle into what the game was trying to do. It does enough well that I would recommend it.",True
300829,331160,"I had a better time with this than I expected at first. The world was easy to get invested in, and it felt easy to settle into what the game was trying to do. I would recommend it to the right player.",True
300830,15520,"This turned out to be an easy game to recommend. The moment-to-moment gameplay felt sharp, and it felt easy to settle into what the game was trying to do. I would recommend it to the right player.",True
300830,381780,"I had a better time with this than I expected at first. The world was easy to get invested in, and it felt easy to settle into what the game was trying to do. I would easily suggest it to someone who likes this genre.",True
300831,253030,"This was a strong fit for what I wanted from the genre. The moment-to-moment gameplay felt sharp, and it felt easy to settle into what the game was trying to do. I can see myself recommending it without much hesitation.",True
300831,732430,"This was a strong fit for what I wanted from the genre. The moment-to-moment gameplay felt sharp, and it felt easy to settle into what the game was trying to do. It does enough well that I would recommend it.",True
300832,264200,"This turned out to be an easy game to recommend. The moment-to-moment gameplay felt sharp, and it felt easy to settle into what the game was trying to do. It does enough well that I would recommend it.",True
300832,765900,"I can understand why people like this, but I felt mixed on parts of it. The sense of progression worked well, and it felt easy to settle into what the game was trying to do. I would only recommend it if the genre already appeals to you.",False
300833,544920,"This was a strong fit for what I wanted from the genre. The moment-to-moment gameplay felt sharp, and it felt easy to settle into what the game was trying to do. It does enough well that I would recommend it.",True
300833,225300,"I can see why this game has held onto a good reputation. It stayed engaging in shorter sessions, and it felt easy to settle into what the game was trying to do. I can see myself recommending it without much hesitation.",True
300834,9050,"This turned out to be an easy game to recommend. It stayed engaging in shorter sessions, and it felt easy to settle into what the game was trying to do. It does enough well that I would recommend it.",True
300834,33180,"There is a solid game here, though it did not completely win me over. The moment-to-moment gameplay felt sharp, and it felt easy to settle into what the game was trying to do. I can understand the audience for it, even if I am not fully sold.",False
300835,674940,"I had a better time with this than I expected at first. The pacing stayed lively, and it felt easy to settle into what the game was trying to do. I can see myself recommending it without much hesitation.",True
300835,562860,"I ended up liking this more than I expected. The pacing stayed lively, and it felt easy to settle into what the game was trying to do. It does enough well that I would recommend it.",True
300836,698780,"I ended up liking this more than I expected. The core loop worked better than I expected, and it felt easy to settle into what the game was trying to do. It does enough well that I would recommend it.",True
300836,397500,"I had a better time with this than I expected at first. It stayed engaging in shorter sessions, and it felt easy to settle into what the game was trying to do. It does enough well that I would recommend it.",True
300837,399810,"I had a better time with this than I expected at first. It kept me curious about what came next, and it felt easy to settle into what the game was trying to do. I would recommend it to the right player.",True
300837,7110,"I ended up liking this more than I expected. It gave me enough room to approach things my own way, and it felt easy to settle into what the game was trying to do. I would recommend it to the right player.",True
300838,509420,"This turned out to be an easy game to recommend. The pacing stayed lively, and it felt easy to settle into what the game was trying to do. I can see myself recommending it without much hesitation.",True
300838,420790,"This was a strong fit for what I wanted from the genre. The pacing stayed lively, and it felt easy to settle into what the game was trying to do. I would recommend it to the right player.",True
300839,23450,"This was a strong fit for what I wanted from the genre. The management side had a good rhythm, and it felt easy to settle into what the game was trying to do. I would easily suggest it to someone who likes this genre.",True
300839,40390,"There is a solid game here, though it did not completely win me over. Building out a character felt rewarding, and it felt easy to settle into what the game was trying to do. I would only recommend it if the genre already appeals to you.",False
300840,15170,"I had a better time with this than I expected at first. The decisions felt meaningful more often than not, and it felt easy to settle into what the game was trying to do. It does enough well that I would recommend it.",True
300840,464350,"This was a strong fit for what I wanted from the genre. It did a lot with its own identity, and it felt easy to settle into what the game was trying to do. It does enough well that I would recommend it.",True
300841,218620,"I liked parts of this, though I do not think it works equally well for everyone. It stayed engaging in shorter sessions, and it felt easy to settle into what the game was trying to do. There is enough here to like, even if I would be selective about recommending it.",False
300841,211500,"I can see why this game has held onto a good reputation. The core loop worked better than I expected, and it felt easy to settle into what the game was trying to do. I would easily suggest it to someone who likes this genre.",True
300842,587220,"This turned out to be an easy game to recommend. It stayed engaging in shorter sessions, and it felt easy to settle into what the game was trying to do. I can see myself recommending it without much hesitation.",True
300842,6870,"This was a strong fit for what I wanted from the genre. The moment-to-moment gameplay felt sharp, and it felt easy to settle into what the game was trying to do. I would recommend it to the right player.",True
300843,418650,"This was a strong fit for what I wanted from the genre. It stayed engaging in shorter sessions, and it felt easy to settle into what the game was trying to do. I would easily suggest it to someone who likes this genre.",True
300843,2390,"I ended up liking this more than I expected. The pacing stayed lively, and it felt easy to settle into what the game was trying to do. I would recommend it to the right player.",True
300844,409850,"This was a strong fit for what I wanted from the genre. It gave me enough room to approach things my own way, and it felt easy to settle into what the game was trying to do. I would recommend it to the right player.",True
300844,232430,"There is a solid game here, though it did not completely win me over. The sense of progression worked well, and it felt easy to settle into what the game was trying to do. I could still recommend it with the right expectations.",False
300845,299720,"I ended up liking this more than I expected. It worked well in short sessions, and it felt easy to settle into what the game was trying to do. It does enough well that I would recommend it.",True
300845,618950,"This was a strong fit for what I wanted from the genre. It kept me curious about what came next, and it felt easy to settle into what the game was trying to do. I would recommend it to the right player.",True
300846,587000,"I can see why this game has held onto a good reputation. It stayed engaging in shorter sessions, and it felt easy to settle into what the game was trying to do. I would point other people toward it.",True
300846,3710,"I can see why this game has held onto a good reputation. It stayed engaging in shorter sessions, and it felt easy to settle into what the game was trying to do. It does enough well that I would recommend it.",True
300847,402880,"I had a better time with this than I expected at first. The pacing stayed lively, and it felt easy to settle into what the game was trying to do. I can see myself recommending it without much hesitation.",True
300847,22000,"This was a strong fit for what I wanted from the genre. It felt like a small project with real personality, and it felt easy to settle into what the game was trying to do. I can see myself recommending it without much hesitation.",True
300848,952860,"I ended up liking this more than I expected. The world was easy to get invested in, and it felt easy to settle into what the game was trying to do. It does enough well that I would recommend it.",True
300848,346750,"I can see why this game has held onto a good reputation. It was easy to pick up and enjoy, and it felt easy to settle into what the game was trying to do. I can see myself recommending it without much hesitation.",True
300849,4880,"This has some clear strengths, even if it did not fully click for me. It rewarded planning in a satisfying way, and it felt easy to settle into what the game was trying to do. It is not for everyone, but I can still see the appeal.",False
300849,980300,"This was a strong fit for what I wanted from the genre. It stayed engaging in shorter sessions, and it felt easy to settle into what the game was trying to do. I would point other people toward it.",True
300850,610360,"This turned out to be an easy game to recommend. It never felt too demanding to come back to, and it felt easy to settle into what the game was trying to do. I can see myself recommending it without much hesitation.",True
300850,274290,"I can understand why people like this, but I felt mixed on parts of it. The sense of progression worked well, and it felt easy to settle into what the game was trying to do. I would only recommend it if the genre already appeals to you.",False
300851,260410,"I liked parts of this, though I do not think it works equally well for everyone. It worked well in short sessions, and it felt easy to settle into what the game was trying to do. I can understand the audience for it, even if I am not fully sold.",False
300851,3020,"This turned out to be an easy game to recommend. It stayed engaging in shorter sessions, and it felt easy to settle into what the game was trying to do. It does enough well that I would recommend it.",True
300852,425210,"I can see why this game has held onto a good reputation. The pacing stayed lively, and it felt easy to settle into what the game was trying to do. It does enough well that I would recommend it.",True
300852,876650,"This was a strong fit for what I wanted from the genre. It kept me curious about what came next, and it felt easy to settle into what the game was trying to do. It does enough well that I would recommend it.",True
300853,339120,"This turned out to be an easy game to recommend. The pacing stayed lively, and it felt easy to settle into what the game was trying to do. I would easily suggest it to someone who likes this genre.",True
300853,299680,"This turned out to be an easy game to recommend. It kept me curious about what came next, and it felt easy to settle into what the game was trying to do. I would easily suggest it to someone who likes this genre.",True
300854,672680,"This has some clear strengths, even if it did not fully click for me. The core loop worked better than I expected, and it felt easy to settle into what the game was trying to do. I can understand the audience for it, even if I am not fully sold.",False
300854,314660,"I can see why this game has held onto a good reputation. It stayed engaging in shorter sessions, and it felt easy to settle into what the game was trying to do. I would recommend it to the right player.",True
300855,17480,"I ended up liking this more than I expected. It rewarded planning in a satisfying way, and it felt easy to settle into what the game was trying to do. It does enough well that I would recommend it.",True
300855,268130,"I ended up liking this more than I expected. The pacing stayed lively, and it felt easy to settle into what the game was trying to do. I would easily suggest it to someone who likes this genre.",True
300856,568320,"I can see why this game has held onto a good reputation. It was easy to pick up and enjoy, and it felt easy to settle into what the game was trying to do. I would easily suggest it to someone who likes this genre.",True
300856,839450,"I ended up liking this more than I expected. It kept me curious about what came next, and it felt easy to settle into what the game was trying to do. I can see myself recommending it without much hesitation.",True
300857,21100,"I ended up liking this more than I expected. The moment-to-moment gameplay felt sharp, and it felt easy to settle into what the game was trying to do. I would easily suggest it to someone who likes this genre.",True
300857,254460,"This turned out to be an easy game to recommend. The pacing stayed lively, and it felt easy to settle into what the game was trying to do. I would recommend it to the right player.",True
300858,368620,"I ended up liking this more than I expected. It stayed engaging in shorter sessions, and it felt easy to settle into what the game was trying to do. I would easily suggest it to someone who likes this genre.",True
300858,13140,"I ended up liking this more than I expected. The moment-to-moment gameplay felt sharp, and it felt easy to settle into what the game was trying to do. I would point other people toward it.",True
300859,8000,"I had a better time with this than I expected at first. It stayed engaging in shorter sessions, and it felt easy to settle into what the game was trying to do. It does enough well that I would recommend it.",True
300859,730,"This turned out to be an easy game to recommend. It had a clear identity, and it felt easy to settle into what the game was trying to do. I can see myself recommending it without much hesitation.",True
300860,218410,"I ended up liking this more than I expected. It felt like a small project with real personality, and it felt easy to settle into what the game was trying to do. I can see myself recommending it without much hesitation.",True
300860,694500,"This was a strong fit for what I wanted from the genre. The pacing stayed lively, and it felt easy to settle into what the game was trying to do. I would point other people toward it.",True
300861,228960,"This was a strong fit for what I wanted from the genre. It had a distinct style that made it memorable, and it felt easy to settle into what the game was trying to do. It does enough well that I would recommend it.",True
300861,717610,"I can see why this game has held onto a good reputation. The sense of progression worked well, and it felt easy to settle into what the game was trying to do. I would recommend it to the right player.",True
300862,648390,"I can see why this game has held onto a good reputation. It kept me curious about what came next, and it felt easy to settle into what the game was trying to do. I would easily suggest it to someone who likes this genre.",True
300862,301150,"I can see why this game has held onto a good reputation. It kept me curious about what came next, and it felt easy to settle into what the game was trying to do. I would recommend it to the right player.",True
300863,886040,"There is a solid game here, though it did not completely win me over. It never felt too demanding to come back to, and it felt easy to settle into what the game was trying to do. It is not for everyone, but I can still see the appeal.",False
300863,342300,"This turned out to be an easy game to recommend. The pacing stayed lively, and it felt easy to settle into what the game was trying to do. I would recommend it to the right player.",True
300864,272270,"I can see why this game has held onto a good reputation. The sense of progression worked well, and it felt easy to settle into what the game was trying to do. I would recommend it to the right player.",True
300864,1037190,"This was decent overall, but I still had a few reservations. The moment-to-moment gameplay felt sharp, and it felt easy to settle into what the game was trying to do. It is not for everyone, but I can still see the appeal.",False
300865,265330,"This was a strong fit for what I wanted from the genre. It kept me curious about what came next, and it felt easy to settle into what the game was trying to do. I can see myself recommending it without much hesitation.",True
300865,987900,"I can see why this game has held onto a good reputation. It kept me curious about what came next, and it felt easy to settle into what the game was trying to do. I would easily suggest it to someone who likes this genre.",True
300866,896590,"This turned out to be an easy game to recommend. It stayed engaging in shorter sessions, and it felt easy to settle into what the game was trying to do. I would easily suggest it to someone who likes this genre.",True
300866,39670,"This was a strong fit for what I wanted from the genre. It stayed engaging in shorter sessions, and it felt easy to settle into what the game was trying to do. I would easily suggest it to someone who likes this genre.",True
300867,431540,"This turned out to be an easy game to recommend. It kept me curious about what came next, and it felt easy to settle into what the game was trying to do. I would easily suggest it to someone who likes this genre.",True
300867,510420,"I can see why this game has held onto a good reputation. It felt like a small project with real personality, and it felt easy to settle into what the game was trying to do. I can see myself recommending it without much hesitation.",True
300868,885150,"This was a strong fit for what I wanted from the genre. The moment-to-moment gameplay felt sharp, and it felt easy to settle into what the game was trying to do. I can see myself recommending it without much hesitation.",True
300868,268910,"I had a better time with this than I expected at first. The core loop worked better than I expected, and it felt easy to settle into what the game was trying to do. It does enough well that I would recommend it.",True
300869,313020,"This turned out to be an easy game to recommend. The world was easy to get invested in, and it felt easy to settle into what the game was trying to do. I can see myself recommending it without much hesitation.",True
300869,283940,"This was a strong fit for what I wanted from the genre. The world was easy to get invested in, and it felt easy to settle into what the game was trying to do. I would point other people toward it.",True
300870,573320,"I can see why this game has held onto a good reputation. The sense of progression worked well, and it felt easy to settle into what the game was trying to do. It does enough well that I would recommend it.",True
300870,98300,"I ended up liking this more than I expected. It stayed engaging in shorter sessions, and it felt easy to settle into what the game was trying to do. I would easily suggest it to someone who likes this genre.",True
300871,302380,"This was a strong fit for what I wanted from the genre. It was easy to pick up and enjoy, and it felt easy to settle into what the game was trying to do. I would easily suggest it to someone who likes this genre.",True
300871,733070,"I can see why this game has held onto a good reputation. It never felt too demanding to come back to, and it felt easy to settle into what the game was trying to do. I can see myself recommending it without much hesitation.",True
300872,4760,"I ended up liking this more than I expected. The systems gave me enough to think about, and it felt easy to settle into what the game was trying to do. I would easily suggest it to someone who likes this genre.",True
300872,447530,"I had a better time with this than I expected at first. It kept me curious about what came next, and it felt easy to settle into what the game was trying to do. I can see myself recommending it without much hesitation.",True
300873,431600,"I had a better time with this than I expected at first. It was easy to jump in and start having fun, and it felt easy to settle into what the game was trying to do. I would easily suggest it to someone who likes this genre.",True
300873,408650,"I had a better time with this than I expected at first. The pacing stayed lively, and it felt easy to settle into what the game was trying to do. I would recommend it to the right player.",True
300874,242680,"I had a better time with this than I expected at first. It stayed engaging in shorter sessions, and it felt easy to settle into what the game was trying to do. I would point other people toward it.",True
300874,434520,"I can see why this game has held onto a good reputation. The core loop worked better than I expected, and it felt easy to settle into what the game was trying to do. I would point other people toward it.",True
300875,8930,"I had a better time with this than I expected at first. The decisions felt meaningful more often than not, and it felt easy to settle into what the game was trying to do. I would point other people toward it.",True
300875,339190,"This turned out to be an easy game to recommend. The sense of progression worked well, and it felt easy to settle into what the game was trying to do. It does enough well that I would recommend it.",True
300876,360,"This was a strong fit for what I wanted from the genre. The moment-to-moment gameplay felt sharp, and it felt easy to settle into what the game was trying to do. I can see myself recommending it without much hesitation.",True
300876,265990,"I can see why this game has held onto a good reputation. It did a lot with its own identity, and it felt easy to settle into what the game was trying to do. I would point other people toward it.",True
300877,647960,"I can see why this game has held onto a good reputation. It had a distinct style that made it memorable, and it felt easy to settle into what the game was trying to do. It does enough well that I would recommend it.",True
300877,420530,"This was a strong fit for what I wanted from the genre. It kept me curious about what came next, and it felt easy to settle into what the game was trying to do. I would easily suggest it to someone who likes this genre.",True
300878,729660,"I can see why this game has held onto a good reputation. The pacing stayed lively, and it felt easy to settle into what the game was trying to do. I would point other people toward it.",True
300878,252110,"I can see why this game has held onto a good reputation. It stayed engaging in shorter sessions, and it felt easy to settle into what the game was trying to do. It does enough well that I would recommend it.",True
300879,404200,"I had a better time with this than I expected at first. Building out a character felt rewarding, and it felt easy to settle into what the game was trying to do. It does enough well that I would recommend it.",True
300879,282530,"This turned out to be an easy game to recommend. It stayed engaging in shorter sessions, and it felt easy to settle into what the game was trying to do. It does enough well that I would recommend it.",True
300880,296570,"I can see why this game has held onto a good reputation. Building out a character felt rewarding, and it felt easy to settle into what the game was trying to do. I would point other people toward it.",True
300880,336140,"This turned out to be an easy game to recommend. The sense of progression worked well, and it felt easy to settle into what the game was trying to do. I can see myself recommending it without much hesitation.",True
300881,301640,"I can see why this game has held onto a good reputation. The pacing stayed lively, and it felt easy to settle into what the game was trying to do. I would easily suggest it to someone who likes this genre.",True
300881,383080,"I had a better time with this than I expected at first. It was easy to pick up and enjoy, and it felt easy to settle into what the game was trying to do. I would easily suggest it to someone who likes this genre.",True
300882,407810,"I ended up liking this more than I expected. The pacing stayed lively, and it felt easy to settle into what the game was trying to do. It does enough well that I would recommend it.",True
300882,379980,"This was a strong fit for what I wanted from the genre. It kept me curious about what came next, and it felt easy to settle into what the game was trying to do. I would recommend it to the right player.",True
300883,9010,"I ended up liking this more than I expected. The moment-to-moment gameplay felt sharp, and it felt easy to settle into what the game was trying to do. It does enough well that I would recommend it.",True
300883,308420,"I ended up liking this more than I expected. The pacing stayed lively, and it felt easy to settle into what the game was trying to do. I would point other people toward it.",True
300884,871930,"I had a better time with this than I expected at first. It felt like a small project with real personality, and it felt easy to settle into what the game was trying to do. It does enough well that I would recommend it.",True
300884,758870,"This turned out to be an easy game to recommend. It kept me curious about what came next, and it felt easy to settle into what the game was trying to do. I would recommend it to the right player.",True
300885,847360,"I can see why this game has held onto a good reputation. The pacing stayed lively, and it felt easy to settle into what the game was trying to do. I would easily suggest it to someone who likes this genre.",True
300885,275850,"There is a solid game here, though it did not completely win me over. The pacing stayed lively, and it felt easy to settle into what the game was trying to do. It is not for everyone, but I can still see the appeal.",False
300886,415480,"I can see why this game has held onto a good reputation. The progression systems kept me interested, and it felt easy to settle into what the game was trying to do. I can see myself recommending it without much hesitation.",True
300886,459160,"I can see why this game has held onto a good reputation. It had a clear identity, and it felt easy to settle into what the game was trying to do. It does enough well that I would recommend it.",True
300887,525480,"I ended up liking this more than I expected. It gave me enough room to approach things my own way, and it felt easy to settle into what the game was trying to do. I would easily suggest it to someone who likes this genre.",True
300887,604330,"I had a better time with this than I expected at first. The world was easy to get invested in, and it felt easy to settle into what the game was trying to do. I would point other people toward it.",True
300888,301970,"This turned out to be an easy game to recommend. The pacing stayed lively, and it felt easy to settle into what the game was trying to do. It does enough well that I would recommend it.",True
300888,564710,"This turned out to be an easy game to recommend. It never felt too demanding to come back to, and it felt easy to settle into what the game was trying to do. I would point other people toward it.",True
300889,25000,"This turned out to be an easy game to recommend. The moment-to-moment gameplay felt sharp, and it felt easy to settle into what the game was trying to do. I can see myself recommending it without much hesitation.",True
300889,355050,"I can see why this game has held onto a good reputation. The pacing stayed lively, and it felt easy to settle into what the game was trying to do. I can see myself recommending it without much hesitation.",True
300890,967050,"I ended up liking this more than I expected. The pacing stayed lively, and it felt easy to settle into what the game was trying to do. It does enough well that I would recommend it.",True
300890,897820,"This has some clear strengths, even if it did not fully click for me. It kept me curious about what came next, and it felt easy to settle into what the game was trying to do. I can understand the audience for it, even if I am not fully sold.",False
300891,15370,"I had a better time with this than I expected at first. The systems gave me enough to think about, and it felt easy to settle into what the game was trying to do. I would recommend it to the right player.",True
300891,334210,"This was a strong fit for what I wanted from the genre. It stayed engaging in shorter sessions, and it felt easy to settle into what the game was trying to do. I would point other people toward it.",True
300892,49600,"This was a strong fit for what I wanted from the genre. The moment-to-moment gameplay felt sharp, and it felt easy to settle into what the game was trying to do. I would point other people toward it.",True
300892,234270,"I can see why this game has held onto a good reputation. The sense of progression worked well, and it felt easy to settle into what the game was trying to do. I can see myself recommending it without much hesitation.",True
300893,16900,"This turned out to be an easy game to recommend. The moment-to-moment gameplay felt sharp, and it felt easy to settle into what the game was trying to do. It does enough well that I would recommend it.",True
300893,654900,"I had a better time with this than I expected at first. It was easy to pick up and enjoy, and it felt easy to settle into what the game was trying to do. It does enough well that I would recommend it.",True
300894,282590,"I had a better time with this than I expected at first. It did a lot with its own identity, and it felt easy to settle into what the game was trying to do. I would point other people toward it.",True
300894,259550,"I ended up liking this more than I expected. The world was easy to get invested in, and it felt easy to settle into what the game was trying to do. I would point other people toward it.",True
300895,207320,"I ended up liking this more than I expected. It stayed engaging in shorter sessions, and it felt easy to settle into what the game was trying to do. I would recommend it to the right player.",True
300895,38720,"I can see why this game has held onto a good reputation. It was easy to pick up and enjoy, and it felt easy to settle into what the game was trying to do. I would easily suggest it to someone who likes this genre.",True
300896,307640,"There is a solid game here, though it did not completely win me over. It gave me enough room to approach things my own way, and it felt easy to settle into what the game was trying to do. There is enough here to like, even if I would be selective about recommending it.",False
300896,434210,"I had a better time with this than I expected at first. It was easy to pick up and enjoy, and it felt easy to settle into what the game was trying to do. I can see myself recommending it without much hesitation.",True
300897,673800,"This was a strong fit for what I wanted from the genre. It worked well in short sessions, and it felt easy to settle into what the game was trying to do. I would recommend it to the right player.",True
300897,410890,"This was a strong fit for what I wanted from the genre. It kept me curious about what came next, and it felt easy to settle into what the game was trying to do. It does enough well that I would recommend it.",True
300898,995050,"This turned out to be an easy game to recommend. The pacing stayed lively, and it felt easy to settle into what the game was trying to do. I would recommend it to the right player.",True
300898,412740,"This was a strong fit for what I wanted from the genre. It did a lot with its own identity, and it felt easy to settle into what the game was trying to do. I can see myself recommending it without much hesitation.",True
300899,392580,"This turned out to be an easy game to recommend. It stayed engaging in shorter sessions, and it felt easy to settle into what the game was trying to do. I would easily suggest it to someone who likes this genre.",True
300899,635940,"There is a solid game here, though it did not completely win me over. It kept me curious about what came next, and it felt easy to settle into what the game was trying to do. I can understand the audience for it, even if I am not fully sold.",False
300900,311770,"I can see why this game has held onto a good reputation. It stayed engaging in shorter sessions, and it felt easy to settle into what the game was trying to do. It does enough well that I would recommend it.",True
300900,517910,"I can see why this game has held onto a good reputation. The world was easy to get invested in, and it felt easy to settle into what the game was trying to do. I can see myself recommending it without much hesitation.",True
300901,1049800,"This was a strong fit for what I wanted from the genre. The moment-to-moment gameplay felt sharp, and it felt easy to settle into what the game was trying to do. I would point other people toward it.",True
300901,939620,"This was a strong fit for what I wanted from the genre. It was easy to pick up and enjoy, and it felt easy to settle into what the game was trying to do. I would easily suggest it to someone who likes this genre.",True
300902,4770,"I ended up liking this more than I expected. The systems gave me enough to think about, and it felt easy to settle into what the game was trying to do. I would easily suggest it to someone who likes this genre.",True
300902,531510,"I can see why this game has held onto a good reputation. The pacing stayed lively, and it felt easy to settle into what the game was trying to do. I can see myself recommending it without much hesitation.",True
300903,296240,"I had a better time with this than I expected at first. The sense of progression worked well, and it felt easy to settle into what the game was trying to do. I would easily suggest it to someone who likes this genre.",True
300903,278890,"This was a strong fit for what I wanted from the genre. The moment-to-moment gameplay felt sharp, and it felt easy to settle into what the game was trying to do. I would point other people toward it.",True
300904,720250,"I had a better time with this than I expected at first. It had a distinct style that made it memorable, and it felt easy to settle into what the game was trying to do. It does enough well that I would recommend it.",True
300904,201210,"I had a better time with this than I expected at first. The core loop worked better than I expected, and it felt easy to settle into what the game was trying to do. I would point other people toward it.",True
300905,39500,"I can see why this game has held onto a good reputation. The pacing stayed lively, and it felt easy to settle into what the game was trying to do. It does enough well that I would recommend it.",True
300905,250110,"I can see why this game has held onto a good reputation. The moment-to-moment gameplay felt sharp, and it felt easy to settle into what the game was trying to do. It does enough well that I would recommend it.",True
300906,603960,"I ended up liking this more than I expected. The pacing stayed lively, and it felt easy to settle into what the game was trying to do. I would point other people toward it.",True
300906,356430,"I ended up liking this more than I expected. The management side had a good rhythm, and it felt easy to settle into what the game was trying to do. I would easily suggest it to someone who likes this genre.",True
300907,289520,"This was a strong fit for what I wanted from the genre. It gave me enough room to approach things my own way, and it felt easy to settle into what the game was trying to do. I would easily suggest it to someone who likes this genre.",True
300907,363930,"This was a strong fit for what I wanted from the genre. The pacing stayed lively, and it felt easy to settle into what the game was trying to do. I would easily suggest it to someone who likes this genre.",True
300908,764050,"I ended up liking this more than I expected. The pacing stayed lively, and it felt easy to settle into what the game was trying to do. It does enough well that I would recommend it.",True
300908,307780,"I can see why this game has held onto a good reputation. The moment-to-moment gameplay felt sharp, and it felt easy to settle into what the game was trying to do. I would point other people toward it.",True
300909,834280,"This turned out to be an easy game to recommend. It was easy to pick up and enjoy, and it felt easy to settle into what the game was trying to do. It does enough well that I would recommend it.",True
300909,555220,"This turned out to be an easy game to recommend. It kept me curious about what came next, and it felt easy to settle into what the game was trying to do. I can see myself recommending it without much hesitation.",True
300910,298600,"I ended up liking this more than I expected. The pacing stayed lively, and it felt easy to settle into what the game was trying to do. I can see myself recommending it without much hesitation.",True
300910,764300,"I had a better time with this than I expected at first. The moment-to-moment gameplay felt sharp, and it felt easy to settle into what the game was trying to do. I would point other people toward it.",True
300911,326480,"I can see why this game has held onto a good reputation. The world was easy to get invested in, and it felt easy to settle into what the game was trying to do. I would recommend it to the right player.",True
300911,486650,"I ended up liking this more than I expected. It stayed engaging in shorter sessions, and it felt easy to settle into what the game was trying to do. I would point other people toward it.",True
300912,775900,"I ended up liking this more than I expected. It was easy to jump in and start having fun, and it felt easy to settle into what the game was trying to do. It does enough well that I would recommend it.",True
300912,949060,"I can see why this game has held onto a good reputation. It never felt too demanding to come back to, and it felt easy to settle into what the game was trying to do. I would easily suggest it to someone who likes this genre.",True
300913,348360,"I ended up liking this more than I expected. It never felt too demanding to come back to, and it felt easy to settle into what the game was trying to do. It does enough well that I would recommend it.",True
300913,630310,"I ended up liking this more than I expected. The pacing stayed lively, and it felt easy to settle into what the game was trying to do. I would easily suggest it to someone who likes this genre.",True
300914,6080,"This turned out to be an easy game to recommend. The moment-to-moment gameplay felt sharp, and it felt easy to settle into what the game was trying to do. I can see myself recommending it without much hesitation.",True
300914,260570,"I had a better time with this than I expected at first. It kept me curious about what came next, and it felt easy to settle into what the game was trying to do. It does enough well that I would recommend it.",True
300915,233860,"This was a strong fit for what I wanted from the genre. The moment-to-moment gameplay felt sharp, and it felt easy to settle into what the game was trying to do. I would point other people toward it.",True
300915,738540,"There is a solid game here, though it did not completely win me over. It gave me enough room to approach things my own way, and it felt easy to settle into what the game was trying to do. There is enough here to like, even if I would be selective about recommending it.",False
300916,427520,"I had a better time with this than I expected at first. It was easy to pick up and enjoy, and it felt easy to settle into what the game was trying to do. It does enough well that I would recommend it.",True
300916,345390,"This was a strong fit for what I wanted from the genre. The world was easy to get invested in, and it felt easy to settle into what the game was trying to do. I can see myself recommending it without much hesitation.",True
300917,923470,"I ended up liking this more than I expected. It stayed engaging in shorter sessions, and it felt easy to settle into what the game was trying to do. I can see myself recommending it without much hesitation.",True
300917,317470,"This turned out to be an easy game to recommend. It stayed engaging in shorter sessions, and it felt easy to settle into what the game was trying to do. It does enough well that I would recommend it.",True
300918,12210,"I ended up liking this more than I expected. It stayed engaging in shorter sessions, and it felt easy to settle into what the game was trying to do. I can see myself recommending it without much hesitation.",True
300918,402020,"This turned out to be an easy game to recommend. The world was easy to get invested in, and it felt easy to settle into what the game was trying to do. I would point other people toward it.",True
300919,936160,"I can see why this game has held onto a good reputation. It gave me enough room to approach things my own way, and it felt easy to settle into what the game was trying to do. It does enough well that I would recommend it.",True
300919,334540,"This was a strong fit for what I wanted from the genre. The pacing stayed lively, and it felt easy to settle into what the game was trying to do. I can see myself recommending it without much hesitation.",True
300920,787480,"I ended up liking this more than I expected. The world was easy to get invested in, and it felt easy to settle into what the game was trying to do. I would easily suggest it to someone who likes this genre.",True
300920,373420,"I can see why this game has held onto a good reputation. The sense of progression worked well, and it felt easy to settle into what the game was trying to do. I can see myself recommending it without much hesitation.",True
300921,285920,"This turned out to be an easy game to recommend. The moment-to-moment gameplay felt sharp, and it felt easy to settle into what the game was trying to do. I can see myself recommending it without much hesitation.",True
300921,498330,"This turned out to be an easy game to recommend. It kept me curious about what came next, and it felt easy to settle into what the game was trying to do. I would point other people toward it.",True
300922,404680,"This was a strong fit for what I wanted from the genre. The pacing stayed lively, and it felt easy to settle into what the game was trying to do. I would easily suggest it to someone who likes this genre.",True
300922,398000,"This turned out to be an easy game to recommend. It stayed engaging in shorter sessions, and it felt easy to settle into what the game was trying to do. I would recommend it to the right player.",True
300923,698640,"This was a strong fit for what I wanted from the genre. It had a distinct style that made it memorable, and it felt easy to settle into what the game was trying to do. I would point other people toward it.",True
300923,32370,"This was a strong fit for what I wanted from the genre. The world was easy to get invested in, and it felt easy to settle into what the game was trying to do. I can see myself recommending it without much hesitation.",True
300924,731490,"I can understand why people like this, but I felt mixed on parts of it. It stayed engaging in shorter sessions, and it felt easy to settle into what the game was trying to do. It is not for everyone, but I can still see the appeal.",False
300924,289420,"I can see why this game has held onto a good reputation. It gave me enough room to approach things my own way, and it felt easy to settle into what the game was trying to do. I would recommend it to the right player.",True
300925,47810,"I can see why this game has held onto a good reputation. It gave me enough room to approach things my own way, and it felt easy to settle into what the game was trying to do. I would point other people toward it.",True
300925,431930,"This turned out to be an easy game to recommend. The pacing stayed lively, and it felt easy to settle into what the game was trying to do. I can see myself recommending it without much hesitation.",True
300926,460810,"I ended up liking this more than I expected. The moment-to-moment gameplay felt sharp, and it felt easy to settle into what the game was trying to do. I can see myself recommending it without much hesitation.",True
300926,396710,"I ended up liking this more than I expected. The moment-to-moment gameplay felt sharp, and it felt easy to settle into what the game was trying to do. I would point other people toward it.",True
300927,353700,"I had a better time with this than I expected at first. It stayed engaging in shorter sessions, and it felt easy to settle into what the game was trying to do. I can see myself recommending it without much hesitation.",True
300927,221180,"I can see why this game has held onto a good reputation. It felt like a small project with real personality, and it felt easy to settle into what the game was trying to do. I can see myself recommending it without much hesitation.",True
300928,356400,"I ended up liking this more than I expected. It stayed engaging in shorter sessions, and it felt easy to settle into what the game was trying to do. I would recommend it to the right player.",True
300928,835430,"I had a better time with this than I expected at first. It stayed engaging in shorter sessions, and it felt easy to settle into what the game was trying to do. I would easily suggest it to someone who likes this genre.",True
300929,6010,"I had a better time with this than I expected at first. The sense of progression worked well, and it felt easy to settle into what the game was trying to do. I can see myself recommending it without much hesitation.",True
300929,15100,"I ended up liking this more than I expected. The pacing stayed lively, and it felt easy to settle into what the game was trying to do. I can see myself recommending it without much hesitation.",True
300930,691450,"I can see why this game has held onto a good reputation. The world was easy to get invested in, and it felt easy to settle into what the game was trying to do. It does enough well that I would recommend it.",True
300930,364470,"This has some clear strengths, even if it did not fully click for me. The core loop worked better than I expected, and it felt easy to settle into what the game was trying to do. There is enough here to like, even if I would be selective about recommending it.",False
300931,452440,"This turned out to be an easy game to recommend. It worked well in short sessions, and it felt easy to settle into what the game was trying to do. I would easily suggest it to someone who likes this genre.",True
300931,207020,"I ended up liking this more than I expected. The core mechanics were strong enough to carry it, and it felt easy to settle into what the game was trying to do. I would recommend it to the right player.",True
300932,501080,"I can see why this game has held onto a good reputation. It rewarded patience more than I expected, and it felt easy to settle into what the game was trying to do. I would recommend it to the right player.",True
300932,887060,"I liked parts of this, though I do not think it works equally well for everyone. The moment-to-moment gameplay felt sharp, and it felt easy to settle into what the game was trying to do. There is enough here to like, even if I would be selective about recommending it.",False
300933,32440,"I can see why this game has held onto a good reputation. The world was easy to get invested in, and it felt easy to settle into what the game was trying to do. I can see myself recommending it without much hesitation.",True
300933,282030,"I ended up liking this more than I expected. It stayed engaging in shorter sessions, and it felt easy to settle into what the game was trying to do. I would recommend it to the right player.",True
300934,465280,"This turned out to be an easy game to recommend. It kept me curious about what came next, and it felt easy to settle into what the game was trying to do. It does enough well that I would recommend it.",True
300934,384630,"This was a strong fit for what I wanted from the genre. It kept me curious about what came next, and it felt easy to settle into what the game was trying to do. It does enough well that I would recommend it.",True
300935,213650,"This turned out to be an easy game to recommend. It never felt too demanding to come back to, and it felt easy to settle into what the game was trying to do. It does enough well that I would recommend it.",True
300935,393430,"This was a strong fit for what I wanted from the genre. It did a lot with its own identity, and it felt easy to settle into what the game was trying to do. I would point other people toward it.",True
300936,654880,"I can see why this game has held onto a good reputation. It never felt too demanding to come back to, and it felt easy to settle into what the game was trying to do. I would recommend it to the right player.",True
300936,424250,"This turned out to be an easy game to recommend. The world was easy to get invested in, and it felt easy to settle into what the game was trying to do. I can see myself recommending it without much hesitation.",True
300937,531960,"I had a better time with this than I expected at first. It stayed engaging in shorter sessions, and it felt easy to settle into what the game was trying to do. I would point other people toward it.",True
300937,385560,"This was a strong fit for what I wanted from the genre. The pacing stayed lively, and it felt easy to settle into what the game was trying to do. I would easily suggest it to someone who likes this genre.",True
300938,454410,"This has some clear strengths, even if it did not fully click for me. The moment-to-moment gameplay felt sharp, and it felt easy to settle into what the game was trying to do. There is enough here to like, even if I would be selective about recommending it.",False
300938,466740,"This was a strong fit for what I wanted from the genre. It stayed engaging in shorter sessions, and it felt easy to settle into what the game was trying to do. It does enough well that I would recommend it.",True
300939,375200,"This turned out to be an easy game to recommend. It worked well in short sessions, and it felt easy to settle into what the game was trying to do. It does enough well that I would recommend it.",True
300939,362890,"I can see why this game has held onto a good reputation. It stayed engaging in shorter sessions, and it felt easy to settle into what the game was trying to do. I can see myself recommending it without much hesitation.",True
300940,568770,"I had a better time with this than I expected at first. It had a clear identity, and it felt easy to settle into what the game was trying to do. It does enough well that I would recommend it.",True
300940,15270,"I can see why this game has held onto a good reputation. The pacing stayed lively, and it felt easy to settle into what the game was trying to do. I would point other people toward it.",True
300941,2400,"I can see why this game has held onto a good reputation. The pacing stayed lively, and it felt easy to settle into what the game was trying to do. I would recommend it to the right player.",True
300941,372360,"There is a solid game here, though it did not completely win me over. It gave me enough room to approach things my own way, and it felt easy to settle into what the game was trying to do. There is enough here to like, even if I would be selective about recommending it.",False
300942,639170,"This was a strong fit for what I wanted from the genre. It kept me curious about what came next, and it felt easy to settle into what the game was trying to do. I can see myself recommending it without much hesitation.",True
300942,716340,"I ended up liking this more than I expected. The sense of progression worked well, and it felt easy to settle into what the game was trying to do. I can see myself recommending it without much hesitation.",True
300943,909080,"I ended up liking this more than I expected. The sense of progression worked well, and it felt easy to settle into what the game was trying to do. I would recommend it to the right player.",True
300943,1029500,"This turned out to be an easy game to recommend. The core loop worked better than I expected, and it felt easy to settle into what the game was trying to do. I can see myself recommending it without much hesitation.",True
300944,224260,"I had a better time with this than I expected at first. The moment-to-moment gameplay felt sharp, and it felt easy to settle into what the game was trying to do. I would point other people toward it.",True
300944,10270,"There is a solid game here, though it did not completely win me over. The progression systems kept me interested, and it felt easy to settle into what the game was trying to do. I could still recommend it with the right expectations.",False
300945,263100,"This was decent overall, but I still had a few reservations. It felt like a small project with real personality, and it felt easy to settle into what the game was trying to do. There is enough here to like, even if I would be selective about recommending it.",False
300945,353540,"I can see why this game has held onto a good reputation. It felt like a small project with real personality, and it felt easy to settle into what the game was trying to do. I can see myself recommending it without much hesitation.",True
300946,4850,"I can see why this game has held onto a good reputation. It rewarded planning in a satisfying way, and it felt easy to settle into what the game was trying to do. It does enough well that I would recommend it.",True
300946,275670,"I can see why this game has held onto a good reputation. It did a lot with its own identity, and it felt easy to settle into what the game was trying to do. I would easily suggest it to someone who likes this genre.",True
300947,709920,"This turned out to be an easy game to recommend. It felt like a small project with real personality, and it felt easy to settle into what the game was trying to do. I can see myself recommending it without much hesitation.",True
300947,12320,"I can see why this game has held onto a good reputation. The pacing stayed lively, and it felt easy to settle into what the game was trying to do. I would point other people toward it.",True
300948,388210,"I had a better time with this than I expected at first. The sense of progression worked well, and it felt easy to settle into what the game was trying to do. I would easily suggest it to someone who likes this genre.",True
300948,671620,"I ended up liking this more than I expected. It stayed engaging in shorter sessions, and it felt easy to settle into what the game was trying to do. I would recommend it to the right player.",True
300949,8800,"This turned out to be an easy game to recommend. It rewarded planning in a satisfying way, and it felt easy to settle into what the game was trying to do. I would point other people toward it.",True
300949,327220,"This was a strong fit for what I wanted from the genre. It kept me curious about what came next, and it felt easy to settle into what the game was trying to do. I would easily suggest it to someone who likes this genre.",True
300950,21980,"I ended up liking this more than I expected. The moment-to-moment gameplay felt sharp, and it felt easy to settle into what the game was trying to do. I would recommend it to the right player.",True
300950,794260,"I liked parts of this, though I do not think it works equally well for everyone. Building out a character felt rewarding, and it felt easy to settle into what the game was trying to do. I could still recommend it with the right expectations.",False
300951,311720,"This turned out to be an easy game to recommend. It did a lot with its own identity, and it felt easy to settle into what the game was trying to do. It does enough well that I would recommend it.",True
300951,493540,"This was a strong fit for what I wanted from the genre. The pacing stayed lively, and it felt easy to settle into what the game was trying to do. I would recommend it to the right player.",True
300952,252030,"I can see why this game has held onto a good reputation. The pacing stayed lively, and it felt easy to settle into what the game was trying to do. It does enough well that I would recommend it.",True
300952,284870,"I had a better time with this than I expected at first. It kept me curious about what came next, and it felt easy to settle into what the game was trying to do. I would easily suggest it to someone who likes this genre.",True
300953,710470,"This turned out to be an easy game to recommend. It stayed engaging in shorter sessions, and it felt easy to settle into what the game was trying to do. I can see myself recommending it without much hesitation.",True
300953,471550,"This has some clear strengths, even if it did not fully click for me. The moment-to-moment gameplay felt sharp, and it felt easy to settle into what the game was trying to do. I can understand the audience for it, even if I am not fully sold.",False
300954,366760,"I ended up liking this more than I expected. It worked well in short sessions, and it felt easy to settle into what the game was trying to do. I would point other people toward it.",True
300954,574980,"I ended up liking this more than I expected. The pacing stayed lively, and it felt easy to settle into what the game was trying to do. I would point other people toward it.",True
300955,201420,"I had a better time with this than I expected at first. It kept me curious about what came next, and it felt easy to settle into what the game was trying to do. I would easily suggest it to someone who likes this genre.",True
300955,690830,"I had a better time with this than I expected at first. The core idea is already doing a lot right, and it felt easy to settle into what the game was trying to do. I can see myself recommending it without much hesitation.",True
300956,681280,"I had a better time with this than I expected at first. The moment-to-moment gameplay felt sharp, and it felt easy to settle into what the game was trying to do. It does enough well that I would recommend it.",True
300956,283980,"I had a better time with this than I expected at first. It kept me curious about what came next, and it felt easy to settle into what the game was trying to do. I would easily suggest it to someone who likes this genre.",True
300957,377600,"I ended up liking this more than I expected. It stayed engaging in shorter sessions, and it felt easy to settle into what the game was trying to do. I would easily suggest it to someone who likes this genre.",True
300957,323380,"This was a strong fit for what I wanted from the genre. The moment-to-moment gameplay felt sharp, and it felt easy to settle into what the game was trying to do. It does enough well that I would recommend it.",True
300958,272600,"I had a better time with this than I expected at first. The sense of progression worked well, and it felt easy to settle into what the game was trying to do. I can see myself recommending it without much hesitation.",True
300958,269250,"This turned out to be an easy game to recommend. It did a lot with its own identity, and it felt easy to settle into what the game was trying to do. I would easily suggest it to someone who likes this genre.",True
300959,822930,"This turned out to be an easy game to recommend. It was easy to pick up and enjoy, and it felt easy to settle into what the game was trying to do. I would point other people toward it.",True
300959,19830,"I had a better time with this than I expected at first. The pacing stayed lively, and it felt easy to settle into what the game was trying to do. I would recommend it to the right player.",True
300960,109600,"I liked parts of this, though I do not think it works equally well for everyone. The moment-to-moment gameplay felt sharp, and it felt easy to settle into what the game was trying to do. It is not for everyone, but I can still see the appeal.",False
300960,844850,"I had a better time with this than I expected at first. The pacing stayed lively, and it felt easy to settle into what the game was trying to do. I would easily suggest it to someone who likes this genre.",True
300961,636450,"This turned out to be an easy game to recommend. It stayed engaging in shorter sessions, and it felt easy to settle into what the game was trying to do. I would easily suggest it to someone who likes this genre.",True
300961,230190,"I can see why this game has held onto a good reputation. It felt like a small project with real personality, and it felt easy to settle into what the game was trying to do. I would point other people toward it.",True
300962,25990,"I ended up liking this more than I expected. It rewarded patience more than I expected, and it felt easy to settle into what the game was trying to do. I would recommend it to the right player.",True
300962,417750,"This was decent overall, but I still had a few reservations. It stayed engaging in shorter sessions, and it felt easy to settle into what the game was trying to do. I could still recommend it with the right expectations.",False
300963,423230,"I ended up liking this more than I expected. It stayed engaging in shorter sessions, and it felt easy to settle into what the game was trying to do. I would easily suggest it to someone who likes this genre.",True
300963,405310,"This was a strong fit for what I wanted from the genre. The moment-to-moment gameplay felt sharp, and it felt easy to settle into what the game was trying to do. I would recommend it to the right player.",True
300964,658560,"This turned out to be an easy game to recommend. It worked well in short sessions, and it felt easy to settle into what the game was trying to do. It does enough well that I would recommend it.",True
300964,215830,"This was a strong fit for what I wanted from the genre. The moment-to-moment gameplay felt sharp, and it felt easy to settle into what the game was trying to do. I would point other people toward it.",True
300965,238210,"I can see why this game has held onto a good reputation. The moment-to-moment gameplay felt sharp, and it felt easy to settle into what the game was trying to do. I can see myself recommending it without much hesitation.",True
300965,723790,"I liked parts of this, though I do not think it works equally well for everyone. The pacing stayed lively, and it felt easy to settle into what the game was trying to do. I could still recommend it with the right expectations.",False
300966,63000,"This was decent overall, but I still had a few reservations. The pacing stayed lively, and it felt easy to settle into what the game was trying to do. I would only recommend it if the genre already appeals to you.",False
300966,950530,"This was a strong fit for what I wanted from the genre. It worked well in short sessions, and it felt easy to settle into what the game was trying to do. It does enough well that I would recommend it.",True
300967,764570,"This was a strong fit for what I wanted from the genre. It was easy to pick up and enjoy, and it felt easy to settle into what the game was trying to do. I would point other people toward it.",True
300967,271670,"This turned out to be an easy game to recommend. It stayed engaging in shorter sessions, and it felt easy to settle into what the game was trying to do. I would easily suggest it to someone who likes this genre.",True
300968,362680,"This turned out to be an easy game to recommend. The sense of progression worked well, and it felt easy to settle into what the game was trying to do. I would point other people toward it.",True
300968,420110,"I ended up liking this more than I expected. It never felt too demanding to come back to, and it felt easy to settle into what the game was trying to do. I can see myself recommending it without much hesitation.",True
300969,211400,"I liked parts of this, though I do not think it works equally well for everyone. The pacing stayed lively, and it felt easy to settle into what the game was trying to do. There is enough here to like, even if I would be selective about recommending it.",False
300969,24240,"I had a better time with this than I expected at first. The pacing stayed lively, and it felt easy to settle into what the game was trying to do. I would point other people toward it.",True
300970,285800,"I had a better time with this than I expected at first. The sense of progression worked well, and it felt easy to settle into what the game was trying to do. I can see myself recommending it without much hesitation.",True
300970,413410,"I can see why this game has held onto a good reputation. It had a clear identity, and it felt easy to settle into what the game was trying to do. I would point other people toward it.",True
300971,312560,"I ended up liking this more than I expected. The pacing stayed lively, and it felt easy to settle into what the game was trying to do. I would easily suggest it to someone who likes this genre.",True
300971,251130,"This was a strong fit for what I wanted from the genre. It felt like a small project with real personality, and it felt easy to settle into what the game was trying to do. I would point other people toward it.",True
300972,211820,"I had a better time with this than I expected at first. The moment-to-moment gameplay felt sharp, and it felt easy to settle into what the game was trying to do. I would easily suggest it to someone who likes this genre.",True
300972,476460,"I can see why this game has held onto a good reputation. It never felt too demanding to come back to, and it felt easy to settle into what the game was trying to do. It does enough well that I would recommend it.",True
300973,242840,"I can understand why people like this, but I felt mixed on parts of it. It stayed engaging in shorter sessions, and it felt easy to settle into what the game was trying to do. I can understand the audience for it, even if I am not fully sold.",False
300973,552990,"I had a better time with this than I expected at first. It stayed engaging in shorter sessions, and it felt easy to settle into what the game was trying to do. It does enough well that I would recommend it.",True
300974,838330,"There is a solid game here, though it did not completely win me over. The pacing stayed lively, and it felt easy to settle into what the game was trying to do. It is not for everyone, but I can still see the appeal.",False
300974,492630,"I ended up liking this more than I expected. The world was easy to get invested in, and it felt easy to settle into what the game was trying to do. It does enough well that I would recommend it.",True
300975,250600,"I had a better time with this than I expected at first. It was easy to pick up and enjoy, and it felt easy to settle into what the game was trying to do. I would point other people toward it.",True
300975,251060,"I had a better time with this than I expected at first. It had a distinct style that made it memorable, and it felt easy to settle into what the game was trying to do. I would easily suggest it to someone who likes this genre.",True
300976,252670,"I can see why this game has held onto a good reputation. The world was easy to get invested in, and it felt easy to settle into what the game was trying to do. I would point other people toward it.",True
300976,562230,"I ended up liking this more than I expected. It felt like a small project with real personality, and it felt easy to settle into what the game was trying to do. I would recommend it to the right player.",True
300977,962970,"I had a better time with this than I expected at first. The world was easy to get invested in, and it felt easy to settle into what the game was trying to do. I would recommend it to the right player.",True
300977,263060,"I can understand why people like this, but I felt mixed on parts of it. The moment-to-moment gameplay felt sharp, and it felt easy to settle into what the game was trying to do. There is enough here to like, even if I would be selective about recommending it.",False
300978,34870,"I can see why this game has held onto a good reputation. It stayed engaging in shorter sessions, and it felt easy to settle into what the game was trying to do. I would point other people toward it.",True
300978,399670,"I ended up liking this more than I expected. It did a lot with its own identity, and it felt easy to settle into what the game was trying to do. It does enough well that I would recommend it.",True
300979,460930,"This turned out to be an easy game to recommend. It stayed engaging in shorter sessions, and it felt easy to settle into what the game was trying to do. I would point other people toward it.",True
300979,402530,"I ended up liking this more than I expected. The sense of progression worked well, and it felt easy to settle into what the game was trying to do. It does enough well that I would recommend it.",True
300980,213610,"This has some clear strengths, even if it did not fully click for me. The pacing stayed lively, and it felt easy to settle into what the game was trying to do. I can understand the audience for it, even if I am not fully sold.",False
300980,287630,"I can see why this game has held onto a good reputation. The world was easy to get invested in, and it felt easy to settle into what the game was trying to do. I can see myself recommending it without much hesitation.",True
300981,524640,"I can see why this game has held onto a good reputation. The pacing stayed lively, and it felt easy to settle into what the game was trying to do. I would point other people toward it.",True
300981,412770,"I can understand why people like this, but I felt mixed on parts of it. The pacing stayed lively, and it felt easy to settle into what the game was trying to do. I would only recommend it if the genre already appeals to you.",False
300982,617480,"I had a better time with this than I expected at first. It did a lot with its own identity, and it felt easy to settle into what the game was trying to do. I can see myself recommending it without much hesitation.",True
300982,265000,"I ended up liking this more than I expected. The pacing stayed lively, and it felt easy to settle into what the game was trying to do. I can see myself recommending it without much hesitation.",True
300983,503400,"This turned out to be an easy game to recommend. The sense of progression worked well, and it felt easy to settle into what the game was trying to do. I would recommend it to the right player.",True
300983,40950,"This turned out to be an easy game to recommend. It was satisfying to settle into its systems, and it felt easy to settle into what the game was trying to do. It does enough well that I would recommend it.",True
300984,47780,"I had a better time with this than I expected at first. The moment-to-moment gameplay felt sharp, and it felt easy to settle into what the game was trying to do. I would point other people toward it.",True
300984,40990,"This was a strong fit for what I wanted from the genre. The pacing stayed lively, and it felt easy to settle into what the game was trying to do. It does enough well that I would recommend it.",True
300985,220440,"This was a strong fit for what I wanted from the genre. The moment-to-moment gameplay felt sharp, and it felt easy to settle into what the game was trying to do. I would easily suggest it to someone who likes this genre.",True
300985,892630,"I ended up liking this more than I expected. It was easy to pick up and enjoy, and it felt easy to settle into what the game was trying to do. I would point other people toward it.",True
300986,234650,"This turned out to be an easy game to recommend. The sense of progression worked well, and it felt easy to settle into what the game was trying to do. I would point other people toward it.",True
300986,570770,"I had a better time with this than I expected at first. Building out a character felt rewarding, and it felt easy to settle into what the game was trying to do. I can see myself recommending it without much hesitation.",True
300987,529660,"This was a strong fit for what I wanted from the genre. The moment-to-moment gameplay felt sharp, and it felt easy to settle into what the game was trying to do. I can see myself recommending it without much hesitation.",True
300987,220700,"This was a strong fit for what I wanted from the genre. The sense of progression worked well, and it felt easy to settle into what the game was trying to do. I would point other people toward it.",True
300988,346730,"I liked parts of this, though I do not think it works equally well for everyone. It stayed engaging in shorter sessions, and it felt easy to settle into what the game was trying to do. I can understand the audience for it, even if I am not fully sold.",False
300988,661790,"I had a better time with this than I expected at first. It stayed engaging in shorter sessions, and it felt easy to settle into what the game was trying to do. I would easily suggest it to someone who likes this genre.",True
300989,396480,"This has some clear strengths, even if it did not fully click for me. The moment-to-moment gameplay felt sharp, and it felt easy to settle into what the game was trying to do. I could still recommend it with the right expectations.",False
300989,885570,"I had a better time with this than I expected at first. The moment-to-moment gameplay felt sharp, and it felt easy to settle into what the game was trying to do. I can see myself recommending it without much hesitation.",True
300990,201790,"I can see why this game has held onto a good reputation. The moment-to-moment gameplay felt sharp, and it felt easy to settle into what the game was trying to do. I can see myself recommending it without much hesitation.",True
300990,1057430,"I ended up liking this more than I expected. It stayed engaging in shorter sessions, and it felt easy to settle into what the game was trying to do. I would point other people toward it.",True
300991,205840,"This turned out to be an easy game to recommend. The world was easy to get invested in, and it felt easy to settle into what the game was trying to do. I would recommend it to the right player.",True
300991,287980,"This was a strong fit for what I wanted from the genre. The core loop worked better than I expected, and it felt easy to settle into what the game was trying to do. It does enough well that I would recommend it.",True
300992,225260,"I had a better time with this than I expected at first. The pacing stayed lively, and it felt easy to settle into what the game was trying to do. I would easily suggest it to someone who likes this genre.",True
300992,285500,"This was a strong fit for what I wanted from the genre. The moment-to-moment gameplay felt sharp, and it felt easy to settle into what the game was trying to do. I can see myself recommending it without much hesitation.",True
300993,418620,"I had a better time with this than I expected at first. The moment-to-moment gameplay felt sharp, and it felt easy to settle into what the game was trying to do. I would recommend it to the right player.",True
300993,620190,"This has some clear strengths, even if it did not fully click for me. It stayed engaging in shorter sessions, and it felt easy to settle into what the game was trying to do. I would only recommend it if the genre already appeals to you.",False
300994,104900,"I had a better time with this than I expected at first. The moment-to-moment gameplay felt sharp, and it felt easy to settle into what the game was trying to do. I can see myself recommending it without much hesitation.",True
300994,829110,"I ended up liking this more than I expected. It stayed engaging in shorter sessions, and it felt easy to settle into what the game was trying to do. I would recommend it to the right player.",True
300995,250500,"This turned out to be an easy game to recommend. It stayed engaging in shorter sessions, and it felt easy to settle into what the game was trying to do. I would easily suggest it to someone who likes this genre.",True
300995,516750,"I ended up liking this more than I expected. It shows enough promise to be worth watching, and it felt easy to settle into what the game was trying to do. I would point other people toward it.",True
300996,311010,"I had a better time with this than I expected at first. The moment-to-moment gameplay felt sharp, and it felt easy to settle into what the game was trying to do. I would point other people toward it.",True
300996,46510,"I can see why this game has held onto a good reputation. It kept me curious about what came next, and it felt easy to settle into what the game was trying to do. I would easily suggest it to someone who likes this genre.",True
300997,515260,"This turned out to be an easy game to recommend. It was easy to pick up and enjoy, and it felt easy to settle into what the game was trying to do. I would point other people toward it.",True
300997,922460,"I can see why this game has held onto a good reputation. It worked well in short sessions, and it felt easy to settle into what the game was trying to do. I can see myself recommending it without much hesitation.",True
300998,415880,"This was a strong fit for what I wanted from the genre. The moment-to-moment gameplay felt sharp, and it felt easy to settle into what the game was trying to do. I would recommend it to the right player.",True
300998,828900,"I can understand why people like this, but I felt mixed on parts of it. The world was easy to get invested in, and it felt easy to settle into what the game was trying to do. I would only recommend it if the genre already appeals to you.",False
300999,427250,"This turned out to be an easy game to recommend. It did a lot with its own identity, and it felt easy to settle into what the game was trying to do. I would easily suggest it to someone who likes this genre.",True
300999,250260,"This was a strong fit for what I wanted from the genre. It kept me curious about what came next, and it felt easy to settle into what the game was trying to do. It does enough well that I would recommend it.",True
301000,495280,"This was a strong fit for what I wanted from the genre. It gave me enough room to approach things my own way, and it felt easy to settle into what the game was trying to do. I would easily suggest it to someone who likes this genre.",True
301000,523660,"I had a better time with this than I expected at first. It stayed engaging in shorter sessions, and it felt easy to settle into what the game was trying to do. I would easily suggest it to someone who likes this genre.",True
301001,761600,"I had a better time with this than I expected at first. It stayed engaging in shorter sessions, and it felt easy to settle into what the game was trying to do. I would point other people toward it.",True
301001,239120,"This was decent overall, but I still had a few reservations. It gave me enough room to approach things my own way, and it felt easy to settle into what the game was trying to do. I would only recommend it if the genre already appeals to you.",False
301002,963450,"I had a better time with this than I expected at first. The moment-to-moment gameplay felt sharp, and it felt easy to settle into what the game was trying to do. I would recommend it to the right player.",True
301002,274170,"I had a better time with this than I expected at first. The moment-to-moment gameplay felt sharp, and it felt easy to settle into what the game was trying to do. I can see myself recommending it without much hesitation.",True
301003,396650,"This turned out to be an easy game to recommend. The pacing stayed lively, and it felt easy to settle into what the game was trying to do. I can see myself recommending it without much hesitation.",True
301003,222750,"I had a better time with this than I expected at first. It felt like a small project with real personality, and it felt easy to settle into what the game was trying to do. I would easily suggest it to someone who likes this genre.",True
301004,289930,"I had a better time with this than I expected at first. It was easy to pick up and enjoy, and it felt easy to settle into what the game was trying to do. I would easily suggest it to someone who likes this genre.",True
301004,58610,"I can see why this game has held onto a good reputation. It did a lot with its own identity, and it felt easy to settle into what the game was trying to do. I would recommend it to the right player.",True
301005,258520,"I ended up liking this more than I expected. It kept me curious about what came next, and it felt easy to settle into what the game was trying to do. I would recommend it to the right player.",True
301005,423890,"I can see why this game has held onto a good reputation. There is already a good foundation here, and it felt easy to settle into what the game was trying to do. I would easily suggest it to someone who likes this genre.",True
301006,539720,"I can see why this game has held onto a good reputation. It worked well in short sessions, and it felt easy to settle into what the game was trying to do. I would easily suggest it to someone who likes this genre.",True
301006,384500,"This was a strong fit for what I wanted from the genre. It stayed engaging in shorter sessions, and it felt easy to settle into what the game was trying to do. It does enough well that I would recommend it.",True
301007,403640,"This has some clear strengths, even if it did not fully click for me. The moment-to-moment gameplay felt sharp, and it felt easy to settle into what the game was trying to do. I can understand the audience for it, even if I am not fully sold.",False
301007,658570,"I can understand why people like this, but I felt mixed on parts of it. The driving loop stayed satisfying, and it felt easy to settle into what the game was trying to do. I could still recommend it with the right expectations.",False
301008,607890,"I had a better time with this than I expected at first. The pacing stayed lively, and it felt easy to settle into what the game was trying to do. I would recommend it to the right player.",True
301008,430070,"I can understand why people like this, but I felt mixed on parts of it. The sense of progression worked well, and it felt easy to settle into what the game was trying to do. I would only recommend it if the genre already appeals to you.",False
301009,404410,"I can understand why people like this, but I felt mixed on parts of it. The pacing stayed lively, and it felt easy to settle into what the game was trying to do. I would only recommend it if the genre already appeals to you.",False
301009,232790,"I had a better time with this than I expected at first. The sense of progression worked well, and it felt easy to settle into what the game was trying to do. It does enough well that I would recommend it.",True
301010,379720,"This turned out to be an easy game to recommend. The pacing stayed lively, and it felt easy to settle into what the game was trying to do. I can see myself recommending it without much hesitation.",True
301010,238090,"I ended up liking this more than I expected. It stayed engaging in shorter sessions, and it felt easy to settle into what the game was trying to do. I would point other people toward it.",True
301011,316610,"I had a better time with this than I expected at first. It felt like a small project with real personality, and it felt easy to settle into what the game was trying to do. I can see myself recommending it without much hesitation.",True
301011,975270,"I ended up liking this more than I expected. The sense of progression worked well, and it felt easy to settle into what the game was trying to do. I would easily suggest it to someone who likes this genre.",True
301012,513780,"I liked parts of this, though I do not think it works equally well for everyone. It never felt too demanding to come back to, and it felt easy to settle into what the game was trying to do. I could still recommend it with the right expectations.",False
301012,784150,"This was a strong fit for what I wanted from the genre. The management side had a good rhythm, and it felt easy to settle into what the game was trying to do. I would easily suggest it to someone who likes this genre.",True
301013,222440,"This turned out to be an easy game to recommend. The moment-to-moment gameplay felt sharp, and it felt easy to settle into what the game was trying to do. I would recommend it to the right player.",True
301013,586980,"I can understand why people like this, but I felt mixed on parts of it. The moment-to-moment gameplay felt sharp, and it felt easy to settle into what the game was trying to do. There is enough here to like, even if I would be selective about recommending it.",False
301014,454060,"I can see why this game has held onto a good reputation. It worked well in short sessions, and it felt easy to settle into what the game was trying to do. I can see myself recommending it without much hesitation.",True
301014,214790,"I can see why this game has held onto a good reputation. It kept me curious about what came next, and it felt easy to settle into what the game was trying to do. I would easily suggest it to someone who likes this genre.",True
301015,525680,"I ended up liking this more than I expected. It worked well in short sessions, and it felt easy to settle into what the game was trying to do. It does enough well that I would recommend it.",True
301015,318970,"This turned out to be an easy game to recommend. It kept me curious about what came next, and it felt easy to settle into what the game was trying to do. I would point other people toward it.",True
301016,35720,"This turned out to be an easy game to recommend. It stayed engaging in shorter sessions, and it felt easy to settle into what the game was trying to do. I would easily suggest it to someone who likes this genre.",True
301016,387860,"This turned out to be an easy game to recommend. The sense of progression worked well, and it felt easy to settle into what the game was trying to do. I would recommend it to the right player.",True
301017,269770,"I ended up liking this more than I expected. The pacing stayed lively, and it felt easy to settle into what the game was trying to do. I can see myself recommending it without much hesitation.",True
301017,2820,"I can see why this game has held onto a good reputation. The moment-to-moment gameplay felt sharp, and it felt easy to settle into what the game was trying to do. I can see myself recommending it without much hesitation.",True
301018,686200,"I can see why this game has held onto a good reputation. The moment-to-moment gameplay felt sharp, and it felt easy to settle into what the game was trying to do. I would point other people toward it.",True
301018,345090,"I ended up liking this more than I expected. It never felt too demanding to come back to, and it felt easy to settle into what the game was trying to do. I would easily suggest it to someone who likes this genre.",True
301019,415600,"I can see why this game has held onto a good reputation. The core mechanics were strong enough to carry it, and it felt easy to settle into what the game was trying to do. I would easily suggest it to someone who likes this genre.",True
301019,284240,"This was a strong fit for what I wanted from the genre. The sense of progression worked well, and it felt easy to settle into what the game was trying to do. I would recommend it to the right player.",True
301020,311240,"I can see why this game has held onto a good reputation. The sense of progression worked well, and it felt easy to settle into what the game was trying to do. I can see myself recommending it without much hesitation.",True
301020,457550,"I can see why this game has held onto a good reputation. It stayed engaging in shorter sessions, and it felt easy to settle into what the game was trying to do. I can see myself recommending it without much hesitation.",True
301021,521350,"I had a better time with this than I expected at first. It never felt too demanding to come back to, and it felt easy to settle into what the game was trying to do. I can see myself recommending it without much hesitation.",True
301021,699670,"I can see why this game has held onto a good reputation. It stayed engaging in shorter sessions, and it felt easy to settle into what the game was trying to do. I would easily suggest it to someone who likes this genre.",True
301022,218640,"This turned out to be an easy game to recommend. The moment-to-moment gameplay felt sharp, and it felt easy to settle into what the game was trying to do. I would easily suggest it to someone who likes this genre.",True
301022,593600,"I can see why this game has held onto a good reputation. It stayed engaging in shorter sessions, and it felt easy to settle into what the game was trying to do. I would recommend it to the right player.",True
301023,968250,"This turned out to be an easy game to recommend. It was easy to pick up and enjoy, and it felt easy to settle into what the game was trying to do. It does enough well that I would recommend it.",True
301023,239700,"I ended up liking this more than I expected. It felt like a small project with real personality, and it felt easy to settle into what the game was trying to do. I would point other people toward it.",True
301024,537800,"I had a better time with this than I expected at first. It rewarded patience more than I expected, and it felt easy to settle into what the game was trying to do. I would recommend it to the right player.",True
301024,756590,"I can see why this game has held onto a good reputation. Building out a character felt rewarding, and it felt easy to settle into what the game was trying to do. It does enough well that I would recommend it.",True
301025,220160,"This turned out to be an easy game to recommend. The moment-to-moment gameplay felt sharp, and it felt easy to settle into what the game was trying to do. I can see myself recommending it without much hesitation.",True
301025,35130,"I had a better time with this than I expected at first. It stayed engaging in shorter sessions, and it felt easy to settle into what the game was trying to do. I would easily suggest it to someone who likes this genre.",True
301026,285900,"I ended up liking this more than I expected. The pacing stayed lively, and it felt easy to settle into what the game was trying to do. I can see myself recommending it without much hesitation.",True
301026,296910,"This turned out to be an easy game to recommend. The moment-to-moment gameplay felt sharp, and it felt easy to settle into what the game was trying to do. I would recommend it to the right player.",True
301027,898650,"I ended up liking this more than I expected. The sense of progression worked well, and it felt easy to settle into what the game was trying to do. I can see myself recommending it without much hesitation.",True
301027,288470,"I had a better time with this than I expected at first. The progression systems kept me interested, and it felt easy to settle into what the game was trying to do. I would point other people toward it.",True
301028,603530,"There is a solid game here, though it did not completely win me over. The pacing stayed lively, and it felt easy to settle into what the game was trying to do. I can understand the audience for it, even if I am not fully sold.",False
301028,402260,"This was decent overall, but I still had a few reservations. The world was easy to get invested in, and it felt easy to settle into what the game was trying to do. I would only recommend it if the genre already appeals to you.",False
301029,254960,"I had a better time with this than I expected at first. It stayed engaging in shorter sessions, and it felt easy to settle into what the game was trying to do. I would point other people toward it.",True
301029,558990,"I can see why this game has held onto a good reputation. It had a distinct style that made it memorable, and it felt easy to settle into what the game was trying to do. I can see myself recommending it without much hesitation.",True
301030,270570,"I can understand why people like this, but I felt mixed on parts of it. The sense of progression worked well, and it felt easy to settle into what the game was trying to do. It is not for everyone, but I can still see the appeal.",False
301030,11020,"I ended up liking this more than I expected. It was easy to jump in and start having fun, and it felt easy to settle into what the game was trying to do. I would recommend it to the right player.",True
301031,247240,"This turned out to be an easy game to recommend. It stayed engaging in shorter sessions, and it felt easy to settle into what the game was trying to do. I would point other people toward it.",True
301031,406350,"I had a better time with this than I expected at first. It stayed engaging in shorter sessions, and it felt easy to settle into what the game was trying to do. I would point other people toward it.",True
301032,268500,"This was a strong fit for what I wanted from the genre. The decisions felt meaningful more often than not, and it felt easy to settle into what the game was trying to do. I would point other people toward it.",True
301032,396750,"I can see why this game has held onto a good reputation. The pacing stayed lively, and it felt easy to settle into what the game was trying to do. I can see myself recommending it without much hesitation.",True
301033,329130,"I ended up liking this more than I expected. It stayed engaging in shorter sessions, and it felt easy to settle into what the game was trying to do. I would recommend it to the right player.",True
301033,550010,"This turned out to be an easy game to recommend. The pacing stayed lively, and it felt easy to settle into what the game was trying to do. I would point other people toward it.",True
301034,1005930,"I ended up liking this more than I expected. The core idea is already doing a lot right, and it felt easy to settle into what the game was trying to do. I would point other people toward it.",True
301034,232770,"I can see why this game has held onto a good reputation. The pacing stayed lively, and it felt easy to settle into what the game was trying to do. I would point other people toward it.",True
301035,384110,"This turned out to be an easy game to recommend. The pacing stayed lively, and it felt easy to settle into what the game was trying to do. It does enough well that I would recommend it.",True
301035,646910,"I can see why this game has held onto a good reputation. It stayed engaging in shorter sessions, and it felt easy to settle into what the game was trying to do. It does enough well that I would recommend it.",True
301036,451760,"This was a strong fit for what I wanted from the genre. It was easy to pick up and enjoy, and it felt easy to settle into what the game was trying to do. I would recommend it to the right player.",True
301036,261530,"I had a better time with this than I expected at first. The pacing stayed lively, and it felt easy to settle into what the game was trying to do. I can see myself recommending it without much hesitation.",True
301037,356500,"This turned out to be an easy game to recommend. The moment-to-moment gameplay felt sharp, and it felt easy to settle into what the game was trying to do. I would recommend it to the right player.",True
301037,487700,"This was a strong fit for what I wanted from the genre. The moment-to-moment gameplay felt sharp, and it felt easy to settle into what the game was trying to do. It does enough well that I would recommend it.",True
301038,354140,"This turned out to be an easy game to recommend. The pacing stayed lively, and it felt easy to settle into what the game was trying to do. I would easily suggest it to someone who likes this genre.",True
301038,230270,"This turned out to be an easy game to recommend. The pacing stayed lively, and it felt easy to settle into what the game was trying to do. I can see myself recommending it without much hesitation.",True
301039,453690,"This was a strong fit for what I wanted from the genre. It felt like a small project with real personality, and it felt easy to settle into what the game was trying to do. I would point other people toward it.",True
301039,377900,"I had a better time with this than I expected at first. It worked well in short sessions, and it felt easy to settle into what the game was trying to do. I would recommend it to the right player.",True
301040,39200,"This was a strong fit for what I wanted from the genre. It gave me enough room to approach things my own way, and it felt easy to settle into what the game was trying to do. I would point other people toward it.",True
301040,487000,"I can see why this game has held onto a good reputation. It stayed engaging in shorter sessions, and it felt easy to settle into what the game was trying to do. I would easily suggest it to someone who likes this genre.",True
301041,440540,"This turned out to be an easy game to recommend. The pacing stayed lively, and it felt easy to settle into what the game was trying to do. I would point other people toward it.",True
301041,294660,"I ended up liking this more than I expected. The world was easy to get invested in, and it felt easy to settle into what the game was trying to do. I can see myself recommending it without much hesitation.",True
301042,457960,"I ended up liking this more than I expected. The moment-to-moment gameplay felt sharp, and it felt easy to settle into what the game was trying to do. It does enough well that I would recommend it.",True
301042,769970,"I ended up liking this more than I expected. The sense of progression worked well, and it felt easy to settle into what the game was trying to do. It does enough well that I would recommend it.",True
301043,239070,"I had a better time with this than I expected at first. The pacing stayed lively, and it felt easy to settle into what the game was trying to do. I would easily suggest it to someone who likes this genre.",True
301043,774511,"This was a strong fit for what I wanted from the genre. It stayed engaging in shorter sessions, and it felt easy to settle into what the game was trying to do. I would recommend it to the right player.",True
301044,391720,"I can see why this game has held onto a good reputation. The sense of progression worked well, and it felt easy to settle into what the game was trying to do. I can see myself recommending it without much hesitation.",True
301044,459220,"This was a strong fit for what I wanted from the genre. It rewarded planning in a satisfying way, and it felt easy to settle into what the game was trying to do. I would recommend it to the right player.",True
301045,382050,"I can see why this game has held onto a good reputation. The pacing stayed lively, and it felt easy to settle into what the game was trying to do. I would recommend it to the right player.",True
301045,307340,"I can see why this game has held onto a good reputation. It stayed engaging in shorter sessions, and it felt easy to settle into what the game was trying to do. I would recommend it to the right player.",True
301046,499520,"I had a better time with this than I expected at first. It kept me curious about what came next, and it felt easy to settle into what the game was trying to do. I would point other people toward it.",True
301046,252690,"I can see why this game has held onto a good reputation. It had a distinct style that made it memorable, and it felt easy to settle into what the game was trying to do. I would recommend it to the right player.",True
301047,214970,"I can see why this game has held onto a good reputation. The moment-to-moment gameplay felt sharp, and it felt easy to settle into what the game was trying to do. I can see myself recommending it without much hesitation.",True
301047,435100,"I ended up liking this more than I expected. The world was easy to get invested in, and it felt easy to settle into what the game was trying to do. I would easily suggest it to someone who likes this genre.",True
301048,400,"I had a better time with this than I expected at first. The pacing stayed lively, and it felt easy to settle into what the game was trying to do. It does enough well that I would recommend it.",True
301048,7000,"This turned out to be an easy game to recommend. It stayed engaging in shorter sessions, and it felt easy to settle into what the game was trying to do. I can see myself recommending it without much hesitation.",True
301049,725480,"I can see why this game has held onto a good reputation. It stayed engaging in shorter sessions, and it felt easy to settle into what the game was trying to do. I would point other people toward it.",True
301049,1053680,"This was a strong fit for what I wanted from the genre. It was easy to pick up and enjoy, and it felt easy to settle into what the game was trying to do. I would point other people toward it.",True
301050,633230,"I ended up liking this more than I expected. It stayed engaging in shorter sessions, and it felt easy to settle into what the game was trying to do. I can see myself recommending it without much hesitation.",True
301050,585710,"I liked parts of this, though I do not think it works equally well for everyone. The pacing stayed lively, and it felt easy to settle into what the game was trying to do. It is not for everyone, but I can still see the appeal.",False
301051,855640,"I had a better time with this than I expected at first. The sense of progression worked well, and it felt easy to settle into what the game was trying to do. It does enough well that I would recommend it.",True
301051,705210,"I ended up liking this more than I expected. It stayed engaging in shorter sessions, and it felt easy to settle into what the game was trying to do. I would easily suggest it to someone who likes this genre.",True
301052,284710,"This was a strong fit for what I wanted from the genre. It kept me curious about what came next, and it felt easy to settle into what the game was trying to do. I would easily suggest it to someone who likes this genre.",True
301052,298030,"This turned out to be an easy game to recommend. It rewarded planning in a satisfying way, and it felt easy to settle into what the game was trying to do. It does enough well that I would recommend it.",True
301053,312520,"This was a strong fit for what I wanted from the genre. It stayed engaging in shorter sessions, and it felt easy to settle into what the game was trying to do. I would easily suggest it to someone who likes this genre.",True
301053,383580,"This was decent overall, but I still had a few reservations. The pacing stayed lively, and it felt easy to settle into what the game was trying to do. There is enough here to like, even if I would be selective about recommending it.",False
301054,248610,"This turned out to be an easy game to recommend. The moment-to-moment gameplay felt sharp, and it felt easy to settle into what the game was trying to do. I would point other people toward it.",True
301054,411830,"I ended up liking this more than I expected. The pacing stayed lively, and it felt easy to settle into what the game was trying to do. It does enough well that I would recommend it.",True
301055,655160,"This was a strong fit for what I wanted from the genre. It kept me curious about what came next, and it felt easy to settle into what the game was trying to do. I can see myself recommending it without much hesitation.",True
301055,267920,"I can see why this game has held onto a good reputation. The moment-to-moment gameplay felt sharp, and it felt easy to settle into what the game was trying to do. I would easily suggest it to someone who likes this genre.",True
301056,370280,"I had a better time with this than I expected at first. It kept me curious about what came next, and it felt easy to settle into what the game was trying to do. I can see myself recommending it without much hesitation.",True
301056,1008710,"I liked parts of this, though I do not think it works equally well for everyone. The sense of progression worked well, and it felt easy to settle into what the game was trying to do. I could still recommend it with the right expectations.",False
301057,449020,"I had a better time with this than I expected at first. It had a clear identity, and it felt easy to settle into what the game was trying to do. I would point other people toward it.",True
301057,398100,"I ended up liking this more than I expected. It worked well in short sessions, and it felt easy to settle into what the game was trying to do. I can see myself recommending it without much hesitation.",True
301058,591460,"I had a better time with this than I expected at first. It was satisfying to settle into its systems, and it felt easy to settle into what the game was trying to do. It does enough well that I would recommend it.",True
301058,349220,"I can see why this game has held onto a good reputation. It kept me curious about what came next, and it felt easy to settle into what the game was trying to do. It does enough well that I would recommend it.",True
301059,335620,"I can understand why people like this, but I felt mixed on parts of it. Building out a character felt rewarding, and it felt easy to settle into what the game was trying to do. I would only recommend it if the genre already appeals to you.",False
301059,200260,"I can see why this game has held onto a good reputation. It stayed engaging in shorter sessions, and it felt easy to settle into what the game was trying to do. I would easily suggest it to someone who likes this genre.",True
301060,445230,"I had a better time with this than I expected at first. It had a clear identity, and it felt easy to settle into what the game was trying to do. I can see myself recommending it without much hesitation.",True
301060,401710,"I ended up liking this more than I expected. The moment-to-moment gameplay felt sharp, and it felt easy to settle into what the game was trying to do. I would easily suggest it to someone who likes this genre.",True
301061,538680,"This turned out to be an easy game to recommend. It gave me enough room to approach things my own way, and it felt easy to settle into what the game was trying to do. I would point other people toward it.",True
301061,303310,"This was a strong fit for what I wanted from the genre. It kept me curious about what came next, and it felt easy to settle into what the game was trying to do. It does enough well that I would recommend it.",True
301062,1003480,"This turned out to be an easy game to recommend. It stayed engaging in shorter sessions, and it felt easy to settle into what the game was trying to do. I would recommend it to the right player.",True
301062,461620,"I ended up liking this more than I expected. It did a lot with its own identity, and it felt easy to settle into what the game was trying to do. I would point other people toward it.",True
301063,411560,"I ended up liking this more than I expected. It was easy to pick up and enjoy, and it felt easy to settle into what the game was trying to do. I would recommend it to the right player.",True
301063,310510,"I ended up liking this more than I expected. It stayed engaging in shorter sessions, and it felt easy to settle into what the game was trying to do. I can see myself recommending it without much hesitation.",True
301064,285840,"This was decent overall, but I still had a few reservations. The moment-to-moment gameplay felt sharp, and it felt easy to settle into what the game was trying to do. There is enough here to like, even if I would be selective about recommending it.",False
301064,3130,"This was a strong fit for what I wanted from the genre. The decisions felt meaningful more often than not, and it felt easy to settle into what the game was trying to do. I would easily suggest it to someone who likes this genre.",True
301065,337930,"I can see why this game has held onto a good reputation. It was satisfying to settle into its systems, and it felt easy to settle into what the game was trying to do. I can see myself recommending it without much hesitation.",True
301065,755540,"This turned out to be an easy game to recommend. It had a clear identity, and it felt easy to settle into what the game was trying to do. I can see myself recommending it without much hesitation.",True
301066,202200,"This turned out to be an easy game to recommend. It had a distinct style that made it memorable, and it felt easy to settle into what the game was trying to do. I can see myself recommending it without much hesitation.",True
301066,480430,"This turned out to be an easy game to recommend. It stayed engaging in shorter sessions, and it felt easy to settle into what the game was trying to do. I can see myself recommending it without much hesitation.",True
301067,573130,"I had a better time with this than I expected at first. The sense of progression worked well, and it felt easy to settle into what the game was trying to do. It does enough well that I would recommend it.",True
301067,741510,"I had a better time with this than I expected at first. The pacing stayed lively, and it felt easy to settle into what the game was trying to do. I can see myself recommending it without much hesitation.",True
301068,340150,"I can see why this game has held onto a good reputation. It felt like a small project with real personality, and it felt easy to settle into what the game was trying to do. I would recommend it to the right player.",True
301068,587110,"I can see why this game has held onto a good reputation. The pacing stayed lively, and it felt easy to settle into what the game was trying to do. I would recommend it to the right player.",True
301069,351800,"There is a solid game here, though it did not completely win me over. The world was easy to get invested in, and it felt easy to settle into what the game was trying to do. I could still recommend it with the right expectations.",False
301069,787450,"I had a better time with this than I expected at first. The world was easy to get invested in, and it felt easy to settle into what the game was trying to do. It does enough well that I would recommend it.",True
301070,444140,"I ended up liking this more than I expected. The sense of progression worked well, and it felt easy to settle into what the game was trying to do. I can see myself recommending it without much hesitation.",True
301070,804700,"This was a strong fit for what I wanted from the genre. It kept me curious about what came next, and it felt easy to settle into what the game was trying to do. I would point other people toward it.",True
301071,324080,"This turned out to be an easy game to recommend. The moment-to-moment gameplay felt sharp, and it felt easy to settle into what the game was trying to do. I would easily suggest it to someone who likes this genre.",True
301071,423590,"I can see why this game has held onto a good reputation. It kept me curious about what came next, and it felt easy to settle into what the game was trying to do. I would recommend it to the right player.",True
301072,376520,"I ended up liking this more than I expected. The world was easy to get invested in, and it felt easy to settle into what the game was trying to do. I would point other people toward it.",True
301072,353360,"I ended up liking this more than I expected. The core loop worked better than I expected, and it felt easy to settle into what the game was trying to do. It does enough well that I would recommend it.",True
301073,851890,"I can see why this game has held onto a good reputation. It stayed engaging in shorter sessions, and it felt easy to settle into what the game was trying to do. I can see myself recommending it without much hesitation.",True
301073,291550,"I can see why this game has held onto a good reputation. The moment-to-moment gameplay felt sharp, and it felt easy to settle into what the game was trying to do. I would point other people toward it.",True
301074,550840,"I can see why this game has held onto a good reputation. It stayed engaging in shorter sessions, and it felt easy to settle into what the game was trying to do. It does enough well that I would recommend it.",True
301074,485030,"I had a better time with this than I expected at first. The pacing stayed lively, and it felt easy to settle into what the game was trying to do. I would easily suggest it to someone who likes this genre.",True
301075,468530,"I had a better time with this than I expected at first. It kept me curious about what came next, and it felt easy to settle into what the game was trying to do. I would recommend it to the right player.",True
301075,963930,"I had a better time with this than I expected at first. The pacing stayed lively, and it felt easy to settle into what the game was trying to do. It does enough well that I would recommend it.",True
301076,212070,"I can understand why people like this, but I felt mixed on parts of it. The pacing stayed lively, and it felt easy to settle into what the game was trying to do. I can understand the audience for it, even if I am not fully sold.",False
301076,976390,"This was a strong fit for what I wanted from the genre. It never felt too demanding to come back to, and it felt easy to settle into what the game was trying to do. I would easily suggest it to someone who likes this genre.",True
301077,367570,"I had a better time with this than I expected at first. The moment-to-moment gameplay felt sharp, and it felt easy to settle into what the game was trying to do. I can see myself recommending it without much hesitation.",True
301077,2310,"I had a better time with this than I expected at first. The pacing stayed lively, and it felt easy to settle into what the game was trying to do. I would recommend it to the right player.",True
301078,105000,"This was a strong fit for what I wanted from the genre. It kept me curious about what came next, and it felt easy to settle into what the game was trying to do. I can see myself recommending it without much hesitation.",True
301078,297860,"I ended up liking this more than I expected. It stayed engaging in shorter sessions, and it felt easy to settle into what the game was trying to do. It does enough well that I would recommend it.",True
301079,365960,"I can see why this game has held onto a good reputation. The driving loop stayed satisfying, and it felt easy to settle into what the game was trying to do. It does enough well that I would recommend it.",True
301079,389170,"This was a strong fit for what I wanted from the genre. It kept me curious about what came next, and it felt easy to settle into what the game was trying to do. I would point other people toward it.",True
301080,395200,"This turned out to be an easy game to recommend. The moment-to-moment gameplay felt sharp, and it felt easy to settle into what the game was trying to do. I would recommend it to the right player.",True
301080,760890,"This turned out to be an easy game to recommend. It had a distinct style that made it memorable, and it felt easy to settle into what the game was trying to do. I would easily suggest it to someone who likes this genre.",True
301081,10180,"This was a strong fit for what I wanted from the genre. The moment-to-moment gameplay felt sharp, and it felt easy to settle into what the game was trying to do. I would easily suggest it to someone who likes this genre.",True
301081,246420,"I ended up liking this more than I expected. It rewarded planning in a satisfying way, and it felt easy to settle into what the game was trying to do. I would easily suggest it to someone who likes this genre.",True
301082,341800,"I can see why this game has held onto a good reputation. It did a lot with its own identity, and it felt easy to settle into what the game was trying to do. I would point other people toward it.",True
301082,554620,"I ended up liking this more than I expected. The pacing stayed lively, and it felt easy to settle into what the game was trying to do. I would point other people toward it.",True
301083,463930,"I can see why this game has held onto a good reputation. It worked well in short sessions, and it felt easy to settle into what the game was trying to do. I would recommend it to the right player.",True
301083,450390,"This turned out to be an easy game to recommend. It had a clear identity, and it felt easy to settle into what the game was trying to do. It does enough well that I would recommend it.",True
301084,973760,"This has some clear strengths, even if it did not fully click for me. The world was easy to get invested in, and it felt easy to settle into what the game was trying to do. It is not for everyone, but I can still see the appeal.",False
301084,63910,"I ended up liking this more than I expected. Building out a character felt rewarding, and it felt easy to settle into what the game was trying to do. I would easily suggest it to someone who likes this genre.",True
301085,428750,"I can see why this game has held onto a good reputation. It stayed engaging in shorter sessions, and it felt easy to settle into what the game was trying to do. I would recommend it to the right player.",True
301085,544390,"There is a solid game here, though it did not completely win me over. The world was easy to get invested in, and it felt easy to settle into what the game was trying to do. It is not for everyone, but I can still see the appeal.",False
301086,611040,"I had a better time with this than I expected at first. It never felt too demanding to come back to, and it felt easy to settle into what the game was trying to do. I can see myself recommending it without much hesitation.",True
301086,378540,"I ended up liking this more than I expected. The pacing stayed lively, and it felt easy to settle into what the game was trying to do. I would recommend it to the right player.",True
301087,512180,"I ended up liking this more than I expected. The world was easy to get invested in, and it felt easy to settle into what the game was trying to do. It does enough well that I would recommend it.",True
301087,374900,"This was decent overall, but I still had a few reservations. The sense of progression worked well, and it felt easy to settle into what the game was trying to do. I could still recommend it with the right expectations.",False
301088,15500,"I ended up liking this more than I expected. It was easy to pick up and enjoy, and it felt easy to settle into what the game was trying to do. I can see myself recommending it without much hesitation.",True
301088,233550,"I had a better time with this than I expected at first. It stayed engaging in shorter sessions, and it felt easy to settle into what the game was trying to do. I would point other people toward it.",True
301089,998930,"This turned out to be an easy game to recommend. It stayed engaging in shorter sessions, and it felt easy to settle into what the game was trying to do. I can see myself recommending it without much hesitation.",True
301089,508550,"I can see why this game has held onto a good reputation. The moment-to-moment gameplay felt sharp, and it felt easy to settle into what the game was trying to do. It does enough well that I would recommend it.",True
301090,491040,"I can see why this game has held onto a good reputation. The moment-to-moment gameplay felt sharp, and it felt easy to settle into what the game was trying to do. It does enough well that I would recommend it.",True
301090,16450,"This was a strong fit for what I wanted from the genre. It stayed engaging in shorter sessions, and it felt easy to settle into what the game was trying to do. I would point other people toward it.",True
301091,586140,"This turned out to be an easy game to recommend. The moment-to-moment gameplay felt sharp, and it felt easy to settle into what the game was trying to do. I would point other people toward it.",True
301091,334940,"I can see why this game has held onto a good reputation. It kept me curious about what came next, and it felt easy to settle into what the game was trying to do. It does enough well that I would recommend it.",True
301092,411000,"This turned out to be an easy game to recommend. The world was easy to get invested in, and it felt easy to settle into what the game was trying to do. I would easily suggest it to someone who likes this genre.",True
301092,806140,"This turned out to be an easy game to recommend. The moment-to-moment gameplay felt sharp, and it felt easy to settle into what the game was trying to do. I would point other people toward it.",True
301093,705280,"There is a solid game here, though it did not completely win me over. It stayed engaging in shorter sessions, and it felt easy to settle into what the game was trying to do. There is enough here to like, even if I would be selective about recommending it.",False
301093,524220,"This was a strong fit for what I wanted from the genre. The pacing stayed lively, and it felt easy to settle into what the game was trying to do. I would point other people toward it.",True
301094,358090,"This turned out to be an easy game to recommend. It kept me curious about what came next, and it felt easy to settle into what the game was trying to do. I can see myself recommending it without much hesitation.",True
301094,790740,"I can see why this game has held onto a good reputation. It kept me curious about what came next, and it felt easy to settle into what the game was trying to do. I would point other people toward it.",True
301095,362620,"This turned out to be an easy game to recommend. It shows enough promise to be worth watching, and it felt easy to settle into what the game was trying to do. It does enough well that I would recommend it.",True
301095,282900,"I can see why this game has held onto a good reputation. Building out a character felt rewarding, and it felt easy to settle into what the game was trying to do. It does enough well that I would recommend it.",True
301096,610080,"I had a better time with this than I expected at first. The core loop worked better than I expected, and it felt easy to settle into what the game was trying to do. I would point other people toward it.",True
301096,48700,"This turned out to be an easy game to recommend. The pacing stayed lively, and it felt easy to settle into what the game was trying to do. I would easily suggest it to someone who likes this genre.",True
301097,629730,"This was a strong fit for what I wanted from the genre. The pacing stayed lively, and it felt easy to settle into what the game was trying to do. I would point other people toward it.",True
301097,300550,"I can see why this game has held onto a good reputation. It kept me curious about what came next, and it felt easy to settle into what the game was trying to do. I would point other people toward it.",True
301098,259080,"I had a better time with this than I expected at first. The pacing stayed lively, and it felt easy to settle into what the game was trying to do. I would point other people toward it.",True
301098,775940,"I ended up liking this more than I expected. It had a distinct style that made it memorable, and it felt easy to settle into what the game was trying to do. I would easily suggest it to someone who likes this genre.",True
301099,303800,"I can see why this game has held onto a good reputation. The world was easy to get invested in, and it felt easy to settle into what the game was trying to do. I would point other people toward it.",True
301099,302510,"I had a better time with this than I expected at first. It stayed engaging in shorter sessions, and it felt easy to settle into what the game was trying to do. I would point other people toward it.",True
301100,342560,"I had a better time with this than I expected at first. The moment-to-moment gameplay felt sharp, and it felt easy to settle into what the game was trying to do. I would easily suggest it to someone who likes this genre.",True
301100,2810,"I can see why this game has held onto a good reputation. The decisions felt meaningful more often than not, and it felt easy to settle into what the game was trying to do. I can see myself recommending it without much hesitation.",True
301101,340520,"This turned out to be an easy game to recommend. The moment-to-moment gameplay felt sharp, and it felt easy to settle into what the game was trying to do. It does enough well that I would recommend it.",True
301101,699180,"This turned out to be an easy game to recommend. It never felt too demanding to come back to, and it felt easy to settle into what the game was trying to do. I would point other people toward it.",True
301102,630,"This turned out to be an easy game to recommend. The pacing stayed lively, and it felt easy to settle into what the game was trying to do. It does enough well that I would recommend it.",True
301102,774351,"This was a strong fit for what I wanted from the genre. It was easy to pick up and enjoy, and it felt easy to settle into what the game was trying to do. It does enough well that I would recommend it.",True
301103,283880,"I ended up liking this more than I expected. The world was easy to get invested in, and it felt easy to settle into what the game was trying to do. I would point other people toward it.",True
301103,377870,"I had a better time with this than I expected at first. The moment-to-moment gameplay felt sharp, and it felt easy to settle into what the game was trying to do. I would easily suggest it to someone who likes this genre.",True
301104,434050,"I ended up liking this more than I expected. The pacing stayed lively, and it felt easy to settle into what the game was trying to do. It does enough well that I would recommend it.",True
301104,368950,"I ended up liking this more than I expected. It had a clear identity, and it felt easy to settle into what the game was trying to do. It does enough well that I would recommend it.",True
301105,488280,"I ended up liking this more than I expected. It was easy to pick up and enjoy, and it felt easy to settle into what the game was trying to do. I would point other people toward it.",True
301105,736220,"I had a better time with this than I expected at first. The moment-to-moment gameplay felt sharp, and it felt easy to settle into what the game was trying to do. I would point other people toward it.",True
301106,262850,"I can see why this game has held onto a good reputation. The world was easy to get invested in, and it felt easy to settle into what the game was trying to do. I would easily suggest it to someone who likes this genre.",True
301106,347620,"This turned out to be an easy game to recommend. It kept me curious about what came next, and it felt easy to settle into what the game was trying to do. I can see myself recommending it without much hesitation.",True
301107,45770,"I can understand why people like this, but I felt mixed on parts of it. It stayed engaging in shorter sessions, and it felt easy to settle into what the game was trying to do. I can understand the audience for it, even if I am not fully sold.",False
301107,386180,"I had a better time with this than I expected at first. It stayed engaging in shorter sessions, and it felt easy to settle into what the game was trying to do. I can see myself recommending it without much hesitation.",True
301108,602770,"This turned out to be an easy game to recommend. It did a lot with its own identity, and it felt easy to settle into what the game was trying to do. I would recommend it to the right player.",True
301108,641780,"I ended up liking this more than I expected. It stayed engaging in shorter sessions, and it felt easy to settle into what the game was trying to do. I would recommend it to the right player.",True
301109,463210,"I had a better time with this than I expected at first. The pacing stayed lively, and it felt easy to settle into what the game was trying to do. It does enough well that I would recommend it.",True
301109,444930,"I can see why this game has held onto a good reputation. It stayed engaging in shorter sessions, and it felt easy to settle into what the game was trying to do. I can see myself recommending it without much hesitation.",True
301110,822240,"I ended up liking this more than I expected. It kept me curious about what came next, and it felt easy to settle into what the game was trying to do. I would point other people toward it.",True
301110,323220,"I can understand why people like this, but I felt mixed on parts of it. The moment-to-moment gameplay felt sharp, and it felt easy to settle into what the game was trying to do. I could still recommend it with the right expectations.",False
301111,13500,"This has some clear strengths, even if it did not fully click for me. The moment-to-moment gameplay felt sharp, and it felt easy to settle into what the game was trying to do. It is not for everyone, but I can still see the appeal.",False
301111,384310,"I ended up liking this more than I expected. It kept me curious about what came next, and it felt easy to settle into what the game was trying to do. I would point other people toward it.",True
301112,1025250,"I can see why this game has held onto a good reputation. The moment-to-moment gameplay felt sharp, and it felt easy to settle into what the game was trying to do. I would point other people toward it.",True
301112,205100,"This was a strong fit for what I wanted from the genre. The pacing stayed lively, and it felt easy to settle into what the game was trying to do. I would point other people toward it.",True
301113,242050,"I can see why this game has held onto a good reputation. It stayed engaging in shorter sessions, and it felt easy to settle into what the game was trying to do. It does enough well that I would recommend it.",True
301113,348620,"I can see why this game has held onto a good reputation. It kept me curious about what came next, and it felt easy to settle into what the game was trying to do. I can see myself recommending it without much hesitation.",True
301114,579840,"This was a strong fit for what I wanted from the genre. The moment-to-moment gameplay felt sharp, and it felt easy to settle into what the game was trying to do. It does enough well that I would recommend it.",True
301114,70300,"I can see why this game has held onto a good reputation. The moment-to-moment gameplay felt sharp, and it felt easy to settle into what the game was trying to do. I would recommend it to the right player.",True
301115,540610,"I had a better time with this than I expected at first. It worked well in short sessions, and it felt easy to settle into what the game was trying to do. I would easily suggest it to someone who likes this genre.",True
301115,692100,"This turned out to be an easy game to recommend. The sense of progression worked well, and it felt easy to settle into what the game was trying to do. It does enough well that I would recommend it.",True
301116,466240,"This turned out to be an easy game to recommend. It stayed engaging in shorter sessions, and it felt easy to settle into what the game was trying to do. I would easily suggest it to someone who likes this genre.",True
301116,588650,"I had a better time with this than I expected at first. It stayed engaging in shorter sessions, and it felt easy to settle into what the game was trying to do. It does enough well that I would recommend it.",True
301117,15320,"I had a better time with this than I expected at first. It was satisfying to settle into its systems, and it felt easy to settle into what the game was trying to do. I would point other people toward it.",True
301117,300380,"I ended up liking this more than I expected. The moment-to-moment gameplay felt sharp, and it felt easy to settle into what the game was trying to do. I would point other people toward it.",True
301118,262940,"I ended up liking this more than I expected. The sense of progression worked well, and it felt easy to settle into what the game was trying to do. I would point other people toward it.",True
301118,330390,"I had a better time with this than I expected at first. The sense of progression worked well, and it felt easy to settle into what the game was trying to do. It does enough well that I would recommend it.",True
301119,298400,"This was a strong fit for what I wanted from the genre. The moment-to-moment gameplay felt sharp, and it felt easy to settle into what the game was trying to do. I can see myself recommending it without much hesitation.",True
301119,251990,"I can see why this game has held onto a good reputation. It had a distinct style that made it memorable, and it felt easy to settle into what the game was trying to do. I can see myself recommending it without much hesitation.",True
301120,933940,"I ended up liking this more than I expected. It did a lot with its own identity, and it felt easy to settle into what the game was trying to do. I would recommend it to the right player.",True
301120,266510,"I ended up liking this more than I expected. The pacing stayed lively, and it felt easy to settle into what the game was trying to do. I would easily suggest it to someone who likes this genre.",True
301121,481510,"I ended up liking this more than I expected. The world was easy to get invested in, and it felt easy to settle into what the game was trying to do. It does enough well that I would recommend it.",True
301121,772430,"I ended up liking this more than I expected. The sense of progression worked well, and it felt easy to settle into what the game was trying to do. I would easily suggest it to someone who likes this genre.",True
301122,107600,"This turned out to be an easy game to recommend. It stayed engaging in shorter sessions, and it felt easy to settle into what the game was trying to do. I would easily suggest it to someone who likes this genre.",True
301122,508600,"I had a better time with this than I expected at first. The moment-to-moment gameplay felt sharp, and it felt easy to settle into what the game was trying to do. I would point other people toward it.",True
301123,363330,"I can see why this game has held onto a good reputation. The sense of progression worked well, and it felt easy to settle into what the game was trying to do. It does enough well that I would recommend it.",True
301123,233470,"I can see why this game has held onto a good reputation. The sense of progression worked well, and it felt easy to settle into what the game was trying to do. I can see myself recommending it without much hesitation.",True
301124,317040,"I can see why this game has held onto a good reputation. It stayed engaging in shorter sessions, and it felt easy to settle into what the game was trying to do. It does enough well that I would recommend it.",True
301124,65800,"I had a better time with this than I expected at first. The pacing stayed lively, and it felt easy to settle into what the game was trying to do. It does enough well that I would recommend it.",True
301125,392450,"This was a strong fit for what I wanted from the genre. The sense of progression worked well, and it felt easy to settle into what the game was trying to do. I would point other people toward it.",True
301125,645260,"This was decent overall, but I still had a few reservations. The core loop worked better than I expected, and it felt easy to settle into what the game was trying to do. It is not for everyone, but I can still see the appeal.",False
301126,298930,"This was a strong fit for what I wanted from the genre. The sense of progression worked well, and it felt easy to settle into what the game was trying to do. I would recommend it to the right player.",True
301126,751690,"This turned out to be an easy game to recommend. The moment-to-moment gameplay felt sharp, and it felt easy to settle into what the game was trying to do. I would easily suggest it to someone who likes this genre.",True
301127,880940,"I had a better time with this than I expected at first. The pacing stayed lively, and it felt easy to settle into what the game was trying to do. I would easily suggest it to someone who likes this genre.",True
301127,418340,"I ended up liking this more than I expected. The moment-to-moment gameplay felt sharp, and it felt easy to settle into what the game was trying to do. It does enough well that I would recommend it.",True
301128,271760,"I ended up liking this more than I expected. Building out a character felt rewarding, and it felt easy to settle into what the game was trying to do. I would recommend it to the right player.",True
301128,282010,"This was decent overall, but I still had a few reservations. The moment-to-moment gameplay felt sharp, and it felt easy to settle into what the game was trying to do. It is not for everyone, but I can still see the appeal.",False
301129,293680,"I had a better time with this than I expected at first. The world was easy to get invested in, and it felt easy to settle into what the game was trying to do. I would point other people toward it.",True
301129,270130,"This turned out to be an easy game to recommend. It kept me curious about what came next, and it felt easy to settle into what the game was trying to do. I would point other people toward it.",True
301130,327560,"I ended up liking this more than I expected. It stayed engaging in shorter sessions, and it felt easy to settle into what the game was trying to do. It does enough well that I would recommend it.",True
301130,228300,"This was a strong fit for what I wanted from the genre. The moment-to-moment gameplay felt sharp, and it felt easy to settle into what the game was trying to do. It does enough well that I would recommend it.",True
301131,743890,"This was a strong fit for what I wanted from the genre. The moment-to-moment gameplay felt sharp, and it felt easy to settle into what the game was trying to do. I would recommend it to the right player.",True
301131,347670,"This turned out to be an easy game to recommend. It stayed engaging in shorter sessions, and it felt easy to settle into what the game was trying to do. It does enough well that I would recommend it.",True
301132,529780,"This turned out to be an easy game to recommend. The world was easy to get invested in, and it felt easy to settle into what the game was trying to do. I would easily suggest it to someone who likes this genre.",True
301132,205950,"I can see why this game has held onto a good reputation. The moment-to-moment gameplay felt sharp, and it felt easy to settle into what the game was trying to do. I would recommend it to the right player.",True
301133,458470,"I had a better time with this than I expected at first. The world was easy to get invested in, and it felt easy to settle into what the game was trying to do. I would recommend it to the right player.",True
301133,30,"This turned out to be an easy game to recommend. It stayed engaging in shorter sessions, and it felt easy to settle into what the game was trying to do. I would easily suggest it to someone who likes this genre.",True
301134,262120,"This turned out to be an easy game to recommend. The moment-to-moment gameplay felt sharp, and it felt easy to settle into what the game was trying to do. I would recommend it to the right player.",True
301134,589530,"I had a better time with this than I expected at first. It kept me curious about what came next, and it felt easy to settle into what the game was trying to do. I can see myself recommending it without much hesitation.",True
301135,751440,"I liked parts of this, though I do not think it works equally well for everyone. The world was easy to get invested in, and it felt easy to settle into what the game was trying to do. I could still recommend it with the right expectations.",False
301135,677340,"I ended up liking this more than I expected. It felt like a small project with real personality, and it felt easy to settle into what the game was trying to do. I would point other people toward it.",True
301136,526160,"This was a strong fit for what I wanted from the genre. The pacing stayed lively, and it felt easy to settle into what the game was trying to do. I would easily suggest it to someone who likes this genre.",True
301136,766280,"I had a better time with this than I expected at first. It was easy to pick up and enjoy, and it felt easy to settle into what the game was trying to do. It does enough well that I would recommend it.",True
301137,440,"I ended up liking this more than I expected. The pacing stayed lively, and it felt easy to settle into what the game was trying to do. I would point other people toward it.",True
301137,23490,"I had a better time with this than I expected at first. It rewarded patience more than I expected, and it felt easy to settle into what the game was trying to do. I would point other people toward it.",True
301138,252350,"I liked parts of this, though I do not think it works equally well for everyone. It stayed engaging in shorter sessions, and it felt easy to settle into what the game was trying to do. It is not for everyone, but I can still see the appeal.",False
301138,780350,"This was a strong fit for what I wanted from the genre. The moment-to-moment gameplay felt sharp, and it felt easy to settle into what the game was trying to do. I would point other people toward it.",True
301139,243450,"I ended up liking this more than I expected. The pacing stayed lively, and it felt easy to settle into what the game was trying to do. I would point other people toward it.",True
301139,251850,"This turned out to be an easy game to recommend. The moment-to-moment gameplay felt sharp, and it felt easy to settle into what the game was trying to do. I can see myself recommending it without much hesitation.",True
301140,813630,"This was a strong fit for what I wanted from the genre. The moment-to-moment gameplay felt sharp, and it felt easy to settle into what the game was trying to do. I would point other people toward it.",True
301140,295790,"There is a solid game here, though it did not completely win me over. It stayed engaging in shorter sessions, and it felt easy to settle into what the game was trying to do. I could still recommend it with the right expectations.",False
301141,203210,"This was a strong fit for what I wanted from the genre. The pacing stayed lively, and it felt easy to settle into what the game was trying to do. I can see myself recommending it without much hesitation.",True
301141,232910,"I had a better time with this than I expected at first. The driving loop stayed satisfying, and it felt easy to settle into what the game was trying to do. I would easily suggest it to someone who likes this genre.",True
301142,779640,"This turned out to be an easy game to recommend. The sense of progression worked well, and it felt easy to settle into what the game was trying to do. I can see myself recommending it without much hesitation.",True
301142,355980,"This was a strong fit for what I wanted from the genre. It did a lot with its own identity, and it felt easy to settle into what the game was trying to do. I would point other people toward it.",True
301143,329860,"This turned out to be an easy game to recommend. The moment-to-moment gameplay felt sharp, and it felt easy to settle into what the game was trying to do. It does enough well that I would recommend it.",True
301143,391260,"I had a better time with this than I expected at first. The moment-to-moment gameplay felt sharp, and it felt easy to settle into what the game was trying to do. I would recommend it to the right player.",True
301144,525780,"This turned out to be an easy game to recommend. It stayed engaging in shorter sessions, and it felt easy to settle into what the game was trying to do. I can see myself recommending it without much hesitation.",True
301144,272060,"This was a strong fit for what I wanted from the genre. It kept me curious about what came next, and it felt easy to settle into what the game was trying to do. I can see myself recommending it without much hesitation.",True
301145,22320,"This was a strong fit for what I wanted from the genre. It gave me enough room to approach things my own way, and it felt easy to settle into what the game was trying to do. I can see myself recommending it without much hesitation.",True
301145,362930,"This was a strong fit for what I wanted from the genre. The core mechanics were strong enough to carry it, and it felt easy to settle into what the game was trying to do. I would easily suggest it to someone who likes this genre.",True
301146,257690,"This turned out to be an easy game to recommend. The world was easy to get invested in, and it felt easy to settle into what the game was trying to do. It does enough well that I would recommend it.",True
301146,305260,"I ended up liking this more than I expected. The core loop worked better than I expected, and it felt easy to settle into what the game was trying to do. I would easily suggest it to someone who likes this genre.",True
301147,553520,"This turned out to be an easy game to recommend. It rewarded patience more than I expected, and it felt easy to settle into what the game was trying to do. I would easily suggest it to someone who likes this genre.",True
301147,41100,"I had a better time with this than I expected at first. The moment-to-moment gameplay felt sharp, and it felt easy to settle into what the game was trying to do. I would easily suggest it to someone who likes this genre.",True
301148,490920,"I can see why this game has held onto a good reputation. The core idea is already doing a lot right, and it felt easy to settle into what the game was trying to do. I would easily suggest it to someone who likes this genre.",True
301148,406970,"There is a solid game here, though it did not completely win me over. It kept me curious about what came next, and it felt easy to settle into what the game was trying to do. I can understand the audience for it, even if I am not fully sold.",False
301149,314250,"I can see why this game has held onto a good reputation. The moment-to-moment gameplay felt sharp, and it felt easy to settle into what the game was trying to do. I would recommend it to the right player.",True
301149,294230,"I can see why this game has held onto a good reputation. It stayed engaging in shorter sessions, and it felt easy to settle into what the game was trying to do. I would point other people toward it.",True
301150,880400,"This was a strong fit for what I wanted from the genre. The sense of progression worked well, and it felt easy to settle into what the game was trying to do. I can see myself recommending it without much hesitation.",True
301150,600480,"This turned out to be an easy game to recommend. It was easy to pick up and enjoy, and it felt easy to settle into what the game was trying to do. It does enough well that I would recommend it.",True
301151,437160,"This turned out to be an easy game to recommend. The world was easy to get invested in, and it felt easy to settle into what the game was trying to do. I would recommend it to the right player.",True
301151,275530,"I can understand why people like this, but I felt mixed on parts of it. The pacing stayed lively, and it felt easy to settle into what the game was trying to do. I could still recommend it with the right expectations.",False
301152,502800,"I ended up liking this more than I expected. The pacing stayed lively, and it felt easy to settle into what the game was trying to do. I would easily suggest it to someone who likes this genre.",True
301152,431240,"I had a better time with this than I expected at first. It was easy to pick up and enjoy, and it felt easy to settle into what the game was trying to do. It does enough well that I would recommend it.",True
301153,617160,"This has some clear strengths, even if it did not fully click for me. It kept me curious about what came next, and it felt easy to settle into what the game was trying to do. I could still recommend it with the right expectations.",False
301153,245280,"This was a strong fit for what I wanted from the genre. The moment-to-moment gameplay felt sharp, and it felt easy to settle into what the game was trying to do. I would recommend it to the right player.",True
301154,606800,"This turned out to be an easy game to recommend. It was easy to pick up and enjoy, and it felt easy to settle into what the game was trying to do. I would point other people toward it.",True
301154,342380,"I can see why this game has held onto a good reputation. It worked well in short sessions, and it felt easy to settle into what the game was trying to do. I would point other people toward it.",True
301155,490220,"This turned out to be an easy game to recommend. There is already a good foundation here, and it felt easy to settle into what the game was trying to do. I would recommend it to the right player.",True
301155,897030,"I had a better time with this than I expected at first. It kept me curious about what came next, and it felt easy to settle into what the game was trying to do. I would point other people toward it.",True
301156,96000,"I can understand why people like this, but I felt mixed on parts of it. The sense of progression worked well, and it felt easy to settle into what the game was trying to do. I would only recommend it if the genre already appeals to you.",False
301156,32380,"This was a strong fit for what I wanted from the genre. The pacing stayed lively, and it felt easy to settle into what the game was trying to do. I would recommend it to the right player.",True
301157,476420,"I ended up liking this more than I expected. It had a distinct style that made it memorable, and it felt easy to settle into what the game was trying to do. I would recommend it to the right player.",True
301157,506870,"I ended up liking this more than I expected. The moment-to-moment gameplay felt sharp, and it felt easy to settle into what the game was trying to do. I would recommend it to the right player.",True
301158,781480,"This turned out to be an easy game to recommend. It kept me curious about what came next, and it felt easy to settle into what the game was trying to do. I would easily suggest it to someone who likes this genre.",True
301158,431250,"I had a better time with this than I expected at first. The moment-to-moment gameplay felt sharp, and it felt easy to settle into what the game was trying to do. I would recommend it to the right player.",True
301159,281920,"I ended up liking this more than I expected. The pacing stayed lively, and it felt easy to settle into what the game was trying to do. I would recommend it to the right player.",True
301159,574310,"This was a strong fit for what I wanted from the genre. The sense of progression worked well, and it felt easy to settle into what the game was trying to do. It does enough well that I would recommend it.",True
301160,385240,"I had a better time with this than I expected at first. It rewarded patience more than I expected, and it felt easy to settle into what the game was trying to do. I would recommend it to the right player.",True
301160,397430,"I ended up liking this more than I expected. The world was easy to get invested in, and it felt easy to settle into what the game was trying to do. I would recommend it to the right player.",True
301161,211010,"I ended up liking this more than I expected. The pacing stayed lively, and it felt easy to settle into what the game was trying to do. I can see myself recommending it without much hesitation.",True
301161,587420,"This was a strong fit for what I wanted from the genre. The moment-to-moment gameplay felt sharp, and it felt easy to settle into what the game was trying to do. I would easily suggest it to someone who likes this genre.",True
301162,257850,"I can see why this game has held onto a good reputation. The moment-to-moment gameplay felt sharp, and it felt easy to settle into what the game was trying to do. It does enough well that I would recommend it.",True
301162,400170,"I can see why this game has held onto a good reputation. The moment-to-moment gameplay felt sharp, and it felt easy to settle into what the game was trying to do. It does enough well that I would recommend it.",True
301163,292600,"This turned out to be an easy game to recommend. The moment-to-moment gameplay felt sharp, and it felt easy to settle into what the game was trying to do. I would recommend it to the right player.",True
301163,329050,"This turned out to be an easy game to recommend. The pacing stayed lively, and it felt easy to settle into what the game was trying to do. I would recommend it to the right player.",True
301164,380360,"This turned out to be an easy game to recommend. The pacing stayed lively, and it felt easy to settle into what the game was trying to do. I would point other people toward it.",True
301164,399820,"There is a solid game here, though it did not completely win me over. The pacing stayed lively, and it felt easy to settle into what the game was trying to do. There is enough here to like, even if I would be selective about recommending it.",False
301165,629000,"I had a better time with this than I expected at first. The sense of progression worked well, and it felt easy to settle into what the game was trying to do. I can see myself recommending it without much hesitation.",True
301165,219150,"I ended up liking this more than I expected. The moment-to-moment gameplay felt sharp, and it felt easy to settle into what the game was trying to do. I would easily suggest it to someone who likes this genre.",True
301166,544810,"This was a strong fit for what I wanted from the genre. It never felt too demanding to come back to, and it felt easy to settle into what the game was trying to do. I would recommend it to the right player.",True
301166,435300,"I ended up liking this more than I expected. The world was easy to get invested in, and it felt easy to settle into what the game was trying to do. I can see myself recommending it without much hesitation.",True
301167,486780,"This turned out to be an easy game to recommend. The pacing stayed lively, and it felt easy to settle into what the game was trying to do. I would recommend it to the right player.",True
301167,32620,"I ended up liking this more than I expected. The moment-to-moment gameplay felt sharp, and it felt easy to settle into what the game was trying to do. I would easily suggest it to someone who likes this genre.",True
301168,588970,"This turned out to be an easy game to recommend. It never felt too demanding to come back to, and it felt easy to settle into what the game was trying to do. It does enough well that I would recommend it.",True
301168,681390,"This turned out to be an easy game to recommend. The pacing stayed lively, and it felt easy to settle into what the game was trying to do. I can see myself recommending it without much hesitation.",True
301169,384740,"I ended up liking this more than I expected. It stayed engaging in shorter sessions, and it felt easy to settle into what the game was trying to do. I would point other people toward it.",True
301169,1032430,"I ended up liking this more than I expected. The moment-to-moment gameplay felt sharp, and it felt easy to settle into what the game was trying to do. It does enough well that I would recommend it.",True
301170,561600,"I can understand why people like this, but I felt mixed on parts of it. The driving loop stayed satisfying, and it felt easy to settle into what the game was trying to do. I could still recommend it with the right expectations.",False
301170,227600,"I ended up liking this more than I expected. The sense of progression worked well, and it felt easy to settle into what the game was trying to do. I would recommend it to the right player.",True
301171,809140,"I ended up liking this more than I expected. It felt like a small project with real personality, and it felt easy to settle into what the game was trying to do. I would easily suggest it to someone who likes this genre.",True
301171,490230,"I had a better time with this than I expected at first. It stayed engaging in shorter sessions, and it felt easy to settle into what the game was trying to do. It does enough well that I would recommend it.",True
301172,294810,"I can understand why people like this, but I felt mixed on parts of it. The moment-to-moment gameplay felt sharp, and it felt easy to settle into what the game was trying to do. I can understand the audience for it, even if I am not fully sold.",False
301172,560260,"I can see why this game has held onto a good reputation. It had a clear identity, and it felt easy to settle into what the game was trying to do. I would point other people toward it.",True
301173,446800,"I can see why this game has held onto a good reputation. It was satisfying to settle into its systems, and it felt easy to settle into what the game was trying to do. I would recommend it to the right player.",True
301173,887530,"I had a better time with this than I expected at first. The sense of progression worked well, and it felt easy to settle into what the game was trying to do. I would recommend it to the right player.",True
301174,736570,"This turned out to be an easy game to recommend. It kept me curious about what came next, and it felt easy to settle into what the game was trying to do. It does enough well that I would recommend it.",True
301174,864060,"This was a strong fit for what I wanted from the genre. It stayed engaging in shorter sessions, and it felt easy to settle into what the game was trying to do. I would easily suggest it to someone who likes this genre.",True
301175,605450,"This was a strong fit for what I wanted from the genre. It stayed engaging in shorter sessions, and it felt easy to settle into what the game was trying to do. I would easily suggest it to someone who likes this genre.",True
301175,543260,"I ended up liking this more than I expected. It stayed engaging in shorter sessions, and it felt easy to settle into what the game was trying to do. I would point other people toward it.",True
301176,220090,"I ended up liking this more than I expected. The world was easy to get invested in, and it felt easy to settle into what the game was trying to do. It does enough well that I would recommend it.",True
301176,601150,"I can see why this game has held onto a good reputation. The moment-to-moment gameplay felt sharp, and it felt easy to settle into what the game was trying to do. I would recommend it to the right player.",True
301177,582660,"This was decent overall, but I still had a few reservations. It stayed engaging in shorter sessions, and it felt easy to settle into what the game was trying to do. I would only recommend it if the genre already appeals to you.",False
301177,17710,"I can see why this game has held onto a good reputation. It stayed engaging in shorter sessions, and it felt easy to settle into what the game was trying to do. It does enough well that I would recommend it.",True
301178,277460,"This turned out to be an easy game to recommend. It did a lot with its own identity, and it felt easy to settle into what the game was trying to do. I would recommend it to the right player.",True
301178,447780,"I ended up liking this more than I expected. The world was easy to get invested in, and it felt easy to settle into what the game was trying to do. I would easily suggest it to someone who likes this genre.",True
301179,704850,"This turned out to be an easy game to recommend. It stayed engaging in shorter sessions, and it felt easy to settle into what the game was trying to do. It does enough well that I would recommend it.",True
301179,718670,"This was a strong fit for what I wanted from the genre. It had a distinct style that made it memorable, and it felt easy to settle into what the game was trying to do. I can see myself recommending it without much hesitation.",True
301180,467360,"I can see why this game has held onto a good reputation. It kept me curious about what came next, and it felt easy to settle into what the game was trying to do. I would recommend it to the right player.",True
301180,982270,"I can see why this game has held onto a good reputation. It never felt too demanding to come back to, and it felt easy to settle into what the game was trying to do. I can see myself recommending it without much hesitation.",True
301181,509250,"I can see why this game has held onto a good reputation. The moment-to-moment gameplay felt sharp, and it felt easy to settle into what the game was trying to do. I would easily suggest it to someone who likes this genre.",True
301181,10150,"I ended up liking this more than I expected. The pacing stayed lively, and it felt easy to settle into what the game was trying to do. I would easily suggest it to someone who likes this genre.",True
301182,755800,"I can see why this game has held onto a good reputation. It had a clear identity, and it felt easy to settle into what the game was trying to do. I would point other people toward it.",True
301182,73170,"This was a strong fit for what I wanted from the genre. The systems gave me enough to think about, and it felt easy to settle into what the game was trying to do. I can see myself recommending it without much hesitation.",True
301183,244810,"I ended up liking this more than I expected. It stayed engaging in shorter sessions, and it felt easy to settle into what the game was trying to do. I would easily suggest it to someone who likes this genre.",True
301183,313780,"There is a solid game here, though it did not completely win me over. The world was easy to get invested in, and it felt easy to settle into what the game was trying to do. I could still recommend it with the right expectations.",False
301184,524580,"I can see why this game has held onto a good reputation. It kept me curious about what came next, and it felt easy to settle into what the game was trying to do. It does enough well that I would recommend it.",True
301184,562220,"I had a better time with this than I expected at first. It never felt too demanding to come back to, and it felt easy to settle into what the game was trying to do. I would easily suggest it to someone who likes this genre.",True
301185,596970,"This was a strong fit for what I wanted from the genre. The world was easy to get invested in, and it felt easy to settle into what the game was trying to do. I would point other people toward it.",True
301185,368610,"I ended up liking this more than I expected. It had a distinct style that made it memorable, and it felt easy to settle into what the game was trying to do. It does enough well that I would recommend it.",True
301186,525360,"This turned out to be an easy game to recommend. The pacing stayed lively, and it felt easy to settle into what the game was trying to do. I would easily suggest it to someone who likes this genre.",True
301186,366690,"This turned out to be an easy game to recommend. It stayed engaging in shorter sessions, and it felt easy to settle into what the game was trying to do. I would point other people toward it.",True
301187,695920,"I ended up liking this more than I expected. It kept me curious about what came next, and it felt easy to settle into what the game was trying to do. I would recommend it to the right player.",True
301187,322330,"This turned out to be an easy game to recommend. It stayed engaging in shorter sessions, and it felt easy to settle into what the game was trying to do. I can see myself recommending it without much hesitation.",True
301188,261180,"This turned out to be an easy game to recommend. The pacing stayed lively, and it felt easy to settle into what the game was trying to do. It does enough well that I would recommend it.",True
301188,522470,"I can see why this game has held onto a good reputation. The sense of progression worked well, and it felt easy to settle into what the game was trying to do. I would easily suggest it to someone who likes this genre.",True
301189,296970,"This turned out to be an easy game to recommend. It kept me curious about what came next, and it felt easy to settle into what the game was trying to do. It does enough well that I would recommend it.",True
301189,351510,"I had a better time with this than I expected at first. It never felt too demanding to come back to, and it felt easy to settle into what the game was trying to do. I would recommend it to the right player.",True
301190,335300,"I can see why this game has held onto a good reputation. It stayed engaging in shorter sessions, and it felt easy to settle into what the game was trying to do. I would easily suggest it to someone who likes this genre.",True
301190,269670,"This was a strong fit for what I wanted from the genre. The pacing stayed lively, and it felt easy to settle into what the game was trying to do. I can see myself recommending it without much hesitation.",True
301191,790850,"I had a better time with this than I expected at first. The pacing stayed lively, and it felt easy to settle into what the game was trying to do. I would point other people toward it.",True
301191,587100,"I can see why this game has held onto a good reputation. The moment-to-moment gameplay felt sharp, and it felt easy to settle into what the game was trying to do. I would easily suggest it to someone who likes this genre.",True
301192,263320,"I can see why this game has held onto a good reputation. It felt like a small project with real personality, and it felt easy to settle into what the game was trying to do. I would easily suggest it to someone who likes this genre.",True
301192,449210,"I ended up liking this more than I expected. The moment-to-moment gameplay felt sharp, and it felt easy to settle into what the game was trying to do. I can see myself recommending it without much hesitation.",True
301193,683320,"I can see why this game has held onto a good reputation. It kept me curious about what came next, and it felt easy to settle into what the game was trying to do. I would point other people toward it.",True
301193,562410,"This was a strong fit for what I wanted from the genre. The moment-to-moment gameplay felt sharp, and it felt easy to settle into what the game was trying to do. I would easily suggest it to someone who likes this genre.",True
301194,430210,"I can understand why people like this, but I felt mixed on parts of it. The moment-to-moment gameplay felt sharp, and it felt easy to settle into what the game was trying to do. I would only recommend it if the genre already appeals to you.",False
301194,668590,"I ended up liking this more than I expected. It kept me curious about what came next, and it felt easy to settle into what the game was trying to do. I would point other people toward it.",True
301195,34010,"I liked parts of this, though I do not think it works equally well for everyone. It stayed engaging in shorter sessions, and it felt easy to settle into what the game was trying to do. It is not for everyone, but I can still see the appeal.",False
301195,214870,"I can see why this game has held onto a good reputation. The moment-to-moment gameplay felt sharp, and it felt easy to settle into what the game was trying to do. I would recommend it to the right player.",True
301196,298180,"I can see why this game has held onto a good reputation. The pacing stayed lively, and it felt easy to settle into what the game was trying to do. I would easily suggest it to someone who likes this genre.",True
301196,809020,"I can see why this game has held onto a good reputation. The moment-to-moment gameplay felt sharp, and it felt easy to settle into what the game was trying to do. I would easily suggest it to someone who likes this genre.",True
301197,205610,"This was decent overall, but I still had a few reservations. The pacing stayed lively, and it felt easy to settle into what the game was trying to do. There is enough here to like, even if I would be selective about recommending it.",False
301197,359350,"This turned out to be an easy game to recommend. The world was easy to get invested in, and it felt easy to settle into what the game was trying to do. I would point other people toward it.",True
301198,359050,"This was a strong fit for what I wanted from the genre. The pacing stayed lively, and it felt easy to settle into what the game was trying to do. I would point other people toward it.",True
301198,573100,"I ended up liking this more than I expected. The decisions felt meaningful more often than not, and it felt easy to settle into what the game was trying to do. I would point other people toward it.",True
301199,620,"I can see why this game has held onto a good reputation. The pacing stayed lively, and it felt easy to settle into what the game was trying to do. I can see myself recommending it without much hesitation.",True
301199,314030,"I had a better time with this than I expected at first. The pacing stayed lively, and it felt easy to settle into what the game was trying to do. I can see myself recommending it without much hesitation.",True
301200,915460,"I had a better time with this than I expected at first. The pacing stayed lively, and it felt easy to settle into what the game was trying to do. I would easily suggest it to someone who likes this genre.",True
301200,398030,"This was a strong fit for what I wanted from the genre. The pacing stayed lively, and it felt easy to settle into what the game was trying to do. I can see myself recommending it without much hesitation.",True
301201,263200,"I ended up liking this more than I expected. It stayed engaging in shorter sessions, and it felt easy to settle into what the game was trying to do. I would easily suggest it to someone who likes this genre.",True
301201,285820,"This was a strong fit for what I wanted from the genre. It stayed engaging in shorter sessions, and it felt easy to settle into what the game was trying to do. I would recommend it to the right player.",True
301202,7200,"This was a strong fit for what I wanted from the genre. It was easy to jump in and start having fun, and it felt easy to settle into what the game was trying to do. I would easily suggest it to someone who likes this genre.",True
301202,843260,"This turned out to be an easy game to recommend. It gave me enough room to approach things my own way, and it felt easy to settle into what the game was trying to do. I can see myself recommending it without much hesitation.",True
301203,203770,"This turned out to be an easy game to recommend. The core loop worked better than I expected, and it felt easy to settle into what the game was trying to do. I would easily suggest it to someone who likes this genre.",True
301203,319510,"This turned out to be an easy game to recommend. It had a distinct style that made it memorable, and it felt easy to settle into what the game was trying to do. I can see myself recommending it without much hesitation.",True
301204,612570,"This turned out to be an easy game to recommend. It had a distinct style that made it memorable, and it felt easy to settle into what the game was trying to do. It does enough well that I would recommend it.",True
301204,463060,"This was a strong fit for what I wanted from the genre. It kept me curious about what came next, and it felt easy to settle into what the game was trying to do. I can see myself recommending it without much hesitation.",True
301205,963330,"I ended up liking this more than I expected. It was easy to pick up and enjoy, and it felt easy to settle into what the game was trying to do. I would easily suggest it to someone who likes this genre.",True
301205,417290,"I can see why this game has held onto a good reputation. It stayed engaging in shorter sessions, and it felt easy to settle into what the game was trying to do. I can see myself recommending it without much hesitation.",True
301206,785890,"I ended up liking this more than I expected. It worked well in short sessions, and it felt easy to settle into what the game was trying to do. I would easily suggest it to someone who likes this genre.",True
301206,623940,"This turned out to be an easy game to recommend. The world was easy to get invested in, and it felt easy to settle into what the game was trying to do. It does enough well that I would recommend it.",True
301207,376300,"This turned out to be an easy game to recommend. It stayed engaging in shorter sessions, and it felt easy to settle into what the game was trying to do. I would recommend it to the right player.",True
301207,288060,"I can see why this game has held onto a good reputation. The sense of progression worked well, and it felt easy to settle into what the game was trying to do. I would recommend it to the right player.",True
301208,308173,"I can see why this game has held onto a good reputation. It had a distinct style that made it memorable, and it felt easy to settle into what the game was trying to do. I can see myself recommending it without much hesitation.",True
301208,42910,"This turned out to be an easy game to recommend. The pacing stayed lively, and it felt easy to settle into what the game was trying to do. I would point other people toward it.",True
301209,757300,"I had a better time with this than I expected at first. It kept me curious about what came next, and it felt easy to settle into what the game was trying to do. I would point other people toward it.",True
301209,547910,"I ended up liking this more than I expected. It felt like a small project with real personality, and it felt easy to settle into what the game was trying to do. I would recommend it to the right player.",True
301210,311690,"I can see why this game has held onto a good reputation. It stayed engaging in shorter sessions, and it felt easy to settle into what the game was trying to do. I can see myself recommending it without much hesitation.",True
301210,968350,"I had a better time with this than I expected at first. It kept me curious about what came next, and it felt easy to settle into what the game was trying to do. It does enough well that I would recommend it.",True
301211,115120,"I had a better time with this than I expected at first. The moment-to-moment gameplay felt sharp, and it felt easy to settle into what the game was trying to do. I can see myself recommending it without much hesitation.",True
301211,359310,"This turned out to be an easy game to recommend. The pacing stayed lively, and it felt easy to settle into what the game was trying to do. I would point other people toward it.",True
301212,630720,"I had a better time with this than I expected at first. The moment-to-moment gameplay felt sharp, and it felt easy to settle into what the game was trying to do. I would easily suggest it to someone who likes this genre.",True
301212,371180,"I can see why this game has held onto a good reputation. The pacing stayed lively, and it felt easy to settle into what the game was trying to do. It does enough well that I would recommend it.",True
301213,559100,"This turned out to be an easy game to recommend. The pacing stayed lively, and it felt easy to settle into what the game was trying to do. I would point other people toward it.",True
301213,606230,"I ended up liking this more than I expected. It felt like a small project with real personality, and it felt easy to settle into what the game was trying to do. I can see myself recommending it without much hesitation.",True
301214,4560,"I can see why this game has held onto a good reputation. The pacing stayed lively, and it felt easy to settle into what the game was trying to do. I would recommend it to the right player.",True
301214,322110,"This turned out to be an easy game to recommend. The moment-to-moment gameplay felt sharp, and it felt easy to settle into what the game was trying to do. I can see myself recommending it without much hesitation.",True
301215,806510,"This was a strong fit for what I wanted from the genre. It worked well in short sessions, and it felt easy to settle into what the game was trying to do. I would easily suggest it to someone who likes this genre.",True
301215,517710,"This was a strong fit for what I wanted from the genre. The core mechanics were strong enough to carry it, and it felt easy to settle into what the game was trying to do. I would easily suggest it to someone who likes this genre.",True
301216,24720,"I can see why this game has held onto a good reputation. The moment-to-moment gameplay felt sharp, and it felt easy to settle into what the game was trying to do. I would easily suggest it to someone who likes this genre.",True
301216,208200,"I had a better time with this than I expected at first. The moment-to-moment gameplay felt sharp, and it felt easy to settle into what the game was trying to do. I can see myself recommending it without much hesitation.",True
301217,582330,"This turned out to be an easy game to recommend. It never felt too demanding to come back to, and it felt easy to settle into what the game was trying to do. I would recommend it to the right player.",True
301217,292570,"I had a better time with this than I expected at first. It stayed engaging in shorter sessions, and it felt easy to settle into what the game was trying to do. I would easily suggest it to someone who likes this genre.",True
301218,248800,"This turned out to be an easy game to recommend. The world was easy to get invested in, and it felt easy to settle into what the game was trying to do. I can see myself recommending it without much hesitation.",True
301218,294140,"I had a better time with this than I expected at first. The pacing stayed lively, and it felt easy to settle into what the game was trying to do. I can see myself recommending it without much hesitation.",True
301219,616110,"I can see why this game has held onto a good reputation. The world was easy to get invested in, and it felt easy to settle into what the game was trying to do. I can see myself recommending it without much hesitation.",True
301219,209950,"This was a strong fit for what I wanted from the genre. It worked well in short sessions, and it felt easy to settle into what the game was trying to do. It does enough well that I would recommend it.",True
301220,212050,"This has some clear strengths, even if it did not fully click for me. The world was easy to get invested in, and it felt easy to settle into what the game was trying to do. I could still recommend it with the right expectations.",False
301220,477270,"This was a strong fit for what I wanted from the genre. The moment-to-moment gameplay felt sharp, and it felt easy to settle into what the game was trying to do. I would easily suggest it to someone who likes this genre.",True
301221,323470,"I can see why this game has held onto a good reputation. The moment-to-moment gameplay felt sharp, and it felt easy to settle into what the game was trying to do. I would point other people toward it.",True
301221,418030,"I had a better time with this than I expected at first. The pacing stayed lively, and it felt easy to settle into what the game was trying to do. I would recommend it to the right player.",True
301222,381210,"This was a strong fit for what I wanted from the genre. It stayed engaging in shorter sessions, and it felt easy to settle into what the game was trying to do. I would easily suggest it to someone who likes this genre.",True
301222,651660,"I had a better time with this than I expected at first. It did a lot with its own identity, and it felt easy to settle into what the game was trying to do. I would easily suggest it to someone who likes this genre.",True
301223,973090,"I liked parts of this, though I do not think it works equally well for everyone. It was satisfying to settle into its systems, and it felt easy to settle into what the game was trying to do. I would only recommend it if the genre already appeals to you.",False
301223,764790,"This turned out to be an easy game to recommend. The moment-to-moment gameplay felt sharp, and it felt easy to settle into what the game was trying to do. I would easily suggest it to someone who likes this genre.",True
301224,229480,"I had a better time with this than I expected at first. The pacing stayed lively, and it felt easy to settle into what the game was trying to do. I would recommend it to the right player.",True
301224,712100,"This was a strong fit for what I wanted from the genre. The moment-to-moment gameplay felt sharp, and it felt easy to settle into what the game was trying to do. I would easily suggest it to someone who likes this genre.",True
301225,919370,"I can see why this game has held onto a good reputation. The pacing stayed lively, and it felt easy to settle into what the game was trying to do. I would point other people toward it.",True
301225,224820,"I ended up liking this more than I expected. The moment-to-moment gameplay felt sharp, and it felt easy to settle into what the game was trying to do. I would recommend it to the right player.",True
301226,3920,"I can see why this game has held onto a good reputation. The progression systems kept me interested, and it felt easy to settle into what the game was trying to do. It does enough well that I would recommend it.",True
301226,702890,"I had a better time with this than I expected at first. The pacing stayed lively, and it felt easy to settle into what the game was trying to do. I can see myself recommending it without much hesitation.",True
301227,552450,"This was a strong fit for what I wanted from the genre. The moment-to-moment gameplay felt sharp, and it felt easy to settle into what the game was trying to do. I can see myself recommending it without much hesitation.",True
301227,463150,"I had a better time with this than I expected at first. The moment-to-moment gameplay felt sharp, and it felt easy to settle into what the game was trying to do. I would point other people toward it.",True
301228,352520,"This was a strong fit for what I wanted from the genre. The sense of progression worked well, and it felt easy to settle into what the game was trying to do. I would recommend it to the right player.",True
301228,314410,"I had a better time with this than I expected at first. The moment-to-moment gameplay felt sharp, and it felt easy to settle into what the game was trying to do. I can see myself recommending it without much hesitation.",True
301229,816350,"I can see why this game has held onto a good reputation. The sense of progression worked well, and it felt easy to settle into what the game was trying to do. I would point other people toward it.",True
301229,490390,"I can see why this game has held onto a good reputation. The sense of progression worked well, and it felt easy to settle into what the game was trying to do. I would point other people toward it.",True
301230,3810,"This was a strong fit for what I wanted from the genre. The pacing stayed lively, and it felt easy to settle into what the game was trying to do. I would easily suggest it to someone who likes this genre.",True
301230,583010,"I had a better time with this than I expected at first. The core loop worked better than I expected, and it felt easy to settle into what the game was trying to do. I would recommend it to the right player.",True
301231,877200,"I can see why this game has held onto a good reputation. It stayed engaging in shorter sessions, and it felt easy to settle into what the game was trying to do. I would point other people toward it.",True
301231,773580,"This was a strong fit for what I wanted from the genre. It was easy to pick up and enjoy, and it felt easy to settle into what the game was trying to do. I would point other people toward it.",True
301232,678800,"I ended up liking this more than I expected. The pacing stayed lively, and it felt easy to settle into what the game was trying to do. I would easily suggest it to someone who likes this genre.",True
301232,371970,"I can see why this game has held onto a good reputation. The pacing stayed lively, and it felt easy to settle into what the game was trying to do. It does enough well that I would recommend it.",True
301233,438080,"This was a strong fit for what I wanted from the genre. The pacing stayed lively, and it felt easy to settle into what the game was trying to do. I would recommend it to the right player.",True
301233,243220,"This turned out to be an easy game to recommend. The world was easy to get invested in, and it felt easy to settle into what the game was trying to do. I can see myself recommending it without much hesitation.",True
301234,70000,"I can see why this game has held onto a good reputation. The pacing stayed lively, and it felt easy to settle into what the game was trying to do. It does enough well that I would recommend it.",True
301234,290890,"This was a strong fit for what I wanted from the genre. The pacing stayed lively, and it felt easy to settle into what the game was trying to do. I can see myself recommending it without much hesitation.",True
301235,432100,"I ended up liking this more than I expected. The world was easy to get invested in, and it felt easy to settle into what the game was trying to do. I would point other people toward it.",True
301235,611670,"I can see why this game has held onto a good reputation. The progression systems kept me interested, and it felt easy to settle into what the game was trying to do. I would easily suggest it to someone who likes this genre.",True
301236,7620,"This turned out to be an easy game to recommend. The systems gave me enough to think about, and it felt easy to settle into what the game was trying to do. I can see myself recommending it without much hesitation.",True
301236,99900,"I can see why this game has held onto a good reputation. The moment-to-moment gameplay felt sharp, and it felt easy to settle into what the game was trying to do. I would recommend it to the right player.",True
301237,94400,"I had a better time with this than I expected at first. The moment-to-moment gameplay felt sharp, and it felt easy to settle into what the game was trying to do. I would easily suggest it to someone who likes this genre.",True
301237,382490,"This was a strong fit for what I wanted from the genre. The moment-to-moment gameplay felt sharp, and it felt easy to settle into what the game was trying to do. I would recommend it to the right player.",True
301238,354290,"This was a strong fit for what I wanted from the genre. It stayed engaging in shorter sessions, and it felt easy to settle into what the game was trying to do. I can see myself recommending it without much hesitation.",True
301238,317510,"I can see why this game has held onto a good reputation. The moment-to-moment gameplay felt sharp, and it felt easy to settle into what the game was trying to do. I would easily suggest it to someone who likes this genre.",True
301239,685240,"This was decent overall, but I still had a few reservations. It worked well in short sessions, and it felt easy to settle into what the game was trying to do. I could still recommend it with the right expectations.",False
301239,395170,"This was a strong fit for what I wanted from the genre. The world was easy to get invested in, and it felt easy to settle into what the game was trying to do. I can see myself recommending it without much hesitation.",True
301240,12640,"I ended up liking this more than I expected. The progression systems kept me interested, and it felt easy to settle into what the game was trying to do. I can see myself recommending it without much hesitation.",True
301240,262060,"This was a strong fit for what I wanted from the genre. It had a clear identity, and it felt easy to settle into what the game was trying to do. I can see myself recommending it without much hesitation.",True
301241,593200,"I can see why this game has held onto a good reputation. The world was easy to get invested in, and it felt easy to settle into what the game was trying to do. I would recommend it to the right player.",True
301241,495110,"I had a better time with this than I expected at first. The sense of progression worked well, and it felt easy to settle into what the game was trying to do. I would point other people toward it.",True
301242,1640,"I had a better time with this than I expected at first. It rewarded planning in a satisfying way, and it felt easy to settle into what the game was trying to do. I would point other people toward it.",True
301242,513710,"This turned out to be an easy game to recommend. It stayed engaging in shorter sessions, and it felt easy to settle into what the game was trying to do. I would recommend it to the right player.",True
301243,391730,"I can see why this game has held onto a good reputation. It stayed engaging in shorter sessions, and it felt easy to settle into what the game was trying to do. I would recommend it to the right player.",True
301243,464780,"I can understand why people like this, but I felt mixed on parts of it. It kept me curious about what came next, and it felt easy to settle into what the game was trying to do. It is not for everyone, but I can still see the appeal.",False
301244,320240,"This was a strong fit for what I wanted from the genre. It stayed engaging in shorter sessions, and it felt easy to settle into what the game was trying to do. I would point other people toward it.",True
301244,266010,"This was a strong fit for what I wanted from the genre. It never felt too demanding to come back to, and it felt easy to settle into what the game was trying to do. It does enough well that I would recommend it.",True
301245,321400,"I ended up liking this more than I expected. It stayed engaging in shorter sessions, and it felt easy to settle into what the game was trying to do. I can see myself recommending it without much hesitation.",True
301245,55230,"I ended up liking this more than I expected. It stayed engaging in shorter sessions, and it felt easy to settle into what the game was trying to do. I would point other people toward it.",True
301246,380600,"This was a strong fit for what I wanted from the genre. It had a clear identity, and it felt easy to settle into what the game was trying to do. I would recommend it to the right player.",True
301246,376870,"This was a strong fit for what I wanted from the genre. It kept me curious about what came next, and it felt easy to settle into what the game was trying to do. I would easily suggest it to someone who likes this genre.",True
301247,451880,"I had a better time with this than I expected at first. It worked well in short sessions, and it felt easy to settle into what the game was trying to do. I would easily suggest it to someone who likes this genre.",True
301247,763410,"I had a better time with this than I expected at first. The moment-to-moment gameplay felt sharp, and it felt easy to settle into what the game was trying to do. I would point other people toward it.",True
301248,623840,"I can see why this game has held onto a good reputation. It never felt too demanding to come back to, and it felt easy to settle into what the game was trying to do. I would recommend it to the right player.",True
301248,758330,"I had a better time with this than I expected at first. The moment-to-moment gameplay felt sharp, and it felt easy to settle into what the game was trying to do. I can see myself recommending it without much hesitation.",True
301249,648800,"I can see why this game has held onto a good reputation. It kept me curious about what came next, and it felt easy to settle into what the game was trying to do. I would point other people toward it.",True
301249,798840,"I can see why this game has held onto a good reputation. It never felt too demanding to come back to, and it felt easy to settle into what the game was trying to do. I would recommend it to the right player.",True
301250,421700,"I ended up liking this more than I expected. The world was easy to get invested in, and it felt easy to settle into what the game was trying to do. I would recommend it to the right player.",True
301250,200510,"This was a strong fit for what I wanted from the genre. The systems gave me enough to think about, and it felt easy to settle into what the game was trying to do. I would easily suggest it to someone who likes this genre.",True
301251,391420,"This was a strong fit for what I wanted from the genre. The sense of progression worked well, and it felt easy to settle into what the game was trying to do. It does enough well that I would recommend it.",True
301251,799070,"This turned out to be an easy game to recommend. It was easy to pick up and enjoy, and it felt easy to settle into what the game was trying to do. It does enough well that I would recommend it.",True
301252,461040,"There is a solid game here, though it did not completely win me over. It stayed engaging in shorter sessions, and it felt easy to settle into what the game was trying to do. I would only recommend it if the genre already appeals to you.",False
301252,551170,"I ended up liking this more than I expected. The world was easy to get invested in, and it felt easy to settle into what the game was trying to do. I would recommend it to the right player.",True
301253,35450,"This turned out to be an easy game to recommend. It stayed engaging in shorter sessions, and it felt easy to settle into what the game was trying to do. It does enough well that I would recommend it.",True
301253,578620,"This turned out to be an easy game to recommend. The pacing stayed lively, and it felt easy to settle into what the game was trying to do. I would easily suggest it to someone who likes this genre.",True
301254,49520,"This turned out to be an easy game to recommend. It stayed engaging in shorter sessions, and it felt easy to settle into what the game was trying to do. I would recommend it to the right player.",True
301254,740260,"I can see why this game has held onto a good reputation. The world was easy to get invested in, and it felt easy to settle into what the game was trying to do. It does enough well that I would recommend it.",True
301255,47870,"I had a better time with this than I expected at first. The driving loop stayed satisfying, and it felt easy to settle into what the game was trying to do. I would easily suggest it to someone who likes this genre.",True
301255,585550,"This turned out to be an easy game to recommend. The pacing stayed lively, and it felt easy to settle into what the game was trying to do. It does enough well that I would recommend it.",True
301256,250760,"This was a strong fit for what I wanted from the genre. The pacing stayed lively, and it felt easy to settle into what the game was trying to do. I would point other people toward it.",True
301256,672640,"This was a strong fit for what I wanted from the genre. The pacing stayed lively, and it felt easy to settle into what the game was trying to do. I would easily suggest it to someone who likes this genre.",True
301257,91600,"I had a better time with this than I expected at first. It stayed engaging in shorter sessions, and it felt easy to settle into what the game was trying to do. I would point other people toward it.",True
301257,237850,"This turned out to be an easy game to recommend. It kept me curious about what came next, and it felt easy to settle into what the game was trying to do. I would point other people toward it.",True
301258,431960,"This was a strong fit for what I wanted from the genre. The core loop worked better than I expected, and it felt easy to settle into what the game was trying to do. I would easily suggest it to someone who likes this genre.",True
301258,321800,"This was decent overall, but I still had a few reservations. The world was easy to get invested in, and it felt easy to settle into what the game was trying to do. There is enough here to like, even if I would be selective about recommending it.",False
301259,387290,"I can see why this game has held onto a good reputation. The moment-to-moment gameplay felt sharp, and it felt easy to settle into what the game was trying to do. I can see myself recommending it without much hesitation.",True
301259,274980,"I had a better time with this than I expected at first. It worked well in short sessions, and it felt easy to settle into what the game was trying to do. I would point other people toward it.",True
301260,288040,"This was a strong fit for what I wanted from the genre. The world was easy to get invested in, and it felt easy to settle into what the game was trying to do. I would recommend it to the right player.",True
301260,743390,"This turned out to be an easy game to recommend. The sense of progression worked well, and it felt easy to settle into what the game was trying to do. I can see myself recommending it without much hesitation.",True
301261,1500,"I had a better time with this than I expected at first. It felt like a small project with real personality, and it felt easy to settle into what the game was trying to do. I can see myself recommending it without much hesitation.",True
301261,659540,"This turned out to be an easy game to recommend. It felt like a small project with real personality, and it felt easy to settle into what the game was trying to do. I would recommend it to the right player.",True
301262,1250,"I can see why this game has held onto a good reputation. The moment-to-moment gameplay felt sharp, and it felt easy to settle into what the game was trying to do. I would recommend it to the right player.",True
301262,420060,"I had a better time with this than I expected at first. The sense of progression worked well, and it felt easy to settle into what the game was trying to do. I would point other people toward it.",True
301263,416770,"This turned out to be an easy game to recommend. It was easy to pick up and enjoy, and it felt easy to settle into what the game was trying to do. I would recommend it to the right player.",True
301263,29180,"This turned out to be an easy game to recommend. It was easy to pick up and enjoy, and it felt easy to settle into what the game was trying to do. I would recommend it to the right player.",True
301264,505460,"I had a better time with this than I expected at first. The pacing stayed lively, and it felt easy to settle into what the game was trying to do. I would easily suggest it to someone who likes this genre.",True
301264,800270,"This was a strong fit for what I wanted from the genre. The decisions felt meaningful more often than not, and it felt easy to settle into what the game was trying to do. I would recommend it to the right player.",True
301265,314980,"There is a solid game here, though it did not completely win me over. It felt like a small project with real personality, and it felt easy to settle into what the game was trying to do. I could still recommend it with the right expectations.",False
301265,255710,"I had a better time with this than I expected at first. It was satisfying to settle into its systems, and it felt easy to settle into what the game was trying to do. I would point other people toward it.",True
301266,227380,"This turned out to be an easy game to recommend. The moment-to-moment gameplay felt sharp, and it felt easy to settle into what the game was trying to do. I can see myself recommending it without much hesitation.",True
301266,689900,"I had a better time with this than I expected at first. The sense of progression worked well, and it felt easy to settle into what the game was trying to do. I would recommend it to the right player.",True
301267,331920,"This was a strong fit for what I wanted from the genre. It was satisfying to settle into its systems, and it felt easy to settle into what the game was trying to do. I would point other people toward it.",True
301267,606860,"I ended up liking this more than I expected. It kept me curious about what came next, and it felt easy to settle into what the game was trying to do. I would point other people toward it.",True
301268,847370,"I ended up liking this more than I expected. The pacing stayed lively, and it felt easy to settle into what the game was trying to do. It does enough well that I would recommend it.",True
301268,284460,"This has some clear strengths, even if it did not fully click for me. The moment-to-moment gameplay felt sharp, and it felt easy to settle into what the game was trying to do. There is enough here to like, even if I would be selective about recommending it.",False
301269,39150,"I can see why this game has held onto a good reputation. The progression systems kept me interested, and it felt easy to settle into what the game was trying to do. I would easily suggest it to someone who likes this genre.",True
301269,6910,"I can see why this game has held onto a good reputation. The pacing stayed lively, and it felt easy to settle into what the game was trying to do. I can see myself recommending it without much hesitation.",True
301270,845880,"This turned out to be an easy game to recommend. It stayed engaging in shorter sessions, and it felt easy to settle into what the game was trying to do. I would point other people toward it.",True
301270,680360,"I ended up liking this more than I expected. The moment-to-moment gameplay felt sharp, and it felt easy to settle into what the game was trying to do. I would easily suggest it to someone who likes this genre.",True
301271,440760,"This has some clear strengths, even if it did not fully click for me. The moment-to-moment gameplay felt sharp, and it felt easy to settle into what the game was trying to do. It is not for everyone, but I can still see the appeal.",False
301271,384980,"This turned out to be an easy game to recommend. It was easy to pick up and enjoy, and it felt easy to settle into what the game was trying to do. I can see myself recommending it without much hesitation.",True
301272,600090,"I ended up liking this more than I expected. The moment-to-moment gameplay felt sharp, and it felt easy to settle into what the game was trying to do. I would easily suggest it to someone who likes this genre.",True
301272,748940,"I can see why this game has held onto a good reputation. It never felt too demanding to come back to, and it felt easy to settle into what the game was trying to do. I would point other people toward it.",True
301273,597220,"This turned out to be an easy game to recommend. The sense of progression worked well, and it felt easy to settle into what the game was trying to do. I would recommend it to the right player.",True
301273,487430,"I can see why this game has held onto a good reputation. It worked well in short sessions, and it felt easy to settle into what the game was trying to do. I would easily suggest it to someone who likes this genre.",True
301274,834530,"I ended up liking this more than I expected. It stayed engaging in shorter sessions, and it felt easy to settle into what the game was trying to do. I would point other people toward it.",True
301274,264380,"I had a better time with this than I expected at first. It felt like a small project with real personality, and it felt easy to settle into what the game was trying to do. I would easily suggest it to someone who likes this genre.",True
301275,279440,"There is a solid game here, though it did not completely win me over. It kept me curious about what came next, and it felt easy to settle into what the game was trying to do. I can understand the audience for it, even if I am not fully sold.",False
301275,346560,"This turned out to be an easy game to recommend. It kept me curious about what came next, and it felt easy to settle into what the game was trying to do. It does enough well that I would recommend it.",True
301276,38600,"I can see why this game has held onto a good reputation. It was easy to pick up and enjoy, and it felt easy to settle into what the game was trying to do. I would recommend it to the right player.",True
301276,331440,"This was a strong fit for what I wanted from the genre. The moment-to-moment gameplay felt sharp, and it felt easy to settle into what the game was trying to do. I would point other people toward it.",True
301277,252630,"I ended up liking this more than I expected. It stayed engaging in shorter sessions, and it felt easy to settle into what the game was trying to do. I would easily suggest it to someone who likes this genre.",True
301277,581270,"I had a better time with this than I expected at first. The sense of progression worked well, and it felt easy to settle into what the game was trying to do. I would point other people toward it.",True
301278,242820,"This turned out to be an easy game to recommend. It stayed engaging in shorter sessions, and it felt easy to settle into what the game was trying to do. I would point other people toward it.",True
301278,249990,"I can see why this game has held onto a good reputation. The moment-to-moment gameplay felt sharp, and it felt easy to settle into what the game was trying to do. I can see myself recommending it without much hesitation.",True
301279,287700,"This was a strong fit for what I wanted from the genre. The core loop worked better than I expected, and it felt easy to settle into what the game was trying to do. It does enough well that I would recommend it.",True
301279,20510,"I had a better time with this than I expected at first. The moment-to-moment gameplay felt sharp, and it felt easy to settle into what the game was trying to do. I would recommend it to the right player.",True
301280,816340,"This turned out to be an easy game to recommend. It had a distinct style that made it memorable, and it felt easy to settle into what the game was trying to do. I would point other people toward it.",True
301280,410110,"I ended up liking this more than I expected. The pacing stayed lively, and it felt easy to settle into what the game was trying to do. I would recommend it to the right player.",True
301281,315810,"This turned out to be an easy game to recommend. It kept me curious about what came next, and it felt easy to settle into what the game was trying to do. I would easily suggest it to someone who likes this genre.",True
301281,655730,"This turned out to be an easy game to recommend. It stayed engaging in shorter sessions, and it felt easy to settle into what the game was trying to do. I would recommend it to the right player.",True
301282,1002560,"I had a better time with this than I expected at first. The sense of progression worked well, and it felt easy to settle into what the game was trying to do. I would recommend it to the right player.",True
301282,214170,"I had a better time with this than I expected at first. Building out a character felt rewarding, and it felt easy to settle into what the game was trying to do. I would recommend it to the right player.",True
301283,421740,"This turned out to be an easy game to recommend. The sense of progression worked well, and it felt easy to settle into what the game was trying to do. I would recommend it to the right player.",True
301283,304350,"I had a better time with this than I expected at first. It never felt too demanding to come back to, and it felt easy to settle into what the game was trying to do. I would recommend it to the right player.",True
301284,204030,"This was a strong fit for what I wanted from the genre. The moment-to-moment gameplay felt sharp, and it felt easy to settle into what the game was trying to do. I would easily suggest it to someone who likes this genre.",True
301284,205230,"I ended up liking this more than I expected. It stayed engaging in shorter sessions, and it felt easy to settle into what the game was trying to do. I would recommend it to the right player.",True
301285,57300,"I had a better time with this than I expected at first. The pacing stayed lively, and it felt easy to settle into what the game was trying to do. I would easily suggest it to someone who likes this genre.",True
301285,253230,"This was a strong fit for what I wanted from the genre. It kept me curious about what came next, and it felt easy to settle into what the game was trying to do. I would recommend it to the right player.",True
301286,294160,"I had a better time with this than I expected at first. It had a clear identity, and it felt easy to settle into what the game was trying to do. I would point other people toward it.",True
301286,392110,"I ended up liking this more than I expected. The decisions felt meaningful more often than not, and it felt easy to settle into what the game was trying to do. It does enough well that I would recommend it.",True
301287,366250,"This turned out to be an easy game to recommend. It stayed engaging in shorter sessions, and it felt easy to settle into what the game was trying to do. I can see myself recommending it without much hesitation.",True
301287,296870,"I ended up liking this more than I expected. It kept me curious about what came next, and it felt easy to settle into what the game was trying to do. I would recommend it to the right player.",True
301288,307960,"I can see why this game has held onto a good reputation. The moment-to-moment gameplay felt sharp, and it felt easy to settle into what the game was trying to do. I would point other people toward it.",True
301288,34820,"This was a strong fit for what I wanted from the genre. The management side had a good rhythm, and it felt easy to settle into what the game was trying to do. I would recommend it to the right player.",True
301289,46480,"There is a solid game here, though it did not completely win me over. The sense of progression worked well, and it felt easy to settle into what the game was trying to do. I can understand the audience for it, even if I am not fully sold.",False
301289,71230,"I ended up liking this more than I expected. The moment-to-moment gameplay felt sharp, and it felt easy to settle into what the game was trying to do. I would easily suggest it to someone who likes this genre.",True
301290,297000,"This was a strong fit for what I wanted from the genre. Building out a character felt rewarding, and it felt easy to settle into what the game was trying to do. I would easily suggest it to someone who likes this genre.",True
301290,888790,"I had a better time with this than I expected at first. The world was easy to get invested in, and it felt easy to settle into what the game was trying to do. I can see myself recommending it without much hesitation.",True
301291,778700,"This was a strong fit for what I wanted from the genre. The core loop worked better than I expected, and it felt easy to settle into what the game was trying to do. I would easily suggest it to someone who likes this genre.",True
301291,808910,"I liked parts of this, though I do not think it works equally well for everyone. It stayed engaging in shorter sessions, and it felt easy to settle into what the game was trying to do. I would only recommend it if the genre already appeals to you.",False
301292,322290,"I had a better time with this than I expected at first. The pacing stayed lively, and it felt easy to settle into what the game was trying to do. I can see myself recommending it without much hesitation.",True
301292,285110,"This turned out to be an easy game to recommend. It felt like a small project with real personality, and it felt easy to settle into what the game was trying to do. I would point other people toward it.",True
301293,530620,"I ended up liking this more than I expected. The moment-to-moment gameplay felt sharp, and it felt easy to settle into what the game was trying to do. I would point other people toward it.",True
301293,1021950,"This turned out to be an easy game to recommend. The world was easy to get invested in, and it felt easy to settle into what the game was trying to do. I would easily suggest it to someone who likes this genre.",True
301294,653930,"This turned out to be an easy game to recommend. It worked well in short sessions, and it felt easy to settle into what the game was trying to do. I would point other people toward it.",True
301294,205910,"This was a strong fit for what I wanted from the genre. It did a lot with its own identity, and it felt easy to settle into what the game was trying to do. It does enough well that I would recommend it.",True
301295,98400,"I had a better time with this than I expected at first. The pacing stayed lively, and it felt easy to settle into what the game was trying to do. It does enough well that I would recommend it.",True
301295,346010,"I ended up liking this more than I expected. It did a lot with its own identity, and it felt easy to settle into what the game was trying to do. I would point other people toward it.",True
301296,99700,"This turned out to be an easy game to recommend. It was easy to pick up and enjoy, and it felt easy to settle into what the game was trying to do. I can see myself recommending it without much hesitation.",True
301296,355180,"I ended up liking this more than I expected. The moment-to-moment gameplay felt sharp, and it felt easy to settle into what the game was trying to do. I would point other people toward it.",True
301297,256330,"I ended up liking this more than I expected. It was easy to jump in and start having fun, and it felt easy to settle into what the game was trying to do. It does enough well that I would recommend it.",True
301297,838380,"I can see why this game has held onto a good reputation. The moment-to-moment gameplay felt sharp, and it felt easy to settle into what the game was trying to do. I would recommend it to the right player.",True
301298,701930,"I had a better time with this than I expected at first. It kept me curious about what came next, and it felt easy to settle into what the game was trying to do. I would easily suggest it to someone who likes this genre.",True
301298,791470,"This turned out to be an easy game to recommend. It felt like a small project with real personality, and it felt easy to settle into what the game was trying to do. I would point other people toward it.",True
301299,423490,"This was a strong fit for what I wanted from the genre. The moment-to-moment gameplay felt sharp, and it felt easy to settle into what the game was trying to do. I would point other people toward it.",True
301299,653950,"This turned out to be an easy game to recommend. The sense of progression worked well, and it felt easy to settle into what the game was trying to do. I can see myself recommending it without much hesitation.",True
301300,233980,"This was a strong fit for what I wanted from the genre. It stayed engaging in shorter sessions, and it felt easy to settle into what the game was trying to do. I would point other people toward it.",True
301300,450220,"This was a strong fit for what I wanted from the genre. The moment-to-moment gameplay felt sharp, and it felt easy to settle into what the game was trying to do. I would easily suggest it to someone who likes this genre.",True
301301,322680,"I had a better time with this than I expected at first. The pacing stayed lively, and it felt easy to settle into what the game was trying to do. It does enough well that I would recommend it.",True
301301,698870,"This has some clear strengths, even if it did not fully click for me. It stayed engaging in shorter sessions, and it felt easy to settle into what the game was trying to do. I would only recommend it if the genre already appeals to you.",False
301302,489610,"This was a strong fit for what I wanted from the genre. It stayed engaging in shorter sessions, and it felt easy to settle into what the game was trying to do. It does enough well that I would recommend it.",True
301302,271820,"I ended up liking this more than I expected. It kept me curious about what came next, and it felt easy to settle into what the game was trying to do. I would point other people toward it.",True
301303,274560,"I had a better time with this than I expected at first. It stayed engaging in shorter sessions, and it felt easy to settle into what the game was trying to do. I can see myself recommending it without much hesitation.",True
301303,257120,"This has some clear strengths, even if it did not fully click for me. It stayed engaging in shorter sessions, and it felt easy to settle into what the game was trying to do. There is enough here to like, even if I would be selective about recommending it.",False
301304,622650,"This turned out to be an easy game to recommend. The moment-to-moment gameplay felt sharp, and it felt easy to settle into what the game was trying to do. I can see myself recommending it without much hesitation.",True
301304,290260,"I can see why this game has held onto a good reputation. It had a distinct style that made it memorable, and it felt easy to settle into what the game was trying to do. I would point other people toward it.",True
301305,611760,"I had a better time with this than I expected at first. The sense of progression worked well, and it felt easy to settle into what the game was trying to do. It does enough well that I would recommend it.",True
301305,263760,"This turned out to be an easy game to recommend. The moment-to-moment gameplay felt sharp, and it felt easy to settle into what the game was trying to do. I can see myself recommending it without much hesitation.",True
301306,646570,"I had a better time with this than I expected at first. It had a distinct style that made it memorable, and it felt easy to settle into what the game was trying to do. I can see myself recommending it without much hesitation.",True
301306,515180,"I ended up liking this more than I expected. It rewarded patience more than I expected, and it felt easy to settle into what the game was trying to do. I would point other people toward it.",True
301307,282800,"This turned out to be an easy game to recommend. It did a lot with its own identity, and it felt easy to settle into what the game was trying to do. I can see myself recommending it without much hesitation.",True
301307,233150,"I can understand why people like this, but I felt mixed on parts of it. The pacing stayed lively, and it felt easy to settle into what the game was trying to do. There is enough here to like, even if I would be selective about recommending it.",False
301308,691320,"I had a better time with this than I expected at first. It stayed engaging in shorter sessions, and it felt easy to settle into what the game was trying to do. I would recommend it to the right player.",True
301308,446390,"I can see why this game has held onto a good reputation. The pacing stayed lively, and it felt easy to settle into what the game was trying to do. I can see myself recommending it without much hesitation.",True
301309,596590,"I ended up liking this more than I expected. It was easy to pick up and enjoy, and it felt easy to settle into what the game was trying to do. I would easily suggest it to someone who likes this genre.",True
301309,610190,"This was a strong fit for what I wanted from the genre. It stayed engaging in shorter sessions, and it felt easy to settle into what the game was trying to do. I would easily suggest it to someone who likes this genre.",True
301310,828050,"I ended up liking this more than I expected. The world was easy to get invested in, and it felt easy to settle into what the game was trying to do. I would easily suggest it to someone who likes this genre.",True
301310,341500,"This was a strong fit for what I wanted from the genre. It stayed engaging in shorter sessions, and it felt easy to settle into what the game was trying to do. I would point other people toward it.",True
301311,50,"This turned out to be an easy game to recommend. The pacing stayed lively, and it felt easy to settle into what the game was trying to do. I would point other people toward it.",True
301311,63660,"This was a strong fit for what I wanted from the genre. The sense of progression worked well, and it felt easy to settle into what the game was trying to do. I can see myself recommending it without much hesitation.",True
301312,616720,"I had a better time with this than I expected at first. It had a clear identity, and it felt easy to settle into what the game was trying to do. I would easily suggest it to someone who likes this genre.",True
301312,7830,"I ended up liking this more than I expected. The systems gave me enough to think about, and it felt easy to settle into what the game was trying to do. I would easily suggest it to someone who likes this genre.",True
301313,15120,"This was a strong fit for what I wanted from the genre. The pacing stayed lively, and it felt easy to settle into what the game was trying to do. I would point other people toward it.",True
301313,410980,"This turned out to be an easy game to recommend. The decisions felt meaningful more often than not, and it felt easy to settle into what the game was trying to do. I would easily suggest it to someone who likes this genre.",True
301314,44350,"This was a strong fit for what I wanted from the genre. It was easy to jump in and start having fun, and it felt easy to settle into what the game was trying to do. It does enough well that I would recommend it.",True
301314,385710,"I had a better time with this than I expected at first. The moment-to-moment gameplay felt sharp, and it felt easy to settle into what the game was trying to do. I can see myself recommending it without much hesitation.",True
301315,804490,"I liked parts of this, though I do not think it works equally well for everyone. The pacing stayed lively, and it felt easy to settle into what the game was trying to do. I could still recommend it with the right expectations.",False
301315,259510,"I had a better time with this than I expected at first. The pacing stayed lively, and it felt easy to settle into what the game was trying to do. I would point other people toward it.",True
301316,388410,"This turned out to be an easy game to recommend. It stayed engaging in shorter sessions, and it felt easy to settle into what the game was trying to do. I would easily suggest it to someone who likes this genre.",True
301316,567670,"I can see why this game has held onto a good reputation. The moment-to-moment gameplay felt sharp, and it felt easy to settle into what the game was trying to do. It does enough well that I would recommend it.",True
301317,221810,"This turned out to be an easy game to recommend. It kept me curious about what came next, and it felt easy to settle into what the game was trying to do. It does enough well that I would recommend it.",True
301317,6830,"I had a better time with this than I expected at first. The decisions felt meaningful more often than not, and it felt easy to settle into what the game was trying to do. I would easily suggest it to someone who likes this genre.",True
301318,489830,"I can see why this game has held onto a good reputation. Building out a character felt rewarding, and it felt easy to settle into what the game was trying to do. I would easily suggest it to someone who likes this genre.",True
301318,252950,"I had a better time with this than I expected at first. The core loop worked better than I expected, and it felt easy to settle into what the game was trying to do. I can see myself recommending it without much hesitation.",True
301319,494720,"This was a strong fit for what I wanted from the genre. It was easy to pick up and enjoy, and it felt easy to settle into what the game was trying to do. It does enough well that I would recommend it.",True
301319,275390,"I ended up liking this more than I expected. The moment-to-moment gameplay felt sharp, and it felt easy to settle into what the game was trying to do. I can see myself recommending it without much hesitation.",True
301320,361420,"This turned out to be an easy game to recommend. It kept me curious about what came next, and it felt easy to settle into what the game was trying to do. I would recommend it to the right player.",True
301320,260230,"This turned out to be an easy game to recommend. The world was easy to get invested in, and it felt easy to settle into what the game was trying to do. I would easily suggest it to someone who likes this genre.",True
301321,220240,"I ended up liking this more than I expected. It stayed engaging in shorter sessions, and it felt easy to settle into what the game was trying to do. I can see myself recommending it without much hesitation.",True
301321,350740,"I ended up liking this more than I expected. The moment-to-moment gameplay felt sharp, and it felt easy to settle into what the game was trying to do. I would point other people toward it.",True
301322,342180,"I ended up liking this more than I expected. The pacing stayed lively, and it felt easy to settle into what the game was trying to do. I can see myself recommending it without much hesitation.",True
301322,488790,"I had a better time with this than I expected at first. The progression systems kept me interested, and it felt easy to settle into what the game was trying to do. It does enough well that I would recommend it.",True
301323,244450,"I can see why this game has held onto a good reputation. The pacing stayed lively, and it felt easy to settle into what the game was trying to do. I can see myself recommending it without much hesitation.",True
301323,60,"This was a strong fit for what I wanted from the genre. The moment-to-moment gameplay felt sharp, and it felt easy to settle into what the game was trying to do. I would recommend it to the right player.",True
301324,368370,"I had a better time with this than I expected at first. The sense of progression worked well, and it felt easy to settle into what the game was trying to do. I would recommend it to the right player.",True
301324,234670,"I can see why this game has held onto a good reputation. The pacing stayed lively, and it felt easy to settle into what the game was trying to do. I would recommend it to the right player.",True
301325,512250,"I ended up liking this more than I expected. It had a distinct style that made it memorable, and it felt easy to settle into what the game was trying to do. I can see myself recommending it without much hesitation.",True
301325,829660,"I ended up liking this more than I expected. It worked well in short sessions, and it felt easy to settle into what the game was trying to do. It does enough well that I would recommend it.",True
301326,618740,"This turned out to be an easy game to recommend. The moment-to-moment gameplay felt sharp, and it felt easy to settle into what the game was trying to do. It does enough well that I would recommend it.",True
301326,370060,"This was decent overall, but I still had a few reservations. It worked well in short sessions, and it felt easy to settle into what the game was trying to do. It is not for everyone, but I can still see the appeal.",False
301327,952040,"I had a better time with this than I expected at first. It did a lot with its own identity, and it felt easy to settle into what the game was trying to do. I would easily suggest it to someone who likes this genre.",True
301327,213330,"This turned out to be an easy game to recommend. It stayed engaging in shorter sessions, and it felt easy to settle into what the game was trying to do. I would point other people toward it.",True
301328,203140,"I can see why this game has held onto a good reputation. It stayed engaging in shorter sessions, and it felt easy to settle into what the game was trying to do. I would recommend it to the right player.",True
301328,226100,"I had a better time with this than I expected at first. The moment-to-moment gameplay felt sharp, and it felt easy to settle into what the game was trying to do. I would recommend it to the right player.",True
301329,587260,"This turned out to be an easy game to recommend. Building out a character felt rewarding, and it felt easy to settle into what the game was trying to do. It does enough well that I would recommend it.",True
301329,329380,"I ended up liking this more than I expected. It stayed engaging in shorter sessions, and it felt easy to settle into what the game was trying to do. I would recommend it to the right player.",True
301330,748360,"This was a strong fit for what I wanted from the genre. It stayed engaging in shorter sessions, and it felt easy to settle into what the game was trying to do. It does enough well that I would recommend it.",True
301330,274900,"This was decent overall, but I still had a few reservations. The moment-to-moment gameplay felt sharp, and it felt easy to settle into what the game was trying to do. It is not for everyone, but I can still see the appeal.",False
301331,494230,"I had a better time with this than I expected at first. It kept me curious about what came next, and it felt easy to settle into what the game was trying to do. It does enough well that I would recommend it.",True
301331,726390,"I ended up liking this more than I expected. It never felt too demanding to come back to, and it felt easy to settle into what the game was trying to do. I would recommend it to the right player.",True
301332,939330,"I can see why this game has held onto a good reputation. It was easy to pick up and enjoy, and it felt easy to settle into what the game was trying to do. I would recommend it to the right player.",True
301332,571260,"I can see why this game has held onto a good reputation. It stayed engaging in shorter sessions, and it felt easy to settle into what the game was trying to do. I would easily suggest it to someone who likes this genre.",True
301333,893030,"I ended up liking this more than I expected. It stayed engaging in shorter sessions, and it felt easy to settle into what the game was trying to do. I would point other people toward it.",True
301333,298630,"I ended up liking this more than I expected. The pacing stayed lively, and it felt easy to settle into what the game was trying to do. I can see myself recommending it without much hesitation.",True
301334,2200,"This was a strong fit for what I wanted from the genre. The moment-to-moment gameplay felt sharp, and it felt easy to settle into what the game was trying to do. I would point other people toward it.",True
301334,429660,"I ended up liking this more than I expected. It stayed engaging in shorter sessions, and it felt easy to settle into what the game was trying to do. I would point other people toward it.",True
301335,324570,"I had a better time with this than I expected at first. The pacing stayed lively, and it felt easy to settle into what the game was trying to do. It does enough well that I would recommend it.",True
301335,533540,"This was a strong fit for what I wanted from the genre. It never felt too demanding to come back to, and it felt easy to settle into what the game was trying to do. I would point other people toward it.",True
301336,646200,"There is a solid game here, though it did not completely win me over. The pacing stayed lively, and it felt easy to settle into what the game was trying to do. I can understand the audience for it, even if I am not fully sold.",False
301336,210950,"I ended up liking this more than I expected. The moment-to-moment gameplay felt sharp, and it felt easy to settle into what the game was trying to do. I can see myself recommending it without much hesitation.",True
301337,393200,"This was decent overall, but I still had a few reservations. The moment-to-moment gameplay felt sharp, and it felt easy to settle into what the game was trying to do. I can understand the audience for it, even if I am not fully sold.",False
301337,555950,"This turned out to be an easy game to recommend. It stayed engaging in shorter sessions, and it felt easy to settle into what the game was trying to do. I can see myself recommending it without much hesitation.",True
301338,619880,"I can see why this game has held onto a good reputation. The pacing stayed lively, and it felt easy to settle into what the game was trying to do. It does enough well that I would recommend it.",True
301338,429300,"This turned out to be an easy game to recommend. It worked well in short sessions, and it felt easy to settle into what the game was trying to do. I would easily suggest it to someone who likes this genre.",True
301339,257730,"I had a better time with this than I expected at first. It never felt too demanding to come back to, and it felt easy to settle into what the game was trying to do. I would recommend it to the right player.",True
301339,205730,"This was a strong fit for what I wanted from the genre. It stayed engaging in shorter sessions, and it felt easy to settle into what the game was trying to do. I can see myself recommending it without much hesitation.",True
301340,397270,"I can see why this game has held onto a good reputation. It kept me curious about what came next, and it felt easy to settle into what the game was trying to do. I would easily suggest it to someone who likes this genre.",True
301340,356070,"I can see why this game has held onto a good reputation. It stayed engaging in shorter sessions, and it felt easy to settle into what the game was trying to do. I would point other people toward it.",True
301341,32470,"This was a strong fit for what I wanted from the genre. The systems gave me enough to think about, and it felt easy to settle into what the game was trying to do. I can see myself recommending it without much hesitation.",True
301341,11190,"I ended up liking this more than I expected. The world was easy to get invested in, and it felt easy to settle into what the game was trying to do. I would point other people toward it.",True
301342,453340,"I ended up liking this more than I expected. It was easy to pick up and enjoy, and it felt easy to settle into what the game was trying to do. It does enough well that I would recommend it.",True
301342,379430,"I ended up liking this more than I expected. The pacing stayed lively, and it felt easy to settle into what the game was trying to do. It does enough well that I would recommend it.",True
301343,545540,"I ended up liking this more than I expected. It kept me curious about what came next, and it felt easy to settle into what the game was trying to do. I can see myself recommending it without much hesitation.",True
301343,63710,"This turned out to be an easy game to recommend. The pacing stayed lively, and it felt easy to settle into what the game was trying to do. I would recommend it to the right player.",True
301344,318530,"I can understand why people like this, but I felt mixed on parts of it. It stayed engaging in shorter sessions, and it felt easy to settle into what the game was trying to do. I would only recommend it if the genre already appeals to you.",False
301344,295690,"This was a strong fit for what I wanted from the genre. The moment-to-moment gameplay felt sharp, and it felt easy to settle into what the game was trying to do. I would recommend it to the right player.",True
301345,333300,"I can see why this game has held onto a good reputation. The world was easy to get invested in, and it felt easy to settle into what the game was trying to do. I would easily suggest it to someone who likes this genre.",True
301345,668350,"This was a strong fit for what I wanted from the genre. It kept me curious about what came next, and it felt easy to settle into what the game was trying to do. I would recommend it to the right player.",True
301346,16810,"There is a solid game here, though it did not completely win me over. The systems gave me enough to think about, and it felt easy to settle into what the game was trying to do. I could still recommend it with the right expectations.",False
301346,255390,"This turned out to be an easy game to recommend. The world was easy to get invested in, and it felt easy to settle into what the game was trying to do. I can see myself recommending it without much hesitation.",True
301347,583930,"This was a strong fit for what I wanted from the genre. It never felt too demanding to come back to, and it felt easy to settle into what the game was trying to do. I would easily suggest it to someone who likes this genre.",True
301347,262790,"This was a strong fit for what I wanted from the genre. The moment-to-moment gameplay felt sharp, and it felt easy to settle into what the game was trying to do. I would point other people toward it.",True
301348,689090,"I ended up liking this more than I expected. It had a clear identity, and it felt easy to settle into what the game was trying to do. It does enough well that I would recommend it.",True
301348,432010,"I can see why this game has held onto a good reputation. It never felt too demanding to come back to, and it felt easy to settle into what the game was trying to do. It does enough well that I would recommend it.",True
301349,457860,"I can see why this game has held onto a good reputation. The world was easy to get invested in, and it felt easy to settle into what the game was trying to do. It does enough well that I would recommend it.",True
301349,543140,"I ended up liking this more than I expected. It worked well in short sessions, and it felt easy to settle into what the game was trying to do. I would recommend it to the right player.",True
301350,500,"This was a strong fit for what I wanted from the genre. It stayed engaging in shorter sessions, and it felt easy to settle into what the game was trying to do. I would point other people toward it.",True
301350,1013870,"I had a better time with this than I expected at first. It felt like a small project with real personality, and it felt easy to settle into what the game was trying to do. It does enough well that I would recommend it.",True
301351,512900,"This turned out to be an easy game to recommend. It stayed engaging in shorter sessions, and it felt easy to settle into what the game was trying to do. I would recommend it to the right player.",True
301351,591420,"This turned out to be an easy game to recommend. It never felt too demanding to come back to, and it felt easy to settle into what the game was trying to do. I would easily suggest it to someone who likes this genre.",True
301352,371140,"I had a better time with this than I expected at first. The pacing stayed lively, and it felt easy to settle into what the game was trying to do. I can see myself recommending it without much hesitation.",True
301352,389510,"I can see why this game has held onto a good reputation. The moment-to-moment gameplay felt sharp, and it felt easy to settle into what the game was trying to do. It does enough well that I would recommend it.",True
301353,21000,"This was a strong fit for what I wanted from the genre. It stayed engaging in shorter sessions, and it felt easy to settle into what the game was trying to do. I can see myself recommending it without much hesitation.",True
301353,386480,"This turned out to be an easy game to recommend. The sense of progression worked well, and it felt easy to settle into what the game was trying to do. I would easily suggest it to someone who likes this genre.",True
301354,266410,"I had a better time with this than I expected at first. There was enough going on to stay invested over time, and it felt easy to settle into what the game was trying to do. I can see myself recommending it without much hesitation.",True
301354,435530,"I had a better time with this than I expected at first. The moment-to-moment gameplay felt sharp, and it felt easy to settle into what the game was trying to do. It does enough well that I would recommend it.",True
301355,320,"I can see why this game has held onto a good reputation. The moment-to-moment gameplay felt sharp, and it felt easy to settle into what the game was trying to do. I would point other people toward it.",True
301355,416690,"I had a better time with this than I expected at first. It had a distinct style that made it memorable, and it felt easy to settle into what the game was trying to do. It does enough well that I would recommend it.",True
301356,314970,"This turned out to be an easy game to recommend. It had a clear identity, and it felt easy to settle into what the game was trying to do. I would point other people toward it.",True
301356,250700,"I ended up liking this more than I expected. It stayed engaging in shorter sessions, and it felt easy to settle into what the game was trying to do. I would recommend it to the right player.",True
301357,33680,"I ended up liking this more than I expected. It felt like a small project with real personality, and it felt easy to settle into what the game was trying to do. It does enough well that I would recommend it.",True
301357,317410,"I had a better time with this than I expected at first. The moment-to-moment gameplay felt sharp, and it felt easy to settle into what the game was trying to do. I would point other people toward it.",True
301358,11450,"This turned out to be an easy game to recommend. It gave me enough room to approach things my own way, and it felt easy to settle into what the game was trying to do. It does enough well that I would recommend it.",True
301358,359550,"This was a strong fit for what I wanted from the genre. The moment-to-moment gameplay felt sharp, and it felt easy to settle into what the game was trying to do. I can see myself recommending it without much hesitation.",True
301359,521570,"I can see why this game has held onto a good reputation. It was easy to pick up and enjoy, and it felt easy to settle into what the game was trying to do. I would recommend it to the right player.",True
301359,391220,"I can see why this game has held onto a good reputation. The core loop worked better than I expected, and it felt easy to settle into what the game was trying to do. I would point other people toward it.",True
301360,7010,"I liked parts of this, though I do not think it works equally well for everyone. The pacing stayed lively, and it felt easy to settle into what the game was trying to do. I could still recommend it with the right expectations.",False
301360,547340,"I can see why this game has held onto a good reputation. The world was easy to get invested in, and it felt easy to settle into what the game was trying to do. I can see myself recommending it without much hesitation.",True
301361,13530,"I can see why this game has held onto a good reputation. The pacing stayed lively, and it felt easy to settle into what the game was trying to do. I would point other people toward it.",True
301361,588430,"This was a strong fit for what I wanted from the genre. The core loop worked better than I expected, and it felt easy to settle into what the game was trying to do. It does enough well that I would recommend it.",True
301362,465200,"I can see why this game has held onto a good reputation. The pacing stayed lively, and it felt easy to settle into what the game was trying to do. I can see myself recommending it without much hesitation.",True
301362,316790,"I can see why this game has held onto a good reputation. The world was easy to get invested in, and it felt easy to settle into what the game was trying to do. It does enough well that I would recommend it.",True
301363,321840,"I had a better time with this than I expected at first. The world was easy to get invested in, and it felt easy to settle into what the game was trying to do. I would recommend it to the right player.",True
301363,203630,"I had a better time with this than I expected at first. The decisions felt meaningful more often than not, and it felt easy to settle into what the game was trying to do. I would point other people toward it.",True
301364,8600,"This turned out to be an easy game to recommend. The driving loop stayed satisfying, and it felt easy to settle into what the game was trying to do. It does enough well that I would recommend it.",True
301364,576770,"I can see why this game has held onto a good reputation. The world was easy to get invested in, and it felt easy to settle into what the game was trying to do. I would point other people toward it.",True
301365,335240,"I can see why this game has held onto a good reputation. The core loop worked better than I expected, and it felt easy to settle into what the game was trying to do. I would recommend it to the right player.",True
301365,467660,"I can see why this game has held onto a good reputation. It kept me curious about what came next, and it felt easy to settle into what the game was trying to do. I would easily suggest it to someone who likes this genre.",True
301366,650440,"This has some clear strengths, even if it did not fully click for me. It did a lot with its own identity, and it felt easy to settle into what the game was trying to do. I would only recommend it if the genre already appeals to you.",False
301366,98200,"This was a strong fit for what I wanted from the genre. It felt like a small project with real personality, and it felt easy to settle into what the game was trying to do. I would recommend it to the right player.",True
301367,325520,"I can see why this game has held onto a good reputation. The sense of progression worked well, and it felt easy to settle into what the game was trying to do. I would easily suggest it to someone who likes this genre.",True
301367,429780,"This was a strong fit for what I wanted from the genre. It did a lot with its own identity, and it felt easy to settle into what the game was trying to do. I can see myself recommending it without much hesitation.",True
301368,58520,"This turned out to be an easy game to recommend. The core loop made sense right away, and it felt easy to settle into what the game was trying to do. I would easily suggest it to someone who likes this genre.",True
301368,366260,"I can see why this game has held onto a good reputation. The pacing stayed lively, and it felt easy to settle into what the game was trying to do. It does enough well that I would recommend it.",True
301369,201570,"I ended up liking this more than I expected. It stayed engaging in shorter sessions, and it felt easy to settle into what the game was trying to do. I would point other people toward it.",True
301369,220460,"I ended up liking this more than I expected. The pacing stayed lively, and it felt easy to settle into what the game was trying to do. I would point other people toward it.",True
301370,102840,"This was a strong fit for what I wanted from the genre. The moment-to-moment gameplay felt sharp, and it felt easy to settle into what the game was trying to do. I would recommend it to the right player.",True
301370,658620,"I had a better time with this than I expected at first. It kept me curious about what came next, and it felt easy to settle into what the game was trying to do. It does enough well that I would recommend it.",True
301371,262000,"This turned out to be an easy game to recommend. The world was easy to get invested in, and it felt easy to settle into what the game was trying to do. I can see myself recommending it without much hesitation.",True
301371,306660,"I ended up liking this more than I expected. It felt like a small project with real personality, and it felt easy to settle into what the game was trying to do. I would easily suggest it to someone who likes this genre.",True
301372,514920,"This turned out to be an easy game to recommend. It had a distinct style that made it memorable, and it felt easy to settle into what the game was trying to do. I would recommend it to the right player.",True
301372,286260,"I can see why this game has held onto a good reputation. It kept me curious about what came next, and it felt easy to settle into what the game was trying to do. I would point other people toward it.",True
301373,268650,"This was a strong fit for what I wanted from the genre. The moment-to-moment gameplay felt sharp, and it felt easy to settle into what the game was trying to do. I can see myself recommending it without much hesitation.",True
301373,331470,"I had a better time with this than I expected at first. The sense of progression worked well, and it felt easy to settle into what the game was trying to do. I would easily suggest it to someone who likes this genre.",True
301374,485510,"I liked parts of this, though I do not think it works equally well for everyone. The moment-to-moment gameplay felt sharp, and it felt easy to settle into what the game was trying to do. I could still recommend it with the right expectations.",False
301374,1020470,"I can see why this game has held onto a good reputation. The pacing stayed lively, and it felt easy to settle into what the game was trying to do. I would easily suggest it to someone who likes this genre.",True
301375,555210,"I had a better time with this than I expected at first. It never felt too demanding to come back to, and it felt easy to settle into what the game was trying to do. I would easily suggest it to someone who likes this genre.",True
301375,582010,"I can see why this game has held onto a good reputation. The pacing stayed lively, and it felt easy to settle into what the game was trying to do. I would recommend it to the right player.",True
301376,740080,"I ended up liking this more than I expected. It stayed engaging in shorter sessions, and it felt easy to settle into what the game was trying to do. I would easily suggest it to someone who likes this genre.",True
301376,43190,"This turned out to be an easy game to recommend. The pacing stayed lively, and it felt easy to settle into what the game was trying to do. I would easily suggest it to someone who likes this genre.",True
301377,569480,"I can see why this game has held onto a good reputation. It had a distinct style that made it memorable, and it felt easy to settle into what the game was trying to do. I would point other people toward it.",True
301377,266130,"I can see why this game has held onto a good reputation. The moment-to-moment gameplay felt sharp, and it felt easy to settle into what the game was trying to do. It does enough well that I would recommend it.",True
301378,40,"I had a better time with this than I expected at first. It stayed engaging in shorter sessions, and it felt easy to settle into what the game was trying to do. I can see myself recommending it without much hesitation.",True
301378,249050,"This was a strong fit for what I wanted from the genre. The sense of progression worked well, and it felt easy to settle into what the game was trying to do. It does enough well that I would recommend it.",True
301379,552080,"I ended up liking this more than I expected. The moment-to-moment gameplay felt sharp, and it felt easy to settle into what the game was trying to do. I would easily suggest it to someone who likes this genre.",True
301379,281610,"I ended up liking this more than I expected. The systems gave me enough to think about, and it felt easy to settle into what the game was trying to do. I would point other people toward it.",True
301380,552280,"This was a strong fit for what I wanted from the genre. The sense of progression worked well, and it felt easy to settle into what the game was trying to do. It does enough well that I would recommend it.",True
301380,883710,"This was decent overall, but I still had a few reservations. The pacing stayed lively, and it felt easy to settle into what the game was trying to do. There is enough here to like, even if I would be selective about recommending it.",False
301381,70640,"I can see why this game has held onto a good reputation. It rewarded planning in a satisfying way, and it felt easy to settle into what the game was trying to do. I would point other people toward it.",True
301381,259600,"I can see why this game has held onto a good reputation. The world was easy to get invested in, and it felt easy to settle into what the game was trying to do. I would easily suggest it to someone who likes this genre.",True
301382,292410,"This turned out to be an easy game to recommend. The driving loop stayed satisfying, and it felt easy to settle into what the game was trying to do. I would easily suggest it to someone who likes this genre.",True
301382,345350,"There is a solid game here, though it did not completely win me over. Building out a character felt rewarding, and it felt easy to settle into what the game was trying to do. I would only recommend it if the genre already appeals to you.",False
301383,487370,"I can see why this game has held onto a good reputation. It worked well in short sessions, and it felt easy to settle into what the game was trying to do. I can see myself recommending it without much hesitation.",True
301383,384300,"I liked parts of this, though I do not think it works equally well for everyone. The core loop worked better than I expected, and it felt easy to settle into what the game was trying to do. I could still recommend it with the right expectations.",False
301384,263400,"I ended up liking this more than I expected. The world was easy to get invested in, and it felt easy to settle into what the game was trying to do. It does enough well that I would recommend it.",True
301384,639780,"I ended up liking this more than I expected. The moment-to-moment gameplay felt sharp, and it felt easy to settle into what the game was trying to do. I can see myself recommending it without much hesitation.",True
301385,1840,"I can see why this game has held onto a good reputation. It had a clear identity, and it felt easy to settle into what the game was trying to do. I would easily suggest it to someone who likes this genre.",True
301385,948630,"I ended up liking this more than I expected. It never felt too demanding to come back to, and it felt easy to settle into what the game was trying to do. I would easily suggest it to someone who likes this genre.",True
301386,48000,"I can see why this game has held onto a good reputation. The moment-to-moment gameplay felt sharp, and it felt easy to settle into what the game was trying to do. I would easily suggest it to someone who likes this genre.",True
301386,893050,"I ended up liking this more than I expected. It was easy to pick up and enjoy, and it felt easy to settle into what the game was trying to do. It does enough well that I would recommend it.",True
301387,790060,"I ended up liking this more than I expected. The pacing stayed lively, and it felt easy to settle into what the game was trying to do. I can see myself recommending it without much hesitation.",True
301387,553310,"I ended up liking this more than I expected. The pacing stayed lively, and it felt easy to settle into what the game was trying to do. I would easily suggest it to someone who likes this genre.",True
301388,931690,"I had a better time with this than I expected at first. The world was easy to get invested in, and it felt easy to settle into what the game was trying to do. I can see myself recommending it without much hesitation.",True
301388,817510,"This turned out to be an easy game to recommend. The moment-to-moment gameplay felt sharp, and it felt easy to settle into what the game was trying to do. I would recommend it to the right player.",True
301389,600990,"I can see why this game has held onto a good reputation. It kept me curious about what came next, and it felt easy to settle into what the game was trying to do. I would recommend it to the right player.",True
301389,643270,"This was a strong fit for what I wanted from the genre. The core loop worked better than I expected, and it felt easy to settle into what the game was trying to do. I would recommend it to the right player.",True
301390,460120,"This was a strong fit for what I wanted from the genre. Building out a character felt rewarding, and it felt easy to settle into what the game was trying to do. I would easily suggest it to someone who likes this genre.",True
301390,628770,"I ended up liking this more than I expected. It felt like a small project with real personality, and it felt easy to settle into what the game was trying to do. It does enough well that I would recommend it.",True
301391,210970,"I ended up liking this more than I expected. The sense of progression worked well, and it felt easy to settle into what the game was trying to do. I would recommend it to the right player.",True
301391,252550,"I had a better time with this than I expected at first. It kept me curious about what came next, and it felt easy to settle into what the game was trying to do. I would point other people toward it.",True
301392,409450,"I had a better time with this than I expected at first. It had a distinct style that made it memorable, and it felt easy to settle into what the game was trying to do. I would recommend it to the right player.",True
301392,654260,"This was a strong fit for what I wanted from the genre. It was easy to pick up and enjoy, and it felt easy to settle into what the game was trying to do. I can see myself recommending it without much hesitation.",True
301393,386880,"I can see why this game has held onto a good reputation. The moment-to-moment gameplay felt sharp, and it felt easy to settle into what the game was trying to do. I would easily suggest it to someone who likes this genre.",True
301393,707300,"I can understand why people like this, but I felt mixed on parts of it. It stayed engaging in shorter sessions, and it felt easy to settle into what the game was trying to do. I can understand the audience for it, even if I am not fully sold.",False
301394,4800,"I ended up liking this more than I expected. The decisions felt meaningful more often than not, and it felt easy to settle into what the game was trying to do. It does enough well that I would recommend it.",True
301394,435150,"I ended up liking this more than I expected. The core loop worked better than I expected, and it felt easy to settle into what the game was trying to do. I would point other people toward it.",True
301395,599080,"This was a strong fit for what I wanted from the genre. It stayed engaging in shorter sessions, and it felt easy to settle into what the game was trying to do. I would point other people toward it.",True
301395,595440,"I had a better time with this than I expected at first. It worked well in short sessions, and it felt easy to settle into what the game was trying to do. I can see myself recommending it without much hesitation.",True
301396,860890,"I can see why this game has held onto a good reputation. It felt like a small project with real personality, and it felt easy to settle into what the game was trying to do. It does enough well that I would recommend it.",True
301396,502740,"I had a better time with this than I expected at first. It had a distinct style that made it memorable, and it felt easy to settle into what the game was trying to do. I would recommend it to the right player.",True
301397,984110,"This was a strong fit for what I wanted from the genre. The moment-to-moment gameplay felt sharp, and it felt easy to settle into what the game was trying to do. I can see myself recommending it without much hesitation.",True
301397,307070,"I liked parts of this, though I do not think it works equally well for everyone. The world was easy to get invested in, and it felt easy to settle into what the game was trying to do. There is enough here to like, even if I would be selective about recommending it.",False
301398,417860,"I can see why this game has held onto a good reputation. The world was easy to get invested in, and it felt easy to settle into what the game was trying to do. I would easily suggest it to someone who likes this genre.",True
301398,410430,"I had a better time with this than I expected at first. The sense of progression worked well, and it felt easy to settle into what the game was trying to do. I would point other people toward it.",True
301399,673210,"I ended up liking this more than I expected. The sense of progression worked well, and it felt easy to settle into what the game was trying to do. It does enough well that I would recommend it.",True
301399,239250,"This turned out to be an easy game to recommend. The pacing stayed lively, and it felt easy to settle into what the game was trying to do. I can see myself recommending it without much hesitation.",True
301400,253250,"I had a better time with this than I expected at first. It did a lot with its own identity, and it felt easy to settle into what the game was trying to do. I would easily suggest it to someone who likes this genre.",True
301400,851670,"I ended up liking this more than I expected. It never felt too demanding to come back to, and it felt easy to settle into what the game was trying to do. It does enough well that I would recommend it.",True
301401,4500,"I ended up liking this more than I expected. The moment-to-moment gameplay felt sharp, and it felt easy to settle into what the game was trying to do. I can see myself recommending it without much hesitation.",True
301401,587430,"This turned out to be an easy game to recommend. The sense of progression worked well, and it felt easy to settle into what the game was trying to do. I would easily suggest it to someone who likes this genre.",True
301402,57680,"I ended up liking this more than I expected. It stayed engaging in shorter sessions, and it felt easy to settle into what the game was trying to do. It does enough well that I would recommend it.",True
301402,506610,"I can see why this game has held onto a good reputation. It stayed engaging in shorter sessions, and it felt easy to settle into what the game was trying to do. I would point other people toward it.",True
301403,495890,"This has some clear strengths, even if it did not fully click for me. It never felt too demanding to come back to, and it felt easy to settle into what the game was trying to do. I can understand the audience for it, even if I am not fully sold.",False
301403,458710,"I can see why this game has held onto a good reputation. The systems gave me enough to think about, and it felt easy to settle into what the game was trying to do. It does enough well that I would recommend it.",True
301404,862570,"I had a better time with this than I expected at first. It stayed engaging in shorter sessions, and it felt easy to settle into what the game was trying to do. I would easily suggest it to someone who likes this genre.",True
301404,427820,"This was a strong fit for what I wanted from the genre. It rewarded planning in a satisfying way, and it felt easy to settle into what the game was trying to do. I can see myself recommending it without much hesitation.",True
301405,657240,"This was a strong fit for what I wanted from the genre. It had a distinct style that made it memorable, and it felt easy to settle into what the game was trying to do. I can see myself recommending it without much hesitation.",True
301405,434650,"This was a strong fit for what I wanted from the genre. It stayed engaging in shorter sessions, and it felt easy to settle into what the game was trying to do. I can see myself recommending it without much hesitation.",True
301406,214730,"This was a strong fit for what I wanted from the genre. It stayed engaging in shorter sessions, and it felt easy to settle into what the game was trying to do. I would easily suggest it to someone who likes this genre.",True
301406,209790,"This was a strong fit for what I wanted from the genre. It was easy to pick up and enjoy, and it felt easy to settle into what the game was trying to do. I can see myself recommending it without much hesitation.",True
301407,630060,"I had a better time with this than I expected at first. It kept me curious about what came next, and it felt easy to settle into what the game was trying to do. I would point other people toward it.",True
301407,628070,"I ended up liking this more than I expected. The systems gave me enough to think about, and it felt easy to settle into what the game was trying to do. I can see myself recommending it without much hesitation.",True
301408,280160,"I ended up liking this more than I expected. The pacing stayed lively, and it felt easy to settle into what the game was trying to do. I can see myself recommending it without much hesitation.",True
301408,71260,"This was decent overall, but I still had a few reservations. The moment-to-moment gameplay felt sharp, and it felt easy to settle into what the game was trying to do. I can understand the audience for it, even if I am not fully sold.",False
301409,108700,"This turned out to be an easy game to recommend. The pacing stayed lively, and it felt easy to settle into what the game was trying to do. It does enough well that I would recommend it.",True
301409,285740,"I ended up liking this more than I expected. It worked well in short sessions, and it felt easy to settle into what the game was trying to do. It does enough well that I would recommend it.",True
301410,355970,"I ended up liking this more than I expected. The sense of progression worked well, and it felt easy to settle into what the game was trying to do. I would easily suggest it to someone who likes this genre.",True
301410,753220,"I can see why this game has held onto a good reputation. It was easy to pick up and enjoy, and it felt easy to settle into what the game was trying to do. I would point other people toward it.",True
301411,346250,"I had a better time with this than I expected at first. The sense of progression worked well, and it felt easy to settle into what the game was trying to do. I would point other people toward it.",True
301411,567380,"I ended up liking this more than I expected. It stayed engaging in shorter sessions, and it felt easy to settle into what the game was trying to do. I would point other people toward it.",True
301412,711750,"I ended up liking this more than I expected. The driving loop stayed satisfying, and it felt easy to settle into what the game was trying to do. I can see myself recommending it without much hesitation.",True
301412,284950,"This was a strong fit for what I wanted from the genre. It never felt too demanding to come back to, and it felt easy to settle into what the game was trying to do. I would point other people toward it.",True
301413,427100,"This was a strong fit for what I wanted from the genre. It never felt too demanding to come back to, and it felt easy to settle into what the game was trying to do. I would point other people toward it.",True
301413,733460,"This turned out to be an easy game to recommend. The moment-to-moment gameplay felt sharp, and it felt easy to settle into what the game was trying to do. I can see myself recommending it without much hesitation.",True
301414,361280,"I had a better time with this than I expected at first. It did a lot with its own identity, and it felt easy to settle into what the game was trying to do. I would easily suggest it to someone who likes this genre.",True
301414,215690,"I ended up liking this more than I expected. It stayed engaging in shorter sessions, and it felt easy to settle into what the game was trying to do. I can see myself recommending it without much hesitation.",True
301415,339130,"I had a better time with this than I expected at first. The world was easy to get invested in, and it felt easy to settle into what the game was trying to do. I would easily suggest it to someone who likes this genre.",True
301415,252010,"I ended up liking this more than I expected. The pacing stayed lively, and it felt easy to settle into what the game was trying to do. I would recommend it to the right player.",True
301416,411960,"I can see why this game has held onto a good reputation. The moment-to-moment gameplay felt sharp, and it felt easy to settle into what the game was trying to do. I would point other people toward it.",True
301416,251470,"I ended up liking this more than I expected. It stayed engaging in shorter sessions, and it felt easy to settle into what the game was trying to do. It does enough well that I would recommend it.",True
301417,301120,"This turned out to be an easy game to recommend. The management side had a good rhythm, and it felt easy to settle into what the game was trying to do. I would point other people toward it.",True
301417,351700,"I ended up liking this more than I expected. It felt like a small project with real personality, and it felt easy to settle into what the game was trying to do. I would point other people toward it.",True
301418,300570,"I can see why this game has held onto a good reputation. It felt like a small project with real personality, and it felt easy to settle into what the game was trying to do. I can see myself recommending it without much hesitation.",True
301418,365590,"I can see why this game has held onto a good reputation. It stayed engaging in shorter sessions, and it felt easy to settle into what the game was trying to do. I would easily suggest it to someone who likes this genre.",True
301419,652980,"I can understand why people like this, but I felt mixed on parts of it. It was easy to pick up and enjoy, and it felt easy to settle into what the game was trying to do. It is not for everyone, but I can still see the appeal.",False
301419,477740,"I had a better time with this than I expected at first. The world was easy to get invested in, and it felt easy to settle into what the game was trying to do. I would point other people toward it.",True
301420,283640,"I can see why this game has held onto a good reputation. It had a clear identity, and it felt easy to settle into what the game was trying to do. It does enough well that I would recommend it.",True
301420,541210,"I can see why this game has held onto a good reputation. It had a distinct style that made it memorable, and it felt easy to settle into what the game was trying to do. I can see myself recommending it without much hesitation.",True
301421,629840,"I liked parts of this, though I do not think it works equally well for everyone. The sense of progression worked well, and it felt easy to settle into what the game was trying to do. There is enough here to like, even if I would be selective about recommending it.",False
301421,296710,"I ended up liking this more than I expected. It felt like a small project with real personality, and it felt easy to settle into what the game was trying to do. I would point other people toward it.",True
301422,424030,"I can see why this game has held onto a good reputation. The pacing stayed lively, and it felt easy to settle into what the game was trying to do. It does enough well that I would recommend it.",True
301422,1016110,"I had a better time with this than I expected at first. The sense of progression worked well, and it felt easy to settle into what the game was trying to do. I would recommend it to the right player.",True
301423,499890,"I can see why this game has held onto a good reputation. The pacing stayed lively, and it felt easy to settle into what the game was trying to do. I would recommend it to the right player.",True
301423,296630,"There is a solid game here, though it did not completely win me over. The moment-to-moment gameplay felt sharp, and it felt easy to settle into what the game was trying to do. It is not for everyone, but I can still see the appeal.",False
301424,233290,"I ended up liking this more than I expected. The moment-to-moment gameplay felt sharp, and it felt easy to settle into what the game was trying to do. I would easily suggest it to someone who likes this genre.",True
301424,206420,"I had a better time with this than I expected at first. The moment-to-moment gameplay felt sharp, and it felt easy to settle into what the game was trying to do. I would recommend it to the right player.",True
301425,222980,"I can see why this game has held onto a good reputation. It stayed engaging in shorter sessions, and it felt easy to settle into what the game was trying to do. I would point other people toward it.",True
301425,346180,"This was a strong fit for what I wanted from the genre. The moment-to-moment gameplay felt sharp, and it felt easy to settle into what the game was trying to do. I would point other people toward it.",True
301426,230700,"I can see why this game has held onto a good reputation. The pacing stayed lively, and it felt easy to settle into what the game was trying to do. I would point other people toward it.",True
301426,672630,"This was a strong fit for what I wanted from the genre. It did a lot with its own identity, and it felt easy to settle into what the game was trying to do. I can see myself recommending it without much hesitation.",True
301427,333640,"I ended up liking this more than I expected. The sense of progression worked well, and it felt easy to settle into what the game was trying to do. I would easily suggest it to someone who likes this genre.",True
301427,550650,"I had a better time with this than I expected at first. The pacing stayed lively, and it felt easy to settle into what the game was trying to do. I would recommend it to the right player.",True
301428,297920,"This turned out to be an easy game to recommend. The management side had a good rhythm, and it felt easy to settle into what the game was trying to do. I would easily suggest it to someone who likes this genre.",True
301428,474960,"I had a better time with this than I expected at first. The moment-to-moment gameplay felt sharp, and it felt easy to settle into what the game was trying to do. I would recommend it to the right player.",True
301429,427290,"This has some clear strengths, even if it did not fully click for me. The pacing stayed lively, and it felt easy to settle into what the game was trying to do. I would only recommend it if the genre already appeals to you.",False
301429,340830,"I had a better time with this than I expected at first. The pacing stayed lively, and it felt easy to settle into what the game was trying to do. I would recommend it to the right player.",True
301430,467930,"I ended up liking this more than I expected. The pacing stayed lively, and it felt easy to settle into what the game was trying to do. I would easily suggest it to someone who likes this genre.",True
301430,860950,"I can see why this game has held onto a good reputation. The moment-to-moment gameplay felt sharp, and it felt easy to settle into what the game was trying to do. I can see myself recommending it without much hesitation.",True
301431,633460,"This was a strong fit for what I wanted from the genre. The moment-to-moment gameplay felt sharp, and it felt easy to settle into what the game was trying to do. It does enough well that I would recommend it.",True
301431,423580,"This turned out to be an easy game to recommend. The management side had a good rhythm, and it felt easy to settle into what the game was trying to do. I would easily suggest it to someone who likes this genre.",True
301432,407330,"This was a strong fit for what I wanted from the genre. It kept me curious about what came next, and it felt easy to settle into what the game was trying to do. It does enough well that I would recommend it.",True
301432,235540,"I had a better time with this than I expected at first. It stayed engaging in shorter sessions, and it felt easy to settle into what the game was trying to do. It does enough well that I would recommend it.",True
301433,323580,"This was a strong fit for what I wanted from the genre. The pacing stayed lively, and it felt easy to settle into what the game was trying to do. I would recommend it to the right player.",True
301433,315660,"This was a strong fit for what I wanted from the genre. It was satisfying to settle into its systems, and it felt easy to settle into what the game was trying to do. I would recommend it to the right player.",True
301434,202970,"I had a better time with this than I expected at first. The pacing stayed lively, and it felt easy to settle into what the game was trying to do. I would recommend it to the right player.",True
301434,247140,"This turned out to be an easy game to recommend. The pacing stayed lively, and it felt easy to settle into what the game was trying to do. I would point other people toward it.",True
301435,41700,"This was a strong fit for what I wanted from the genre. It stayed engaging in shorter sessions, and it felt easy to settle into what the game was trying to do. I would recommend it to the right player.",True
301435,384190,"This was a strong fit for what I wanted from the genre. The sense of progression worked well, and it felt easy to settle into what the game was trying to do. It does enough well that I would recommend it.",True
301436,317100,"This turned out to be an easy game to recommend. It stayed engaging in shorter sessions, and it felt easy to settle into what the game was trying to do. I can see myself recommending it without much hesitation.",True
301436,4700,"This turned out to be an easy game to recommend. The decisions felt meaningful more often than not, and it felt easy to settle into what the game was trying to do. I would point other people toward it.",True
301437,21780,"I ended up liking this more than I expected. The core mechanics were strong enough to carry it, and it felt easy to settle into what the game was trying to do. I can see myself recommending it without much hesitation.",True
301437,644390,"This turned out to be an easy game to recommend. The systems gave me enough to think about, and it felt easy to settle into what the game was trying to do. I would recommend it to the right player.",True
301438,310080,"This was a strong fit for what I wanted from the genre. It never felt too demanding to come back to, and it felt easy to settle into what the game was trying to do. I can see myself recommending it without much hesitation.",True
301438,446620,"I had a better time with this than I expected at first. It stayed engaging in shorter sessions, and it felt easy to settle into what the game was trying to do. I would easily suggest it to someone who likes this genre.",True
301439,607880,"I ended up liking this more than I expected. It gave me enough room to approach things my own way, and it felt easy to settle into what the game was trying to do. I would easily suggest it to someone who likes this genre.",True
301439,451840,"I had a better time with this than I expected at first. The pacing stayed lively, and it felt easy to settle into what the game was trying to do. I would recommend it to the right player.",True
301440,605610,"I can see why this game has held onto a good reputation. The world was easy to get invested in, and it felt easy to settle into what the game was trying to do. I would point other people toward it.",True
301440,324310,"This turned out to be an easy game to recommend. The management side had a good rhythm, and it felt easy to settle into what the game was trying to do. I can see myself recommending it without much hesitation.",True
301441,403970,"I can see why this game has held onto a good reputation. It gave me enough room to approach things my own way, and it felt easy to settle into what the game was trying to do. It does enough well that I would recommend it.",True
301441,751780,"I ended up liking this more than I expected. The core loop worked better than I expected, and it felt easy to settle into what the game was trying to do. It does enough well that I would recommend it.",True
301442,360640,"This was a strong fit for what I wanted from the genre. It worked well in short sessions, and it felt easy to settle into what the game was trying to do. It does enough well that I would recommend it.",True
301442,531930,"This was a strong fit for what I wanted from the genre. It did a lot with its own identity, and it felt easy to settle into what the game was trying to do. It does enough well that I would recommend it.",True
301443,293780,"This was a strong fit for what I wanted from the genre. It stayed engaging in shorter sessions, and it felt easy to settle into what the game was trying to do. I would point other people toward it.",True
301443,324260,"This turned out to be an easy game to recommend. The moment-to-moment gameplay felt sharp, and it felt easy to settle into what the game was trying to do. I would easily suggest it to someone who likes this genre.",True
301444,233130,"I can see why this game has held onto a good reputation. The moment-to-moment gameplay felt sharp, and it felt easy to settle into what the game was trying to do. I would point other people toward it.",True
301444,387340,"I ended up liking this more than I expected. It stayed engaging in shorter sessions, and it felt easy to settle into what the game was trying to do. It does enough well that I would recommend it.",True
301445,240760,"There is a solid game here, though it did not completely win me over. It kept me curious about what came next, and it felt easy to settle into what the game was trying to do. There is enough here to like, even if I would be selective about recommending it.",False
301445,200010,"There is a solid game here, though it did not completely win me over. It never felt too demanding to come back to, and it felt easy to settle into what the game was trying to do. I could still recommend it with the right expectations.",False
301446,383180,"I can understand why people like this, but I felt mixed on parts of it. The pacing stayed lively, and it felt easy to settle into what the game was trying to do. It is not for everyone, but I can still see the appeal.",False
301446,1005870,"I had a better time with this than I expected at first. It stayed engaging in shorter sessions, and it felt easy to settle into what the game was trying to do. It does enough well that I would recommend it.",True
301447,257170,"I can see why this game has held onto a good reputation. It had a distinct style that made it memorable, and it felt easy to settle into what the game was trying to do. I would easily suggest it to someone who likes this genre.",True
301447,550470,"I can see why this game has held onto a good reputation. It stayed engaging in shorter sessions, and it felt easy to settle into what the game was trying to do. I would recommend it to the right player.",True
301448,325610,"This was a strong fit for what I wanted from the genre. The decisions felt meaningful more often than not, and it felt easy to settle into what the game was trying to do. I would recommend it to the right player.",True
301448,342940,"I can see why this game has held onto a good reputation. The core idea is already doing a lot right, and it felt easy to settle into what the game was trying to do. I can see myself recommending it without much hesitation.",True
301449,381020,"This was a strong fit for what I wanted from the genre. The pacing stayed lively, and it felt easy to settle into what the game was trying to do. I would recommend it to the right player.",True
301449,784950,"This turned out to be an easy game to recommend. It had a clear identity, and it felt easy to settle into what the game was trying to do. I would recommend it to the right player.",True
301450,452570,"I can see why this game has held onto a good reputation. The moment-to-moment gameplay felt sharp, and it felt easy to settle into what the game was trying to do. I would easily suggest it to someone who likes this genre.",True
301450,405010,"I ended up liking this more than I expected. The moment-to-moment gameplay felt sharp, and it felt easy to settle into what the game was trying to do. I can see myself recommending it without much hesitation.",True
301451,558420,"I can see why this game has held onto a good reputation. It kept me curious about what came next, and it felt easy to settle into what the game was trying to do. I would recommend it to the right player.",True
301451,452510,"I had a better time with this than I expected at first. It stayed engaging in shorter sessions, and it felt easy to settle into what the game was trying to do. It does enough well that I would recommend it.",True
301452,304650,"This was decent overall, but I still had a few reservations. It kept me curious about what came next, and it felt easy to settle into what the game was trying to do. I would only recommend it if the genre already appeals to you.",False
301452,530330,"This turned out to be an easy game to recommend. It kept me curious about what came next, and it felt easy to settle into what the game was trying to do. I would easily suggest it to someone who likes this genre.",True
301453,296490,"This turned out to be an easy game to recommend. The moment-to-moment gameplay felt sharp, and it felt easy to settle into what the game was trying to do. I would easily suggest it to someone who likes this genre.",True
301453,242860,"This was a strong fit for what I wanted from the genre. The moment-to-moment gameplay felt sharp, and it felt easy to settle into what the game was trying to do. I would recommend it to the right player.",True
301454,219640,"I had a better time with this than I expected at first. It stayed engaging in shorter sessions, and it felt easy to settle into what the game was trying to do. I can see myself recommending it without much hesitation.",True
301454,19980,"There is a solid game here, though it did not completely win me over. The pacing stayed lively, and it felt easy to settle into what the game was trying to do. It is not for everyone, but I can still see the appeal.",False
301455,319850,"I had a better time with this than I expected at first. It was easy to pick up and enjoy, and it felt easy to settle into what the game was trying to do. I would recommend it to the right player.",True
301455,429050,"This was a strong fit for what I wanted from the genre. The pacing stayed lively, and it felt easy to settle into what the game was trying to do. I would easily suggest it to someone who likes this genre.",True
301456,216090,"I can see why this game has held onto a good reputation. It was easy to pick up and enjoy, and it felt easy to settle into what the game was trying to do. It does enough well that I would recommend it.",True
301456,842780,"I can see why this game has held onto a good reputation. The core idea is already doing a lot right, and it felt easy to settle into what the game was trying to do. I would easily suggest it to someone who likes this genre.",True
301457,266840,"I ended up liking this more than I expected. It rewarded patience more than I expected, and it felt easy to settle into what the game was trying to do. I can see myself recommending it without much hesitation.",True
301457,446810,"This turned out to be an easy game to recommend. The moment-to-moment gameplay felt sharp, and it felt easy to settle into what the game was trying to do. I can see myself recommending it without much hesitation.",True
301458,758530,"I ended up liking this more than I expected. The world was easy to get invested in, and it felt easy to settle into what the game was trying to do. It does enough well that I would recommend it.",True
301458,313740,"This turned out to be an easy game to recommend. It did a lot with its own identity, and it felt easy to settle into what the game was trying to do. I would easily suggest it to someone who likes this genre.",True
301459,416680,"I had a better time with this than I expected at first. The moment-to-moment gameplay felt sharp, and it felt easy to settle into what the game was trying to do. I would point other people toward it.",True
301459,310700,"I can see why this game has held onto a good reputation. The pacing stayed lively, and it felt easy to settle into what the game was trying to do. I can see myself recommending it without much hesitation.",True
301460,868520,"This was a strong fit for what I wanted from the genre. The pacing stayed lively, and it felt easy to settle into what the game was trying to do. It does enough well that I would recommend it.",True
301460,578900,"This has some clear strengths, even if it did not fully click for me. The world was easy to get invested in, and it felt easy to settle into what the game was trying to do. There is enough here to like, even if I would be selective about recommending it.",False
301461,236450,"I ended up liking this more than I expected. The moment-to-moment gameplay felt sharp, and it felt easy to settle into what the game was trying to do. It does enough well that I would recommend it.",True
301461,275100,"I can see why this game has held onto a good reputation. It kept me curious about what came next, and it felt easy to settle into what the game was trying to do. I would easily suggest it to someone who likes this genre.",True
301462,320040,"This was a strong fit for what I wanted from the genre. The world was easy to get invested in, and it felt easy to settle into what the game was trying to do. I can see myself recommending it without much hesitation.",True
301462,494430,"I had a better time with this than I expected at first. The pacing stayed lively, and it felt easy to settle into what the game was trying to do. I would easily suggest it to someone who likes this genre.",True
301463,338320,"I can see why this game has held onto a good reputation. It kept me curious about what came next, and it felt easy to settle into what the game was trying to do. I can see myself recommending it without much hesitation.",True
301463,235820,"This turned out to be an easy game to recommend. The pacing stayed lively, and it felt easy to settle into what the game was trying to do. I would easily suggest it to someone who likes this genre.",True
301464,598810,"I can see why this game has held onto a good reputation. It was easy to pick up and enjoy, and it felt easy to settle into what the game was trying to do. I would recommend it to the right player.",True
301464,292910,"I can see why this game has held onto a good reputation. It kept me curious about what came next, and it felt easy to settle into what the game was trying to do. I can see myself recommending it without much hesitation.",True
301465,364050,"I had a better time with this than I expected at first. The moment-to-moment gameplay felt sharp, and it felt easy to settle into what the game was trying to do. I would recommend it to the right player.",True
301465,241410,"This was a strong fit for what I wanted from the genre. It stayed engaging in shorter sessions, and it felt easy to settle into what the game was trying to do. It does enough well that I would recommend it.",True
301466,284890,"This turned out to be an easy game to recommend. The sense of progression worked well, and it felt easy to settle into what the game was trying to do. It does enough well that I would recommend it.",True
301466,307690,"I had a better time with this than I expected at first. It stayed engaging in shorter sessions, and it felt easy to settle into what the game was trying to do. I can see myself recommending it without much hesitation.",True
301467,35700,"I had a better time with this than I expected at first. The pacing stayed lively, and it felt easy to settle into what the game was trying to do. I would point other people toward it.",True
301467,648350,"This turned out to be an easy game to recommend. The management side had a good rhythm, and it felt easy to settle into what the game was trying to do. I would point other people toward it.",True
301468,455400,"This was a strong fit for what I wanted from the genre. The pacing stayed lively, and it felt easy to settle into what the game was trying to do. I would easily suggest it to someone who likes this genre.",True
301468,541670,"This was a strong fit for what I wanted from the genre. The pacing stayed lively, and it felt easy to settle into what the game was trying to do. I can see myself recommending it without much hesitation.",True
301469,292120,"This was a strong fit for what I wanted from the genre. It gave me enough room to approach things my own way, and it felt easy to settle into what the game was trying to do. It does enough well that I would recommend it.",True
301469,266490,"I can see why this game has held onto a good reputation. The sense of progression worked well, and it felt easy to settle into what the game was trying to do. I can see myself recommending it without much hesitation.",True
301470,57740,"This turned out to be an easy game to recommend. The progression systems kept me interested, and it felt easy to settle into what the game was trying to do. I can see myself recommending it without much hesitation.",True
301470,421660,"This was a strong fit for what I wanted from the genre. The world was easy to get invested in, and it felt easy to settle into what the game was trying to do. I can see myself recommending it without much hesitation.",True
301471,452490,"I can see why this game has held onto a good reputation. The pacing stayed lively, and it felt easy to settle into what the game was trying to do. It does enough well that I would recommend it.",True
301471,233610,"This turned out to be an easy game to recommend. The moment-to-moment gameplay felt sharp, and it felt easy to settle into what the game was trying to do. It does enough well that I would recommend it.",True
301472,18500,"I had a better time with this than I expected at first. It did a lot with its own identity, and it felt easy to settle into what the game was trying to do. I would easily suggest it to someone who likes this genre.",True
301472,853550,"This was a strong fit for what I wanted from the genre. It was easy to pick up and enjoy, and it felt easy to settle into what the game was trying to do. I can see myself recommending it without much hesitation.",True
301473,561610,"This turned out to be an easy game to recommend. It was easy to jump in and start having fun, and it felt easy to settle into what the game was trying to do. I would point other people toward it.",True
301473,318430,"This turned out to be an easy game to recommend. The world was easy to get invested in, and it felt easy to settle into what the game was trying to do. I would point other people toward it.",True
301474,227000,"I had a better time with this than I expected at first. It kept me curious about what came next, and it felt easy to settle into what the game was trying to do. I would recommend it to the right player.",True
301474,444640,"This turned out to be an easy game to recommend. The pacing stayed lively, and it felt easy to settle into what the game was trying to do. I can see myself recommending it without much hesitation.",True
301475,865540,"This was a strong fit for what I wanted from the genre. It worked well in short sessions, and it felt easy to settle into what the game was trying to do. I would point other people toward it.",True
301475,733790,"This was a strong fit for what I wanted from the genre. The sense of progression worked well, and it felt easy to settle into what the game was trying to do. I would recommend it to the right player.",True
301476,254480,"I ended up liking this more than I expected. The pacing stayed lively, and it felt easy to settle into what the game was trying to do. I would point other people toward it.",True
301476,788690,"I can see why this game has held onto a good reputation. The sense of progression worked well, and it felt easy to settle into what the game was trying to do. I would point other people toward it.",True
301477,918820,"I ended up liking this more than I expected. The sense of progression worked well, and it felt easy to settle into what the game was trying to do. I would point other people toward it.",True
301477,664830,"I had a better time with this than I expected at first. The pacing stayed lively, and it felt easy to settle into what the game was trying to do. I would point other people toward it.",True
301478,761890,"There is a solid game here, though it did not completely win me over. It had a clear identity, and it felt easy to settle into what the game was trying to do. I would only recommend it if the genre already appeals to you.",False
301478,559620,"This was a strong fit for what I wanted from the genre. The moment-to-moment gameplay felt sharp, and it felt easy to settle into what the game was trying to do. I would recommend it to the right player.",True
301479,243360,"I can see why this game has held onto a good reputation. The core mechanics were strong enough to carry it, and it felt easy to settle into what the game was trying to do. I would point other people toward it.",True
301479,1004240,"This was decent overall, but I still had a few reservations. It was easy to pick up and enjoy, and it felt easy to settle into what the game was trying to do. I can understand the audience for it, even if I am not fully sold.",False
301480,577480,"I ended up liking this more than I expected. It kept me curious about what came next, and it felt easy to settle into what the game was trying to do. I would easily suggest it to someone who likes this genre.",True
301480,629770,"This turned out to be an easy game to recommend. The sense of progression worked well, and it felt easy to settle into what the game was trying to do. I would recommend it to the right player.",True
301481,311210,"This was decent overall, but I still had a few reservations. The moment-to-moment gameplay felt sharp, and it felt easy to settle into what the game was trying to do. It is not for everyone, but I can still see the appeal.",False
301481,397950,"I ended up liking this more than I expected. It stayed engaging in shorter sessions, and it felt easy to settle into what the game was trying to do. I would point other people toward it.",True
301482,667890,"I ended up liking this more than I expected. The pacing stayed lively, and it felt easy to settle into what the game was trying to do. I would easily suggest it to someone who likes this genre.",True
301482,251530,"I had a better time with this than I expected at first. The pacing stayed lively, and it felt easy to settle into what the game was trying to do. I would recommend it to the right player.",True
301483,333980,"I can see why this game has held onto a good reputation. The pacing stayed lively, and it felt easy to settle into what the game was trying to do. I would recommend it to the right player.",True
301483,360620,"I ended up liking this more than I expected. The moment-to-moment gameplay felt sharp, and it felt easy to settle into what the game was trying to do. I can see myself recommending it without much hesitation.",True
301484,7650,"I had a better time with this than I expected at first. The systems gave me enough to think about, and it felt easy to settle into what the game was trying to do. I would recommend it to the right player.",True
301484,301650,"I had a better time with this than I expected at first. The moment-to-moment gameplay felt sharp, and it felt easy to settle into what the game was trying to do. It does enough well that I would recommend it.",True
301485,311480,"This turned out to be an easy game to recommend. It stayed engaging in shorter sessions, and it felt easy to settle into what the game was trying to do. I can see myself recommending it without much hesitation.",True
301485,566160,"This turned out to be an easy game to recommend. It was easy to pick up and enjoy, and it felt easy to settle into what the game was trying to do. I would recommend it to the right player.",True
301486,274520,"This was a strong fit for what I wanted from the genre. The pacing stayed lively, and it felt easy to settle into what the game was trying to do. I would point other people toward it.",True
301486,3270,"This was a strong fit for what I wanted from the genre. The pacing stayed lively, and it felt easy to settle into what the game was trying to do. It does enough well that I would recommend it.",True
301487,385800,"I had a better time with this than I expected at first. It never felt too demanding to come back to, and it felt easy to settle into what the game was trying to do. I would easily suggest it to someone who likes this genre.",True
301487,618970,"I ended up liking this more than I expected. The pacing stayed lively, and it felt easy to settle into what the game was trying to do. I would easily suggest it to someone who likes this genre.",True
301488,635320,"This has some clear strengths, even if it did not fully click for me. The sense of progression worked well, and it felt easy to settle into what the game was trying to do. I can understand the audience for it, even if I am not fully sold.",False
301488,726840,"This turned out to be an easy game to recommend. It worked well in short sessions, and it felt easy to settle into what the game was trying to do. I would recommend it to the right player.",True
301489,314160,"I had a better time with this than I expected at first. It rewarded patience more than I expected, and it felt easy to settle into what the game was trying to do. I can see myself recommending it without much hesitation.",True
301489,410670,"This was a strong fit for what I wanted from the genre. The pacing stayed lively, and it felt easy to settle into what the game was trying to do. I would easily suggest it to someone who likes this genre.",True
301490,327410,"This has some clear strengths, even if it did not fully click for me. Building out a character felt rewarding, and it felt easy to settle into what the game was trying to do. I could still recommend it with the right expectations.",False
301490,511740,"I ended up liking this more than I expected. It stayed engaging in shorter sessions, and it felt easy to settle into what the game was trying to do. I can see myself recommending it without much hesitation.",True
301491,24010,"This has some clear strengths, even if it did not fully click for me. It rewarded patience more than I expected, and it felt easy to settle into what the game was trying to do. There is enough here to like, even if I would be selective about recommending it.",False
301491,284830,"I had a better time with this than I expected at first. The sense of progression worked well, and it felt easy to settle into what the game was trying to do. It does enough well that I would recommend it.",True
301492,448280,"This was a strong fit for what I wanted from the genre. The pacing stayed lively, and it felt easy to settle into what the game was trying to do. I would point other people toward it.",True
301492,930780,"I can understand why people like this, but I felt mixed on parts of it. It had a distinct style that made it memorable, and it felt easy to settle into what the game was trying to do. I would only recommend it if the genre already appeals to you.",False
301493,33130,"I had a better time with this than I expected at first. The moment-to-moment gameplay felt sharp, and it felt easy to settle into what the game was trying to do. I would easily suggest it to someone who likes this genre.",True
301493,535930,"This turned out to be an easy game to recommend. It had a distinct style that made it memorable, and it felt easy to settle into what the game was trying to do. I can see myself recommending it without much hesitation.",True
301494,339000,"This turned out to be an easy game to recommend. The pacing stayed lively, and it felt easy to settle into what the game was trying to do. I would easily suggest it to someone who likes this genre.",True
301494,271570,"I ended up liking this more than I expected. The pacing stayed lively, and it felt easy to settle into what the game was trying to do. It does enough well that I would recommend it.",True
301495,319970,"I ended up liking this more than I expected. The world was easy to get invested in, and it felt easy to settle into what the game was trying to do. I would point other people toward it.",True
301495,821890,"This turned out to be an easy game to recommend. It stayed engaging in shorter sessions, and it felt easy to settle into what the game was trying to do. I would point other people toward it.",True
301496,225840,"I can see why this game has held onto a good reputation. The moment-to-moment gameplay felt sharp, and it felt easy to settle into what the game was trying to do. I would point other people toward it.",True
301496,599750,"This was decent overall, but I still had a few reservations. It did a lot with its own identity, and it felt easy to settle into what the game was trying to do. I can understand the audience for it, even if I am not fully sold.",False
301497,224460,"This was a strong fit for what I wanted from the genre. The world was easy to get invested in, and it felt easy to settle into what the game was trying to do. I would easily suggest it to someone who likes this genre.",True
301497,115100,"I ended up liking this more than I expected. The sense of progression worked well, and it felt easy to settle into what the game was trying to do. It does enough well that I would recommend it.",True
301498,252490,"I ended up liking this more than I expected. The pacing stayed lively, and it felt easy to settle into what the game was trying to do. I would easily suggest it to someone who likes this genre.",True
301498,382260,"I can see why this game has held onto a good reputation. The pacing stayed lively, and it felt easy to settle into what the game was trying to do. I would point other people toward it.",True
301499,337320,"I had a better time with this than I expected at first. The moment-to-moment gameplay felt sharp, and it felt easy to settle into what the game was trying to do. It does enough well that I would recommend it.",True
301499,409100,"This was a strong fit for what I wanted from the genre. It felt like a small project with real personality, and it felt easy to settle into what the game was trying to do. I would recommend it to the right player.",True
301500,884660,"I liked parts of this, though I do not think it works equally well for everyone. The moment-to-moment gameplay felt sharp, and it felt easy to settle into what the game was trying to do. I could still recommend it with the right expectations.",False
301500,216910,"This turned out to be an easy game to recommend. It stayed engaging in shorter sessions, and it felt easy to settle into what the game was trying to do. I can see myself recommending it without much hesitation.",True
301501,445130,"I ended up liking this more than I expected. It never felt too demanding to come back to, and it felt easy to settle into what the game was trying to do. I would point other people toward it.",True
301501,454650,"I can see why this game has held onto a good reputation. The moment-to-moment gameplay felt sharp, and it felt easy to settle into what the game was trying to do. It does enough well that I would recommend it.",True
301502,337000,"I can understand why people like this, but I felt mixed on parts of it. It stayed engaging in shorter sessions, and it felt easy to settle into what the game was trying to do. There is enough here to like, even if I would be selective about recommending it.",False
301502,801630,"I ended up liking this more than I expected. It stayed engaging in shorter sessions, and it felt easy to settle into what the game was trying to do. It does enough well that I would recommend it.",True
301503,284770,"I can see why this game has held onto a good reputation. The sense of progression worked well, and it felt easy to settle into what the game was trying to do. I would easily suggest it to someone who likes this genre.",True
301503,329430,"I had a better time with this than I expected at first. The moment-to-moment gameplay felt sharp, and it felt easy to settle into what the game was trying to do. I would easily suggest it to someone who likes this genre.",True
301504,264730,"This was decent overall, but I still had a few reservations. It stayed engaging in shorter sessions, and it felt easy to settle into what the game was trying to do. It is not for everyone, but I can still see the appeal.",False
301504,214340,"This was a strong fit for what I wanted from the genre. The sense of progression worked well, and it felt easy to settle into what the game was trying to do. I would easily suggest it to someone who likes this genre.",True
301505,476240,"This turned out to be an easy game to recommend. It was easy to pick up and enjoy, and it felt easy to settle into what the game was trying to do. I would point other people toward it.",True
301505,599460,"This was a strong fit for what I wanted from the genre. The sense of progression worked well, and it felt easy to settle into what the game was trying to do. I can see myself recommending it without much hesitation.",True
301506,288160,"I can see why this game has held onto a good reputation. The sense of progression worked well, and it felt easy to settle into what the game was trying to do. It does enough well that I would recommend it.",True
301506,714010,"I had a better time with this than I expected at first. It stayed engaging in shorter sessions, and it felt easy to settle into what the game was trying to do. It does enough well that I would recommend it.",True
301507,347160,"I can see why this game has held onto a good reputation. It stayed engaging in shorter sessions, and it felt easy to settle into what the game was trying to do. I would easily suggest it to someone who likes this genre.",True
301507,528060,"I ended up liking this more than I expected. It never felt too demanding to come back to, and it felt easy to settle into what the game was trying to do. It does enough well that I would recommend it.",True
301508,1058430,"I had a better time with this than I expected at first. It had a distinct style that made it memorable, and it felt easy to settle into what the game was trying to do. I would easily suggest it to someone who likes this genre.",True
301508,534550,"I can see why this game has held onto a good reputation. The moment-to-moment gameplay felt sharp, and it felt easy to settle into what the game was trying to do. I can see myself recommending it without much hesitation.",True
301509,591370,"I can understand why people like this, but I felt mixed on parts of it. It did a lot with its own identity, and it felt easy to settle into what the game was trying to do. I would only recommend it if the genre already appeals to you.",False
301509,782340,"This was a strong fit for what I wanted from the genre. It never felt too demanding to come back to, and it felt easy to settle into what the game was trying to do. I would recommend it to the right player.",True
301510,394760,"This turned out to be an easy game to recommend. The moment-to-moment gameplay felt sharp, and it felt easy to settle into what the game was trying to do. I would point other people toward it.",True
301510,230290,"There is a solid game here, though it did not completely win me over. It worked well in short sessions, and it felt easy to settle into what the game was trying to do. There is enough here to like, even if I would be selective about recommending it.",False
301511,522230,"This was decent overall, but I still had a few reservations. It never felt too demanding to come back to, and it felt easy to settle into what the game was trying to do. There is enough here to like, even if I would be selective about recommending it.",False
301511,396350,"This was a strong fit for what I wanted from the genre. The pacing stayed lively, and it felt easy to settle into what the game was trying to do. I can see myself recommending it without much hesitation.",True
301512,13520,"This turned out to be an easy game to recommend. The moment-to-moment gameplay felt sharp, and it felt easy to settle into what the game was trying to do. I can see myself recommending it without much hesitation.",True
301512,883860,"I liked parts of this, though I do not think it works equally well for everyone. It never felt too demanding to come back to, and it felt easy to settle into what the game was trying to do. There is enough here to like, even if I would be selective about recommending it.",False
301513,250900,"I liked parts of this, though I do not think it works equally well for everyone. The moment-to-moment gameplay felt sharp, and it felt easy to settle into what the game was trying to do. I would only recommend it if the genre already appeals to you.",False
301513,329110,"I can see why this game has held onto a good reputation. The moment-to-moment gameplay felt sharp, and it felt easy to settle into what the game was trying to do. I would easily suggest it to someone who likes this genre.",True
301514,497400,"I had a better time with this than I expected at first. The world was easy to get invested in, and it felt easy to settle into what the game was trying to do. It does enough well that I would recommend it.",True
301514,360650,"I ended up liking this more than I expected. It never felt too demanding to come back to, and it felt easy to settle into what the game was trying to do. I would point other people toward it.",True
301515,21690,"I had a better time with this than I expected at first. The moment-to-moment gameplay felt sharp, and it felt easy to settle into what the game was trying to do. I would point other people toward it.",True
301515,227780,"This turned out to be an easy game to recommend. The moment-to-moment gameplay felt sharp, and it felt easy to settle into what the game was trying to do. I would recommend it to the right player.",True
301516,269050,"This turned out to be an easy game to recommend. The world was easy to get invested in, and it felt easy to settle into what the game was trying to do. I would easily suggest it to someone who likes this genre.",True
301516,265830,"I can see why this game has held onto a good reputation. The pacing stayed lively, and it felt easy to settle into what the game was trying to do. I would recommend it to the right player.",True
301517,482920,"I ended up liking this more than I expected. The sense of progression worked well, and it felt easy to settle into what the game was trying to do. I would point other people toward it.",True
301517,365770,"I can see why this game has held onto a good reputation. It stayed engaging in shorter sessions, and it felt easy to settle into what the game was trying to do. It does enough well that I would recommend it.",True
301518,243800,"This was a strong fit for what I wanted from the genre. The pacing stayed lively, and it felt easy to settle into what the game was trying to do. I would recommend it to the right player.",True
301518,367500,"This has some clear strengths, even if it did not fully click for me. The pacing stayed lively, and it felt easy to settle into what the game was trying to do. I can understand the audience for it, even if I am not fully sold.",False
301519,513560,"This was a strong fit for what I wanted from the genre. It stayed engaging in shorter sessions, and it felt easy to settle into what the game was trying to do. I can see myself recommending it without much hesitation.",True
301519,522210,"I can see why this game has held onto a good reputation. The moment-to-moment gameplay felt sharp, and it felt easy to settle into what the game was trying to do. I would recommend it to the right player.",True
301520,218680,"I had a better time with this than I expected at first. The sense of progression worked well, and it felt easy to settle into what the game was trying to do. I would point other people toward it.",True
301520,6020,"This was a strong fit for what I wanted from the genre. The moment-to-moment gameplay felt sharp, and it felt easy to settle into what the game was trying to do. I would easily suggest it to someone who likes this genre.",True
301521,385380,"I can see why this game has held onto a good reputation. The moment-to-moment gameplay felt sharp, and it felt easy to settle into what the game was trying to do. I can see myself recommending it without much hesitation.",True
301521,420740,"I had a better time with this than I expected at first. The world was easy to get invested in, and it felt easy to settle into what the game was trying to do. I would point other people toward it.",True
301522,1058000,"I can see why this game has held onto a good reputation. The core loop worked better than I expected, and it felt easy to settle into what the game was trying to do. I would easily suggest it to someone who likes this genre.",True
301522,356670,"I can see why this game has held onto a good reputation. The moment-to-moment gameplay felt sharp, and it felt easy to settle into what the game was trying to do. I would point other people toward it.",True
301523,313480,"I ended up liking this more than I expected. The decisions felt meaningful more often than not, and it felt easy to settle into what the game was trying to do. I would point other people toward it.",True
301523,518060,"I can understand why people like this, but I felt mixed on parts of it. It worked well in short sessions, and it felt easy to settle into what the game was trying to do. I would only recommend it if the genre already appeals to you.",False
301524,265930,"I had a better time with this than I expected at first. It never felt too demanding to come back to, and it felt easy to settle into what the game was trying to do. I can see myself recommending it without much hesitation.",True
301524,410900,"This was a strong fit for what I wanted from the genre. The pacing stayed lively, and it felt easy to settle into what the game was trying to do. I would point other people toward it.",True
301525,377680,"I can see why this game has held onto a good reputation. It did a lot with its own identity, and it felt easy to settle into what the game was trying to do. It does enough well that I would recommend it.",True
301525,337150,"I ended up liking this more than I expected. It did a lot with its own identity, and it felt easy to settle into what the game was trying to do. I would recommend it to the right player.",True
301526,344740,"This turned out to be an easy game to recommend. It stayed engaging in shorter sessions, and it felt easy to settle into what the game was trying to do. It does enough well that I would recommend it.",True
301526,619150,"I can see why this game has held onto a good reputation. It had a distinct style that made it memorable, and it felt easy to settle into what the game was trying to do. I would point other people toward it.",True
301527,612470,"I can see why this game has held onto a good reputation. It did a lot with its own identity, and it felt easy to settle into what the game was trying to do. I would easily suggest it to someone who likes this genre.",True
301527,321150,"I had a better time with this than I expected at first. It kept me curious about what came next, and it felt easy to settle into what the game was trying to do. It does enough well that I would recommend it.",True
301528,96100,"I can see why this game has held onto a good reputation. The moment-to-moment gameplay felt sharp, and it felt easy to settle into what the game was trying to do. I can see myself recommending it without much hesitation.",True
301528,466300,"I can see why this game has held onto a good reputation. The world was easy to get invested in, and it felt easy to settle into what the game was trying to do. I can see myself recommending it without much hesitation.",True
301529,667530,"I can see why this game has held onto a good reputation. The pacing stayed lively, and it felt easy to settle into what the game was trying to do. I would easily suggest it to someone who likes this genre.",True
301529,505630,"I liked parts of this, though I do not think it works equally well for everyone. It stayed engaging in shorter sessions, and it felt easy to settle into what the game was trying to do. I would only recommend it if the genre already appeals to you.",False
301530,390520,"I ended up liking this more than I expected. It stayed engaging in shorter sessions, and it felt easy to settle into what the game was trying to do. I would easily suggest it to someone who likes this genre.",True
301530,776490,"This turned out to be an easy game to recommend. It stayed engaging in shorter sessions, and it felt easy to settle into what the game was trying to do. I would recommend it to the right player.",True
301531,588730,"I can see why this game has held onto a good reputation. It kept me curious about what came next, and it felt easy to settle into what the game was trying to do. I can see myself recommending it without much hesitation.",True
301531,207170,"This was a strong fit for what I wanted from the genre. The world was easy to get invested in, and it felt easy to settle into what the game was trying to do. I can see myself recommending it without much hesitation.",True
301532,413420,"This turned out to be an easy game to recommend. The sense of progression worked well, and it felt easy to settle into what the game was trying to do. It does enough well that I would recommend it.",True
301532,257990,"I can see why this game has held onto a good reputation. It was easy to pick up and enjoy, and it felt easy to settle into what the game was trying to do. I would point other people toward it.",True
301533,219890,"This was decent overall, but I still had a few reservations. The world was easy to get invested in, and it felt easy to settle into what the game was trying to do. There is enough here to like, even if I would be selective about recommending it.",False
301533,8140,"I ended up liking this more than I expected. The moment-to-moment gameplay felt sharp, and it felt easy to settle into what the game was trying to do. I would point other people toward it.",True
301534,346120,"I had a better time with this than I expected at first. The pacing stayed lively, and it felt easy to settle into what the game was trying to do. I would point other people toward it.",True
301534,673000,"This turned out to be an easy game to recommend. It stayed engaging in shorter sessions, and it felt easy to settle into what the game was trying to do. I would recommend it to the right player.",True
301535,438480,"This turned out to be an easy game to recommend. The moment-to-moment gameplay felt sharp, and it felt easy to settle into what the game was trying to do. I would easily suggest it to someone who likes this genre.",True
301535,870200,"This was a strong fit for what I wanted from the genre. It felt like a small project with real personality, and it felt easy to settle into what the game was trying to do. I can see myself recommending it without much hesitation.",True
301536,345460,"I can see why this game has held onto a good reputation. The core loop worked better than I expected, and it felt easy to settle into what the game was trying to do. I would recommend it to the right player.",True
301536,510500,"I had a better time with this than I expected at first. The pacing stayed lively, and it felt easy to settle into what the game was trying to do. It does enough well that I would recommend it.",True
301537,41800,"I can see why this game has held onto a good reputation. It had a distinct style that made it memorable, and it felt easy to settle into what the game was trying to do. I would point other people toward it.",True
301537,467380,"This was a strong fit for what I wanted from the genre. The moment-to-moment gameplay felt sharp, and it felt easy to settle into what the game was trying to do. I would point other people toward it.",True
301538,637650,"I had a better time with this than I expected at first. The progression systems kept me interested, and it felt easy to settle into what the game was trying to do. It does enough well that I would recommend it.",True
301538,208670,"This turned out to be an easy game to recommend. The moment-to-moment gameplay felt sharp, and it felt easy to settle into what the game was trying to do. It does enough well that I would recommend it.",True
301539,314010,"I had a better time with this than I expected at first. The pacing stayed lively, and it felt easy to settle into what the game was trying to do. I would recommend it to the right player.",True
301539,455910,"I ended up liking this more than I expected. The moment-to-moment gameplay felt sharp, and it felt easy to settle into what the game was trying to do. It does enough well that I would recommend it.",True
301540,10090,"I can see why this game has held onto a good reputation. The pacing stayed lively, and it felt easy to settle into what the game was trying to do. I would point other people toward it.",True
301540,319830,"This turned out to be an easy game to recommend. The pacing stayed lively, and it felt easy to settle into what the game was trying to do. I would point other people toward it.",True
301541,388090,"This turned out to be an easy game to recommend. The moment-to-moment gameplay felt sharp, and it felt easy to settle into what the game was trying to do. I would recommend it to the right player.",True
301541,845070,"This turned out to be an easy game to recommend. The world was easy to get invested in, and it felt easy to settle into what the game was trying to do. I would recommend it to the right player.",True
301542,834740,"This was a strong fit for what I wanted from the genre. It was easy to pick up and enjoy, and it felt easy to settle into what the game was trying to do. I would recommend it to the right player.",True
301542,2100,"I had a better time with this than I expected at first. The pacing stayed lively, and it felt easy to settle into what the game was trying to do. I would recommend it to the right player.",True
301543,214360,"I had a better time with this than I expected at first. The pacing stayed lively, and it felt easy to settle into what the game was trying to do. It does enough well that I would recommend it.",True
301543,252310,"This turned out to be an easy game to recommend. The pacing stayed lively, and it felt easy to settle into what the game was trying to do. I can see myself recommending it without much hesitation.",True
301544,444770,"I can see why this game has held onto a good reputation. The world was easy to get invested in, and it felt easy to settle into what the game was trying to do. It does enough well that I would recommend it.",True
301544,1007350,"This was decent overall, but I still had a few reservations. It had a distinct style that made it memorable, and it felt easy to settle into what the game was trying to do. There is enough here to like, even if I would be selective about recommending it.",False
301545,310370,"This has some clear strengths, even if it did not fully click for me. The core loop worked better than I expected, and it felt easy to settle into what the game was trying to do. There is enough here to like, even if I would be selective about recommending it.",False
301545,367580,"I can see why this game has held onto a good reputation. It worked well in short sessions, and it felt easy to settle into what the game was trying to do. I would easily suggest it to someone who likes this genre.",True
301546,616250,"This turned out to be an easy game to recommend. The pacing stayed lively, and it felt easy to settle into what the game was trying to do. It does enough well that I would recommend it.",True
301546,855630,"This was a strong fit for what I wanted from the genre. It kept me curious about what came next, and it felt easy to settle into what the game was trying to do. I would point other people toward it.",True
301547,226620,"This was decent overall, but I still had a few reservations. The sense of progression worked well, and it felt easy to settle into what the game was trying to do. I could still recommend it with the right expectations.",False
301547,528550,"I had a better time with this than I expected at first. It stayed engaging in shorter sessions, and it felt easy to settle into what the game was trying to do. I would recommend it to the right player.",True
301548,394360,"This was a strong fit for what I wanted from the genre. It was satisfying to settle into its systems, and it felt easy to settle into what the game was trying to do. I would point other people toward it.",True
301548,341940,"This was decent overall, but I still had a few reservations. It stayed engaging in shorter sessions, and it felt easy to settle into what the game was trying to do. I can understand the audience for it, even if I am not fully sold.",False
301549,588040,"This turned out to be an easy game to recommend. It kept me curious about what came next, and it felt easy to settle into what the game was trying to do. I would recommend it to the right player.",True
301549,9350,"I ended up liking this more than I expected. It rewarded planning in a satisfying way, and it felt easy to settle into what the game was trying to do. It does enough well that I would recommend it.",True
301550,289130,"I had a better time with this than I expected at first. It gave me enough room to approach things my own way, and it felt easy to settle into what the game was trying to do. I would recommend it to the right player.",True
301550,204060,"I can see why this game has held onto a good reputation. The world was easy to get invested in, and it felt easy to settle into what the game was trying to do. I would point other people toward it.",True
301551,611160,"This turned out to be an easy game to recommend. It stayed engaging in shorter sessions, and it felt easy to settle into what the game was trying to do. It does enough well that I would recommend it.",True
301551,528230,"This was a strong fit for what I wanted from the genre. The moment-to-moment gameplay felt sharp, and it felt easy to settle into what the game was trying to do. I would easily suggest it to someone who likes this genre.",True
301552,24200,"This was decent overall, but I still had a few reservations. The moment-to-moment gameplay felt sharp, and it felt easy to settle into what the game was trying to do. I can understand the audience for it, even if I am not fully sold.",False
301552,2990,"I had a better time with this than I expected at first. The core mechanics were strong enough to carry it, and it felt easy to settle into what the game was trying to do. I would point other people toward it.",True
301553,286040,"I had a better time with this than I expected at first. The moment-to-moment gameplay felt sharp, and it felt easy to settle into what the game was trying to do. I would recommend it to the right player.",True
301553,844660,"I can see why this game has held onto a good reputation. It was easy to pick up and enjoy, and it felt easy to settle into what the game was trying to do. I would point other people toward it.",True
301554,951000,"I had a better time with this than I expected at first. It worked well in short sessions, and it felt easy to settle into what the game was trying to do. I would point other people toward it.",True
301554,345260,"I ended up liking this more than I expected. The pacing stayed lively, and it felt easy to settle into what the game was trying to do. I would point other people toward it.",True
301555,340050,"This turned out to be an easy game to recommend. It stayed engaging in shorter sessions, and it felt easy to settle into what the game was trying to do. It does enough well that I would recommend it.",True
301555,771350,"I had a better time with this than I expected at first. It was easy to pick up and enjoy, and it felt easy to settle into what the game was trying to do. I would easily suggest it to someone who likes this genre.",True
301556,367270,"I had a better time with this than I expected at first. The moment-to-moment gameplay felt sharp, and it felt easy to settle into what the game was trying to do. I can see myself recommending it without much hesitation.",True
301556,261470,"I can see why this game has held onto a good reputation. The management side had a good rhythm, and it felt easy to settle into what the game was trying to do. I would easily suggest it to someone who likes this genre.",True
301557,4000,"I had a better time with this than I expected at first. It never felt too demanding to come back to, and it felt easy to settle into what the game was trying to do. I would recommend it to the right player.",True
301557,208650,"I had a better time with this than I expected at first. The pacing stayed lively, and it felt easy to settle into what the game was trying to do. I would point other people toward it.",True
301558,320140,"I ended up liking this more than I expected. The pacing stayed lively, and it felt easy to settle into what the game was trying to do. It does enough well that I would recommend it.",True
301558,797390,"I ended up liking this more than I expected. The world was easy to get invested in, and it felt easy to settle into what the game was trying to do. I would easily suggest it to someone who likes this genre.",True
301559,446840,"This was a strong fit for what I wanted from the genre. It stayed engaging in shorter sessions, and it felt easy to settle into what the game was trying to do. I would easily suggest it to someone who likes this genre.",True
301559,294100,"I can see why this game has held onto a good reputation. It did a lot with its own identity, and it felt easy to settle into what the game was trying to do. I can see myself recommending it without much hesitation.",True
301560,744810,"I can see why this game has held onto a good reputation. It worked well in short sessions, and it felt easy to settle into what the game was trying to do. I can see myself recommending it without much hesitation.",True
301560,300,"I ended up liking this more than I expected. The moment-to-moment gameplay felt sharp, and it felt easy to settle into what the game was trying to do. It does enough well that I would recommend it.",True
301561,46260,"I can see why this game has held onto a good reputation. The progression systems kept me interested, and it felt easy to settle into what the game was trying to do. I can see myself recommending it without much hesitation.",True
301561,992310,"I ended up liking this more than I expected. It kept me curious about what came next, and it felt easy to settle into what the game was trying to do. I would easily suggest it to someone who likes this genre.",True
301562,224960,"This was a strong fit for what I wanted from the genre. The moment-to-moment gameplay felt sharp, and it felt easy to settle into what the game was trying to do. I would recommend it to the right player.",True
301562,448510,"There is a solid game here, though it did not completely win me over. The pacing stayed lively, and it felt easy to settle into what the game was trying to do. There is enough here to like, even if I would be selective about recommending it.",False
301563,250460,"This has some clear strengths, even if it did not fully click for me. It worked well in short sessions, and it felt easy to settle into what the game was trying to do. It is not for everyone, but I can still see the appeal.",False
301563,552590,"I ended up liking this more than I expected. The sense of progression worked well, and it felt easy to settle into what the game was trying to do. I would point other people toward it.",True
301564,517810,"This was a strong fit for what I wanted from the genre. The management side had a good rhythm, and it felt easy to settle into what the game was trying to do. I can see myself recommending it without much hesitation.",True
301564,844590,"I had a better time with this than I expected at first. The management side had a good rhythm, and it felt easy to settle into what the game was trying to do. I can see myself recommending it without much hesitation.",True
301565,249680,"This turned out to be an easy game to recommend. The pacing stayed lively, and it felt easy to settle into what the game was trying to do. I would recommend it to the right player.",True
301565,306760,"This has some clear strengths, even if it did not fully click for me. It kept me curious about what came next, and it felt easy to settle into what the game was trying to do. It is not for everyone, but I can still see the appeal.",False
301566,743130,"I can see why this game has held onto a good reputation. It was easy to pick up and enjoy, and it felt easy to settle into what the game was trying to do. I can see myself recommending it without much hesitation.",True
301566,70,"This turned out to be an easy game to recommend. It stayed engaging in shorter sessions, and it felt easy to settle into what the game was trying to do. I can see myself recommending it without much hesitation.",True
301567,578330,"I had a better time with this than I expected at first. The pacing stayed lively, and it felt easy to settle into what the game was trying to do. I can see myself recommending it without much hesitation.",True
301567,251870,"I can see why this game has held onto a good reputation. It kept me curious about what came next, and it felt easy to settle into what the game was trying to do. I would recommend it to the right player.",True
301568,591960,"This turned out to be an easy game to recommend. It kept me curious about what came next, and it felt easy to settle into what the game was trying to do. I can see myself recommending it without much hesitation.",True
301568,1035610,"I can see why this game has held onto a good reputation. It stayed engaging in shorter sessions, and it felt easy to settle into what the game was trying to do. I can see myself recommending it without much hesitation.",True
301569,464360,"This was a strong fit for what I wanted from the genre. The pacing stayed lively, and it felt easy to settle into what the game was trying to do. I would easily suggest it to someone who likes this genre.",True
301569,21090,"I had a better time with this than I expected at first. The pacing stayed lively, and it felt easy to settle into what the game was trying to do. I would point other people toward it.",True
301570,491950,"This turned out to be an easy game to recommend. The world was easy to get invested in, and it felt easy to settle into what the game was trying to do. I would point other people toward it.",True
301570,502550,"I had a better time with this than I expected at first. It stayed engaging in shorter sessions, and it felt easy to settle into what the game was trying to do. It does enough well that I would recommend it.",True
301571,576500,"I can see why this game has held onto a good reputation. It kept me curious about what came next, and it felt easy to settle into what the game was trying to do. I would recommend it to the right player.",True
301571,611790,"I had a better time with this than I expected at first. It kept me curious about what came next, and it felt easy to settle into what the game was trying to do. I would recommend it to the right player.",True
301572,281410,"I ended up liking this more than I expected. The pacing stayed lively, and it felt easy to settle into what the game was trying to do. I would recommend it to the right player.",True
301572,508790,"This turned out to be an easy game to recommend. It stayed engaging in shorter sessions, and it felt easy to settle into what the game was trying to do. I would easily suggest it to someone who likes this genre.",True
301573,609490,"This turned out to be an easy game to recommend. The world was easy to get invested in, and it felt easy to settle into what the game was trying to do. It does enough well that I would recommend it.",True
301573,25010,"I can understand why people like this, but I felt mixed on parts of it. The moment-to-moment gameplay felt sharp, and it felt easy to settle into what the game was trying to do. I would only recommend it if the genre already appeals to you.",False
301574,609940,"There is a solid game here, though it did not completely win me over. It was easy to pick up and enjoy, and it felt easy to settle into what the game was trying to do. It is not for everyone, but I can still see the appeal.",False
301574,310790,"This turned out to be an easy game to recommend. It stayed engaging in shorter sessions, and it felt easy to settle into what the game was trying to do. I would recommend it to the right player.",True
301575,280520,"This turned out to be an easy game to recommend. The pacing stayed lively, and it felt easy to settle into what the game was trying to do. I would recommend it to the right player.",True
301575,294370,"I can see why this game has held onto a good reputation. It felt like a small project with real personality, and it felt easy to settle into what the game was trying to do. I would recommend it to the right player.",True
301576,468490,"This turned out to be an easy game to recommend. The moment-to-moment gameplay felt sharp, and it felt easy to settle into what the game was trying to do. I would point other people toward it.",True
301576,348550,"This was a strong fit for what I wanted from the genre. The pacing stayed lively, and it felt easy to settle into what the game was trying to do. I would easily suggest it to someone who likes this genre.",True
301577,415740,"I had a better time with this than I expected at first. The moment-to-moment gameplay felt sharp, and it felt easy to settle into what the game was trying to do. I would recommend it to the right player.",True
301577,685340,"I ended up liking this more than I expected. The moment-to-moment gameplay felt sharp, and it felt easy to settle into what the game was trying to do. I can see myself recommending it without much hesitation.",True
301578,380840,"I had a better time with this than I expected at first. The pacing stayed lively, and it felt easy to settle into what the game was trying to do. I can see myself recommending it without much hesitation.",True
301578,341550,"This turned out to be an easy game to recommend. The moment-to-moment gameplay felt sharp, and it felt easy to settle into what the game was trying to do. I would recommend it to the right player.",True
301579,410340,"This has some clear strengths, even if it did not fully click for me. It had a distinct style that made it memorable, and it felt easy to settle into what the game was trying to do. It is not for everyone, but I can still see the appeal.",False
301579,365660,"This was decent overall, but I still had a few reservations. It stayed engaging in shorter sessions, and it felt easy to settle into what the game was trying to do. There is enough here to like, even if I would be selective about recommending it.",False
301580,108500,"I had a better time with this than I expected at first. The pacing stayed lively, and it felt easy to settle into what the game was trying to do. I would recommend it to the right player.",True
301580,810660,"I ended up liking this more than I expected. It kept me curious about what came next, and it felt easy to settle into what the game was trying to do. I can see myself recommending it without much hesitation.",True
301581,388320,"There is a solid game here, though it did not completely win me over. The moment-to-moment gameplay felt sharp, and it felt easy to settle into what the game was trying to do. It is not for everyone, but I can still see the appeal.",False
301581,385330,"This turned out to be an easy game to recommend. It kept me curious about what came next, and it felt easy to settle into what the game was trying to do. I would point other people toward it.",True
301582,264080,"I had a better time with this than I expected at first. It stayed engaging in shorter sessions, and it felt easy to settle into what the game was trying to do. I would easily suggest it to someone who likes this genre.",True
301582,719750,"This was a strong fit for what I wanted from the genre. It stayed engaging in shorter sessions, and it felt easy to settle into what the game was trying to do. I can see myself recommending it without much hesitation.",True
301583,615610,"I ended up liking this more than I expected. It stayed engaging in shorter sessions, and it felt easy to settle into what the game was trying to do. It does enough well that I would recommend it.",True
301583,582550,"This turned out to be an easy game to recommend. It worked well in short sessions, and it felt easy to settle into what the game was trying to do. I can see myself recommending it without much hesitation.",True
301584,250520,"This was a strong fit for what I wanted from the genre. It did a lot with its own identity, and it felt easy to settle into what the game was trying to do. I would point other people toward it.",True
301584,378720,"This was a strong fit for what I wanted from the genre. It felt like a small project with real personality, and it felt easy to settle into what the game was trying to do. I would point other people toward it.",True
301585,284850,"This turned out to be an easy game to recommend. It was easy to pick up and enjoy, and it felt easy to settle into what the game was trying to do. I would easily suggest it to someone who likes this genre.",True
301585,239140,"I had a better time with this than I expected at first. The pacing stayed lively, and it felt easy to settle into what the game was trying to do. I would point other people toward it.",True
301586,417890,"I had a better time with this than I expected at first. The moment-to-moment gameplay felt sharp, and it felt easy to settle into what the game was trying to do. I would easily suggest it to someone who likes this genre.",True
301586,927990,"I ended up liking this more than I expected. The core loop worked better than I expected, and it felt easy to settle into what the game was trying to do. I would point other people toward it.",True
301587,590690,"I ended up liking this more than I expected. The moment-to-moment gameplay felt sharp, and it felt easy to settle into what the game was trying to do. I can see myself recommending it without much hesitation.",True
301587,63610,"I can see why this game has held onto a good reputation. The sense of progression worked well, and it felt easy to settle into what the game was trying to do. I can see myself recommending it without much hesitation.",True
301588,435400,"I ended up liking this more than I expected. It kept me curious about what came next, and it felt easy to settle into what the game was trying to do. I would recommend it to the right player.",True
301588,6000,"I ended up liking this more than I expected. It stayed engaging in shorter sessions, and it felt easy to settle into what the game was trying to do. I would easily suggest it to someone who likes this genre.",True
301589,105800,"I ended up liking this more than I expected. The moment-to-moment gameplay felt sharp, and it felt easy to settle into what the game was trying to do. I would point other people toward it.",True
301589,107100,"This turned out to be an easy game to recommend. The moment-to-moment gameplay felt sharp, and it felt easy to settle into what the game was trying to do. I would point other people toward it.",True
301590,408900,"I ended up liking this more than I expected. It stayed engaging in shorter sessions, and it felt easy to settle into what the game was trying to do. I would easily suggest it to someone who likes this genre.",True
301590,418950,"This was decent overall, but I still had a few reservations. The world was easy to get invested in, and it felt easy to settle into what the game was trying to do. I could still recommend it with the right expectations.",False
301591,578720,"I liked parts of this, though I do not think it works equally well for everyone. It worked well in short sessions, and it felt easy to settle into what the game was trying to do. It is not for everyone, but I can still see the appeal.",False
301591,332570,"I can see why this game has held onto a good reputation. The pacing stayed lively, and it felt easy to settle into what the game was trying to do. I would easily suggest it to someone who likes this genre.",True
301592,411300,"I had a better time with this than I expected at first. The moment-to-moment gameplay felt sharp, and it felt easy to settle into what the game was trying to do. I would point other people toward it.",True
301592,880950,"This turned out to be an easy game to recommend. It kept me curious about what came next, and it felt easy to settle into what the game was trying to do. I would point other people toward it.",True
301593,649600,"This turned out to be an easy game to recommend. Building out a character felt rewarding, and it felt easy to settle into what the game was trying to do. I can see myself recommending it without much hesitation.",True
301593,765710,"I can see why this game has held onto a good reputation. The pacing stayed lively, and it felt easy to settle into what the game was trying to do. I would recommend it to the right player.",True
301594,235360,"This turned out to be an easy game to recommend. It was easy to pick up and enjoy, and it felt easy to settle into what the game was trying to do. I would recommend it to the right player.",True
301594,361990,"I had a better time with this than I expected at first. It did a lot with its own identity, and it felt easy to settle into what the game was trying to do. I would easily suggest it to someone who likes this genre.",True
301595,214490,"I had a better time with this than I expected at first. It stayed engaging in shorter sessions, and it felt easy to settle into what the game was trying to do. I can see myself recommending it without much hesitation.",True
301595,421050,"I can see why this game has held onto a good reputation. It kept me curious about what came next, and it felt easy to settle into what the game was trying to do. I can see myself recommending it without much hesitation.",True
301596,757480,"This turned out to be an easy game to recommend. It kept me curious about what came next, and it felt easy to settle into what the game was trying to do. I would easily suggest it to someone who likes this genre.",True
301596,386360,"I can see why this game has held onto a good reputation. The pacing stayed lively, and it felt easy to settle into what the game was trying to do. I would point other people toward it.",True
301597,812040,"I had a better time with this than I expected at first. The pacing stayed lively, and it felt easy to settle into what the game was trying to do. I would point other people toward it.",True
301597,509980,"I had a better time with this than I expected at first. The moment-to-moment gameplay felt sharp, and it felt easy to settle into what the game was trying to do. I would easily suggest it to someone who likes this genre.",True
301598,312530,"I ended up liking this more than I expected. It stayed engaging in shorter sessions, and it felt easy to settle into what the game was trying to do. I would recommend it to the right player.",True
301598,339340,"I ended up liking this more than I expected. It stayed engaging in shorter sessions, and it felt easy to settle into what the game was trying to do. It does enough well that I would recommend it.",True
301599,538100,"This turned out to be an easy game to recommend. It stayed engaging in shorter sessions, and it felt easy to settle into what the game was trying to do. I can see myself recommending it without much hesitation.",True
301599,315460,"There is a solid game here, though it did not completely win me over. The pacing stayed lively, and it felt easy to settle into what the game was trying to do. I could still recommend it with the right expectations.",False
301600,211740,"This turned out to be an easy game to recommend. The moment-to-moment gameplay felt sharp, and it felt easy to settle into what the game was trying to do. I would recommend it to the right player.",True
301600,441550,"This was a strong fit for what I wanted from the genre. It rewarded planning in a satisfying way, and it felt easy to settle into what the game was trying to do. I would point other people toward it.",True
301601,940680,"I had a better time with this than I expected at first. The moment-to-moment gameplay felt sharp, and it felt easy to settle into what the game was trying to do. I would recommend it to the right player.",True
301601,383840,"I liked parts of this, though I do not think it works equally well for everyone. It stayed engaging in shorter sessions, and it felt easy to settle into what the game was trying to do. I could still recommend it with the right expectations.",False
301602,397740,"I can see why this game has held onto a good reputation. It had a distinct style that made it memorable, and it felt easy to settle into what the game was trying to do. I would easily suggest it to someone who likes this genre.",True
301602,578310,"This turned out to be an easy game to recommend. It stayed engaging in shorter sessions, and it felt easy to settle into what the game was trying to do. I would recommend it to the right player.",True
301603,356040,"This was a strong fit for what I wanted from the genre. It had a distinct style that made it memorable, and it felt easy to settle into what the game was trying to do. I would point other people toward it.",True
301603,991780,"I can see why this game has held onto a good reputation. The moment-to-moment gameplay felt sharp, and it felt easy to settle into what the game was trying to do. It does enough well that I would recommend it.",True
301604,377080,"This turned out to be an easy game to recommend. It kept me curious about what came next, and it felt easy to settle into what the game was trying to do. It does enough well that I would recommend it.",True
301604,305380,"I ended up liking this more than I expected. It stayed engaging in shorter sessions, and it felt easy to settle into what the game was trying to do. I can see myself recommending it without much hesitation.",True
301605,449540,"I ended up liking this more than I expected. It worked well in short sessions, and it felt easy to settle into what the game was trying to do. I would recommend it to the right player.",True
301605,532190,"This was a strong fit for what I wanted from the genre. It felt like a small project with real personality, and it felt easy to settle into what the game was trying to do. I would easily suggest it to someone who likes this genre.",True
301606,790600,"There is a solid game here, though it did not completely win me over. The core loop worked better than I expected, and it felt easy to settle into what the game was trying to do. I would only recommend it if the genre already appeals to you.",False
301606,387990,"I had a better time with this than I expected at first. The pacing stayed lively, and it felt easy to settle into what the game was trying to do. I would easily suggest it to someone who likes this genre.",True
301607,262690,"I can understand why people like this, but I felt mixed on parts of it. It worked well in short sessions, and it felt easy to settle into what the game was trying to do. I could still recommend it with the right expectations.",False
301607,742300,"I ended up liking this more than I expected. The moment-to-moment gameplay felt sharp, and it felt easy to settle into what the game was trying to do. It does enough well that I would recommend it.",True
301608,308600,"I ended up liking this more than I expected. The pacing stayed lively, and it felt easy to settle into what the game was trying to do. I can see myself recommending it without much hesitation.",True
301608,400630,"I ended up liking this more than I expected. It stayed engaging in shorter sessions, and it felt easy to settle into what the game was trying to do. I can see myself recommending it without much hesitation.",True
301609,206190,"This turned out to be an easy game to recommend. The pacing stayed lively, and it felt easy to settle into what the game was trying to do. It does enough well that I would recommend it.",True
301609,248550,"I had a better time with this than I expected at first. The moment-to-moment gameplay felt sharp, and it felt easy to settle into what the game was trying to do. I would point other people toward it.",True
301610,219780,"I liked parts of this, though I do not think it works equally well for everyone. The progression systems kept me interested, and it felt easy to settle into what the game was trying to do. There is enough here to like, even if I would be selective about recommending it.",False
301610,529110,"I can see why this game has held onto a good reputation. It kept me curious about what came next, and it felt easy to settle into what the game was trying to do. I would easily suggest it to someone who likes this genre.",True
301611,6220,"I ended up liking this more than I expected. It stayed engaging in shorter sessions, and it felt easy to settle into what the game was trying to do. I would point other people toward it.",True
301611,292990,"I had a better time with this than I expected at first. The decisions felt meaningful more often than not, and it felt easy to settle into what the game was trying to do. I would recommend it to the right player.",True
301612,324800,"This turned out to be an easy game to recommend. It stayed engaging in shorter sessions, and it felt easy to settle into what the game was trying to do. It does enough well that I would recommend it.",True
301612,411370,"This was a strong fit for what I wanted from the genre. It stayed engaging in shorter sessions, and it felt easy to settle into what the game was trying to do. It does enough well that I would recommend it.",True
301613,971680,"I ended up liking this more than I expected. It never felt too demanding to come back to, and it felt easy to settle into what the game was trying to do. I can see myself recommending it without much hesitation.",True
301613,291860,"This was a strong fit for what I wanted from the genre. It stayed engaging in shorter sessions, and it felt easy to settle into what the game was trying to do. I can see myself recommending it without much hesitation.",True
301614,398850,"I ended up liking this more than I expected. The pacing stayed lively, and it felt easy to settle into what the game was trying to do. I would recommend it to the right player.",True
301614,389140,"I can see why this game has held onto a good reputation. The moment-to-moment gameplay felt sharp, and it felt easy to settle into what the game was trying to do. It does enough well that I would recommend it.",True
301615,356650,"I had a better time with this than I expected at first. The moment-to-moment gameplay felt sharp, and it felt easy to settle into what the game was trying to do. I would easily suggest it to someone who likes this genre.",True
301615,614630,"This turned out to be an easy game to recommend. The sense of progression worked well, and it felt easy to settle into what the game was trying to do. I can see myself recommending it without much hesitation.",True
301616,113200,"I can see why this game has held onto a good reputation. It stayed engaging in shorter sessions, and it felt easy to settle into what the game was trying to do. I would point other people toward it.",True
301616,440420,"I ended up liking this more than I expected. It kept me curious about what came next, and it felt easy to settle into what the game was trying to do. I would recommend it to the right player.",True
301617,735850,"This was decent overall, but I still had a few reservations. It was easy to pick up and enjoy, and it felt easy to settle into what the game was trying to do. There is enough here to like, even if I would be selective about recommending it.",False
301617,551110,"This turned out to be an easy game to recommend. It worked well in short sessions, and it felt easy to settle into what the game was trying to do. I would easily suggest it to someone who likes this genre.",True
301618,527450,"I ended up liking this more than I expected. It had a distinct style that made it memorable, and it felt easy to settle into what the game was trying to do. I would point other people toward it.",True
301618,301460,"I had a better time with this than I expected at first. The moment-to-moment gameplay felt sharp, and it felt easy to settle into what the game was trying to do. It does enough well that I would recommend it.",True
301619,322450,"I can see why this game has held onto a good reputation. The world was easy to get invested in, and it felt easy to settle into what the game was trying to do. I would easily suggest it to someone who likes this genre.",True
301619,32340,"This was a strong fit for what I wanted from the genre. The world was easy to get invested in, and it felt easy to settle into what the game was trying to do. It does enough well that I would recommend it.",True
301620,22130,"This was a strong fit for what I wanted from the genre. It rewarded planning in a satisfying way, and it felt easy to settle into what the game was trying to do. I would point other people toward it.",True
301620,327740,"I ended up liking this more than I expected. It stayed engaging in shorter sessions, and it felt easy to settle into what the game was trying to do. It does enough well that I would recommend it.",True
301621,370770,"This was a strong fit for what I wanted from the genre. The pacing stayed lively, and it felt easy to settle into what the game was trying to do. I would recommend it to the right player.",True
301621,41070,"This was a strong fit for what I wanted from the genre. The pacing stayed lively, and it felt easy to settle into what the game was trying to do. I would easily suggest it to someone who likes this genre.",True
301622,882790,"I had a better time with this than I expected at first. It gave me enough room to approach things my own way, and it felt easy to settle into what the game was trying to do. It does enough well that I would recommend it.",True
301622,589590,"I ended up liking this more than I expected. The world was easy to get invested in, and it felt easy to settle into what the game was trying to do. I can see myself recommending it without much hesitation.",True
301623,204360,"This was a strong fit for what I wanted from the genre. The pacing stayed lively, and it felt easy to settle into what the game was trying to do. I would easily suggest it to someone who likes this genre.",True
301623,745740,"I can see why this game has held onto a good reputation. The moment-to-moment gameplay felt sharp, and it felt easy to settle into what the game was trying to do. I would point other people toward it.",True
301624,38400,"I can see why this game has held onto a good reputation. It gave me enough room to approach things my own way, and it felt easy to settle into what the game was trying to do. I would point other people toward it.",True
301624,328500,"I ended up liking this more than I expected. It did a lot with its own identity, and it felt easy to settle into what the game was trying to do. I can see myself recommending it without much hesitation.",True
301625,705120,"I ended up liking this more than I expected. The sense of progression worked well, and it felt easy to settle into what the game was trying to do. I would recommend it to the right player.",True
301625,80330,"I ended up liking this more than I expected. The sense of progression worked well, and it felt easy to settle into what the game was trying to do. I would point other people toward it.",True
301626,283290,"This turned out to be an easy game to recommend. The pacing stayed lively, and it felt easy to settle into what the game was trying to do. I would recommend it to the right player.",True
301626,321410,"This turned out to be an easy game to recommend. It rewarded patience more than I expected, and it felt easy to settle into what the game was trying to do. I would point other people toward it.",True
301627,102600,"This was a strong fit for what I wanted from the genre. It stayed engaging in shorter sessions, and it felt easy to settle into what the game was trying to do. It does enough well that I would recommend it.",True
301627,542260,"I can see why this game has held onto a good reputation. It never felt too demanding to come back to, and it felt easy to settle into what the game was trying to do. It does enough well that I would recommend it.",True
301628,650700,"I had a better time with this than I expected at first. The world was easy to get invested in, and it felt easy to settle into what the game was trying to do. I would recommend it to the right player.",True
301628,583470,"I ended up liking this more than I expected. The moment-to-moment gameplay felt sharp, and it felt easy to settle into what the game was trying to do. I would easily suggest it to someone who likes this genre.",True
301629,648120,"This turned out to be an easy game to recommend. It never felt too demanding to come back to, and it felt easy to settle into what the game was trying to do. I would point other people toward it.",True
301629,6300,"I had a better time with this than I expected at first. The sense of progression worked well, and it felt easy to settle into what the game was trying to do. I would recommend it to the right player.",True
301630,491130,"This turned out to be an easy game to recommend. The pacing stayed lively, and it felt easy to settle into what the game was trying to do. I would easily suggest it to someone who likes this genre.",True
301630,668210,"This was a strong fit for what I wanted from the genre. The moment-to-moment gameplay felt sharp, and it felt easy to settle into what the game was trying to do. I can see myself recommending it without much hesitation.",True
301631,977400,"I ended up liking this more than I expected. It worked well in short sessions, and it felt easy to settle into what the game was trying to do. I can see myself recommending it without much hesitation.",True
301631,582160,"This turned out to be an easy game to recommend. The pacing stayed lively, and it felt easy to settle into what the game was trying to do. I can see myself recommending it without much hesitation.",True
301632,690930,"I had a better time with this than I expected at first. The core loop worked better than I expected, and it felt easy to settle into what the game was trying to do. I would recommend it to the right player.",True
301632,357340,"I ended up liking this more than I expected. It stayed engaging in shorter sessions, and it felt easy to settle into what the game was trying to do. I can see myself recommending it without much hesitation.",True
301633,21130,"I can see why this game has held onto a good reputation. It stayed engaging in shorter sessions, and it felt easy to settle into what the game was trying to do. It does enough well that I would recommend it.",True
301633,532110,"I had a better time with this than I expected at first. It kept me curious about what came next, and it felt easy to settle into what the game was trying to do. I would recommend it to the right player.",True
301634,232010,"This turned out to be an easy game to recommend. It felt like a small project with real personality, and it felt easy to settle into what the game was trying to do. I would easily suggest it to someone who likes this genre.",True
301634,564530,"I had a better time with this than I expected at first. The management side had a good rhythm, and it felt easy to settle into what the game was trying to do. I would recommend it to the right player.",True
301635,234940,"This turned out to be an easy game to recommend. It kept me curious about what came next, and it felt easy to settle into what the game was trying to do. It does enough well that I would recommend it.",True
301635,402750,"There is a solid game here, though it did not completely win me over. It had a distinct style that made it memorable, and it felt easy to settle into what the game was trying to do. There is enough here to like, even if I would be selective about recommending it.",False
301636,294040,"I can see why this game has held onto a good reputation. The moment-to-moment gameplay felt sharp, and it felt easy to settle into what the game was trying to do. I would point other people toward it.",True
301636,237930,"This was a strong fit for what I wanted from the genre. The pacing stayed lively, and it felt easy to settle into what the game was trying to do. I would recommend it to the right player.",True
301637,502520,"This turned out to be an easy game to recommend. It felt like a small project with real personality, and it felt easy to settle into what the game was trying to do. I can see myself recommending it without much hesitation.",True
301637,262830,"I had a better time with this than I expected at first. The moment-to-moment gameplay felt sharp, and it felt easy to settle into what the game was trying to do. I would easily suggest it to someone who likes this genre.",True
301638,130,"This was decent overall, but I still had a few reservations. The moment-to-moment gameplay felt sharp, and it felt easy to settle into what the game was trying to do. It is not for everyone, but I can still see the appeal.",False
301638,357070,"This turned out to be an easy game to recommend. The pacing stayed lively, and it felt easy to settle into what the game was trying to do. I would point other people toward it.",True
301639,430960,"I had a better time with this than I expected at first. The world was easy to get invested in, and it felt easy to settle into what the game was trying to do. I would easily suggest it to someone who likes this genre.",True
301639,250620,"This was a strong fit for what I wanted from the genre. The pacing stayed lively, and it felt easy to settle into what the game was trying to do. I would point other people toward it.",True
301640,434170,"I can see why this game has held onto a good reputation. It worked well in short sessions, and it felt easy to settle into what the game was trying to do. I would recommend it to the right player.",True
301640,102500,"I had a better time with this than I expected at first. The moment-to-moment gameplay felt sharp, and it felt easy to settle into what the game was trying to do. It does enough well that I would recommend it.",True
301641,6250,"I had a better time with this than I expected at first. It stayed engaging in shorter sessions, and it felt easy to settle into what the game was trying to do. I can see myself recommending it without much hesitation.",True
301641,574740,"I had a better time with this than I expected at first. The sense of progression worked well, and it felt easy to settle into what the game was trying to do. I would easily suggest it to someone who likes this genre.",True
301642,313120,"This turned out to be an easy game to recommend. The sense of progression worked well, and it felt easy to settle into what the game was trying to do. I would easily suggest it to someone who likes this genre.",True
301642,282400,"I can see why this game has held onto a good reputation. The management side had a good rhythm, and it felt easy to settle into what the game was trying to do. I would recommend it to the right player.",True
301643,324160,"I had a better time with this than I expected at first. The sense of progression worked well, and it felt easy to settle into what the game was trying to do. I would easily suggest it to someone who likes this genre.",True
301643,665300,"This was a strong fit for what I wanted from the genre. It had a clear identity, and it felt easy to settle into what the game was trying to do. I can see myself recommending it without much hesitation.",True
301644,2600,"I had a better time with this than I expected at first. The pacing stayed lively, and it felt easy to settle into what the game was trying to do. I would point other people toward it.",True
301644,40720,"This was a strong fit for what I wanted from the genre. The world was easy to get invested in, and it felt easy to settle into what the game was trying to do. I would recommend it to the right player.",True
301645,613730,"I had a better time with this than I expected at first. The moment-to-moment gameplay felt sharp, and it felt easy to settle into what the game was trying to do. I would point other people toward it.",True
301645,579950,"This was decent overall, but I still had a few reservations. It kept me curious about what came next, and it felt easy to settle into what the game was trying to do. There is enough here to like, even if I would be selective about recommending it.",False
301646,887800,"I ended up liking this more than I expected. It did a lot with its own identity, and it felt easy to settle into what the game was trying to do. It does enough well that I would recommend it.",True
301646,761030,"I can see why this game has held onto a good reputation. The sense of progression worked well, and it felt easy to settle into what the game was trying to do. I would point other people toward it.",True
301647,215080,"This has some clear strengths, even if it did not fully click for me. It stayed engaging in shorter sessions, and it felt easy to settle into what the game was trying to do. I would only recommend it if the genre already appeals to you.",False
301647,574050,"This has some clear strengths, even if it did not fully click for me. The pacing stayed lively, and it felt easy to settle into what the game was trying to do. I would only recommend it if the genre already appeals to you.",False
301648,240600,"I can understand why people like this, but I felt mixed on parts of it. The core mechanics were strong enough to carry it, and it felt easy to settle into what the game was trying to do. It is not for everyone, but I can still see the appeal.",False
301648,351710,"I had a better time with this than I expected at first. It gave me enough room to approach things my own way, and it felt easy to settle into what the game was trying to do. I can see myself recommending it without much hesitation.",True
301649,6860,"This turned out to be an easy game to recommend. The moment-to-moment gameplay felt sharp, and it felt easy to settle into what the game was trying to do. I would recommend it to the right player.",True
301649,715670,"I ended up liking this more than I expected. It had a clear identity, and it felt easy to settle into what the game was trying to do. I can see myself recommending it without much hesitation.",True
301650,241260,"I ended up liking this more than I expected. It kept me curious about what came next, and it felt easy to settle into what the game was trying to do. I would easily suggest it to someone who likes this genre.",True
301650,326190,"I can see why this game has held onto a good reputation. The world was easy to get invested in, and it felt easy to settle into what the game was trying to do. I would easily suggest it to someone who likes this genre.",True
301651,224000,"I can see why this game has held onto a good reputation. The core loop worked better than I expected, and it felt easy to settle into what the game was trying to do. It does enough well that I would recommend it.",True
301651,342980,"This was a strong fit for what I wanted from the genre. The moment-to-moment gameplay felt sharp, and it felt easy to settle into what the game was trying to do. I would recommend it to the right player.",True
301652,572220,"I ended up liking this more than I expected. The pacing stayed lively, and it felt easy to settle into what the game was trying to do. I would recommend it to the right player.",True
301652,447150,"I had a better time with this than I expected at first. The pacing stayed lively, and it felt easy to settle into what the game was trying to do. I would easily suggest it to someone who likes this genre.",True
301653,582890,"This turned out to be an easy game to recommend. The moment-to-moment gameplay felt sharp, and it felt easy to settle into what the game was trying to do. I can see myself recommending it without much hesitation.",True
301653,862580,"I can see why this game has held onto a good reputation. It kept me curious about what came next, and it felt easy to settle into what the game was trying to do. I can see myself recommending it without much hesitation.",True
301654,715560,"This turned out to be an easy game to recommend. The sense of progression worked well, and it felt easy to settle into what the game was trying to do. It does enough well that I would recommend it.",True
301654,208580,"This turned out to be an easy game to recommend. It gave me enough room to approach things my own way, and it felt easy to settle into what the game was trying to do. It does enough well that I would recommend it.",True
301655,426310,"I can understand why people like this, but I felt mixed on parts of it. The world was easy to get invested in, and it felt easy to settle into what the game was trying to do. It is not for everyone, but I can still see the appeal.",False
301655,274190,"This turned out to be an easy game to recommend. It stayed engaging in shorter sessions, and it felt easy to settle into what the game was trying to do. I would easily suggest it to someone who likes this genre.",True
301656,339200,"I ended up liking this more than I expected. It stayed engaging in shorter sessions, and it felt easy to settle into what the game was trying to do. I would recommend it to the right player.",True
301656,235900,"I ended up liking this more than I expected. The core loop worked better than I expected, and it felt easy to settle into what the game was trying to do. I would point other people toward it.",True
301657,37600,"I can see why this game has held onto a good reputation. The sense of progression worked well, and it felt easy to settle into what the game was trying to do. I would point other people toward it.",True
301657,330580,"I ended up liking this more than I expected. It stayed engaging in shorter sessions, and it felt easy to settle into what the game was trying to do. I would easily suggest it to someone who likes this genre.",True
301658,234140,"This was decent overall, but I still had a few reservations. The moment-to-moment gameplay felt sharp, and it felt easy to settle into what the game was trying to do. I could still recommend it with the right expectations.",False
301658,438270,"I had a better time with this than I expected at first. It kept me curious about what came next, and it felt easy to settle into what the game was trying to do. I would easily suggest it to someone who likes this genre.",True
301659,208600,"I can see why this game has held onto a good reputation. It did a lot with its own identity, and it felt easy to settle into what the game was trying to do. It does enough well that I would recommend it.",True
301659,384180,"I liked parts of this, though I do not think it works equally well for everyone. It worked well in short sessions, and it felt easy to settle into what the game was trying to do. I would only recommend it if the genre already appeals to you.",False
301660,271900,"This was a strong fit for what I wanted from the genre. It worked well in short sessions, and it felt easy to settle into what the game was trying to do. I would recommend it to the right player.",True
301660,253150,"I can see why this game has held onto a good reputation. The moment-to-moment gameplay felt sharp, and it felt easy to settle into what the game was trying to do. I would point other people toward it.",True
301661,423880,"I ended up liking this more than I expected. It worked well in short sessions, and it felt easy to settle into what the game was trying to do. It does enough well that I would recommend it.",True
301661,20820,"This was a strong fit for what I wanted from the genre. The pacing stayed lively, and it felt easy to settle into what the game was trying to do. I would easily suggest it to someone who likes this genre.",True
301662,858810,"I ended up liking this more than I expected. It had a distinct style that made it memorable, and it felt easy to settle into what the game was trying to do. It does enough well that I would recommend it.",True
301662,405900,"I ended up liking this more than I expected. It gave me enough room to approach things my own way, and it felt easy to settle into what the game was trying to do. I would recommend it to the right player.",True
301663,557400,"I ended up liking this more than I expected. It kept me curious about what came next, and it felt easy to settle into what the game was trying to do. I can see myself recommending it without much hesitation.",True
301663,805850,"This was a strong fit for what I wanted from the genre. The pacing stayed lively, and it felt easy to settle into what the game was trying to do. It does enough well that I would recommend it.",True
301664,871720,"This turned out to be an easy game to recommend. The pacing stayed lively, and it felt easy to settle into what the game was trying to do. It does enough well that I would recommend it.",True
301664,107300,"I can see why this game has held onto a good reputation. It felt like a small project with real personality, and it felt easy to settle into what the game was trying to do. I would recommend it to the right player.",True
301665,206480,"This was a strong fit for what I wanted from the genre. It stayed engaging in shorter sessions, and it felt easy to settle into what the game was trying to do. I would recommend it to the right player.",True
301665,29900,"I can see why this game has held onto a good reputation. It stayed engaging in shorter sessions, and it felt easy to settle into what the game was trying to do. I would point other people toward it.",True
301666,391540,"This turned out to be an easy game to recommend. It did a lot with its own identity, and it felt easy to settle into what the game was trying to do. I would easily suggest it to someone who likes this genre.",True
301666,434460,"I ended up liking this more than I expected. It had a clear identity, and it felt easy to settle into what the game was trying to do. I would point other people toward it.",True
301667,280180,"I had a better time with this than I expected at first. The pacing stayed lively, and it felt easy to settle into what the game was trying to do. I would point other people toward it.",True
301667,366220,"I ended up liking this more than I expected. The sense of progression worked well, and it felt easy to settle into what the game was trying to do. I would recommend it to the right player.",True
301668,244850,"This turned out to be an easy game to recommend. The pacing stayed lively, and it felt easy to settle into what the game was trying to do. It does enough well that I would recommend it.",True
301668,348470,"This was a strong fit for what I wanted from the genre. The pacing stayed lively, and it felt easy to settle into what the game was trying to do. It does enough well that I would recommend it.",True
301669,40380,"There is a solid game here, though it did not completely win me over. The core mechanics were strong enough to carry it, and it felt easy to settle into what the game was trying to do. It is not for everyone, but I can still see the appeal.",False
301669,429470,"I can see why this game has held onto a good reputation. The world was easy to get invested in, and it felt easy to settle into what the game was trying to do. I can see myself recommending it without much hesitation.",True
301670,501840,"I ended up liking this more than I expected. It had a distinct style that made it memorable, and it felt easy to settle into what the game was trying to do. It does enough well that I would recommend it.",True
301670,606710,"I ended up liking this more than I expected. It stayed engaging in shorter sessions, and it felt easy to settle into what the game was trying to do. I can see myself recommending it without much hesitation.",True
301671,345200,"This was a strong fit for what I wanted from the genre. It stayed engaging in shorter sessions, and it felt easy to settle into what the game was trying to do. I would easily suggest it to someone who likes this genre.",True
301671,236930,"This turned out to be an easy game to recommend. It kept me curious about what came next, and it felt easy to settle into what the game was trying to do. I would point other people toward it.",True
301672,815370,"I had a better time with this than I expected at first. The moment-to-moment gameplay felt sharp, and it felt easy to settle into what the game was trying to do. I would recommend it to the right player.",True
301672,698540,"This turned out to be an easy game to recommend. It did a lot with its own identity, and it felt easy to settle into what the game was trying to do. I can see myself recommending it without much hesitation.",True
301673,595520,"This was a strong fit for what I wanted from the genre. The progression systems kept me interested, and it felt easy to settle into what the game was trying to do. I would recommend it to the right player.",True
301673,327140,"I had a better time with this than I expected at first. The core loop worked better than I expected, and it felt easy to settle into what the game was trying to do. I would recommend it to the right player.",True
301674,913010,"I ended up liking this more than I expected. It never felt too demanding to come back to, and it felt easy to settle into what the game was trying to do. I can see myself recommending it without much hesitation.",True
301674,612020,"I can see why this game has held onto a good reputation. It was easy to pick up and enjoy, and it felt easy to settle into what the game was trying to do. I would easily suggest it to someone who likes this genre.",True
301675,290340,"I had a better time with this than I expected at first. The sense of progression worked well, and it felt easy to settle into what the game was trying to do. I would easily suggest it to someone who likes this genre.",True
301675,512790,"This turned out to be an easy game to recommend. The sense of progression worked well, and it felt easy to settle into what the game was trying to do. I can see myself recommending it without much hesitation.",True
301676,222880,"I ended up liking this more than I expected. The moment-to-moment gameplay felt sharp, and it felt easy to settle into what the game was trying to do. I would point other people toward it.",True
301676,787070,"This turned out to be an easy game to recommend. The pacing stayed lively, and it felt easy to settle into what the game was trying to do. I would recommend it to the right player.",True
301677,428370,"I had a better time with this than I expected at first. It kept me curious about what came next, and it felt easy to settle into what the game was trying to do. I can see myself recommending it without much hesitation.",True
301677,286460,"This turned out to be an easy game to recommend. The sense of progression worked well, and it felt easy to settle into what the game was trying to do. I would recommend it to the right player.",True
301678,777130,"I can see why this game has held onto a good reputation. It never felt too demanding to come back to, and it felt easy to settle into what the game was trying to do. I would point other people toward it.",True
301678,455820,"I had a better time with this than I expected at first. It stayed engaging in shorter sessions, and it felt easy to settle into what the game was trying to do. I can see myself recommending it without much hesitation.",True
301679,288930,"This was a strong fit for what I wanted from the genre. It kept me curious about what came next, and it felt easy to settle into what the game was trying to do. I would point other people toward it.",True
301679,594330,"I ended up liking this more than I expected. The pacing stayed lively, and it felt easy to settle into what the game was trying to do. I would point other people toward it.",True
301680,297120,"I ended up liking this more than I expected. It stayed engaging in shorter sessions, and it felt easy to settle into what the game was trying to do. I would point other people toward it.",True
301680,434570,"I can see why this game has held onto a good reputation. The moment-to-moment gameplay felt sharp, and it felt easy to settle into what the game was trying to do. I would point other people toward it.",True
301681,750920,"I had a better time with this than I expected at first. The pacing stayed lively, and it felt easy to settle into what the game was trying to do. I would easily suggest it to someone who likes this genre.",True
301681,630610,"This was a strong fit for what I wanted from the genre. The world was easy to get invested in, and it felt easy to settle into what the game was trying to do. I can see myself recommending it without much hesitation.",True
301682,212680,"I had a better time with this than I expected at first. It felt like a small project with real personality, and it felt easy to settle into what the game was trying to do. I would recommend it to the right player.",True
301682,257970,"This was a strong fit for what I wanted from the genre. It had a distinct style that made it memorable, and it felt easy to settle into what the game was trying to do. I would point other people toward it.",True
301683,395160,"This was decent overall, but I still had a few reservations. It kept me curious about what came next, and it felt easy to settle into what the game was trying to do. I can understand the audience for it, even if I am not fully sold.",False
301683,218820,"I can see why this game has held onto a good reputation. The pacing stayed lively, and it felt easy to settle into what the game was trying to do. It does enough well that I would recommend it.",True
301684,27000,"I liked parts of this, though I do not think it works equally well for everyone. The sense of progression worked well, and it felt easy to settle into what the game was trying to do. There is enough here to like, even if I would be selective about recommending it.",False
301684,595140,"This was a strong fit for what I wanted from the genre. It stayed engaging in shorter sessions, and it felt easy to settle into what the game was trying to do. I would easily suggest it to someone who likes this genre.",True
301685,567280,"I ended up liking this more than I expected. The pacing stayed lively, and it felt easy to settle into what the game was trying to do. I would point other people toward it.",True
301685,408280,"I ended up liking this more than I expected. The world was easy to get invested in, and it felt easy to settle into what the game was trying to do. I would point other people toward it.",True
301686,515040,"I can see why this game has held onto a good reputation. The pacing stayed lively, and it felt easy to settle into what the game was trying to do. I can see myself recommending it without much hesitation.",True
301686,1020820,"I ended up liking this more than I expected. It had a clear identity, and it felt easy to settle into what the game was trying to do. I can see myself recommending it without much hesitation.",True
301687,629690,"I ended up liking this more than I expected. The pacing stayed lively, and it felt easy to settle into what the game was trying to do. I would point other people toward it.",True
301687,553660,"This turned out to be an easy game to recommend. The pacing stayed lively, and it felt easy to settle into what the game was trying to do. It does enough well that I would recommend it.",True
301688,358270,"This was a strong fit for what I wanted from the genre. It was easy to jump in and start having fun, and it felt easy to settle into what the game was trying to do. It does enough well that I would recommend it.",True
301688,359870,"I can see why this game has held onto a good reputation. It gave me enough room to approach things my own way, and it felt easy to settle into what the game was trying to do. I would recommend it to the right player.",True
301689,247000,"I ended up liking this more than I expected. It had a clear identity, and it felt easy to settle into what the game was trying to do. I can see myself recommending it without much hesitation.",True
301689,204100,"This turned out to be an easy game to recommend. The pacing stayed lively, and it felt easy to settle into what the game was trying to do. I can see myself recommending it without much hesitation.",True
301690,39120,"I ended up liking this more than I expected. The pacing stayed lively, and it felt easy to settle into what the game was trying to do. It does enough well that I would recommend it.",True
301690,22370,"I had a better time with this than I expected at first. The progression systems kept me interested, and it felt easy to settle into what the game was trying to do. It does enough well that I would recommend it.",True
301691,728240,"This was a strong fit for what I wanted from the genre. The world was easy to get invested in, and it felt easy to settle into what the game was trying to do. I can see myself recommending it without much hesitation.",True
301691,673950,"I ended up liking this more than I expected. It was easy to pick up and enjoy, and it felt easy to settle into what the game was trying to do. I would easily suggest it to someone who likes this genre.",True
301692,244730,"This was a strong fit for what I wanted from the genre. The moment-to-moment gameplay felt sharp, and it felt easy to settle into what the game was trying to do. It does enough well that I would recommend it.",True
301692,745330,"I had a better time with this than I expected at first. The sense of progression worked well, and it felt easy to settle into what the game was trying to do. I would recommend it to the right player.",True
301693,816090,"This turned out to be an easy game to recommend. The moment-to-moment gameplay felt sharp, and it felt easy to settle into what the game was trying to do. I would easily suggest it to someone who likes this genre.",True
301693,718650,"I can understand why people like this, but I felt mixed on parts of it. It did a lot with its own identity, and it felt easy to settle into what the game was trying to do. I could still recommend it with the right expectations.",False
301694,224500,"This was a strong fit for what I wanted from the genre. It had a distinct style that made it memorable, and it felt easy to settle into what the game was trying to do. It does enough well that I would recommend it.",True
301694,260750,"This turned out to be an easy game to recommend. The sense of progression worked well, and it felt easy to settle into what the game was trying to do. I would point other people toward it.",True
301695,854570,"This turned out to be an easy game to recommend. It kept me curious about what came next, and it felt easy to settle into what the game was trying to do. I would point other people toward it.",True
301695,65790,"I can see why this game has held onto a good reputation. The pacing stayed lively, and it felt easy to settle into what the game was trying to do. I would recommend it to the right player.",True
301696,932850,"I can see why this game has held onto a good reputation. It felt like a small project with real personality, and it felt easy to settle into what the game was trying to do. I would recommend it to the right player.",True
301696,3730,"This has some clear strengths, even if it did not fully click for me. The moment-to-moment gameplay felt sharp, and it felt easy to settle into what the game was trying to do. I can understand the audience for it, even if I am not fully sold.",False
301697,521200,"I liked parts of this, though I do not think it works equally well for everyone. The sense of progression worked well, and it felt easy to settle into what the game was trying to do. There is enough here to like, even if I would be selective about recommending it.",False
301697,371570,"I can understand why people like this, but I felt mixed on parts of it. The moment-to-moment gameplay felt sharp, and it felt easy to settle into what the game was trying to do. There is enough here to like, even if I would be selective about recommending it.",False
301698,511680,"This was a strong fit for what I wanted from the genre. It stayed engaging in shorter sessions, and it felt easy to settle into what the game was trying to do. I would easily suggest it to someone who likes this genre.",True
301698,655100,"This was a strong fit for what I wanted from the genre. It never felt too demanding to come back to, and it felt easy to settle into what the game was trying to do. I would recommend it to the right player.",True
301699,297020,"I ended up liking this more than I expected. The moment-to-moment gameplay felt sharp, and it felt easy to settle into what the game was trying to do. I can see myself recommending it without much hesitation.",True
301699,397340,"I can see why this game has held onto a good reputation. It had a distinct style that made it memorable, and it felt easy to settle into what the game was trying to do. I would point other people toward it.",True
301700,734910,"I had a better time with this than I expected at first. It kept me curious about what came next, and it felt easy to settle into what the game was trying to do. It does enough well that I would recommend it.",True
301700,617830,"This turned out to be an easy game to recommend. The pacing stayed lively, and it felt easy to settle into what the game was trying to do. It does enough well that I would recommend it.",True
301701,237990,"I ended up liking this more than I expected. It did a lot with its own identity, and it felt easy to settle into what the game was trying to do. I can see myself recommending it without much hesitation.",True
301701,614910,"I can see why this game has held onto a good reputation. It was easy to pick up and enjoy, and it felt easy to settle into what the game was trying to do. I would easily suggest it to someone who likes this genre.",True
301702,583090,"I can see why this game has held onto a good reputation. The world was easy to get invested in, and it felt easy to settle into what the game was trying to do. I would recommend it to the right player.",True
301702,578850,"I can see why this game has held onto a good reputation. The pacing stayed lively, and it felt easy to settle into what the game was trying to do. I would point other people toward it.",True
301703,792100,"This was a strong fit for what I wanted from the genre. It had a distinct style that made it memorable, and it felt easy to settle into what the game was trying to do. I can see myself recommending it without much hesitation.",True
301703,405830,"This was a strong fit for what I wanted from the genre. The pacing stayed lively, and it felt easy to settle into what the game was trying to do. I would point other people toward it.",True
301704,39000,"I can see why this game has held onto a good reputation. The sense of progression worked well, and it felt easy to settle into what the game was trying to do. It does enough well that I would recommend it.",True
301704,947300,"This was a strong fit for what I wanted from the genre. It had a distinct style that made it memorable, and it felt easy to settle into what the game was trying to do. I can see myself recommending it without much hesitation.",True
301705,17460,"I had a better time with this than I expected at first. The pacing stayed lively, and it felt easy to settle into what the game was trying to do. I would point other people toward it.",True
301705,356510,"I can understand why people like this, but I felt mixed on parts of it. The pacing stayed lively, and it felt easy to settle into what the game was trying to do. It is not for everyone, but I can still see the appeal.",False
301706,882960,"I can see why this game has held onto a good reputation. It had a distinct style that made it memorable, and it felt easy to settle into what the game was trying to do. I would point other people toward it.",True
301706,25830,"I ended up liking this more than I expected. The systems gave me enough to think about, and it felt easy to settle into what the game was trying to do. I would point other people toward it.",True
301707,10680,"I can see why this game has held onto a good reputation. The moment-to-moment gameplay felt sharp, and it felt easy to settle into what the game was trying to do. It does enough well that I would recommend it.",True
301707,17410,"I had a better time with this than I expected at first. It stayed engaging in shorter sessions, and it felt easy to settle into what the game was trying to do. I would easily suggest it to someone who likes this genre.",True
301708,666860,"I ended up liking this more than I expected. It kept me curious about what came next, and it felt easy to settle into what the game was trying to do. I would point other people toward it.",True
301708,332310,"This turned out to be an easy game to recommend. The world was easy to get invested in, and it felt easy to settle into what the game was trying to do. I would recommend it to the right player.",True
301709,326360,"This has some clear strengths, even if it did not fully click for me. The core loop worked better than I expected, and it felt easy to settle into what the game was trying to do. It is not for everyone, but I can still see the appeal.",False
301709,402180,"I ended up liking this more than I expected. It never felt too demanding to come back to, and it felt easy to settle into what the game was trying to do. I would easily suggest it to someone who likes this genre.",True
301710,289760,"There is a solid game here, though it did not completely win me over. The pacing stayed lively, and it felt easy to settle into what the game was trying to do. I would only recommend it if the genre already appeals to you.",False
301710,24780,"This turned out to be an easy game to recommend. It rewarded patience more than I expected, and it felt easy to settle into what the game was trying to do. It does enough well that I would recommend it.",True
301711,300580,"This was decent overall, but I still had a few reservations. The moment-to-moment gameplay felt sharp, and it felt easy to settle into what the game was trying to do. I could still recommend it with the right expectations.",False
301711,24790,"I ended up liking this more than I expected. It rewarded planning in a satisfying way, and it felt easy to settle into what the game was trying to do. I would easily suggest it to someone who likes this genre.",True
301712,740290,"This was a strong fit for what I wanted from the genre. It shows enough promise to be worth watching, and it felt easy to settle into what the game was trying to do. I would easily suggest it to someone who likes this genre.",True
301712,256370,"This turned out to be an easy game to recommend. The driving loop stayed satisfying, and it felt easy to settle into what the game was trying to do. I would point other people toward it.",True
301713,748370,"I can see why this game has held onto a good reputation. The pacing stayed lively, and it felt easy to settle into what the game was trying to do. I can see myself recommending it without much hesitation.",True
301713,464150,"I ended up liking this more than I expected. It had a distinct style that made it memorable, and it felt easy to settle into what the game was trying to do. I would easily suggest it to someone who likes this genre.",True
301714,463530,"I had a better time with this than I expected at first. It rewarded patience more than I expected, and it felt easy to settle into what the game was trying to do. I would easily suggest it to someone who likes this genre.",True
301714,62100,"I can see why this game has held onto a good reputation. It was easy to pick up and enjoy, and it felt easy to settle into what the game was trying to do. I would easily suggest it to someone who likes this genre.",True
301715,351640,"This turned out to be an easy game to recommend. It stayed engaging in shorter sessions, and it felt easy to settle into what the game was trying to do. I would recommend it to the right player.",True
301715,255870,"I had a better time with this than I expected at first. The moment-to-moment gameplay felt sharp, and it felt easy to settle into what the game was trying to do. It does enough well that I would recommend it.",True
301716,520440,"This was a strong fit for what I wanted from the genre. It stayed engaging in shorter sessions, and it felt easy to settle into what the game was trying to do. It does enough well that I would recommend it.",True
301716,566050,"I can see why this game has held onto a good reputation. The systems gave me enough to think about, and it felt easy to settle into what the game was trying to do. I can see myself recommending it without much hesitation.",True
301717,385770,"I can see why this game has held onto a good reputation. The moment-to-moment gameplay felt sharp, and it felt easy to settle into what the game was trying to do. I can see myself recommending it without much hesitation.",True
301717,434250,"This was decent overall, but I still had a few reservations. It stayed engaging in shorter sessions, and it felt easy to settle into what the game was trying to do. I would only recommend it if the genre already appeals to you.",False
301718,818320,"This has some clear strengths, even if it did not fully click for me. It stayed engaging in shorter sessions, and it felt easy to settle into what the game was trying to do. There is enough here to like, even if I would be selective about recommending it.",False
301718,503580,"This was a strong fit for what I wanted from the genre. It stayed engaging in shorter sessions, and it felt easy to settle into what the game was trying to do. I would recommend it to the right player.",True
301719,231200,"I had a better time with this than I expected at first. The sense of progression worked well, and it felt easy to settle into what the game was trying to do. I would point other people toward it.",True
301719,277890,"This was a strong fit for what I wanted from the genre. The pacing stayed lively, and it felt easy to settle into what the game was trying to do. I can see myself recommending it without much hesitation.",True
301720,242640,"I ended up liking this more than I expected. It stayed engaging in shorter sessions, and it felt easy to settle into what the game was trying to do. It does enough well that I would recommend it.",True
301720,257750,"I had a better time with this than I expected at first. The pacing stayed lively, and it felt easy to settle into what the game was trying to do. It does enough well that I would recommend it.",True
301721,726360,"I can understand why people like this, but I felt mixed on parts of it. The pacing stayed lively, and it felt easy to settle into what the game was trying to do. I would only recommend it if the genre already appeals to you.",False
301721,6900,"I had a better time with this than I expected at first. The moment-to-moment gameplay felt sharp, and it felt easy to settle into what the game was trying to do. I would easily suggest it to someone who likes this genre.",True
301722,433170,"This turned out to be an easy game to recommend. The moment-to-moment gameplay felt sharp, and it felt easy to settle into what the game was trying to do. I would easily suggest it to someone who likes this genre.",True
301722,292030,"This was a strong fit for what I wanted from the genre. Building out a character felt rewarding, and it felt easy to settle into what the game was trying to do. I would point other people toward it.",True
301723,328270,"I can see why this game has held onto a good reputation. It kept me curious about what came next, and it felt easy to settle into what the game was trying to do. I would recommend it to the right player.",True
301723,970510,"I ended up liking this more than I expected. The sense of progression worked well, and it felt easy to settle into what the game was trying to do. I would easily suggest it to someone who likes this genre.",True
301724,651500,"This was a strong fit for what I wanted from the genre. The moment-to-moment gameplay felt sharp, and it felt easy to settle into what the game was trying to do. I can see myself recommending it without much hesitation.",True
301724,302670,"I can see why this game has held onto a good reputation. The moment-to-moment gameplay felt sharp, and it felt easy to settle into what the game was trying to do. I can see myself recommending it without much hesitation.",True
301725,809890,"This was a strong fit for what I wanted from the genre. It kept me curious about what came next, and it felt easy to settle into what the game was trying to do. I would point other people toward it.",True
301725,257350,"This was a strong fit for what I wanted from the genre. The sense of progression worked well, and it felt easy to settle into what the game was trying to do. I would recommend it to the right player.",True
301726,546050,"I had a better time with this than I expected at first. The moment-to-moment gameplay felt sharp, and it felt easy to settle into what the game was trying to do. It does enough well that I would recommend it.",True
301726,600140,"This was a strong fit for what I wanted from the genre. It stayed engaging in shorter sessions, and it felt easy to settle into what the game was trying to do. I would point other people toward it.",True
301727,351490,"I had a better time with this than I expected at first. It worked well in short sessions, and it felt easy to settle into what the game was trying to do. I would easily suggest it to someone who likes this genre.",True
301727,3900,"I had a better time with this than I expected at first. The systems gave me enough to think about, and it felt easy to settle into what the game was trying to do. I would recommend it to the right player.",True
301728,643810,"This turned out to be an easy game to recommend. It kept me curious about what came next, and it felt easy to settle into what the game was trying to do. I would point other people toward it.",True
301728,597150,"I can see why this game has held onto a good reputation. The pacing stayed lively, and it felt easy to settle into what the game was trying to do. I would easily suggest it to someone who likes this genre.",True
301729,735280,"I can see why this game has held onto a good reputation. It was satisfying to settle into its systems, and it felt easy to settle into what the game was trying to do. I can see myself recommending it without much hesitation.",True
301729,325420,"I had a better time with this than I expected at first. The pacing stayed lively, and it felt easy to settle into what the game was trying to do. It does enough well that I would recommend it.",True
301730,733050,"I ended up liking this more than I expected. It worked well in short sessions, and it felt easy to settle into what the game was trying to do. I would point other people toward it.",True
301730,446020,"I ended up liking this more than I expected. It kept me curious about what came next, and it felt easy to settle into what the game was trying to do. I would point other people toward it.",True
301731,285440,"This was a strong fit for what I wanted from the genre. The pacing stayed lively, and it felt easy to settle into what the game was trying to do. I would point other people toward it.",True
301731,463270,"I ended up liking this more than I expected. The moment-to-moment gameplay felt sharp, and it felt easy to settle into what the game was trying to do. I would recommend it to the right player.",True
301732,753420,"I can see why this game has held onto a good reputation. The pacing stayed lively, and it felt easy to settle into what the game was trying to do. I would easily suggest it to someone who likes this genre.",True
301732,541230,"I can see why this game has held onto a good reputation. The moment-to-moment gameplay felt sharp, and it felt easy to settle into what the game was trying to do. I would recommend it to the right player.",True
301733,565860,"This was decent overall, but I still had a few reservations. The moment-to-moment gameplay felt sharp, and it felt easy to settle into what the game was trying to do. It is not for everyone, but I can still see the appeal.",False
301733,329830,"There is a solid game here, though it did not completely win me over. The world was easy to get invested in, and it felt easy to settle into what the game was trying to do. I can understand the audience for it, even if I am not fully sold.",False
301734,262960,"I liked parts of this, though I do not think it works equally well for everyone. The moment-to-moment gameplay felt sharp, and it felt easy to settle into what the game was trying to do. I could still recommend it with the right expectations.",False
301734,317360,"I ended up liking this more than I expected. The moment-to-moment gameplay felt sharp, and it felt easy to settle into what the game was trying to do. I would easily suggest it to someone who likes this genre.",True
301735,251290,"This turned out to be an easy game to recommend. It gave me enough room to approach things my own way, and it felt easy to settle into what the game was trying to do. I can see myself recommending it without much hesitation.",True
301735,338170,"This was a strong fit for what I wanted from the genre. The moment-to-moment gameplay felt sharp, and it felt easy to settle into what the game was trying to do. I would point other people toward it.",True
301736,259680,"I can see why this game has held onto a good reputation. The world was easy to get invested in, and it felt easy to settle into what the game was trying to do. It does enough well that I would recommend it.",True
301736,666330,"I ended up liking this more than I expected. It stayed engaging in shorter sessions, and it felt easy to settle into what the game was trying to do. It does enough well that I would recommend it.",True
301737,350910,"This was a strong fit for what I wanted from the genre. The moment-to-moment gameplay felt sharp, and it felt easy to settle into what the game was trying to do. It does enough well that I would recommend it.",True
301737,207750,"This turned out to be an easy game to recommend. The pacing stayed lively, and it felt easy to settle into what the game was trying to do. It does enough well that I would recommend it.",True
301738,200170,"I can see why this game has held onto a good reputation. The systems gave me enough to think about, and it felt easy to settle into what the game was trying to do. I would easily suggest it to someone who likes this genre.",True
301738,501300,"This was a strong fit for what I wanted from the genre. The world was easy to get invested in, and it felt easy to settle into what the game was trying to do. I would recommend it to the right player.",True
301739,728730,"This was a strong fit for what I wanted from the genre. It was easy to pick up and enjoy, and it felt easy to settle into what the game was trying to do. I would point other people toward it.",True
301739,231740,"I ended up liking this more than I expected. It did a lot with its own identity, and it felt easy to settle into what the game was trying to do. I would recommend it to the right player.",True
301740,611980,"I can see why this game has held onto a good reputation. It worked well in short sessions, and it felt easy to settle into what the game was trying to do. I would point other people toward it.",True
301740,914260,"I can see why this game has held onto a good reputation. It stayed engaging in shorter sessions, and it felt easy to settle into what the game was trying to do. It does enough well that I would recommend it.",True
301741,583760,"I had a better time with this than I expected at first. The moment-to-moment gameplay felt sharp, and it felt easy to settle into what the game was trying to do. It does enough well that I would recommend it.",True
301741,352700,"I can see why this game has held onto a good reputation. The moment-to-moment gameplay felt sharp, and it felt easy to settle into what the game was trying to do. I would recommend it to the right player.",True
301742,743900,"I ended up liking this more than I expected. The moment-to-moment gameplay felt sharp, and it felt easy to settle into what the game was trying to do. I can see myself recommending it without much hesitation.",True
301742,552100,"I can see why this game has held onto a good reputation. It rewarded patience more than I expected, and it felt easy to settle into what the game was trying to do. I would easily suggest it to someone who likes this genre.",True
301743,110800,"This turned out to be an easy game to recommend. The world was easy to get invested in, and it felt easy to settle into what the game was trying to do. I can see myself recommending it without much hesitation.",True
301743,643880,"I had a better time with this than I expected at first. It stayed engaging in shorter sessions, and it felt easy to settle into what the game was trying to do. I would recommend it to the right player.",True
301744,323490,"I can see why this game has held onto a good reputation. It kept me curious about what came next, and it felt easy to settle into what the game was trying to do. I can see myself recommending it without much hesitation.",True
301744,526490,"This turned out to be an easy game to recommend. The world was easy to get invested in, and it felt easy to settle into what the game was trying to do. I would easily suggest it to someone who likes this genre.",True
301745,469610,"I liked parts of this, though I do not think it works equally well for everyone. The sense of progression worked well, and it felt easy to settle into what the game was trying to do. I can understand the audience for it, even if I am not fully sold.",False
301745,269790,"This has some clear strengths, even if it did not fully click for me. The sense of progression worked well, and it felt easy to settle into what the game was trying to do. I can understand the audience for it, even if I am not fully sold.",False
301746,437900,"This turned out to be an easy game to recommend. It worked well in short sessions, and it felt easy to settle into what the game was trying to do. I can see myself recommending it without much hesitation.",True
301746,504230,"I can see why this game has held onto a good reputation. The pacing stayed lively, and it felt easy to settle into what the game was trying to do. I would easily suggest it to someone who likes this genre.",True
301747,268240,"I ended up liking this more than I expected. The pacing stayed lively, and it felt easy to settle into what the game was trying to do. I would point other people toward it.",True
301747,504130,"I had a better time with this than I expected at first. The sense of progression worked well, and it felt easy to settle into what the game was trying to do. I can see myself recommending it without much hesitation.",True
301748,564050,"This was a strong fit for what I wanted from the genre. The pacing stayed lively, and it felt easy to settle into what the game was trying to do. It does enough well that I would recommend it.",True
301748,774091,"This was a strong fit for what I wanted from the genre. It did a lot with its own identity, and it felt easy to settle into what the game was trying to do. I would point other people toward it.",True
301749,839200,"I can see why this game has held onto a good reputation. It was satisfying to settle into its systems, and it felt easy to settle into what the game was trying to do. I would easily suggest it to someone who likes this genre.",True
301749,853770,"I ended up liking this more than I expected. The pacing stayed lively, and it felt easy to settle into what the game was trying to do. I would recommend it to the right player.",True
301750,258010,"This was a strong fit for what I wanted from the genre. The moment-to-moment gameplay felt sharp, and it felt easy to settle into what the game was trying to do. It does enough well that I would recommend it.",True
301750,2450,"This turned out to be an easy game to recommend. It stayed engaging in shorter sessions, and it felt easy to settle into what the game was trying to do. I would point other people toward it.",True
301751,243160,"I ended up liking this more than I expected. It stayed engaging in shorter sessions, and it felt easy to settle into what the game was trying to do. I would point other people toward it.",True
301751,449960,"I can see why this game has held onto a good reputation. It stayed engaging in shorter sessions, and it felt easy to settle into what the game was trying to do. It does enough well that I would recommend it.",True
301752,240,"I ended up liking this more than I expected. The pacing stayed lively, and it felt easy to settle into what the game was trying to do. I would recommend it to the right player.",True
301752,221380,"This turned out to be an easy game to recommend. The decisions felt meaningful more often than not, and it felt easy to settle into what the game was trying to do. I can see myself recommending it without much hesitation.",True
301753,241320,"I had a better time with this than I expected at first. It kept me curious about what came next, and it felt easy to settle into what the game was trying to do. I would easily suggest it to someone who likes this genre.",True
301753,749520,"This was a strong fit for what I wanted from the genre. It kept me curious about what came next, and it felt easy to settle into what the game was trying to do. It does enough well that I would recommend it.",True
301754,104200,"I can understand why people like this, but I felt mixed on parts of it. The world was easy to get invested in, and it felt easy to settle into what the game was trying to do. I could still recommend it with the right expectations.",False
301754,318130,"This turned out to be an easy game to recommend. It did a lot with its own identity, and it felt easy to settle into what the game was trying to do. I would point other people toward it.",True
301755,374040,"I can understand why people like this, but I felt mixed on parts of it. It stayed engaging in shorter sessions, and it felt easy to settle into what the game was trying to do. I would only recommend it if the genre already appeals to you.",False
301755,218060,"This was a strong fit for what I wanted from the genre. It stayed engaging in shorter sessions, and it felt easy to settle into what the game was trying to do. I would point other people toward it.",True
301756,893680,"I had a better time with this than I expected at first. The moment-to-moment gameplay felt sharp, and it felt easy to settle into what the game was trying to do. I can see myself recommending it without much hesitation.",True
301756,201810,"I ended up liking this more than I expected. The moment-to-moment gameplay felt sharp, and it felt easy to settle into what the game was trying to do. I would easily suggest it to someone who likes this genre.",True
301757,794800,"This turned out to be an easy game to recommend. It was easy to pick up and enjoy, and it felt easy to settle into what the game was trying to do. I would point other people toward it.",True
301757,613190,"I can see why this game has held onto a good reputation. The pacing stayed lively, and it felt easy to settle into what the game was trying to do. It does enough well that I would recommend it.",True
301758,6120,"This has some clear strengths, even if it did not fully click for me. It stayed engaging in shorter sessions, and it felt easy to settle into what the game was trying to do. I would only recommend it if the genre already appeals to you.",False
301758,470740,"I had a better time with this than I expected at first. It was satisfying to settle into its systems, and it felt easy to settle into what the game was trying to do. I can see myself recommending it without much hesitation.",True
301759,236690,"I liked parts of this, though I do not think it works equally well for everyone. It captured the competitive feel pretty well, and it felt easy to settle into what the game was trying to do. It is not for everyone, but I can still see the appeal.",False
301759,567030,"This was a strong fit for what I wanted from the genre. It was easy to pick up and enjoy, and it felt easy to settle into what the game was trying to do. I would easily suggest it to someone who likes this genre.",True
301760,471010,"I can see why this game has held onto a good reputation. The moment-to-moment gameplay felt sharp, and it felt easy to settle into what the game was trying to do. I would point other people toward it.",True
301760,571350,"This turned out to be an easy game to recommend. The pacing stayed lively, and it felt easy to settle into what the game was trying to do. I can see myself recommending it without much hesitation.",True
301761,546080,"This was a strong fit for what I wanted from the genre. The world was easy to get invested in, and it felt easy to settle into what the game was trying to do. I can see myself recommending it without much hesitation.",True
301761,636970,"I had a better time with this than I expected at first. The moment-to-moment gameplay felt sharp, and it felt easy to settle into what the game was trying to do. I can see myself recommending it without much hesitation.",True
301762,754040,"This was a strong fit for what I wanted from the genre. The sense of progression worked well, and it felt easy to settle into what the game was trying to do. I would point other people toward it.",True
301762,244430,"This turned out to be an easy game to recommend. The sense of progression worked well, and it felt easy to settle into what the game was trying to do. I would point other people toward it.",True
301763,253880,"I had a better time with this than I expected at first. The systems gave me enough to think about, and it felt easy to settle into what the game was trying to do. It does enough well that I would recommend it.",True
301763,15190,"I had a better time with this than I expected at first. The moment-to-moment gameplay felt sharp, and it felt easy to settle into what the game was trying to do. I can see myself recommending it without much hesitation.",True
301764,422900,"I had a better time with this than I expected at first. It felt like a small project with real personality, and it felt easy to settle into what the game was trying to do. I would recommend it to the right player.",True
301764,436500,"This turned out to be an easy game to recommend. It kept me curious about what came next, and it felt easy to settle into what the game was trying to do. I would point other people toward it.",True
301765,299360,"I can see why this game has held onto a good reputation. It stayed engaging in shorter sessions, and it felt easy to settle into what the game was trying to do. It does enough well that I would recommend it.",True
301765,398710,"I had a better time with this than I expected at first. The moment-to-moment gameplay felt sharp, and it felt easy to settle into what the game was trying to do. It does enough well that I would recommend it.",True
301766,586960,"I ended up liking this more than I expected. It stayed engaging in shorter sessions, and it felt easy to settle into what the game was trying to do. I would recommend it to the right player.",True
301766,375600,"I had a better time with this than I expected at first. It stayed engaging in shorter sessions, and it felt easy to settle into what the game was trying to do. It does enough well that I would recommend it.",True
301767,492720,"I had a better time with this than I expected at first. The management side had a good rhythm, and it felt easy to settle into what the game was trying to do. I would easily suggest it to someone who likes this genre.",True
301767,442780,"This turned out to be an easy game to recommend. It stayed engaging in shorter sessions, and it felt easy to settle into what the game was trying to do. I would easily suggest it to someone who likes this genre.",True
301768,400080,"This was a strong fit for what I wanted from the genre. It was easy to pick up and enjoy, and it felt easy to settle into what the game was trying to do. It does enough well that I would recommend it.",True
301768,427510,"I can see why this game has held onto a good reputation. It stayed engaging in shorter sessions, and it felt easy to settle into what the game was trying to do. It does enough well that I would recommend it.",True
301769,747200,"I ended up liking this more than I expected. The sense of progression worked well, and it felt easy to settle into what the game was trying to do. I would point other people toward it.",True
301769,617670,"I had a better time with this than I expected at first. It was easy to pick up and enjoy, and it felt easy to settle into what the game was trying to do. I would recommend it to the right player.",True
301770,394160,"I ended up liking this more than I expected. The moment-to-moment gameplay felt sharp, and it felt easy to settle into what the game was trying to do. I would recommend it to the right player.",True
301770,257030,"I had a better time with this than I expected at first. It stayed engaging in shorter sessions, and it felt easy to settle into what the game was trying to do. It does enough well that I would recommend it.",True
301771,353560,"This turned out to be an easy game to recommend. The sense of progression worked well, and it felt easy to settle into what the game was trying to do. I can see myself recommending it without much hesitation.",True
301771,966330,"I can understand why people like this, but I felt mixed on parts of it. The sense of progression worked well, and it felt easy to settle into what the game was trying to do. There is enough here to like, even if I would be selective about recommending it.",False
301772,8400,"I ended up liking this more than I expected. It worked well in short sessions, and it felt easy to settle into what the game was trying to do. I would point other people toward it.",True
301772,306040,"This was a strong fit for what I wanted from the genre. It was easy to pick up and enjoy, and it felt easy to settle into what the game was trying to do. I would point other people toward it.",True
301773,363970,"I can see why this game has held onto a good reputation. The world was easy to get invested in, and it felt easy to settle into what the game was trying to do. It does enough well that I would recommend it.",True
301773,334230,"I ended up liking this more than I expected. The moment-to-moment gameplay felt sharp, and it felt easy to settle into what the game was trying to do. I would easily suggest it to someone who likes this genre.",True
301774,594650,"I can see why this game has held onto a good reputation. The pacing stayed lively, and it felt easy to settle into what the game was trying to do. I would recommend it to the right player.",True
301774,315430,"I ended up liking this more than I expected. The pacing stayed lively, and it felt easy to settle into what the game was trying to do. I can see myself recommending it without much hesitation.",True
301775,699920,"This turned out to be an easy game to recommend. It felt like a small project with real personality, and it felt easy to settle into what the game was trying to do. I would point other people toward it.",True
301775,748490,"This turned out to be an easy game to recommend. The progression systems kept me interested, and it felt easy to settle into what the game was trying to do. It does enough well that I would recommend it.",True
301776,783120,"This was a strong fit for what I wanted from the genre. The sense of progression worked well, and it felt easy to settle into what the game was trying to do. I would easily suggest it to someone who likes this genre.",True
301776,303790,"I liked parts of this, though I do not think it works equally well for everyone. The progression systems kept me interested, and it felt easy to settle into what the game was trying to do. I can understand the audience for it, even if I am not fully sold.",False
301777,549860,"This turned out to be an easy game to recommend. The sense of progression worked well, and it felt easy to settle into what the game was trying to do. It does enough well that I would recommend it.",True
301777,380150,"This was a strong fit for what I wanted from the genre. The sense of progression worked well, and it felt easy to settle into what the game was trying to do. I would point other people toward it.",True
301778,235210,"This was a strong fit for what I wanted from the genre. The moment-to-moment gameplay felt sharp, and it felt easy to settle into what the game was trying to do. It does enough well that I would recommend it.",True
301778,46500,"This was a strong fit for what I wanted from the genre. The world was easy to get invested in, and it felt easy to settle into what the game was trying to do. I would easily suggest it to someone who likes this genre.",True
301779,761620,"This was a strong fit for what I wanted from the genre. It kept me curious about what came next, and it felt easy to settle into what the game was trying to do. I can see myself recommending it without much hesitation.",True
301779,403430,"I ended up liking this more than I expected. It stayed engaging in shorter sessions, and it felt easy to settle into what the game was trying to do. I would easily suggest it to someone who likes this genre.",True
301780,253900,"This has some clear strengths, even if it did not fully click for me. It was satisfying to settle into its systems, and it felt easy to settle into what the game was trying to do. I could still recommend it with the right expectations.",False
301780,968790,"I can see why this game has held onto a good reputation. The pacing stayed lively, and it felt easy to settle into what the game was trying to do. I would point other people toward it.",True
301781,524850,"I had a better time with this than I expected at first. The sense of progression worked well, and it felt easy to settle into what the game was trying to do. I would point other people toward it.",True
301781,457140,"This was a strong fit for what I wanted from the genre. The core loop worked better than I expected, and it felt easy to settle into what the game was trying to do. I would point other people toward it.",True
301782,3620,"I can see why this game has held onto a good reputation. It stayed engaging in shorter sessions, and it felt easy to settle into what the game was trying to do. I would point other people toward it.",True
301782,824270,"I had a better time with this than I expected at first. It stayed engaging in shorter sessions, and it felt easy to settle into what the game was trying to do. I would easily suggest it to someone who likes this genre.",True
301783,521150,"I can see why this game has held onto a good reputation. It did a lot with its own identity, and it felt easy to settle into what the game was trying to do. I would point other people toward it.",True
301783,3830,"I ended up liking this more than I expected. It stayed engaging in shorter sessions, and it felt easy to settle into what the game was trying to do. I would easily suggest it to someone who likes this genre.",True
301784,42890,"I can see why this game has held onto a good reputation. It rewarded planning in a satisfying way, and it felt easy to settle into what the game was trying to do. I would recommend it to the right player.",True
301784,244910,"This turned out to be an easy game to recommend. The world was easy to get invested in, and it felt easy to settle into what the game was trying to do. I can see myself recommending it without much hesitation.",True
301785,247080,"I ended up liking this more than I expected. It stayed engaging in shorter sessions, and it felt easy to settle into what the game was trying to do. I can see myself recommending it without much hesitation.",True
301785,269270,"I can see why this game has held onto a good reputation. The moment-to-moment gameplay felt sharp, and it felt easy to settle into what the game was trying to do. I would point other people toward it.",True
301786,530070,"There is a solid game here, though it did not completely win me over. It rewarded patience more than I expected, and it felt easy to settle into what the game was trying to do. There is enough here to like, even if I would be selective about recommending it.",False
301786,238430,"I had a better time with this than I expected at first. It stayed engaging in shorter sessions, and it felt easy to settle into what the game was trying to do. I would easily suggest it to someone who likes this genre.",True
301787,98800,"This turned out to be an easy game to recommend. It was easy to pick up and enjoy, and it felt easy to settle into what the game was trying to do. I can see myself recommending it without much hesitation.",True
301787,594570,"I had a better time with this than I expected at first. It stayed engaging in shorter sessions, and it felt easy to settle into what the game was trying to do. I can see myself recommending it without much hesitation.",True
301788,392160,"I ended up liking this more than I expected. It stayed engaging in shorter sessions, and it felt easy to settle into what the game was trying to do. I would easily suggest it to someone who likes this genre.",True
301788,758090,"I can see why this game has held onto a good reputation. The world was easy to get invested in, and it felt easy to settle into what the game was trying to do. I would recommend it to the right player.",True
301789,438680,"This was a strong fit for what I wanted from the genre. It was easy to pick up and enjoy, and it felt easy to settle into what the game was trying to do. I would easily suggest it to someone who likes this genre.",True
301789,263980,"I ended up liking this more than I expected. The pacing stayed lively, and it felt easy to settle into what the game was trying to do. I would point other people toward it.",True
301790,473460,"I had a better time with this than I expected at first. The world was easy to get invested in, and it felt easy to settle into what the game was trying to do. I would recommend it to the right player.",True
301790,246620,"I can see why this game has held onto a good reputation. It worked well in short sessions, and it felt easy to settle into what the game was trying to do. I would point other people toward it.",True
301791,1046820,"This turned out to be an easy game to recommend. It felt like a small project with real personality, and it felt easy to settle into what the game was trying to do. I would point other people toward it.",True
301791,375820,"I can see why this game has held onto a good reputation. It worked well in short sessions, and it felt easy to settle into what the game was trying to do. I would point other people toward it.",True
301792,32360,"I can see why this game has held onto a good reputation. The sense of progression worked well, and it felt easy to settle into what the game was trying to do. I would easily suggest it to someone who likes this genre.",True
301792,393420,"I can see why this game has held onto a good reputation. It stayed engaging in shorter sessions, and it felt easy to settle into what the game was trying to do. I would easily suggest it to someone who likes this genre.",True
301793,925440,"I can see why this game has held onto a good reputation. It had a distinct style that made it memorable, and it felt easy to settle into what the game was trying to do. I would recommend it to the right player.",True
301793,963710,"This was a strong fit for what I wanted from the genre. It felt like a small project with real personality, and it felt easy to settle into what the game was trying to do. It does enough well that I would recommend it.",True
301794,449530,"I can see why this game has held onto a good reputation. The moment-to-moment gameplay felt sharp, and it felt easy to settle into what the game was trying to do. I can see myself recommending it without much hesitation.",True
301794,73010,"I can see why this game has held onto a good reputation. The management side had a good rhythm, and it felt easy to settle into what the game was trying to do. I would recommend it to the right player.",True
301795,545040,"I can see why this game has held onto a good reputation. The sense of progression worked well, and it felt easy to settle into what the game was trying to do. I would easily suggest it to someone who likes this genre.",True
301795,435030,"I can see why this game has held onto a good reputation. The world was easy to get invested in, and it felt easy to settle into what the game was trying to do. It does enough well that I would recommend it.",True
301796,939960,"This was a strong fit for what I wanted from the genre. It stayed engaging in shorter sessions, and it felt easy to settle into what the game was trying to do. I would recommend it to the right player.",True
301796,454250,"I had a better time with this than I expected at first. The sense of progression worked well, and it felt easy to settle into what the game was trying to do. I can see myself recommending it without much hesitation.",True
301797,343560,"I ended up liking this more than I expected. It did a lot with its own identity, and it felt easy to settle into what the game was trying to do. I would recommend it to the right player.",True
301797,225280,"This was a strong fit for what I wanted from the genre. The pacing stayed lively, and it felt easy to settle into what the game was trying to do. I would recommend it to the right player.",True
301798,968700,"I can see why this game has held onto a good reputation. The sense of progression worked well, and it felt easy to settle into what the game was trying to do. I would easily suggest it to someone who likes this genre.",True
301798,726830,"This was a strong fit for what I wanted from the genre. The pacing stayed lively, and it felt easy to settle into what the game was trying to do. I would recommend it to the right player.",True
301799,418040,"I can see why this game has held onto a good reputation. It was easy to pick up and enjoy, and it felt easy to settle into what the game was trying to do. I would recommend it to the right player.",True
301799,268220,"I had a better time with this than I expected at first. The pacing stayed lively, and it felt easy to settle into what the game was trying to do. I would easily suggest it to someone who likes this genre.",True
301800,218510,"I ended up liking this more than I expected. It did a lot with its own identity, and it felt easy to settle into what the game was trying to do. I can see myself recommending it without much hesitation.",True
301800,740470,"I ended up liking this more than I expected. The pacing stayed lively, and it felt easy to settle into what the game was trying to do. I would recommend it to the right player.",True
301801,355250,"I ended up liking this more than I expected. The moment-to-moment gameplay felt sharp, and it felt easy to settle into what the game was trying to do. I would recommend it to the right player.",True
301801,245300,"This was a strong fit for what I wanted from the genre. The moment-to-moment gameplay felt sharp, and it felt easy to settle into what the game was trying to do. I would easily suggest it to someone who likes this genre.",True
301802,497180,"I had a better time with this than I expected at first. The driving loop stayed satisfying, and it felt easy to settle into what the game was trying to do. I can see myself recommending it without much hesitation.",True
301802,632350,"This has some clear strengths, even if it did not fully click for me. The progression systems kept me interested, and it felt easy to settle into what the game was trying to do. I would only recommend it if the genre already appeals to you.",False
301803,569530,"I can see why this game has held onto a good reputation. The pacing stayed lively, and it felt easy to settle into what the game was trying to do. It does enough well that I would recommend it.",True
301803,297110,"This turned out to be an easy game to recommend. It worked well in short sessions, and it felt easy to settle into what the game was trying to do. I can see myself recommending it without much hesitation.",True
301804,765870,"I had a better time with this than I expected at first. It kept me curious about what came next, and it felt easy to settle into what the game was trying to do. I would recommend it to the right player.",True
301804,415270,"I ended up liking this more than I expected. It was easy to pick up and enjoy, and it felt easy to settle into what the game was trying to do. I would recommend it to the right player.",True
301805,367520,"This turned out to be an easy game to recommend. It had a clear identity, and it felt easy to settle into what the game was trying to do. I would easily suggest it to someone who likes this genre.",True
301805,313160,"I had a better time with this than I expected at first. The management side had a good rhythm, and it felt easy to settle into what the game was trying to do. I would point other people toward it.",True
301806,293760,"This turned out to be an easy game to recommend. The core idea is already doing a lot right, and it felt easy to settle into what the game was trying to do. It does enough well that I would recommend it.",True
301806,645090,"I ended up liking this more than I expected. It worked well in short sessions, and it felt easy to settle into what the game was trying to do. I would recommend it to the right player.",True
301807,268400,"This turned out to be an easy game to recommend. The systems gave me enough to think about, and it felt easy to settle into what the game was trying to do. It does enough well that I would recommend it.",True
301807,65540,"This turned out to be an easy game to recommend. The moment-to-moment gameplay felt sharp, and it felt easy to settle into what the game was trying to do. I would recommend it to the right player.",True
301808,438040,"I ended up liking this more than I expected. The world was easy to get invested in, and it felt easy to settle into what the game was trying to do. It does enough well that I would recommend it.",True
301808,338140,"This was a strong fit for what I wanted from the genre. The pacing stayed lively, and it felt easy to settle into what the game was trying to do. I can see myself recommending it without much hesitation.",True
301809,10130,"This was a strong fit for what I wanted from the genre. It stayed engaging in shorter sessions, and it felt easy to settle into what the game was trying to do. I would easily suggest it to someone who likes this genre.",True
301809,335670,"This was a strong fit for what I wanted from the genre. The sense of progression worked well, and it felt easy to settle into what the game was trying to do. I would easily suggest it to someone who likes this genre.",True
301810,813820,"I ended up liking this more than I expected. The pacing stayed lively, and it felt easy to settle into what the game was trying to do. I can see myself recommending it without much hesitation.",True
301810,226860,"I ended up liking this more than I expected. The systems gave me enough to think about, and it felt easy to settle into what the game was trying to do. I would recommend it to the right player.",True
301811,951440,"I ended up liking this more than I expected. The pacing stayed lively, and it felt easy to settle into what the game was trying to do. I would point other people toward it.",True
301811,489140,"I had a better time with this than I expected at first. The pacing stayed lively, and it felt easy to settle into what the game was trying to do. It does enough well that I would recommend it.",True
301812,490280,"This turned out to be an easy game to recommend. It stayed engaging in shorter sessions, and it felt easy to settle into what the game was trying to do. I would recommend it to the right player.",True
301812,447040,"I had a better time with this than I expected at first. The moment-to-moment gameplay felt sharp, and it felt easy to settle into what the game was trying to do. I can see myself recommending it without much hesitation.",True
301813,545690,"I had a better time with this than I expected at first. It worked well in short sessions, and it felt easy to settle into what the game was trying to do. I would recommend it to the right player.",True
301813,334420,"This was a strong fit for what I wanted from the genre. It kept me curious about what came next, and it felt easy to settle into what the game was trying to do. I would point other people toward it.",True
301814,485980,"This was a strong fit for what I wanted from the genre. It felt like a small project with real personality, and it felt easy to settle into what the game was trying to do. I would recommend it to the right player.",True
301814,269110,"I had a better time with this than I expected at first. The world was easy to get invested in, and it felt easy to settle into what the game was trying to do. I would easily suggest it to someone who likes this genre.",True
301815,508440,"I ended up liking this more than I expected. It did a lot with its own identity, and it felt easy to settle into what the game was trying to do. I would point other people toward it.",True
301815,22610,"There is a solid game here, though it did not completely win me over. The pacing stayed lively, and it felt easy to settle into what the game was trying to do. I would only recommend it if the genre already appeals to you.",False
301816,465760,"I had a better time with this than I expected at first. The pacing stayed lively, and it felt easy to settle into what the game was trying to do. I would recommend it to the right player.",True
301816,977950,"I had a better time with this than I expected at first. It felt like a small project with real personality, and it felt easy to settle into what the game was trying to do. I can see myself recommending it without much hesitation.",True
301817,45760,"This was a strong fit for what I wanted from the genre. The moment-to-moment gameplay felt sharp, and it felt easy to settle into what the game was trying to do. I would point other people toward it.",True
301817,699170,"I can understand why people like this, but I felt mixed on parts of it. It had a distinct style that made it memorable, and it felt easy to settle into what the game was trying to do. I could still recommend it with the right expectations.",False
301818,533300,"I ended up liking this more than I expected. It never felt too demanding to come back to, and it felt easy to settle into what the game was trying to do. I would easily suggest it to someone who likes this genre.",True
301818,370910,"I ended up liking this more than I expected. The sense of progression worked well, and it felt easy to settle into what the game was trying to do. I would recommend it to the right player.",True
301819,418120,"I can understand why people like this, but I felt mixed on parts of it. The moment-to-moment gameplay felt sharp, and it felt easy to settle into what the game was trying to do. It is not for everyone, but I can still see the appeal.",False
301819,420290,"I ended up liking this more than I expected. The pacing stayed lively, and it felt easy to settle into what the game was trying to do. I would recommend it to the right player.",True
301820,493490,"I ended up liking this more than I expected. It felt like a small project with real personality, and it felt easy to settle into what the game was trying to do. I would easily suggest it to someone who likes this genre.",True
301820,510490,"I ended up liking this more than I expected. The moment-to-moment gameplay felt sharp, and it felt easy to settle into what the game was trying to do. I would point other people toward it.",True
301821,4720,"This turned out to be an easy game to recommend. The pacing stayed lively, and it felt easy to settle into what the game was trying to do. I would recommend it to the right player.",True
301821,460850,"I had a better time with this than I expected at first. It never felt too demanding to come back to, and it felt easy to settle into what the game was trying to do. It does enough well that I would recommend it.",True
301822,353640,"I ended up liking this more than I expected. The pacing stayed lively, and it felt easy to settle into what the game was trying to do. It does enough well that I would recommend it.",True
301822,512490,"This turned out to be an easy game to recommend. The moment-to-moment gameplay felt sharp, and it felt easy to settle into what the game was trying to do. It does enough well that I would recommend it.",True
301823,209080,"I had a better time with this than I expected at first. The pacing stayed lively, and it felt easy to settle into what the game was trying to do. I would point other people toward it.",True
301823,263820,"I had a better time with this than I expected at first. It stayed engaging in shorter sessions, and it felt easy to settle into what the game was trying to do. I can see myself recommending it without much hesitation.",True
301824,469730,"I ended up liking this more than I expected. The moment-to-moment gameplay felt sharp, and it felt easy to settle into what the game was trying to do. It does enough well that I would recommend it.",True
301824,433340,"I had a better time with this than I expected at first. The pacing stayed lively, and it felt easy to settle into what the game was trying to do. I would point other people toward it.",True
301825,686680,"I can see why this game has held onto a good reputation. The core idea is already doing a lot right, and it felt easy to settle into what the game was trying to do. I can see myself recommending it without much hesitation.",True
301825,860910,"This was a strong fit for what I wanted from the genre. The moment-to-moment gameplay felt sharp, and it felt easy to settle into what the game was trying to do. I can see myself recommending it without much hesitation.",True
301826,223410,"I ended up liking this more than I expected. It felt like a small project with real personality, and it felt easy to settle into what the game was trying to do. I can see myself recommending it without much hesitation.",True
301826,253750,"I ended up liking this more than I expected. It stayed engaging in shorter sessions, and it felt easy to settle into what the game was trying to do. I can see myself recommending it without much hesitation.",True
301827,70400,"This was a strong fit for what I wanted from the genre. It had a distinct style that made it memorable, and it felt easy to settle into what the game was trying to do. I would point other people toward it.",True
301827,657630,"I can understand why people like this, but I felt mixed on parts of it. It was easy to pick up and enjoy, and it felt easy to settle into what the game was trying to do. It is not for everyone, but I can still see the appeal.",False
301828,503620,"This was a strong fit for what I wanted from the genre. The moment-to-moment gameplay felt sharp, and it felt easy to settle into what the game was trying to do. I can see myself recommending it without much hesitation.",True
301828,690790,"I can see why this game has held onto a good reputation. The driving loop stayed satisfying, and it felt easy to settle into what the game was trying to do. I would point other people toward it.",True
301829,893010,"I can understand why people like this, but I felt mixed on parts of it. The world was easy to get invested in, and it felt easy to settle into what the game was trying to do. I can understand the audience for it, even if I am not fully sold.",False
301829,738060,"This turned out to be an easy game to recommend. It had a clear identity, and it felt easy to settle into what the game was trying to do. I would easily suggest it to someone who likes this genre.",True
301830,42960,"This turned out to be an easy game to recommend. The decisions felt meaningful more often than not, and it felt easy to settle into what the game was trying to do. I would point other people toward it.",True
301830,326460,"I ended up liking this more than I expected. The moment-to-moment gameplay felt sharp, and it felt easy to settle into what the game was trying to do. I would recommend it to the right player.",True
301831,716640,"I had a better time with this than I expected at first. It was satisfying to settle into its systems, and it felt easy to settle into what the game was trying to do. I would easily suggest it to someone who likes this genre.",True
301831,1055430,"I ended up liking this more than I expected. The moment-to-moment gameplay felt sharp, and it felt easy to settle into what the game was trying to do. I can see myself recommending it without much hesitation.",True
301832,582270,"I can see why this game has held onto a good reputation. It worked well in short sessions, and it felt easy to settle into what the game was trying to do. I would point other people toward it.",True
301832,339350,"This turned out to be an easy game to recommend. It had a distinct style that made it memorable, and it felt easy to settle into what the game was trying to do. I would point other people toward it.",True
301833,225080,"I ended up liking this more than I expected. The pacing stayed lively, and it felt easy to settle into what the game was trying to do. I can see myself recommending it without much hesitation.",True
301833,283160,"This has some clear strengths, even if it did not fully click for me. It stayed engaging in shorter sessions, and it felt easy to settle into what the game was trying to do. I would only recommend it if the genre already appeals to you.",False
301834,826600,"I had a better time with this than I expected at first. It had a distinct style that made it memorable, and it felt easy to settle into what the game was trying to do. I would recommend it to the right player.",True
301834,357330,"I can see why this game has held onto a good reputation. The pacing stayed lively, and it felt easy to settle into what the game was trying to do. It does enough well that I would recommend it.",True
301835,22600,"This turned out to be an easy game to recommend. The decisions felt meaningful more often than not, and it felt easy to settle into what the game was trying to do. I can see myself recommending it without much hesitation.",True
301835,313500,"I ended up liking this more than I expected. It rewarded planning in a satisfying way, and it felt easy to settle into what the game was trying to do. I would point other people toward it.",True
301836,244160,"I ended up liking this more than I expected. It was satisfying to settle into its systems, and it felt easy to settle into what the game was trying to do. I would point other people toward it.",True
301836,361300,"This was a strong fit for what I wanted from the genre. The pacing stayed lively, and it felt easy to settle into what the game was trying to do. It does enough well that I would recommend it.",True
301837,245170,"I had a better time with this than I expected at first. The moment-to-moment gameplay felt sharp, and it felt easy to settle into what the game was trying to do. I would point other people toward it.",True
301837,418180,"I can understand why people like this, but I felt mixed on parts of it. The pacing stayed lively, and it felt easy to settle into what the game was trying to do. There is enough here to like, even if I would be selective about recommending it.",False
301838,22120,"I ended up liking this more than I expected. It stayed engaging in shorter sessions, and it felt easy to settle into what the game was trying to do. I can see myself recommending it without much hesitation.",True
301838,383980,"There is a solid game here, though it did not completely win me over. It did a lot with its own identity, and it felt easy to settle into what the game was trying to do. I could still recommend it with the right expectations.",False
301839,273840,"This was a strong fit for what I wanted from the genre. The driving loop stayed satisfying, and it felt easy to settle into what the game was trying to do. I can see myself recommending it without much hesitation.",True
301839,687920,"I can understand why people like this, but I felt mixed on parts of it. It never felt too demanding to come back to, and it felt easy to settle into what the game was trying to do. I can understand the audience for it, even if I am not fully sold.",False
301840,377530,"I ended up liking this more than I expected. The sense of progression worked well, and it felt easy to settle into what the game was trying to do. I would recommend it to the right player.",True
301840,719890,"I liked parts of this, though I do not think it works equally well for everyone. The world was easy to get invested in, and it felt easy to settle into what the game was trying to do. There is enough here to like, even if I would be selective about recommending it.",False
301841,615120,"I had a better time with this than I expected at first. The pacing stayed lively, and it felt easy to settle into what the game was trying to do. I can see myself recommending it without much hesitation.",True
301841,112100,"There is a solid game here, though it did not completely win me over. It did a lot with its own identity, and it felt easy to settle into what the game was trying to do. It is not for everyone, but I can still see the appeal.",False
301842,35460,"This was decent overall, but I still had a few reservations. The moment-to-moment gameplay felt sharp, and it felt easy to settle into what the game was trying to do. There is enough here to like, even if I would be selective about recommending it.",False
301842,249590,"I had a better time with this than I expected at first. It felt like a small project with real personality, and it felt easy to settle into what the game was trying to do. I would easily suggest it to someone who likes this genre.",True
301843,15130,"This turned out to be an easy game to recommend. The moment-to-moment gameplay felt sharp, and it felt easy to settle into what the game was trying to do. I can see myself recommending it without much hesitation.",True
301843,269950,"I can see why this game has held onto a good reputation. The management side had a good rhythm, and it felt easy to settle into what the game was trying to do. I can see myself recommending it without much hesitation.",True
301844,426690,"I had a better time with this than I expected at first. It was easy to pick up and enjoy, and it felt easy to settle into what the game was trying to do. It does enough well that I would recommend it.",True
301844,488730,"This turned out to be an easy game to recommend. The pacing stayed lively, and it felt easy to settle into what the game was trying to do. I would easily suggest it to someone who likes this genre.",True
301845,204530,"I had a better time with this than I expected at first. It stayed engaging in shorter sessions, and it felt easy to settle into what the game was trying to do. I can see myself recommending it without much hesitation.",True
301845,711810,"I ended up liking this more than I expected. It stayed engaging in shorter sessions, and it felt easy to settle into what the game was trying to do. It does enough well that I would recommend it.",True
301846,567640,"There is a solid game here, though it did not completely win me over. The sense of progression worked well, and it felt easy to settle into what the game was trying to do. There is enough here to like, even if I would be selective about recommending it.",False
301846,35000,"This turned out to be an easy game to recommend. The pacing stayed lively, and it felt easy to settle into what the game was trying to do. I would easily suggest it to someone who likes this genre.",True
301847,503770,"I had a better time with this than I expected at first. The pacing stayed lively, and it felt easy to settle into what the game was trying to do. I would point other people toward it.",True
301847,394310,"This was decent overall, but I still had a few reservations. It did a lot with its own identity, and it felt easy to settle into what the game was trying to do. I can understand the audience for it, even if I am not fully sold.",False
301848,221640,"This was a strong fit for what I wanted from the genre. The pacing stayed lively, and it felt easy to settle into what the game was trying to do. I would recommend it to the right player.",True
301848,475150,"I had a better time with this than I expected at first. The pacing stayed lively, and it felt easy to settle into what the game was trying to do. It does enough well that I would recommend it.",True
301849,465490,"This turned out to be an easy game to recommend. The world was easy to get invested in, and it felt easy to settle into what the game was trying to do. I would easily suggest it to someone who likes this genre.",True
301849,476530,"I had a better time with this than I expected at first. The management side had a good rhythm, and it felt easy to settle into what the game was trying to do. I would easily suggest it to someone who likes this genre.",True
301850,293260,"This turned out to be an easy game to recommend. It had a clear identity, and it felt easy to settle into what the game was trying to do. I can see myself recommending it without much hesitation.",True
301850,9420,"This turned out to be an easy game to recommend. The systems gave me enough to think about, and it felt easy to settle into what the game was trying to do. I would recommend it to the right player.",True
301851,730820,"This turned out to be an easy game to recommend. The world was easy to get invested in, and it felt easy to settle into what the game was trying to do. It does enough well that I would recommend it.",True
301851,396900,"This turned out to be an easy game to recommend. The moment-to-moment gameplay felt sharp, and it felt easy to settle into what the game was trying to do. I would easily suggest it to someone who likes this genre.",True
301852,346850,"I had a better time with this than I expected at first. The pacing stayed lively, and it felt easy to settle into what the game was trying to do. I can see myself recommending it without much hesitation.",True
301852,884260,"I ended up liking this more than I expected. The pacing stayed lively, and it felt easy to settle into what the game was trying to do. It does enough well that I would recommend it.",True
301853,280220,"This was a strong fit for what I wanted from the genre. It did a lot with its own identity, and it felt easy to settle into what the game was trying to do. I can see myself recommending it without much hesitation.",True
301853,368390,"I ended up liking this more than I expected. The world was easy to get invested in, and it felt easy to settle into what the game was trying to do. I would recommend it to the right player.",True
301854,11040,"This was a strong fit for what I wanted from the genre. It kept me curious about what came next, and it felt easy to settle into what the game was trying to do. I would point other people toward it.",True
301854,6420,"This was a strong fit for what I wanted from the genre. It felt like a small project with real personality, and it felt easy to settle into what the game was trying to do. It does enough well that I would recommend it.",True
301855,476650,"I ended up liking this more than I expected. It kept me curious about what came next, and it felt easy to settle into what the game was trying to do. I would recommend it to the right player.",True
301855,920190,"This was a strong fit for what I wanted from the genre. It had a clear identity, and it felt easy to settle into what the game was trying to do. It does enough well that I would recommend it.",True
301856,368500,"I liked parts of this, though I do not think it works equally well for everyone. The pacing stayed lively, and it felt easy to settle into what the game was trying to do. I could still recommend it with the right expectations.",False
301856,872790,"I had a better time with this than I expected at first. The management side had a good rhythm, and it felt easy to settle into what the game was trying to do. I would recommend it to the right player.",True
301857,486720,"This turned out to be an easy game to recommend. It had a distinct style that made it memorable, and it felt easy to settle into what the game was trying to do. I would recommend it to the right player.",True
301857,597170,"I can see why this game has held onto a good reputation. The pacing stayed lively, and it felt easy to settle into what the game was trying to do. It does enough well that I would recommend it.",True
301858,365450,"This turned out to be an easy game to recommend. It felt like a small project with real personality, and it felt easy to settle into what the game was trying to do. I would easily suggest it to someone who likes this genre.",True
301858,569610,"This was a strong fit for what I wanted from the genre. The moment-to-moment gameplay felt sharp, and it felt easy to settle into what the game was trying to do. I can see myself recommending it without much hesitation.",True
301859,427490,"I can see why this game has held onto a good reputation. It did a lot with its own identity, and it felt easy to settle into what the game was trying to do. I would point other people toward it.",True
301859,3980,"This was a strong fit for what I wanted from the genre. The systems gave me enough to think about, and it felt easy to settle into what the game was trying to do. I can see myself recommending it without much hesitation.",True
301860,217200,"I had a better time with this than I expected at first. The decisions felt meaningful more often than not, and it felt easy to settle into what the game was trying to do. I can see myself recommending it without much hesitation.",True
301860,798810,"I ended up liking this more than I expected. It rewarded patience more than I expected, and it felt easy to settle into what the game was trying to do. I would easily suggest it to someone who likes this genre.",True
301861,802880,"This turned out to be an easy game to recommend. The world was easy to get invested in, and it felt easy to settle into what the game was trying to do. I can see myself recommending it without much hesitation.",True
301861,858760,"I can see why this game has held onto a good reputation. It worked well in short sessions, and it felt easy to settle into what the game was trying to do. I can see myself recommending it without much hesitation.",True
301862,520940,"I ended up liking this more than I expected. The driving loop stayed satisfying, and it felt easy to settle into what the game was trying to do. I would easily suggest it to someone who likes this genre.",True
301862,585900,"I had a better time with this than I expected at first. The world was easy to get invested in, and it felt easy to settle into what the game was trying to do. I would easily suggest it to someone who likes this genre.",True
301863,493720,"I can see why this game has held onto a good reputation. The sense of progression worked well, and it felt easy to settle into what the game was trying to do. I would easily suggest it to someone who likes this genre.",True
301863,774461,"I ended up liking this more than I expected. It never felt too demanding to come back to, and it felt easy to settle into what the game was trying to do. I can see myself recommending it without much hesitation.",True
301864,639490,"I had a better time with this than I expected at first. The world was easy to get invested in, and it felt easy to settle into what the game was trying to do. I would point other people toward it.",True
301864,312990,"I had a better time with this than I expected at first. The pacing stayed lively, and it felt easy to settle into what the game was trying to do. I can see myself recommending it without much hesitation.",True
301865,504770,"This was a strong fit for what I wanted from the genre. The pacing stayed lively, and it felt easy to settle into what the game was trying to do. I would easily suggest it to someone who likes this genre.",True
301865,570940,"I can see why this game has held onto a good reputation. The moment-to-moment gameplay felt sharp, and it felt easy to settle into what the game was trying to do. I would easily suggest it to someone who likes this genre.",True
301866,433910,"This turned out to be an easy game to recommend. The moment-to-moment gameplay felt sharp, and it felt easy to settle into what the game was trying to do. I would easily suggest it to someone who likes this genre.",True
301866,351030,"I can see why this game has held onto a good reputation. It worked well in short sessions, and it felt easy to settle into what the game was trying to do. I would easily suggest it to someone who likes this genre.",True
301867,667600,"This turned out to be an easy game to recommend. The pacing stayed lively, and it felt easy to settle into what the game was trying to do. I can see myself recommending it without much hesitation.",True
301867,602320,"This was a strong fit for what I wanted from the genre. The sense of progression worked well, and it felt easy to settle into what the game was trying to do. I can see myself recommending it without much hesitation.",True
301868,220780,"I had a better time with this than I expected at first. It had a distinct style that made it memorable, and it felt easy to settle into what the game was trying to do. I would easily suggest it to someone who likes this genre.",True
301868,435790,"There is a solid game here, though it did not completely win me over. The moment-to-moment gameplay felt sharp, and it felt easy to settle into what the game was trying to do. I can understand the audience for it, even if I am not fully sold.",False
301869,221910,"I ended up liking this more than I expected. It kept me curious about what came next, and it felt easy to settle into what the game was trying to do. It does enough well that I would recommend it.",True
301869,346470,"This turned out to be an easy game to recommend. It was satisfying to settle into its systems, and it felt easy to settle into what the game was trying to do. I would easily suggest it to someone who likes this genre.",True
301870,384680,"I can see why this game has held onto a good reputation. It kept me curious about what came next, and it felt easy to settle into what the game was trying to do. I would easily suggest it to someone who likes this genre.",True
301870,506500,"This turned out to be an easy game to recommend. The pacing stayed lively, and it felt easy to settle into what the game was trying to do. I can see myself recommending it without much hesitation.",True
301871,226740,"I can see why this game has held onto a good reputation. The world was easy to get invested in, and it felt easy to settle into what the game was trying to do. I can see myself recommending it without much hesitation.",True
301871,477870,"I ended up liking this more than I expected. It kept me curious about what came next, and it felt easy to settle into what the game was trying to do. It does enough well that I would recommend it.",True
301872,312980,"I had a better time with this than I expected at first. It was satisfying to settle into its systems, and it felt easy to settle into what the game was trying to do. It does enough well that I would recommend it.",True
301872,575510,"I ended up liking this more than I expected. The world was easy to get invested in, and it felt easy to settle into what the game was trying to do. I would easily suggest it to someone who likes this genre.",True
301873,270050,"This turned out to be an easy game to recommend. The sense of progression worked well, and it felt easy to settle into what the game was trying to do. It does enough well that I would recommend it.",True
301873,544750,"I can see why this game has held onto a good reputation. The pacing stayed lively, and it felt easy to settle into what the game was trying to do. I can see myself recommending it without much hesitation.",True
301874,364360,"This turned out to be an easy game to recommend. The pacing stayed lively, and it felt easy to settle into what the game was trying to do. I would recommend it to the right player.",True
301874,286100,"This turned out to be an easy game to recommend. The moment-to-moment gameplay felt sharp, and it felt easy to settle into what the game was trying to do. It does enough well that I would recommend it.",True
301875,224760,"I had a better time with this than I expected at first. It had a distinct style that made it memorable, and it felt easy to settle into what the game was trying to do. I would easily suggest it to someone who likes this genre.",True
301875,251830,"I had a better time with this than I expected at first. It stayed engaging in shorter sessions, and it felt easy to settle into what the game was trying to do. I would easily suggest it to someone who likes this genre.",True
301876,690530,"I had a better time with this than I expected at first. The pacing stayed lively, and it felt easy to settle into what the game was trying to do. I would point other people toward it.",True
301876,391270,"I ended up liking this more than I expected. It kept me curious about what came next, and it felt easy to settle into what the game was trying to do. I would point other people toward it.",True
301877,65930,"I liked parts of this, though I do not think it works equally well for everyone. The moment-to-moment gameplay felt sharp, and it felt easy to settle into what the game was trying to do. I can understand the audience for it, even if I am not fully sold.",False
301877,418460,"I can see why this game has held onto a good reputation. It stayed engaging in shorter sessions, and it felt easy to settle into what the game was trying to do. I would recommend it to the right player.",True
301878,440650,"There is a solid game here, though it did not completely win me over. It did a lot with its own identity, and it felt easy to settle into what the game was trying to do. It is not for everyone, but I can still see the appeal.",False
301878,6510,"I had a better time with this than I expected at first. The pacing stayed lively, and it felt easy to settle into what the game was trying to do. I would easily suggest it to someone who likes this genre.",True
301879,6370,"I had a better time with this than I expected at first. The moment-to-moment gameplay felt sharp, and it felt easy to settle into what the game was trying to do. It does enough well that I would recommend it.",True
301879,626690,"This was a strong fit for what I wanted from the genre. It stayed engaging in shorter sessions, and it felt easy to settle into what the game was trying to do. I can see myself recommending it without much hesitation.",True
301880,208730,"I ended up liking this more than I expected. It stayed engaging in shorter sessions, and it felt easy to settle into what the game was trying to do. I would point other people toward it.",True
301880,967250,"I ended up liking this more than I expected. It stayed engaging in shorter sessions, and it felt easy to settle into what the game was trying to do. I would point other people toward it.",True
301881,612720,"I liked parts of this, though I do not think it works equally well for everyone. There is already a good foundation here, and it felt easy to settle into what the game was trying to do. I could still recommend it with the right expectations.",False
301881,743450,"I ended up liking this more than I expected. It felt like a small project with real personality, and it felt easy to settle into what the game was trying to do. I would easily suggest it to someone who likes this genre.",True
301882,516600,"This was a strong fit for what I wanted from the genre. It had a distinct style that made it memorable, and it felt easy to settle into what the game was trying to do. It does enough well that I would recommend it.",True
301882,1026820,"I can see why this game has held onto a good reputation. It was easy to pick up and enjoy, and it felt easy to settle into what the game was trying to do. I would point other people toward it.",True
301883,780210,"I ended up liking this more than I expected. It had a distinct style that made it memorable, and it felt easy to settle into what the game was trying to do. I would easily suggest it to someone who likes this genre.",True
301883,470310,"I ended up liking this more than I expected. It worked well in short sessions, and it felt easy to settle into what the game was trying to do. I would point other people toward it.",True
301884,12200,"This was a strong fit for what I wanted from the genre. The pacing stayed lively, and it felt easy to settle into what the game was trying to do. I would point other people toward it.",True
301884,646500,"I had a better time with this than I expected at first. It felt like a small project with real personality, and it felt easy to settle into what the game was trying to do. I would recommend it to the right player.",True
301885,610960,"I had a better time with this than I expected at first. The moment-to-moment gameplay felt sharp, and it felt easy to settle into what the game was trying to do. I can see myself recommending it without much hesitation.",True
301885,537340,"This has some clear strengths, even if it did not fully click for me. It stayed engaging in shorter sessions, and it felt easy to settle into what the game was trying to do. It is not for everyone, but I can still see the appeal.",False
301886,339400,"I can understand why people like this, but I felt mixed on parts of it. It worked well in short sessions, and it felt easy to settle into what the game was trying to do. There is enough here to like, even if I would be selective about recommending it.",False
301886,251730,"This turned out to be an easy game to recommend. It kept me curious about what came next, and it felt easy to settle into what the game was trying to do. I would easily suggest it to someone who likes this genre.",True
301887,1020340,"This was a strong fit for what I wanted from the genre. It stayed engaging in shorter sessions, and it felt easy to settle into what the game was trying to do. I would easily suggest it to someone who likes this genre.",True
301887,296470,"I can see why this game has held onto a good reputation. It felt like a small project with real personality, and it felt easy to settle into what the game was trying to do. I can see myself recommending it without much hesitation.",True
301888,63200,"I had a better time with this than I expected at first. The pacing stayed lively, and it felt easy to settle into what the game was trying to do. I would easily suggest it to someone who likes this genre.",True
301888,696370,"This was decent overall, but I still had a few reservations. It stayed engaging in shorter sessions, and it felt easy to settle into what the game was trying to do. It is not for everyone, but I can still see the appeal.",False
301889,231330,"I had a better time with this than I expected at first. It stayed engaging in shorter sessions, and it felt easy to settle into what the game was trying to do. It does enough well that I would recommend it.",True
301889,433950,"I had a better time with this than I expected at first. It stayed engaging in shorter sessions, and it felt easy to settle into what the game was trying to do. I would point other people toward it.",True
301890,394970,"This turned out to be an easy game to recommend. It stayed engaging in shorter sessions, and it felt easy to settle into what the game was trying to do. I can see myself recommending it without much hesitation.",True
301890,684410,"I ended up liking this more than I expected. The management side had a good rhythm, and it felt easy to settle into what the game was trying to do. I would easily suggest it to someone who likes this genre.",True
301891,620980,"I ended up liking this more than I expected. It had a distinct style that made it memorable, and it felt easy to settle into what the game was trying to do. I would easily suggest it to someone who likes this genre.",True
301891,741670,"I had a better time with this than I expected at first. The moment-to-moment gameplay felt sharp, and it felt easy to settle into what the game was trying to do. I would point other people toward it.",True
301892,279800,"This turned out to be an easy game to recommend. The world was easy to get invested in, and it felt easy to settle into what the game was trying to do. It does enough well that I would recommend it.",True
301892,724740,"This was a strong fit for what I wanted from the genre. It never felt too demanding to come back to, and it felt easy to settle into what the game was trying to do. I can see myself recommending it without much hesitation.",True
301893,886250,"This was a strong fit for what I wanted from the genre. It never felt too demanding to come back to, and it felt easy to settle into what the game was trying to do. I would point other people toward it.",True
301893,474210,"This was a strong fit for what I wanted from the genre. The pacing stayed lively, and it felt easy to settle into what the game was trying to do. I would recommend it to the right player.",True
301894,421040,"This turned out to be an easy game to recommend. It was easy to pick up and enjoy, and it felt easy to settle into what the game was trying to do. I can see myself recommending it without much hesitation.",True
301894,434730,"This was a strong fit for what I wanted from the genre. It stayed engaging in shorter sessions, and it felt easy to settle into what the game was trying to do. I would point other people toward it.",True
301895,286160,"I can see why this game has held onto a good reputation. It worked well in short sessions, and it felt easy to settle into what the game was trying to do. I would point other people toward it.",True
301895,393380,"This was a strong fit for what I wanted from the genre. The pacing stayed lively, and it felt easy to settle into what the game was trying to do. It does enough well that I would recommend it.",True
301896,268540,"I had a better time with this than I expected at first. The world was easy to get invested in, and it felt easy to settle into what the game was trying to do. I would point other people toward it.",True
301896,230070,"I ended up liking this more than I expected. It did a lot with its own identity, and it felt easy to settle into what the game was trying to do. It does enough well that I would recommend it.",True
301897,71240,"This was a strong fit for what I wanted from the genre. It rewarded patience more than I expected, and it felt easy to settle into what the game was trying to do. I would easily suggest it to someone who likes this genre.",True
301897,759740,"I can see why this game has held onto a good reputation. It was easy to jump in and start having fun, and it felt easy to settle into what the game was trying to do. I would recommend it to the right player.",True
301898,464920,"This was a strong fit for what I wanted from the genre. It had a clear identity, and it felt easy to settle into what the game was trying to do. I would recommend it to the right player.",True
301898,585890,"I can see why this game has held onto a good reputation. The world was easy to get invested in, and it felt easy to settle into what the game was trying to do. I can see myself recommending it without much hesitation.",True
301899,648100,"This turned out to be an easy game to recommend. The world was easy to get invested in, and it felt easy to settle into what the game was trying to do. I would recommend it to the right player.",True
301899,327510,"This turned out to be an easy game to recommend. It stayed engaging in shorter sessions, and it felt easy to settle into what the game was trying to do. I can see myself recommending it without much hesitation.",True
301900,855860,"I ended up liking this more than I expected. It stayed engaging in shorter sessions, and it felt easy to settle into what the game was trying to do. It does enough well that I would recommend it.",True
301900,720030,"This was a strong fit for what I wanted from the genre. It never felt too demanding to come back to, and it felt easy to settle into what the game was trying to do. I would easily suggest it to someone who likes this genre.",True
301901,466860,"I ended up liking this more than I expected. It felt like a small project with real personality, and it felt easy to settle into what the game was trying to do. I can see myself recommending it without much hesitation.",True
301901,839310,"This was a strong fit for what I wanted from the genre. It did a lot with its own identity, and it felt easy to settle into what the game was trying to do. I would recommend it to the right player.",True
301902,570840,"This turned out to be an easy game to recommend. The core loop worked better than I expected, and it felt easy to settle into what the game was trying to do. I would recommend it to the right player.",True
301902,493900,"This was a strong fit for what I wanted from the genre. It was satisfying to settle into its systems, and it felt easy to settle into what the game was trying to do. I can see myself recommending it without much hesitation.",True
301903,704450,"I can see why this game has held onto a good reputation. The progression systems kept me interested, and it felt easy to settle into what the game was trying to do. I can see myself recommending it without much hesitation.",True
301903,236110,"This was a strong fit for what I wanted from the genre. The moment-to-moment gameplay felt sharp, and it felt easy to settle into what the game was trying to do. I would easily suggest it to someone who likes this genre.",True
301904,754530,"This was decent overall, but I still had a few reservations. It rewarded patience more than I expected, and it felt easy to settle into what the game was trying to do. I can understand the audience for it, even if I am not fully sold.",False
301904,362490,"I ended up liking this more than I expected. It stayed engaging in shorter sessions, and it felt easy to settle into what the game was trying to do. I would easily suggest it to someone who likes this genre.",True
301905,7600,"This turned out to be an easy game to recommend. It rewarded planning in a satisfying way, and it felt easy to settle into what the game was trying to do. I would easily suggest it to someone who likes this genre.",True
301905,406550,"I ended up liking this more than I expected. It kept me curious about what came next, and it felt easy to settle into what the game was trying to do. I would easily suggest it to someone who likes this genre.",True
301906,301320,"I can see why this game has held onto a good reputation. It felt like a small project with real personality, and it felt easy to settle into what the game was trying to do. I would recommend it to the right player.",True
301906,467960,"This turned out to be an easy game to recommend. The world was easy to get invested in, and it felt easy to settle into what the game was trying to do. I can see myself recommending it without much hesitation.",True
301907,503560,"This turned out to be an easy game to recommend. It was easy to pick up and enjoy, and it felt easy to settle into what the game was trying to do. It does enough well that I would recommend it.",True
301907,560430,"I can see why this game has held onto a good reputation. The pacing stayed lively, and it felt easy to settle into what the game was trying to do. I would point other people toward it.",True
301908,384360,"I liked parts of this, though I do not think it works equally well for everyone. It was easy to pick up and enjoy, and it felt easy to settle into what the game was trying to do. I would only recommend it if the genre already appeals to you.",False
301908,297350,"This has some clear strengths, even if it did not fully click for me. It kept me curious about what came next, and it felt easy to settle into what the game was trying to do. I would only recommend it if the genre already appeals to you.",False
301909,343860,"I ended up liking this more than I expected. The world was easy to get invested in, and it felt easy to settle into what the game was trying to do. I would easily suggest it to someone who likes this genre.",True
301909,439190,"This turned out to be an easy game to recommend. It stayed engaging in shorter sessions, and it felt easy to settle into what the game was trying to do. It does enough well that I would recommend it.",True
301910,409660,"I can see why this game has held onto a good reputation. It stayed engaging in shorter sessions, and it felt easy to settle into what the game was trying to do. I would recommend it to the right player.",True
301910,341870,"This has some clear strengths, even if it did not fully click for me. The moment-to-moment gameplay felt sharp, and it felt easy to settle into what the game was trying to do. I could still recommend it with the right expectations.",False
301911,247370,"This turned out to be an easy game to recommend. The moment-to-moment gameplay felt sharp, and it felt easy to settle into what the game was trying to do. I would point other people toward it.",True
301911,287290,"I can see why this game has held onto a good reputation. It stayed engaging in shorter sessions, and it felt easy to settle into what the game was trying to do. I would easily suggest it to someone who likes this genre.",True
301912,111600,"I ended up liking this more than I expected. It stayed engaging in shorter sessions, and it felt easy to settle into what the game was trying to do. I can see myself recommending it without much hesitation.",True
301912,6800,"This was a strong fit for what I wanted from the genre. The moment-to-moment gameplay felt sharp, and it felt easy to settle into what the game was trying to do. I would recommend it to the right player.",True
301913,371200,"This turned out to be an easy game to recommend. It had a distinct style that made it memorable, and it felt easy to settle into what the game was trying to do. It does enough well that I would recommend it.",True
301913,798290,"This was a strong fit for what I wanted from the genre. It was easy to jump in and start having fun, and it felt easy to settle into what the game was trying to do. I would easily suggest it to someone who likes this genre.",True
301914,222640,"This was a strong fit for what I wanted from the genre. The world was easy to get invested in, and it felt easy to settle into what the game was trying to do. I would easily suggest it to someone who likes this genre.",True
301914,282070,"I ended up liking this more than I expected. It kept me curious about what came next, and it felt easy to settle into what the game was trying to do. It does enough well that I would recommend it.",True
301915,366320,"I ended up liking this more than I expected. The world was easy to get invested in, and it felt easy to settle into what the game was trying to do. It does enough well that I would recommend it.",True
301915,3540,"I had a better time with this than I expected at first. It was easy to pick up and enjoy, and it felt easy to settle into what the game was trying to do. I can see myself recommending it without much hesitation.",True
301916,665360,"I ended up liking this more than I expected. It was easy to pick up and enjoy, and it felt easy to settle into what the game was trying to do. I would point other people toward it.",True
301916,305620,"This turned out to be an easy game to recommend. The world was easy to get invested in, and it felt easy to settle into what the game was trying to do. I would point other people toward it.",True
301917,266210,"This turned out to be an easy game to recommend. It felt like a small project with real personality, and it felt easy to settle into what the game was trying to do. I would recommend it to the right player.",True
301917,787860,"This was a strong fit for what I wanted from the genre. The management side had a good rhythm, and it felt easy to settle into what the game was trying to do. It does enough well that I would recommend it.",True
301918,254700,"I had a better time with this than I expected at first. The moment-to-moment gameplay felt sharp, and it felt easy to settle into what the game was trying to do. It does enough well that I would recommend it.",True
301918,891510,"I had a better time with this than I expected at first. It was easy to pick up and enjoy, and it felt easy to settle into what the game was trying to do. I would easily suggest it to someone who likes this genre.",True
301919,434000,"I ended up liking this more than I expected. The sense of progression worked well, and it felt easy to settle into what the game was trying to do. I can see myself recommending it without much hesitation.",True
301919,223810,"I can see why this game has held onto a good reputation. It stayed engaging in shorter sessions, and it felt easy to settle into what the game was trying to do. I would point other people toward it.",True
301920,805550,"I ended up liking this more than I expected. The core mechanics were strong enough to carry it, and it felt easy to settle into what the game was trying to do. I would recommend it to the right player.",True
301920,718590,"I had a better time with this than I expected at first. The moment-to-moment gameplay felt sharp, and it felt easy to settle into what the game was trying to do. It does enough well that I would recommend it.",True
301921,666220,"I had a better time with this than I expected at first. The pacing stayed lively, and it felt easy to settle into what the game was trying to do. It does enough well that I would recommend it.",True
301921,15390,"I had a better time with this than I expected at first. It stayed engaging in shorter sessions, and it felt easy to settle into what the game was trying to do. I can see myself recommending it without much hesitation.",True
301922,552440,"This turned out to be an easy game to recommend. It stayed engaging in shorter sessions, and it felt easy to settle into what the game was trying to do. I can see myself recommending it without much hesitation.",True
301922,934840,"I can see why this game has held onto a good reputation. The pacing stayed lively, and it felt easy to settle into what the game was trying to do. It does enough well that I would recommend it.",True
301923,377840,"I can see why this game has held onto a good reputation. The progression systems kept me interested, and it felt easy to settle into what the game was trying to do. I would easily suggest it to someone who likes this genre.",True
301923,258970,"I can see why this game has held onto a good reputation. The moment-to-moment gameplay felt sharp, and it felt easy to settle into what the game was trying to do. It does enough well that I would recommend it.",True
301924,527100,"I ended up liking this more than I expected. It never felt too demanding to come back to, and it felt easy to settle into what the game was trying to do. It does enough well that I would recommend it.",True
301924,790820,"This was a strong fit for what I wanted from the genre. The moment-to-moment gameplay felt sharp, and it felt easy to settle into what the game was trying to do. It does enough well that I would recommend it.",True
301925,34190,"This was a strong fit for what I wanted from the genre. The core mechanics were strong enough to carry it, and it felt easy to settle into what the game was trying to do. I would easily suggest it to someone who likes this genre.",True
301925,609150,"I can see why this game has held onto a good reputation. The pacing stayed lively, and it felt easy to settle into what the game was trying to do. It does enough well that I would recommend it.",True
301926,225000,"I liked parts of this, though I do not think it works equally well for everyone. The moment-to-moment gameplay felt sharp, and it felt easy to settle into what the game was trying to do. It is not for everyone, but I can still see the appeal.",False
301926,204880,"I can see why this game has held onto a good reputation. It stayed engaging in shorter sessions, and it felt easy to settle into what the game was trying to do. I would point other people toward it.",True
301927,959080,"This was a strong fit for what I wanted from the genre. The moment-to-moment gameplay felt sharp, and it felt easy to settle into what the game was trying to do. I would point other people toward it.",True
301927,223830,"I had a better time with this than I expected at first. It had a distinct style that made it memorable, and it felt easy to settle into what the game was trying to do. I would recommend it to the right player.",True
301928,638160,"This turned out to be an easy game to recommend. The sense of progression worked well, and it felt easy to settle into what the game was trying to do. I would easily suggest it to someone who likes this genre.",True
301928,327030,"I can see why this game has held onto a good reputation. It stayed engaging in shorter sessions, and it felt easy to settle into what the game was trying to do. It does enough well that I would recommend it.",True
301929,347600,"This was a strong fit for what I wanted from the genre. The moment-to-moment gameplay felt sharp, and it felt easy to settle into what the game was trying to do. I would point other people toward it.",True
301929,579020,"I can see why this game has held onto a good reputation. It was satisfying to settle into its systems, and it felt easy to settle into what the game was trying to do. I would point other people toward it.",True
301930,270450,"I can see why this game has held onto a good reputation. It stayed engaging in shorter sessions, and it felt easy to settle into what the game was trying to do. I can see myself recommending it without much hesitation.",True
301930,943380,"I ended up liking this more than I expected. The pacing stayed lively, and it felt easy to settle into what the game was trying to do. I would recommend it to the right player.",True
301931,313690,"I can see why this game has held onto a good reputation. The pacing stayed lively, and it felt easy to settle into what the game was trying to do. I would recommend it to the right player.",True
301931,851100,"This was a strong fit for what I wanted from the genre. The moment-to-moment gameplay felt sharp, and it felt easy to settle into what the game was trying to do. I would point other people toward it.",True
301932,45740,"I can see why this game has held onto a good reputation. The moment-to-moment gameplay felt sharp, and it felt easy to settle into what the game was trying to do. It does enough well that I would recommend it.",True
301932,95700,"I can see why this game has held onto a good reputation. It had a clear identity, and it felt easy to settle into what the game was trying to do. It does enough well that I would recommend it.",True
301933,15210,"This was a strong fit for what I wanted from the genre. It rewarded patience more than I expected, and it felt easy to settle into what the game was trying to do. I would recommend it to the right player.",True
301933,445220,"I can see why this game has held onto a good reputation. It stayed engaging in shorter sessions, and it felt easy to settle into what the game was trying to do. It does enough well that I would recommend it.",True
301934,238010,"I ended up liking this more than I expected. The pacing stayed lively, and it felt easy to settle into what the game was trying to do. I can see myself recommending it without much hesitation.",True
301934,268750,"This was a strong fit for what I wanted from the genre. The pacing stayed lively, and it felt easy to settle into what the game was trying to do. I would point other people toward it.",True
301935,2320,"I ended up liking this more than I expected. The moment-to-moment gameplay felt sharp, and it felt easy to settle into what the game was trying to do. I would easily suggest it to someone who likes this genre.",True
301935,290300,"I ended up liking this more than I expected. The moment-to-moment gameplay felt sharp, and it felt easy to settle into what the game was trying to do. I would easily suggest it to someone who likes this genre.",True
301936,46250,"I had a better time with this than I expected at first. The moment-to-moment gameplay felt sharp, and it felt easy to settle into what the game was trying to do. It does enough well that I would recommend it.",True
301936,823130,"I had a better time with this than I expected at first. The pacing stayed lively, and it felt easy to settle into what the game was trying to do. I would easily suggest it to someone who likes this genre.",True
301937,863570,"I had a better time with this than I expected at first. The world was easy to get invested in, and it felt easy to settle into what the game was trying to do. I would point other people toward it.",True
301937,936780,"I had a better time with this than I expected at first. The moment-to-moment gameplay felt sharp, and it felt easy to settle into what the game was trying to do. It does enough well that I would recommend it.",True
301938,33600,"I had a better time with this than I expected at first. The world was easy to get invested in, and it felt easy to settle into what the game was trying to do. I would recommend it to the right player.",True
301938,223470,"I had a better time with this than I expected at first. The moment-to-moment gameplay felt sharp, and it felt easy to settle into what the game was trying to do. I would point other people toward it.",True
301939,343100,"I liked parts of this, though I do not think it works equally well for everyone. The moment-to-moment gameplay felt sharp, and it felt easy to settle into what the game was trying to do. I can understand the audience for it, even if I am not fully sold.",False
301939,55110,"This turned out to be an easy game to recommend. The moment-to-moment gameplay felt sharp, and it felt easy to settle into what the game was trying to do. I can see myself recommending it without much hesitation.",True
301940,453480,"I liked parts of this, though I do not think it works equally well for everyone. The core loop worked better than I expected, and it felt easy to settle into what the game was trying to do. I would only recommend it if the genre already appeals to you.",False
301940,107200,"This turned out to be an easy game to recommend. The pacing stayed lively, and it felt easy to settle into what the game was trying to do. It does enough well that I would recommend it.",True
301941,245450,"I had a better time with this than I expected at first. The world was easy to get invested in, and it felt easy to settle into what the game was trying to do. I would easily suggest it to someone who likes this genre.",True
301941,518030,"I can see why this game has held onto a good reputation. The pacing stayed lively, and it felt easy to settle into what the game was trying to do. I can see myself recommending it without much hesitation.",True
301942,326410,"This was a strong fit for what I wanted from the genre. The pacing stayed lively, and it felt easy to settle into what the game was trying to do. It does enough well that I would recommend it.",True
301942,6310,"I ended up liking this more than I expected. The moment-to-moment gameplay felt sharp, and it felt easy to settle into what the game was trying to do. I would recommend it to the right player.",True
301943,638000,"I liked parts of this, though I do not think it works equally well for everyone. It worked well in short sessions, and it felt easy to settle into what the game was trying to do. There is enough here to like, even if I would be selective about recommending it.",False
301943,262410,"I had a better time with this than I expected at first. It stayed engaging in shorter sessions, and it felt easy to settle into what the game was trying to do. I would easily suggest it to someone who likes this genre.",True
301944,285310,"I ended up liking this more than I expected. It was satisfying to settle into its systems, and it felt easy to settle into what the game was trying to do. It does enough well that I would recommend it.",True
301944,511470,"I can see why this game has held onto a good reputation. It never felt too demanding to come back to, and it felt easy to settle into what the game was trying to do. I can see myself recommending it without much hesitation.",True
301945,356520,"This turned out to be an easy game to recommend. It kept me curious about what came next, and it felt easy to settle into what the game was trying to do. I would point other people toward it.",True
301945,501320,"This was a strong fit for what I wanted from the genre. It felt like a small project with real personality, and it felt easy to settle into what the game was trying to do. It does enough well that I would recommend it.",True
301946,758980,"This was a strong fit for what I wanted from the genre. It worked well in short sessions, and it felt easy to settle into what the game was trying to do. I can see myself recommending it without much hesitation.",True
301946,484900,"This was a strong fit for what I wanted from the genre. It had a distinct style that made it memorable, and it felt easy to settle into what the game was trying to do. I would easily suggest it to someone who likes this genre.",True
301947,728880,"This turned out to be an easy game to recommend. The moment-to-moment gameplay felt sharp, and it felt easy to settle into what the game was trying to do. I would easily suggest it to someone who likes this genre.",True
301947,447890,"This turned out to be an easy game to recommend. It stayed engaging in shorter sessions, and it felt easy to settle into what the game was trying to do. I can see myself recommending it without much hesitation.",True
301948,384570,"I can see why this game has held onto a good reputation. The pacing stayed lively, and it felt easy to settle into what the game was trying to do. I would easily suggest it to someone who likes this genre.",True
301948,530390,"I can understand why people like this, but I felt mixed on parts of it. It worked well in short sessions, and it felt easy to settle into what the game was trying to do. I could still recommend it with the right expectations.",False
301949,743640,"I had a better time with this than I expected at first. It stayed engaging in shorter sessions, and it felt easy to settle into what the game was trying to do. It does enough well that I would recommend it.",True
301949,722180,"This was a strong fit for what I wanted from the genre. It stayed engaging in shorter sessions, and it felt easy to settle into what the game was trying to do. I would point other people toward it.",True
301950,837610,"I had a better time with this than I expected at first. The world was easy to get invested in, and it felt easy to settle into what the game was trying to do. I can see myself recommending it without much hesitation.",True
301950,688060,"I ended up liking this more than I expected. It had a distinct style that made it memorable, and it felt easy to settle into what the game was trying to do. I would recommend it to the right player.",True
301951,269490,"I ended up liking this more than I expected. The moment-to-moment gameplay felt sharp, and it felt easy to settle into what the game was trying to do. It does enough well that I would recommend it.",True
301951,48950,"I ended up liking this more than I expected. The decisions felt meaningful more often than not, and it felt easy to settle into what the game was trying to do. I can see myself recommending it without much hesitation.",True
301952,2210,"This was a strong fit for what I wanted from the genre. The pacing stayed lively, and it felt easy to settle into what the game was trying to do. I would recommend it to the right player.",True
301952,287260,"There is a solid game here, though it did not completely win me over. The driving loop stayed satisfying, and it felt easy to settle into what the game was trying to do. There is enough here to like, even if I would be selective about recommending it.",False
301953,13600,"I had a better time with this than I expected at first. It stayed engaging in shorter sessions, and it felt easy to settle into what the game was trying to do. I would recommend it to the right player.",True
301953,744900,"This was a strong fit for what I wanted from the genre. The moment-to-moment gameplay felt sharp, and it felt easy to settle into what the game was trying to do. I would easily suggest it to someone who likes this genre.",True
301954,962400,"I can see why this game has held onto a good reputation. The world was easy to get invested in, and it felt easy to settle into what the game was trying to do. I would recommend it to the right player.",True
301954,306020,"I had a better time with this than I expected at first. It stayed engaging in shorter sessions, and it felt easy to settle into what the game was trying to do. I would easily suggest it to someone who likes this genre.",True
301955,274250,"This was a strong fit for what I wanted from the genre. It had a distinct style that made it memorable, and it felt easy to settle into what the game was trying to do. I would point other people toward it.",True
301955,735570,"This was a strong fit for what I wanted from the genre. The moment-to-moment gameplay felt sharp, and it felt easy to settle into what the game was trying to do. I would recommend it to the right player.",True
301956,13570,"I had a better time with this than I expected at first. The moment-to-moment gameplay felt sharp, and it felt easy to settle into what the game was trying to do. I can see myself recommending it without much hesitation.",True
301956,929670,"I ended up liking this more than I expected. The moment-to-moment gameplay felt sharp, and it felt easy to settle into what the game was trying to do. I would recommend it to the right player.",True
301957,337340,"I ended up liking this more than I expected. It kept me curious about what came next, and it felt easy to settle into what the game was trying to do. I would recommend it to the right player.",True
301957,533780,"I ended up liking this more than I expected. It stayed engaging in shorter sessions, and it felt easy to settle into what the game was trying to do. I would easily suggest it to someone who likes this genre.",True
301958,255300,"I can see why this game has held onto a good reputation. The sense of progression worked well, and it felt easy to settle into what the game was trying to do. I can see myself recommending it without much hesitation.",True
301958,61500,"This was a strong fit for what I wanted from the genre. Building out a character felt rewarding, and it felt easy to settle into what the game was trying to do. I would easily suggest it to someone who likes this genre.",True
301959,254300,"I liked parts of this, though I do not think it works equally well for everyone. The sense of progression worked well, and it felt easy to settle into what the game was trying to do. I can understand the audience for it, even if I am not fully sold.",False
301959,636150,"I can see why this game has held onto a good reputation. The moment-to-moment gameplay felt sharp, and it felt easy to settle into what the game was trying to do. I can see myself recommending it without much hesitation.",True
301960,457010,"I ended up liking this more than I expected. It stayed engaging in shorter sessions, and it felt easy to settle into what the game was trying to do. I can see myself recommending it without much hesitation.",True
301960,341310,"I had a better time with this than I expected at first. The world was easy to get invested in, and it felt easy to settle into what the game was trying to do. I would recommend it to the right player.",True
301961,557600,"I had a better time with this than I expected at first. The sense of progression worked well, and it felt easy to settle into what the game was trying to do. It does enough well that I would recommend it.",True
301961,22100,"I can see why this game has held onto a good reputation. It did a lot with its own identity, and it felt easy to settle into what the game was trying to do. I would easily suggest it to someone who likes this genre.",True
301962,351860,"I had a better time with this than I expected at first. It rewarded planning in a satisfying way, and it felt easy to settle into what the game was trying to do. I would point other people toward it.",True
301962,599390,"I had a better time with this than I expected at first. It had a clear identity, and it felt easy to settle into what the game was trying to do. I would easily suggest it to someone who likes this genre.",True
301963,311290,"I ended up liking this more than I expected. It gave me enough room to approach things my own way, and it felt easy to settle into what the game was trying to do. I would easily suggest it to someone who likes this genre.",True
301963,383270,"I ended up liking this more than I expected. The world was easy to get invested in, and it felt easy to settle into what the game was trying to do. I would point other people toward it.",True
301964,371660,"This was a strong fit for what I wanted from the genre. It stayed engaging in shorter sessions, and it felt easy to settle into what the game was trying to do. I would recommend it to the right player.",True
301964,436670,"I can see why this game has held onto a good reputation. The progression systems kept me interested, and it felt easy to settle into what the game was trying to do. I would easily suggest it to someone who likes this genre.",True
301965,828070,"I had a better time with this than I expected at first. The world was easy to get invested in, and it felt easy to settle into what the game was trying to do. I would point other people toward it.",True
301965,879510,"I had a better time with this than I expected at first. It kept me curious about what came next, and it felt easy to settle into what the game was trying to do. I would easily suggest it to someone who likes this genre.",True
301966,207080,"This was a strong fit for what I wanted from the genre. It did a lot with its own identity, and it felt easy to settle into what the game was trying to do. I would recommend it to the right player.",True
301966,204180,"This was a strong fit for what I wanted from the genre. It kept me curious about what came next, and it felt easy to settle into what the game was trying to do. I can see myself recommending it without much hesitation.",True
301967,682130,"I can see why this game has held onto a good reputation. It had a clear identity, and it felt easy to settle into what the game was trying to do. I would recommend it to the right player.",True
301967,263740,"This was a strong fit for what I wanted from the genre. The pacing stayed lively, and it felt easy to settle into what the game was trying to do. I would recommend it to the right player.",True
301968,396800,"I ended up liking this more than I expected. It worked well in short sessions, and it felt easy to settle into what the game was trying to do. I would point other people toward it.",True
301968,2500,"This was a strong fit for what I wanted from the genre. The pacing stayed lively, and it felt easy to settle into what the game was trying to do. I can see myself recommending it without much hesitation.",True
301969,207490,"This was a strong fit for what I wanted from the genre. It stayed engaging in shorter sessions, and it felt easy to settle into what the game was trying to do. It does enough well that I would recommend it.",True
301969,368430,"I had a better time with this than I expected at first. The sense of progression worked well, and it felt easy to settle into what the game was trying to do. I would recommend it to the right player.",True
301970,39800,"This was a strong fit for what I wanted from the genre. The pacing stayed lively, and it felt easy to settle into what the game was trying to do. I can see myself recommending it without much hesitation.",True
301970,261510,"This was a strong fit for what I wanted from the genre. The world was easy to get invested in, and it felt easy to settle into what the game was trying to do. I would point other people toward it.",True
301971,327670,"This turned out to be an easy game to recommend. It felt like a small project with real personality, and it felt easy to settle into what the game was trying to do. It does enough well that I would recommend it.",True
301971,233270,"This has some clear strengths, even if it did not fully click for me. It stayed engaging in shorter sessions, and it felt easy to settle into what the game was trying to do. I would only recommend it if the genre already appeals to you.",False
301972,500810,"This turned out to be an easy game to recommend. It gave me enough room to approach things my own way, and it felt easy to settle into what the game was trying to do. It does enough well that I would recommend it.",True
301972,571530,"I can see why this game has held onto a good reputation. It stayed engaging in shorter sessions, and it felt easy to settle into what the game was trying to do. I would easily suggest it to someone who likes this genre.",True
301973,263560,"I had a better time with this than I expected at first. The sense of progression worked well, and it felt easy to settle into what the game was trying to do. I would point other people toward it.",True
301973,406150,"This was a strong fit for what I wanted from the genre. The sense of progression worked well, and it felt easy to settle into what the game was trying to do. I would point other people toward it.",True
301974,207690,"I can see why this game has held onto a good reputation. The sense of progression worked well, and it felt easy to settle into what the game was trying to do. I would easily suggest it to someone who likes this genre.",True
301974,527230,"I can see why this game has held onto a good reputation. The world was easy to get invested in, and it felt easy to settle into what the game was trying to do. I would point other people toward it.",True
301975,41900,"This was a strong fit for what I wanted from the genre. The pacing stayed lively, and it felt easy to settle into what the game was trying to do. I would recommend it to the right player.",True
301975,298110,"I ended up liking this more than I expected. The pacing stayed lively, and it felt easy to settle into what the game was trying to do. It does enough well that I would recommend it.",True
301976,228360,"I can see why this game has held onto a good reputation. The world was easy to get invested in, and it felt easy to settle into what the game was trying to do. I would point other people toward it.",True
301976,795100,"I ended up liking this more than I expected. It never felt too demanding to come back to, and it felt easy to settle into what the game was trying to do. I can see myself recommending it without much hesitation.",True
301977,465520,"This turned out to be an easy game to recommend. It kept me curious about what came next, and it felt easy to settle into what the game was trying to do. I can see myself recommending it without much hesitation.",True
301977,270150,"This was a strong fit for what I wanted from the genre. It stayed engaging in shorter sessions, and it felt easy to settle into what the game was trying to do. I can see myself recommending it without much hesitation.",True
301978,457210,"I ended up liking this more than I expected. The pacing stayed lively, and it felt easy to settle into what the game was trying to do. I would point other people toward it.",True
301978,42700,"I can see why this game has held onto a good reputation. The moment-to-moment gameplay felt sharp, and it felt easy to settle into what the game was trying to do. I would easily suggest it to someone who likes this genre.",True
301979,597840,"This turned out to be an easy game to recommend. It had a clear identity, and it felt easy to settle into what the game was trying to do. I would point other people toward it.",True
301979,289070,"This turned out to be an easy game to recommend. The systems gave me enough to think about, and it felt easy to settle into what the game was trying to do. I would recommend it to the right player.",True
301980,404620,"I had a better time with this than I expected at first. It was easy to pick up and enjoy, and it felt easy to settle into what the game was trying to do. It does enough well that I would recommend it.",True
301980,233740,"I ended up liking this more than I expected. It did a lot with its own identity, and it felt easy to settle into what the game was trying to do. I can see myself recommending it without much hesitation.",True
301981,636100,"I can see why this game has held onto a good reputation. The pacing stayed lively, and it felt easy to settle into what the game was trying to do. It does enough well that I would recommend it.",True
301981,91700,"I liked parts of this, though I do not think it works equally well for everyone. The moment-to-moment gameplay felt sharp, and it felt easy to settle into what the game was trying to do. I can understand the audience for it, even if I am not fully sold.",False
301982,373770,"I had a better time with this than I expected at first. It had a distinct style that made it memorable, and it felt easy to settle into what the game was trying to do. I would recommend it to the right player.",True
301982,627270,"I had a better time with this than I expected at first. The moment-to-moment gameplay felt sharp, and it felt easy to settle into what the game was trying to do. I would recommend it to the right player.",True
301983,466170,"This was a strong fit for what I wanted from the genre. It was easy to pick up and enjoy, and it felt easy to settle into what the game was trying to do. I would easily suggest it to someone who likes this genre.",True
301983,505170,"This turned out to be an easy game to recommend. The moment-to-moment gameplay felt sharp, and it felt easy to settle into what the game was trying to do. I would easily suggest it to someone who likes this genre.",True
301984,212500,"I can see why this game has held onto a good reputation. The pacing stayed lively, and it felt easy to settle into what the game was trying to do. I can see myself recommending it without much hesitation.",True
301984,516510,"I ended up liking this more than I expected. The moment-to-moment gameplay felt sharp, and it felt easy to settle into what the game was trying to do. I can see myself recommending it without much hesitation.",True
301985,603850,"I had a better time with this than I expected at first. It rewarded planning in a satisfying way, and it felt easy to settle into what the game was trying to do. I can see myself recommending it without much hesitation.",True
301985,58570,"I had a better time with this than I expected at first. It kept me curious about what came next, and it felt easy to settle into what the game was trying to do. It does enough well that I would recommend it.",True
301986,329970,"I ended up liking this more than I expected. Building out a character felt rewarding, and it felt easy to settle into what the game was trying to do. It does enough well that I would recommend it.",True
301986,220820,"I ended up liking this more than I expected. It stayed engaging in shorter sessions, and it felt easy to settle into what the game was trying to do. It does enough well that I would recommend it.",True
301987,619500,"I ended up liking this more than I expected. The sense of progression worked well, and it felt easy to settle into what the game was trying to do. I would point other people toward it.",True
301987,992070,"This was a strong fit for what I wanted from the genre. It was easy to pick up and enjoy, and it felt easy to settle into what the game was trying to do. I would easily suggest it to someone who likes this genre.",True
301988,342580,"This turned out to be an easy game to recommend. It never felt too demanding to come back to, and it felt easy to settle into what the game was trying to do. I can see myself recommending it without much hesitation.",True
301988,314230,"This was a strong fit for what I wanted from the genre. The moment-to-moment gameplay felt sharp, and it felt easy to settle into what the game was trying to do. It does enough well that I would recommend it.",True
301989,471660,"I can see why this game has held onto a good reputation. The management side had a good rhythm, and it felt easy to settle into what the game was trying to do. I would point other people toward it.",True
301989,15740,"I can see why this game has held onto a good reputation. The moment-to-moment gameplay felt sharp, and it felt easy to settle into what the game was trying to do. I would point other people toward it.",True
301990,722960,"I can see why this game has held onto a good reputation. The pacing stayed lively, and it felt easy to settle into what the game was trying to do. I would point other people toward it.",True
301990,22300,"This was a strong fit for what I wanted from the genre. Building out a character felt rewarding, and it felt easy to settle into what the game was trying to do. I would point other people toward it.",True
301991,317820,"I ended up liking this more than I expected. It felt like a small project with real personality, and it felt easy to settle into what the game was trying to do. I can see myself recommending it without much hesitation.",True
301991,788270,"I had a better time with this than I expected at first. The moment-to-moment gameplay felt sharp, and it felt easy to settle into what the game was trying to do. I would point other people toward it.",True
301992,442500,"I ended up liking this more than I expected. It was easy to pick up and enjoy, and it felt easy to settle into what the game was trying to do. It does enough well that I would recommend it.",True
301992,335190,"I had a better time with this than I expected at first. It kept me curious about what came next, and it felt easy to settle into what the game was trying to do. I would point other people toward it.",True
301993,17440,"I can see why this game has held onto a good reputation. The management side had a good rhythm, and it felt easy to settle into what the game was trying to do. I can see myself recommending it without much hesitation.",True
301993,204340,"I had a better time with this than I expected at first. It stayed engaging in shorter sessions, and it felt easy to settle into what the game was trying to do. I would easily suggest it to someone who likes this genre.",True
301994,313340,"I ended up liking this more than I expected. It never felt too demanding to come back to, and it felt easy to settle into what the game was trying to do. It does enough well that I would recommend it.",True
301994,425670,"I can see why this game has held onto a good reputation. The pacing stayed lively, and it felt easy to settle into what the game was trying to do. I would point other people toward it.",True
301995,339040,"I can see why this game has held onto a good reputation. The pacing stayed lively, and it felt easy to settle into what the game was trying to do. I can see myself recommending it without much hesitation.",True
301995,599140,"I can see why this game has held onto a good reputation. The sense of progression worked well, and it felt easy to settle into what the game was trying to do. I would easily suggest it to someone who likes this genre.",True
301996,1200,"This turned out to be an easy game to recommend. The moment-to-moment gameplay felt sharp, and it felt easy to settle into what the game was trying to do. I would recommend it to the right player.",True
301996,24420,"I ended up liking this more than I expected. It felt like a small project with real personality, and it felt easy to settle into what the game was trying to do. I would easily suggest it to someone who likes this genre.",True
301997,321360,"This was a strong fit for what I wanted from the genre. It stayed engaging in shorter sessions, and it felt easy to settle into what the game was trying to do. I can see myself recommending it without much hesitation.",True
301997,251150,"I had a better time with this than I expected at first. Building out a character felt rewarding, and it felt easy to settle into what the game was trying to do. I would recommend it to the right player.",True
301998,416210,"This turned out to be an easy game to recommend. It felt like a small project with real personality, and it felt easy to settle into what the game was trying to do. I would point other people toward it.",True
301998,794580,"I had a better time with this than I expected at first. The moment-to-moment gameplay felt sharp, and it felt easy to settle into what the game was trying to do. I can see myself recommending it without much hesitation.",True
301999,688130,"This was a strong fit for what I wanted from the genre. The moment-to-moment gameplay felt sharp, and it felt easy to settle into what the game was trying to do. I would point other people toward it.",True
301999,39140,"There is a solid game here, though it did not completely win me over. The core loop worked better than I expected, and it felt easy to settle into what the game was trying to do. It is not for everyone, but I can still see the appeal.",False
302000,899970,"I ended up liking this more than I expected. It was easy to pick up and enjoy, and it felt easy to settle into what the game was trying to do. I would recommend it to the right player.",True
302000,519140,"I ended up liking this more than I expected. It stayed engaging in shorter sessions, and it felt easy to settle into what the game was trying to do. I can see myself recommending it without much hesitation.",True
302001,240720,"I had a better time with this than I expected at first. The pacing stayed lively, and it felt easy to settle into what the game was trying to do. I can see myself recommending it without much hesitation.",True
302001,352890,"This was a strong fit for what I wanted from the genre. The world was easy to get invested in, and it felt easy to settle into what the game was trying to do. It does enough well that I would recommend it.",True
302002,351970,"This turned out to be an easy game to recommend. It gave me enough room to approach things my own way, and it felt easy to settle into what the game was trying to do. I would recommend it to the right player.",True
302002,250380,"I ended up liking this more than I expected. The world was easy to get invested in, and it felt easy to settle into what the game was trying to do. It does enough well that I would recommend it.",True
302003,350970,"I had a better time with this than I expected at first. It stayed engaging in shorter sessions, and it felt easy to settle into what the game was trying to do. It does enough well that I would recommend it.",True
302003,226100,"I had a better time with this than I expected at first. The pacing stayed lively, and it felt easy to settle into what the game was trying to do. It does enough well that I would recommend it.",True
302004,13540,"This turned out to be an easy game to recommend. It stayed engaging in shorter sessions, and it felt easy to settle into what the game was trying to do. It does enough well that I would recommend it.",True
302004,855860,"I can see why this game has held onto a good reputation. The pacing stayed lively, and it felt easy to settle into what the game was trying to do. It does enough well that I would recommend it.",True
302005,9480,"I had a better time with this than I expected at first. The pacing stayed lively, and it felt easy to settle into what the game was trying to do. I would recommend it to the right player.",True
302005,611160,"I ended up liking this more than I expected. It stayed engaging in shorter sessions, and it felt easy to settle into what the game was trying to do. I would recommend it to the right player.",True
302006,362490,"I can see why this game has held onto a good reputation. The moment-to-moment gameplay felt sharp, and it felt easy to settle into what the game was trying to do. I would easily suggest it to someone who likes this genre.",True
302006,289300,"This turned out to be an easy game to recommend. The moment-to-moment gameplay felt sharp, and it felt easy to settle into what the game was trying to do. I would recommend it to the right player.",True
302007,314970,"I can see why this game has held onto a good reputation. It had a clear identity, and it felt easy to settle into what the game was trying to do. I would recommend it to the right player.",True
302007,524220,"I can see why this game has held onto a good reputation. The moment-to-moment gameplay felt sharp, and it felt easy to settle into what the game was trying to do. It does enough well that I would recommend it.",True
302008,830820,"I had a better time with this than I expected at first. The moment-to-moment gameplay felt sharp, and it felt easy to settle into what the game was trying to do. It does enough well that I would recommend it.",True
302008,798510,"This turned out to be an easy game to recommend. The decisions felt meaningful more often than not, and it felt easy to settle into what the game was trying to do. I would point other people toward it.",True
302009,463210,"I ended up liking this more than I expected. The pacing stayed lively, and it felt easy to settle into what the game was trying to do. It does enough well that I would recommend it.",True
302009,415030,"This turned out to be an easy game to recommend. The pacing stayed lively, and it felt easy to settle into what the game was trying to do. I would point other people toward it.",True
302010,388210,"I had a better time with this than I expected at first. The sense of progression worked well, and it felt easy to settle into what the game was trying to do. I would recommend it to the right player.",True
302010,270630,"I ended up liking this more than I expected. It stayed engaging in shorter sessions, and it felt easy to settle into what the game was trying to do. It does enough well that I would recommend it.",True
302011,822930,"This was a strong fit for what I wanted from the genre. It was easy to pick up and enjoy, and it felt easy to settle into what the game was trying to do. I would point other people toward it.",True
302011,632350,"I can see why this game has held onto a good reputation. It gave me enough room to approach things my own way, and it felt easy to settle into what the game was trying to do. I would recommend it to the right player.",True
302012,221100,"This turned out to be an easy game to recommend. The moment-to-moment gameplay felt sharp, and it felt easy to settle into what the game was trying to do. I would recommend it to the right player.",True
302012,34820,"I ended up liking this more than I expected. The management side had a good rhythm, and it felt easy to settle into what the game was trying to do. It does enough well that I would recommend it.",True
302013,39210,"This was a strong fit for what I wanted from the genre. There was enough going on to stay invested over time, and it felt easy to settle into what the game was trying to do. I would recommend it to the right player.",True
302013,673750,"I ended up liking this more than I expected. The pacing stayed lively, and it felt easy to settle into what the game was trying to do. I would easily suggest it to someone who likes this genre.",True
302014,247140,"I had a better time with this than I expected at first. The moment-to-moment gameplay felt sharp, and it felt easy to settle into what the game was trying to do. It does enough well that I would recommend it.",True
302014,747340,"This was a strong fit for what I wanted from the genre. It stayed engaging in shorter sessions, and it felt easy to settle into what the game was trying to do. It does enough well that I would recommend it.",True
302015,347600,"I can see why this game has held onto a good reputation. The moment-to-moment gameplay felt sharp, and it felt easy to settle into what the game was trying to do. It does enough well that I would recommend it.",True
302015,415350,"This was a strong fit for what I wanted from the genre. It stayed engaging in shorter sessions, and it felt easy to settle into what the game was trying to do. It does enough well that I would recommend it.",True
302016,250760,"I had a better time with this than I expected at first. It stayed engaging in shorter sessions, and it felt easy to settle into what the game was trying to do. I would point other people toward it.",True
302016,818320,"I ended up liking this more than I expected. The moment-to-moment gameplay felt sharp, and it felt easy to settle into what the game was trying to do. It does enough well that I would recommend it.",True
302017,485040,"I ended up liking this more than I expected. It kept me curious about what came next, and it felt easy to settle into what the game was trying to do. I would recommend it to the right player.",True
302017,589290,"I can see why this game has held onto a good reputation. The moment-to-moment gameplay felt sharp, and it felt easy to settle into what the game was trying to do. I would recommend it to the right player.",True
302018,528660,"I can see why this game has held onto a good reputation. The pacing stayed lively, and it felt easy to settle into what the game was trying to do. I would point other people toward it.",True
302018,954870,"This turned out to be an easy game to recommend. The pacing stayed lively, and it felt easy to settle into what the game was trying to do. I would point other people toward it.",True
302019,3170,"I ended up liking this more than I expected. The progression systems kept me interested, and it felt easy to settle into what the game was trying to do. I would point other people toward it.",True
302019,646500,"I liked parts of this, though I do not think it works equally well for everyone. It did a lot with its own identity, and it felt easy to settle into what the game was trying to do. I could still recommend it with the right expectations.",False
302020,550,"I had a better time with this than I expected at first. It stayed engaging in shorter sessions, and it felt easy to settle into what the game was trying to do. It does enough well that I would recommend it.",True
302020,31270,"This was a strong fit for what I wanted from the genre. The pacing stayed lively, and it felt easy to settle into what the game was trying to do. It does enough well that I would recommend it.",True
302021,459160,"I can understand why people like this, but I felt mixed on parts of it. The core loop worked better than I expected, and it felt easy to settle into what the game was trying to do. I can understand the audience for it, even if I am not fully sold.",False
302021,230070,"There is a solid game here, though it did not completely win me over. It did a lot with its own identity, and it felt easy to settle into what the game was trying to do. I could still recommend it with the right expectations.",False
302022,569800,"This has some clear strengths, even if it did not fully click for me. It kept me curious about what came next, and it felt easy to settle into what the game was trying to do. I could still recommend it with the right expectations.",False
302022,674750,"I can understand why people like this, but I felt mixed on parts of it. The pacing stayed lively, and it felt easy to settle into what the game was trying to do. It is not for everyone, but I can still see the appeal.",False
302023,411370,"This was a strong fit for what I wanted from the genre. It stayed engaging in shorter sessions, and it felt easy to settle into what the game was trying to do. I would point other people toward it.",True
302023,774811,"I can see why this game has held onto a good reputation. The pacing stayed lively, and it felt easy to settle into what the game was trying to do. I would recommend it to the right player.",True
302024,223710,"This turned out to be an easy game to recommend. It stayed engaging in shorter sessions, and it felt easy to settle into what the game was trying to do. I would recommend it to the right player.",True
302024,566190,"I had a better time with this than I expected at first. It kept me curious about what came next, and it felt easy to settle into what the game was trying to do. I would recommend it to the right player.",True
302025,298600,"I can see why this game has held onto a good reputation. The moment-to-moment gameplay felt sharp, and it felt easy to settle into what the game was trying to do. I would easily suggest it to someone who likes this genre.",True
302025,834740,"This was a strong fit for what I wanted from the genre. It never felt too demanding to come back to, and it felt easy to settle into what the game was trying to do. I would point other people toward it.",True
302026,494720,"I ended up liking this more than I expected. It was easy to pick up and enjoy, and it felt easy to settle into what the game was trying to do. I would easily suggest it to someone who likes this genre.",True
302026,764790,"This turned out to be an easy game to recommend. The pacing stayed lively, and it felt easy to settle into what the game was trying to do. I can see myself recommending it without much hesitation.",True
302027,250600,"I can see why this game has held onto a good reputation. It was easy to pick up and enjoy, and it felt easy to settle into what the game was trying to do. I would recommend it to the right player.",True
302027,305380,"This turned out to be an easy game to recommend. The pacing stayed lively, and it felt easy to settle into what the game was trying to do. I would point other people toward it.",True
302028,732810,"This was a strong fit for what I wanted from the genre. It never felt too demanding to come back to, and it felt easy to settle into what the game was trying to do. I would recommend it to the right player.",True
302028,384630,"This was a strong fit for what I wanted from the genre. The sense of progression worked well, and it felt easy to settle into what the game was trying to do. I would point other people toward it.",True
302029,403640,"I ended up liking this more than I expected. The moment-to-moment gameplay felt sharp, and it felt easy to settle into what the game was trying to do. I would easily suggest it to someone who likes this genre.",True
302029,452570,"This turned out to be an easy game to recommend. It stayed engaging in shorter sessions, and it felt easy to settle into what the game was trying to do. I can see myself recommending it without much hesitation.",True
302030,115800,"I had a better time with this than I expected at first. The pacing stayed lively, and it felt easy to settle into what the game was trying to do. I would point other people toward it.",True
302030,462990,"I had a better time with this than I expected at first. It kept me curious about what came next, and it felt easy to settle into what the game was trying to do. I would point other people toward it.",True
302031,579840,"I liked parts of this, though I do not think it works equally well for everyone. The pacing stayed lively, and it felt easy to settle into what the game was trying to do. There is enough here to like, even if I would be selective about recommending it.",False
302031,583760,"I can see why this game has held onto a good reputation. The moment-to-moment gameplay felt sharp, and it felt easy to settle into what the game was trying to do. I would easily suggest it to someone who likes this genre.",True
302032,346120,"I ended up liking this more than I expected. The moment-to-moment gameplay felt sharp, and it felt easy to settle into what the game was trying to do. I would recommend it to the right player.",True
302032,645790,"This turned out to be an easy game to recommend. The moment-to-moment gameplay felt sharp, and it felt easy to settle into what the game was trying to do. It does enough well that I would recommend it.",True
302033,339000,"This has some clear strengths, even if it did not fully click for me. It stayed engaging in shorter sessions, and it felt easy to settle into what the game was trying to do. I would only recommend it if the genre already appeals to you.",False
302033,7610,"I ended up liking this more than I expected. It rewarded planning in a satisfying way, and it felt easy to settle into what the game was trying to do. I can see myself recommending it without much hesitation.",True
302034,328080,"I had a better time with this than I expected at first. It felt like a small project with real personality, and it felt easy to settle into what the game was trying to do. I can see myself recommending it without much hesitation.",True
302034,207490,"I ended up liking this more than I expected. It stayed engaging in shorter sessions, and it felt easy to settle into what the game was trying to do. I would recommend it to the right player.",True
302035,38720,"I can see why this game has held onto a good reputation. It was easy to pick up and enjoy, and it felt easy to settle into what the game was trying to do. I would recommend it to the right player.",True
302035,588950,"I ended up liking this more than I expected. The world was easy to get invested in, and it felt easy to settle into what the game was trying to do. I would easily suggest it to someone who likes this genre.",True
302036,311290,"This has some clear strengths, even if it did not fully click for me. It gave me enough room to approach things my own way, and it felt easy to settle into what the game was trying to do. It is not for everyone, but I can still see the appeal.",False
302036,464450,"This was a strong fit for what I wanted from the genre. The pacing stayed lively, and it felt easy to settle into what the game was trying to do. I can see myself recommending it without much hesitation.",True
302037,994930,"I can see why this game has held onto a good reputation. The matches were easy to stay invested in, and it felt easy to settle into what the game was trying to do. I would point other people toward it.",True
302037,218510,"This has some clear strengths, even if it did not fully click for me. It had a distinct style that made it memorable, and it felt easy to settle into what the game was trying to do. I could still recommend it with the right expectations.",False
302038,280010,"I had a better time with this than I expected at first. The moment-to-moment gameplay felt sharp, and it felt easy to settle into what the game was trying to do. It does enough well that I would recommend it.",True
302038,2710,"I had a better time with this than I expected at first. The pacing stayed lively, and it felt easy to settle into what the game was trying to do. I would recommend it to the right player.",True
302039,40400,"This was a strong fit for what I wanted from the genre. It felt like a small project with real personality, and it felt easy to settle into what the game was trying to do. I would recommend it to the right player.",True
302039,546430,"This was a strong fit for what I wanted from the genre. It kept me curious about what came next, and it felt easy to settle into what the game was trying to do. It does enough well that I would recommend it.",True
302040,224000,"I can understand why people like this, but I felt mixed on parts of it. The core loop worked better than I expected, and it felt easy to settle into what the game was trying to do. There is enough here to like, even if I would be selective about recommending it.",False
302040,251370,"I had a better time with this than I expected at first. It stayed engaging in shorter sessions, and it felt easy to settle into what the game was trying to do. It does enough well that I would recommend it.",True
302041,99700,"I had a better time with this than I expected at first. It worked well in short sessions, and it felt easy to settle into what the game was trying to do. I would easily suggest it to someone who likes this genre.",True
302041,429940,"I had a better time with this than I expected at first. It kept me curious about what came next, and it felt easy to settle into what the game was trying to do. It does enough well that I would recommend it.",True
302042,612880,"This turned out to be an easy game to recommend. The pacing stayed lively, and it felt easy to settle into what the game was trying to do. I would recommend it to the right player.",True
302042,509250,"I had a better time with this than I expected at first. The pacing stayed lively, and it felt easy to settle into what the game was trying to do. I can see myself recommending it without much hesitation.",True
302043,18820,"I can see why this game has held onto a good reputation. The pacing stayed lively, and it felt easy to settle into what the game was trying to do. I would point other people toward it.",True
302043,348470,"This turned out to be an easy game to recommend. The pacing stayed lively, and it felt easy to settle into what the game was trying to do. I would point other people toward it.",True
302044,320300,"I can see why this game has held onto a good reputation. The core mechanics were strong enough to carry it, and it felt easy to settle into what the game was trying to do. I would easily suggest it to someone who likes this genre.",True
302044,2620,"I had a better time with this than I expected at first. It stayed engaging in shorter sessions, and it felt easy to settle into what the game was trying to do. I would point other people toward it.",True
302045,688420,"I ended up liking this more than I expected. The core loop worked better than I expected, and it felt easy to settle into what the game was trying to do. I would point other people toward it.",True
302045,491950,"I ended up liking this more than I expected. The sense of progression worked well, and it felt easy to settle into what the game was trying to do. I would recommend it to the right player.",True
302046,208600,"I had a better time with this than I expected at first. It had a distinct style that made it memorable, and it felt easy to settle into what the game was trying to do. I would recommend it to the right player.",True
302046,864060,"This turned out to be an easy game to recommend. The pacing stayed lively, and it felt easy to settle into what the game was trying to do. I would point other people toward it.",True
302047,351800,"This turned out to be an easy game to recommend. The sense of progression worked well, and it felt easy to settle into what the game was trying to do. I would recommend it to the right player.",True
302047,552990,"I had a better time with this than I expected at first. It stayed engaging in shorter sessions, and it felt easy to settle into what the game was trying to do. I would point other people toward it.",True
302048,722730,"I had a better time with this than I expected at first. The sense of progression worked well, and it felt easy to settle into what the game was trying to do. I would point other people toward it.",True
302048,262790,"I ended up liking this more than I expected. It stayed engaging in shorter sessions, and it felt easy to settle into what the game was trying to do. I can see myself recommending it without much hesitation.",True
302049,221640,"I ended up liking this more than I expected. The moment-to-moment gameplay felt sharp, and it felt easy to settle into what the game was trying to do. I would recommend it to the right player.",True
302049,568930,"This has some clear strengths, even if it did not fully click for me. The sense of progression worked well, and it felt easy to settle into what the game was trying to do. There is enough here to like, even if I would be selective about recommending it.",False
302050,64000,"This turned out to be an easy game to recommend. The systems gave me enough to think about, and it felt easy to settle into what the game was trying to do. I would recommend it to the right player.",True
302050,336140,"I had a better time with this than I expected at first. The world was easy to get invested in, and it felt easy to settle into what the game was trying to do. I would point other people toward it.",True
302051,534290,"This turned out to be an easy game to recommend. The pacing stayed lively, and it felt easy to settle into what the game was trying to do. It does enough well that I would recommend it.",True
302051,896890,"I had a better time with this than I expected at first. It did a lot with its own identity, and it felt easy to settle into what the game was trying to do. It does enough well that I would recommend it.",True
302052,335240,"I had a better time with this than I expected at first. It had a clear identity, and it felt easy to settle into what the game was trying to do. I can see myself recommending it without much hesitation.",True
302052,384180,"I can see why this game has held onto a good reputation. It was easy to pick up and enjoy, and it felt easy to settle into what the game was trying to do. I would easily suggest it to someone who likes this genre.",True
302053,237890,"This was a strong fit for what I wanted from the genre. It kept me curious about what came next, and it felt easy to settle into what the game was trying to do. It does enough well that I would recommend it.",True
302053,307670,"This was a strong fit for what I wanted from the genre. The world was easy to get invested in, and it felt easy to settle into what the game was trying to do. I can see myself recommending it without much hesitation.",True
302054,377330,"This was a strong fit for what I wanted from the genre. It kept me curious about what came next, and it felt easy to settle into what the game was trying to do. I would recommend it to the right player.",True
302054,785890,"This was a strong fit for what I wanted from the genre. It worked well in short sessions, and it felt easy to settle into what the game was trying to do. I would easily suggest it to someone who likes this genre.",True
302055,331690,"I can see why this game has held onto a good reputation. The moment-to-moment gameplay felt sharp, and it felt easy to settle into what the game was trying to do. I can see myself recommending it without much hesitation.",True
302055,402570,"I can see why this game has held onto a good reputation. The core loop worked better than I expected, and it felt easy to settle into what the game was trying to do. I would recommend it to the right player.",True
302056,604490,"I liked parts of this, though I do not think it works equally well for everyone. The world was easy to get invested in, and it felt easy to settle into what the game was trying to do. It is not for everyone, but I can still see the appeal.",False
302056,360740,"I can see why this game has held onto a good reputation. It stayed engaging in shorter sessions, and it felt easy to settle into what the game was trying to do. I would point other people toward it.",True
302057,40,"I can see why this game has held onto a good reputation. The pacing stayed lively, and it felt easy to settle into what the game was trying to do. It does enough well that I would recommend it.",True
302057,409850,"I ended up liking this more than I expected. It gave me enough room to approach things my own way, and it felt easy to settle into what the game was trying to do. I would point other people toward it.",True
302058,319480,"This turned out to be an easy game to recommend. The pacing stayed lively, and it felt easy to settle into what the game was trying to do. I would recommend it to the right player.",True
302058,373390,"I had a better time with this than I expected at first. The world was easy to get invested in, and it felt easy to settle into what the game was trying to do. I would point other people toward it.",True
302059,951440,"I had a better time with this than I expected at first. The pacing stayed lively, and it felt easy to settle into what the game was trying to do. It does enough well that I would recommend it.",True
302059,429660,"I ended up liking this more than I expected. The moment-to-moment gameplay felt sharp, and it felt easy to settle into what the game was trying to do. I would point other people toward it.",True
302060,380600,"This turned out to be an easy game to recommend. The core loop worked better than I expected, and it felt easy to settle into what the game was trying to do. I would point other people toward it.",True
302060,574090,"This turned out to be an easy game to recommend. The moment-to-moment gameplay felt sharp, and it felt easy to settle into what the game was trying to do. I would recommend it to the right player.",True
302061,275200,"I had a better time with this than I expected at first. The pacing stayed lively, and it felt easy to settle into what the game was trying to do. I can see myself recommending it without much hesitation.",True
302061,207490,"This turned out to be an easy game to recommend. The pacing stayed lively, and it felt easy to settle into what the game was trying to do. I can see myself recommending it without much hesitation.",True
302062,212010,"This turned out to be an easy game to recommend. The moment-to-moment gameplay felt sharp, and it felt easy to settle into what the game was trying to do. It does enough well that I would recommend it.",True
302062,237850,"I had a better time with this than I expected at first. The world was easy to get invested in, and it felt easy to settle into what the game was trying to do. I can see myself recommending it without much hesitation.",True
302063,377160,"I ended up liking this more than I expected. Building out a character felt rewarding, and it felt easy to settle into what the game was trying to do. I would point other people toward it.",True
302063,871420,"This turned out to be an easy game to recommend. It stayed engaging in shorter sessions, and it felt easy to settle into what the game was trying to do. I would recommend it to the right player.",True
302064,444200,"This turned out to be an easy game to recommend. It stayed engaging in shorter sessions, and it felt easy to settle into what the game was trying to do. I would point other people toward it.",True
302064,308420,"I ended up liking this more than I expected. The pacing stayed lively, and it felt easy to settle into what the game was trying to do. I would easily suggest it to someone who likes this genre.",True
302065,388210,"I ended up liking this more than I expected. It kept me curious about what came next, and it felt easy to settle into what the game was trying to do. I can see myself recommending it without much hesitation.",True
302065,724300,"I liked parts of this, though I do not think it works equally well for everyone. It stayed engaging in shorter sessions, and it felt easy to settle into what the game was trying to do. I could still recommend it with the right expectations.",False
302066,204360,"I can see why this game has held onto a good reputation. The moment-to-moment gameplay felt sharp, and it felt easy to settle into what the game was trying to do. I can see myself recommending it without much hesitation.",True
302066,666860,"This was a strong fit for what I wanted from the genre. It kept me curious about what came next, and it felt easy to settle into what the game was trying to do. It does enough well that I would recommend it.",True
302067,857450,"I had a better time with this than I expected at first. The sense of progression worked well, and it felt easy to settle into what the game was trying to do. I would easily suggest it to someone who likes this genre.",True
302067,587420,"This was a strong fit for what I wanted from the genre. The moment-to-moment gameplay felt sharp, and it felt easy to settle into what the game was trying to do. I would point other people toward it.",True
302068,934580,"I ended up liking this more than I expected. It had a distinct style that made it memorable, and it felt easy to settle into what the game was trying to do. I would point other people toward it.",True
302068,382310,"This was a strong fit for what I wanted from the genre. It shows enough promise to be worth watching, and it felt easy to settle into what the game was trying to do. I would point other people toward it.",True
302069,323580,"I can see why this game has held onto a good reputation. The pacing stayed lively, and it felt easy to settle into what the game was trying to do. I can see myself recommending it without much hesitation.",True
302069,402620,"I can see why this game has held onto a good reputation. It kept me curious about what came next, and it felt easy to settle into what the game was trying to do. I would easily suggest it to someone who likes this genre.",True
302070,373930,"I ended up liking this more than I expected. It rewarded planning in a satisfying way, and it felt easy to settle into what the game was trying to do. It does enough well that I would recommend it.",True
302070,99900,"I had a better time with this than I expected at first. It stayed engaging in shorter sessions, and it felt easy to settle into what the game was trying to do. I would point other people toward it.",True
302071,581320,"I had a better time with this than I expected at first. The pacing stayed lively, and it felt easy to settle into what the game was trying to do. I would recommend it to the right player.",True
302071,351470,"This was decent overall, but I still had a few reservations. The moment-to-moment gameplay felt sharp, and it felt easy to settle into what the game was trying to do. There is enough here to like, even if I would be selective about recommending it.",False
302072,886040,"I can see why this game has held onto a good reputation. It was easy to pick up and enjoy, and it felt easy to settle into what the game was trying to do. I would easily suggest it to someone who likes this genre.",True
302072,359100,"This has some clear strengths, even if it did not fully click for me. It stayed engaging in shorter sessions, and it felt easy to settle into what the game was trying to do. I could still recommend it with the right expectations.",False
302073,1053680,"I ended up liking this more than I expected. It never felt too demanding to come back to, and it felt easy to settle into what the game was trying to do. I would recommend it to the right player.",True
302073,307070,"I can see why this game has held onto a good reputation. It kept me curious about what came next, and it felt easy to settle into what the game was trying to do. It does enough well that I would recommend it.",True
302074,379720,"This turned out to be an easy game to recommend. The moment-to-moment gameplay felt sharp, and it felt easy to settle into what the game was trying to do. I would point other people toward it.",True
302074,201210,"I ended up liking this more than I expected. The core loop worked better than I expected, and it felt easy to settle into what the game was trying to do. I would point other people toward it.",True
302075,331690,"This turned out to be an easy game to recommend. The pacing stayed lively, and it felt easy to settle into what the game was trying to do. I can see myself recommending it without much hesitation.",True
302075,65540,"I ended up liking this more than I expected. The moment-to-moment gameplay felt sharp, and it felt easy to settle into what the game was trying to do. I would recommend it to the right player.",True
302076,102840,"I had a better time with this than I expected at first. The moment-to-moment gameplay felt sharp, and it felt easy to settle into what the game was trying to do. I can see myself recommending it without much hesitation.",True
302076,219910,"This was a strong fit for what I wanted from the genre. The sense of progression worked well, and it felt easy to settle into what the game was trying to do. I can see myself recommending it without much hesitation.",True
302077,705280,"This was a strong fit for what I wanted from the genre. The pacing stayed lively, and it felt easy to settle into what the game was trying to do. I would recommend it to the right player.",True
302077,343100,"I ended up liking this more than I expected. The pacing stayed lively, and it felt easy to settle into what the game was trying to do. I would easily suggest it to someone who likes this genre.",True
302078,635200,"I ended up liking this more than I expected. The sense of progression worked well, and it felt easy to settle into what the game was trying to do. I would point other people toward it.",True
302078,777130,"This turned out to be an easy game to recommend. It was easy to pick up and enjoy, and it felt easy to settle into what the game was trying to do. I would recommend it to the right player.",True
302079,275200,"I can see why this game has held onto a good reputation. The pacing stayed lively, and it felt easy to settle into what the game was trying to do. I would point other people toward it.",True
302079,457010,"This was a strong fit for what I wanted from the genre. The moment-to-moment gameplay felt sharp, and it felt easy to settle into what the game was trying to do. I would recommend it to the right player.",True
302080,940680,"This has some clear strengths, even if it did not fully click for me. It stayed engaging in shorter sessions, and it felt easy to settle into what the game was trying to do. I could still recommend it with the right expectations.",False
302080,105000,"I liked parts of this, though I do not think it works equally well for everyone. It kept me curious about what came next, and it felt easy to settle into what the game was trying to do. I can understand the audience for it, even if I am not fully sold.",False
302081,99900,"I can see why this game has held onto a good reputation. The pacing stayed lively, and it felt easy to settle into what the game was trying to do. I would recommend it to the right player.",True
302081,346750,"I can understand why people like this, but I felt mixed on parts of it. It worked well in short sessions, and it felt easy to settle into what the game was trying to do. I can understand the audience for it, even if I am not fully sold.",False
302082,700330,"I ended up liking this more than I expected. It stayed engaging in shorter sessions, and it felt easy to settle into what the game was trying to do. I would recommend it to the right player.",True
302082,251630,"I ended up liking this more than I expected. It felt like a small project with real personality, and it felt easy to settle into what the game was trying to do. I would easily suggest it to someone who likes this genre.",True
302083,338140,"This turned out to be an easy game to recommend. The pacing stayed lively, and it felt easy to settle into what the game was trying to do. I would easily suggest it to someone who likes this genre.",True
302083,675260,"I ended up liking this more than I expected. The sense of progression worked well, and it felt easy to settle into what the game was trying to do. It does enough well that I would recommend it.",True
302084,307940,"I can see why this game has held onto a good reputation. The pacing stayed lively, and it felt easy to settle into what the game was trying to do. I would recommend it to the right player.",True
302084,12470,"This turned out to be an easy game to recommend. It rewarded planning in a satisfying way, and it felt easy to settle into what the game was trying to do. It does enough well that I would recommend it.",True
302085,607260,"I ended up liking this more than I expected. It had a distinct style that made it memorable, and it felt easy to settle into what the game was trying to do. I would point other people toward it.",True
302085,448780,"This was a strong fit for what I wanted from the genre. The world was easy to get invested in, and it felt easy to settle into what the game was trying to do. I can see myself recommending it without much hesitation.",True
302086,858810,"I had a better time with this than I expected at first. It felt like a small project with real personality, and it felt easy to settle into what the game was trying to do. I would point other people toward it.",True
302086,513710,"I had a better time with this than I expected at first. It stayed engaging in shorter sessions, and it felt easy to settle into what the game was trying to do. I would easily suggest it to someone who likes this genre.",True
302087,418370,"I had a better time with this than I expected at first. The pacing stayed lively, and it felt easy to settle into what the game was trying to do. I would recommend it to the right player.",True
302087,308173,"This was a strong fit for what I wanted from the genre. It felt like a small project with real personality, and it felt easy to settle into what the game was trying to do. I would easily suggest it to someone who likes this genre.",True
302088,507490,"This turned out to be an easy game to recommend. It rewarded patience more than I expected, and it felt easy to settle into what the game was trying to do. I can see myself recommending it without much hesitation.",True
302088,518060,"This was a strong fit for what I wanted from the genre. It worked well in short sessions, and it felt easy to settle into what the game was trying to do. I would easily suggest it to someone who likes this genre.",True
302089,606280,"I can see why this game has held onto a good reputation. The pacing stayed lively, and it felt easy to settle into what the game was trying to do. I would point other people toward it.",True
302089,356670,"This turned out to be an easy game to recommend. The moment-to-moment gameplay felt sharp, and it felt easy to settle into what the game was trying to do. I would easily suggest it to someone who likes this genre.",True
302090,612570,"This was a strong fit for what I wanted from the genre. It did a lot with its own identity, and it felt easy to settle into what the game was trying to do. I can see myself recommending it without much hesitation.",True
302090,389170,"This turned out to be an easy game to recommend. The sense of progression worked well, and it felt easy to settle into what the game was trying to do. I would recommend it to the right player.",True
302091,233470,"I ended up liking this more than I expected. The sense of progression worked well, and it felt easy to settle into what the game was trying to do. I would recommend it to the right player.",True
302091,383870,"I had a better time with this than I expected at first. It kept me curious about what came next, and it felt easy to settle into what the game was trying to do. I would recommend it to the right player.",True
302092,33520,"I had a better time with this than I expected at first. It was satisfying to settle into its systems, and it felt easy to settle into what the game was trying to do. I would recommend it to the right player.",True
302092,463530,"I had a better time with this than I expected at first. It was satisfying to settle into its systems, and it felt easy to settle into what the game was trying to do. I would recommend it to the right player.",True
302093,12770,"I can see why this game has held onto a good reputation. Building out a character felt rewarding, and it felt easy to settle into what the game was trying to do. I would recommend it to the right player.",True
302093,333300,"This has some clear strengths, even if it did not fully click for me. The world was easy to get invested in, and it felt easy to settle into what the game was trying to do. There is enough here to like, even if I would be selective about recommending it.",False
302094,311010,"I can see why this game has held onto a good reputation. The pacing stayed lively, and it felt easy to settle into what the game was trying to do. It does enough well that I would recommend it.",True
302094,408410,"I ended up liking this more than I expected. It stayed engaging in shorter sessions, and it felt easy to settle into what the game was trying to do. I can see myself recommending it without much hesitation.",True
302095,316010,"This was a strong fit for what I wanted from the genre. The core loop worked better than I expected, and it felt easy to settle into what the game was trying to do. I would point other people toward it.",True
302095,933940,"I had a better time with this than I expected at first. It had a distinct style that made it memorable, and it felt easy to settle into what the game was trying to do. I would easily suggest it to someone who likes this genre.",True
302096,275180,"This was a strong fit for what I wanted from the genre. The world was easy to get invested in, and it felt easy to settle into what the game was trying to do. I would easily suggest it to someone who likes this genre.",True
302096,620190,"This was a strong fit for what I wanted from the genre. It stayed engaging in shorter sessions, and it felt easy to settle into what the game was trying to do. I would easily suggest it to someone who likes this genre.",True
302097,324080,"I can see why this game has held onto a good reputation. The moment-to-moment gameplay felt sharp, and it felt easy to settle into what the game was trying to do. I would point other people toward it.",True
302097,467660,"This turned out to be an easy game to recommend. The sense of progression worked well, and it felt easy to settle into what the game was trying to do. I can see myself recommending it without much hesitation.",True
302098,839450,"I had a better time with this than I expected at first. The world was easy to get invested in, and it felt easy to settle into what the game was trying to do. It does enough well that I would recommend it.",True
302098,252530,"I ended up liking this more than I expected. It worked well in short sessions, and it felt easy to settle into what the game was trying to do. I can see myself recommending it without much hesitation.",True
302099,3170,"This turned out to be an easy game to recommend. The progression systems kept me interested, and it felt easy to settle into what the game was trying to do. I would recommend it to the right player.",True
302099,251470,"I can see why this game has held onto a good reputation. The moment-to-moment gameplay felt sharp, and it felt easy to settle into what the game was trying to do. I would point other people toward it.",True
